Question	Potentially_Pejorative
这不是50w？？？	None
看新闻谁说华东理工大学的学生没有出声了？	None
呃呃什么大代表?	None
被屏蔽了？	None
一群内斗的??在划分地域 来互相攻击	Potentially
说给爷爷听，他们三个什么时候p过你的图？	None
图灵还要什么争议？帮助祖国和世界战胜了法西斯，然后却被自己的祖国迫害，悲剧自杀，图灵是反同碰不得的	Potentially
我不结婚这个问题就不存在需要考虑？	None
我不了解卫辉怎么黑山东的，你介绍一下，或给个网址如何？	None
有吧友知道吗？能细说这件事的过程吗？	None
你不会把qq号发出来吗？	None
和我们有关系吗？兄弟	None
不是说在意的只是态度吗？这态度不是有了吗？为啥还被骂？	None
为什么一开始不报道？	None
尬黑，意思是韩女正常哺乳都不行吗？	Potentially
转移支付是啥？	None
当时被北方同学问“江西在中国？”我“？？？”	Potentially
你怎么确定他们就一定会优先选择代孕这种违法手段呢？难道相比代孕这种违法手段？领养不是更好吗？	None
这个女王现在在哪儿？？？？？	None
画里是拿孩子当挡箭牌？	None
江北八市是啥？	None
盲目移民很正常？欧洲都深受其害，禁止移民难民	Potentially
是啊，好奇怪，这是为什么呢？我觉得是经费没覆盖，得加钱😎	None
关键是这男的他爸还支持？	None
对比图片？	None
他哪里说这个不对了？	None
隔壁吧务急了?	None
记得把集中营的图配上?	None
要不然你以为拜老登一年好几亿美元是白花的?	None
三四十万是卖女儿吗？	None
叠buff是吧？	None
有什么不对？	None
但这种无意识的行为并不代表就是基因决定的啊？	None
你为什么没去打工？	None
我不知道哪里有脸站出来？	None
为啥要救回来？	None
温水煮青蛙和直接大火煮该选哪个呢?	None
啥，东北也内斗？🤣	None
为什么不能?就这么喜欢政治正确?	None
就算是男女朋友那又怎么了？地域黑吗	Potentially
除非没办法是什么意思，不结婚不也是一个办法？	None
我写了一首古诗也被删除，真是的不正常，为什么？	None
是抖音那个叫女明星的么？	None
用快手么？	None
听说你很会删？那就一张张来	None
座山雕貌似是西南那嘎达的吧？😅	None
你说得国是指大宋吗？😅就是被金干得皇上都没了的那个	None
178算矮？楼主哪个省的？	None
笑死，你不支持尊重可以做到吗？	None
咱也不懂，啥时候湖北是中原了？	None
你在哪，鞍山？大连？	None
打个比方 你有一个好兄弟，他看上了一个j女，大家都知道这不行啊，作为好朋友，你义正言辞的出来苦口婆心的教育他，劝他，可他不仅不听你的，还觉得你是嫉妒他找到了真爱，你怎么办？	Potentially
你这么说八百算什么，我奶奶在重庆被偷了五千，我该把重庆骂个遍？	None
别说你们男的了，我一个女的都觉得恶心，非常恶心，我小时候看印度还是泰国电影大概情节有个女的身上溜过一天蟒蛇不久怀孕了小时候不懂长大记起来了懂了，那个蛇还是个啥神灵化身来着，小时候觉得可怕（谁睡觉身上溜过一天蛇谁不怕？)现在想起来只觉得恶心，跟黑色，比那个大蟒蛇溜过旁边还恶心	Potentially
回族不算被黑的吧？毕竟除了关外，回族在哪儿都挺强势的，唐山条约我还记得呢	Potentially
这件事大家抨击的是动画片，怎么变成南方北方了？谁在这挑拨离间呢？	None
？？？？？不懂什么意思？？？	None
有帖子链接吗？	None
是啊 爱情使我蒙蔽了双眼?????♂?	None
山东？？? 你是认真的吗？	None
看一个诈骗小品故意用河南口音，很难受??	Potentially
支持还有推荐这个视频，韩国女权崩塌的魔幻史，真是用魔法打败魔法，时代的魔怔：韩国女权到底有多可怕？	Potentially
你不觉得他是在黑我们吗？	None
在这个语境下，断章取义？	None
那你还在上海吗？	None
女的想啥呢？	None
你既然都知道答案了，还来问题主？	None
诸位如何评价？关注微信公众号-反接盘联盟	Potentially
有啥用？每次都能避难成功	None
你搁这叠buff呢？😅	None
是敌是友看看发帖记录再说，我的号怎么也被黑了？	None
尼玛 老子脱发 搞毛发型？😅	None
微博吗？再正常不过了	None
这波怎么评价？	None
这可是转贴P圈，你们这造谣真是大胆，你不怕被拉去黑屋治疗吗？	None
李世民？？他尊老子李耳为祖先，你懂这是什么意思吗？	None
贵州怎么了，不太了解？	None
你圈子里没有就代表没有？	None
哪里拉黑了呢？哈哈哈，打脸	None
你怎么知道那就是女大学生？难道五角场只有女大学生能去？	Potentially
她不违法和我讨不讨厌有关？	None
为什么我要支持？你又你喜欢的权利 我也有反感的自由	None
女性到底应不应该有权利呢？	Potentially
最后的视频哪里有？🤔	None
上海需要黑吗？	Potentially
这还要联想？这要是考试题简直就是送分题	None
然后呢？你想表达什么？赶上就是没超过咯？不行吗？有需求就释放不行？	None
真的换来我们站起来了吗？我咋被996压弯了腰？	None
处理结果呢，进精神病院没？	None
她们能力好，跟你有什么关系？	None
咋又去东北了？	None
hub么？我在国外都不用翻墙🐶	None
有没有可能这些都是真的？🤔	None
哈哈哈，你说是回马枪好用，还是倒打一耙好用？	None
你见过吗？	None
啥时候进驻喷吧？	None
为什么不能穿？	None
？什么情况，答主不是男的吗？	None
可你在别的回答里是男的啊，敢问您现在到底是男是女啊？	None
单机贴吧？	None
香蕉也能炸？？？	None
到处都是反串，被吓坏了，?也不知是身在敌营还是友营，怀疑男性阵营的存在是不是一种骗局，实质上都是敌方势力在挂着羊头卖狗肉	Potentially
没有后面一群穷兄弟支援哪来的资本，吃饱饭就开始摔碗了?	None
不过为啥发到这个吧？我还以为是自行车吧	None
是否真实？	None
我怎么觉得你在说两广呢？	None
那你查出来的历史是不是说明法国这个问题是那个计划造成的吗？	None
梦给我一个管理吗？	None
这三观能这么不正吗？花了两个月的时间获取信任，要对方辞职过来找他，还洋洋得意	None
我冬天觉得冷了是不是连棉花被子都不让盖了？	None
那不是写着系统删帖？跟吧务有什么关系？我自己的帖子都经常被系统删除呢	None
硬碰硬？？？？国家的刑法了解下，最好做个遵纪守法的公民	None
？这是吧友投稿？	None
就这？男方父母出资买房然后把房子给儿子儿媳住但是房子是租给儿子的要付房租的只不过没问儿子要罢了万一离婚了直接索要十年房租这不就解决问题了？以后大家都这么干就完事了	None
车子没坏吗？	None
？？？打字是看不出口音的🐶	None
佛波乐？这是啥？	None
我和你结婚我不查你信息的？😆😆	None
假土豪怎么说？完全没咋听过？	None
又不是广告性质的东西，哪里宣传了？😅	None
49%胜率什么东西没点数？	None
你爷爷分家，你爸留在本地开公司，你叔去外地开门店，到了你这辈你说你是你堂弟的爷爷？	None
你接受纳粹思想不？	None
你起诉动物吗？	None
奥运会都和最好的比，怎么其他的和最好的比就是屁股歪了？😲	None
这个索玛女王是什么底细？	Potentially
这个匿名作者铁定是??Q😆	None
现在是多少了？	None
且不说台资“声名远扬”，你把我台湾岛仅次于半导体的第二大无烟工业放在哪里？	Potentially
到底谁能做吧主？	None
如果答主以后有儿女了，如果他们是，你会慢慢地去理解他们吗？你会试着去找这方面的资料吗？	None
可是他们一样也是反华的，既然是反华的，他们的做法我们就必须抵制明白吗？	None
问题不是男的可以自己生，还要结婚吗？	None
我会害怕吗？嗯，我吓得多吃了一碗饭	None
老爷您可饶了我??	None
现在不都是这样么 原来只有我一个？我老婆是根本没要彩礼 换成宁德时代股票 那时60	None
孩子现在？	None
钱少就态度不行？	None
奴隶主是吧??	None
清朝吗？男女都不该带吧，虽然说一开始发明是男性为了限制女性，但是时代变了	Potentially
女的看得上药娘？她又不是女同……	Potentially
怎么回事呢？😐😐	None
准备折跃？	None
?只想到牛肉丸😅黑点在哪里？	None
谁知道呢？或许是玻璃做的	None
努力大姐是谁？	None
在？为什么删我回复？心虚了是吧	None
表锅我出来咯，不好看么？	None
这什么表姐？老想着教育表妹，娘味说教差不多得了	None
复读机式内容一眼真?	None
做工赚钱就是打工，难道援建不给工钱？⁉	None
这难道不就是因果报应天理循环？	None
还能有这种要求呢？	None
自由社会，违法吗？	None
真的一上知乎全都是骂的，从女权骂到了女性，然而在现实生活中根本见不着，是我层次太低？	Potentially
爱马仕不香么？	None
看不起你了？	None
醉酒妇女在哪里呢？我没看到	None
割鲍什么鱼……？	None
这是克苏鲁神话吗？	None
准备抱养一个孩子吗？	None
不是美国中情局吗？	None
这个作者一口一个中国女性，他只是在说女权?	Potentially
广东那个应该不算黑？或者是我没经历过那个时代吗😅	Potentially
嫁鸡随鸡 嫁狗随狗？无语	None
难道犯罪率不是社会状况的重要参考标准吗？	None
晚上出来你看得见他们，哈哈，一定是假的??	None
这波是否是虚空立靶了？	None
咳咳，那么我问你，你，是啥？	None
批评女权＝批评女性？什么观点	Potentially
这么长，写短篇故事呢？	None
半斤八两哪个重？	None
黑龙江最穷？我一直的感官是东三省吉林最穷	Potentially
谁理解谁？	None
回族都信教吗？，为什么没有吃肥肉的回民	Potentially
我只是支持你的观点而已，你能不能好好理解我的意思，难道你就没感觉出来我是倾向于你这边的吗？	None
啧，正黄旗啊？	None
因为性别比例失调啊，有什么不能理解吗？	None
海油工程的？	None
笑死我们国家不是以社会主义？不是以共产主义为目标？到你这就变成不需要民主自由平等了哈？	Potentially
举报有什么用？又不是只有这一个地方	None
又累又毒的环境你们受得了？	None
所以它怎么你了？	None
快6万公里了，前列腺还好吗？	None
那不是姜丝吗？	None
女权：我成替身了？	Potentially
莫言那是小说 还有莫言歌颂的日本军医你也认同？	Potentially
贬低自己国家有什么意思？	None
所以美国等于全世界？	None
你想怎样？说出你的想法	None
不懂，回族有什么问题？	None
他说的难道不是事实？	None
说的就是这个打法么？😜实用啊	None
_xDD14__xD83E_为什么我这里显示12个评论，点开却就5个？？	None
婚纱不都是女方自己买吗？男方买西装？怎么这也能怪男方？	Potentially
汉族的祖先不是主要在山西吗？而且河南很多都是山西迁徙过去的后代	Potentially
一对？细思恐极😲	None
成这个样子 谁之过？	None
最离谱的不该是中国网资讯吗？	None
对号入座了？	None
你发一贴拿多少钱？能不能介绍给我，认真的	None
评论就评论，捎上我法兰西斯坦是几个意思？	None
感染美女吗？	None
魔方基因？一听就不靠谱😆	None
在中国动手你想坐牢？	Potentially
？和问题有关吗	None
请问你是自己见过，还是经历过？	None
这是什么大病？	None
盲猜有广州？我胡说哒	None
可以采访一下各位的学历吗？	None
他们想上吗？	None
？？怀孕期间不得离婚是国家和法律给的保障，咋叫没保障呢？	None
就这么个点刑期？	None
你接么？反正我不接	None
竟然让天津给跑了？？？	None
这不是很正常么，你自己评论也不这么说的么？这操作溜	None
这个吧有专门的QQ群吗？	None
冲自己金主？	None
国内比不上国外？	None
这么做有啥好处呢？你给解释一下我不明白	None
韩国不也一样？	None
同化，为什么要同化？	None
新疆怎么了？	None
你和她什么关系啊，假如你俩位置互换一下你能发脾气吗？	None
所以这是她们努力的回报，你呢，每天发几个无聊的帖子就想获得成就🐴？	None
跟那些宣传日军扶老太太过马路的有什么区别？	Potentially
女生要求高唉?	None
兄弟们这个律师说的是真的吗？	None
我:你礼貌吗？	None
女权怼了女拳？这事儿女拳知道吗？🤔	Potentially
男的去哪儿了？	None
?把隔板去了一样很快?	None
女的做啥？	None
不是你们先来碰瓷的？🤣🤣🤣🤣	None
还有一点我不明白，你现在为什么住南昌呢？	None
她中路不发信号导致我被对面抓了然后她来这出？	None
我湖南呢？？？	None
她和红警蓝天是什么关系？	None
所以你承认之前视频里面的是你了？	None
才10年？	None
所以如果一天醒来发现你以为的好的女性朋友在刚你，就不会厌恶了吗？	None
妇女报是妇联名下的么？	None
我结婚的时候去做了婚检的，你结婚的时候难道不用做？	None
打不到车也能黑？	None
恁néngshà咧？	None
为什么要反驳？你身边就没有和他相反的东西吗	None
牛蛙牛蛙?	None
顺便???????	None
宁夏呢？知乎上我还没见过宁夏发言	None
你确定？两三个月前刚落地珠海不到一周，在前山，那雨感觉还没多大呢，把我朋友的车都淹了，没过车窗叫水浸街？	None
如何评价这张图是妆后五分女？刘亦菲十分我觉得顶天三分	None
说自己家乡话哪来的秀优越感？这是自卑心理作怪的结果	Potentially
服务不满意我可以辞退不？工作不是先工作再给工资啊，，见过预支工资十年的公司？，，一个月给你工资呗，，什么彩礼？	None
你再说一遍？江浙沪被黑？	None
先把弹弓，砌墙开放了再说吧，还有鞭炮，小男孩连刀枪棍棒都不让玩，只会玩手办，哪来的阳刚气魄？	Potentially
反正我不当冤大头?	None
是是我表达的不准确还是你读不懂？	None
这货改名了？	None
如果不是，他怎么不拿出证据？	None
_xDE05__xD83D_这不直接扣押金？	None
哪个校区？？	None
中秋节快到了，节前不是越来越忙吗？😊不过，这个更新速度我爱了	None
你的回复我看不到？	None
是缉毒JC破案的，这信息量大吗？	None
你赞成骗婚吗？？？	None
你是在搞笑吗？21世纪了还搞出嫁从夫那一套呢	None
？河南说话了吗？	None
可否封了这个索玛女王并立案调查？	Potentially
名扬全国？从飞周回国了？	None
当然有问题了，怎么可能没有问题？	None
不把前因后果发出来8u们怎么帮你？虚空索敌吗？	None
楼主回复我的那个被删了？	None
既然你都用泛滥这词，就不用对女性有期望，重拳出?	Potentially
你好，能支持一下我的帖子吗？	None
韩国女权只想守住自己，阿富汗极端主义能打到韩国去吗？	Potentially
哈哈(?ω?)hiahiahia	None
这玩意不是男生戴锁比较多吗？	None
好家伙，这也不是值得提倡的吧？	None
不是大陆的？为啥在右侧	None
你确定？？？你能不接受新冠病毒的存在？你不喜欢香菜你能把香菜灭种？	None
不是说出国了吗？我在手机上搜 吴施蒙 竟然出来一堆色情网站，哈哈哈	None
好久没上贴吧了，广黑吧没了吗？	None
还有一个视角呢？	None
又在招摇？	None
日韩女权已经用事实证明过了的东西，还需要相信他们的理论？	Potentially
可有我大南京文明？	None
为什么安徽和营口会和你的大学都挺近？	None
你说了那么一大通 后面又说没强求？？	None
你真是他的确诊医生？	None
你上过985？	None
噗(?￣ ? ￣?)哈哈哈	None
不少啊，但最起码有自知之明就是好的，你能不能看一看图片上的题目？	None
你给我狠狠的进步??	None
←_←展开说说？	None
这也算过失？	None
有些男的不也这样？这很正常啊	None
发生了什么?	None
我不吃药有五年了，你能一年不吃药吗？	None
乱真是乱真的啥？真银吗？	None
这些基本是事实这叫黑?	None
之前谁说的那个年代没女权？	None
强迫喵喵喵？？	None
这是他们的节日？毕竟3分之1	None
重庆也跑了？？？	None
自己想要的东西自己买不是么？送个礼表个态度而已	None
我上过大学我怎么没见过？	None
？？？为什么不能？	None
小红书上的那些呢？	None
哪个校区的？	None
我都祖籍河南了，咋可能是维吾尔呢？	None
既然看不上，那就也不要臆想对方喜欢自己好吗？	None
她们房子和彩礼准备好了嘛？	None
圆圈＝○＝?	None
中国也整天被世界指责环保、威胁论等问题，我们是不是要感激他们？	Potentially
重点不是威胁吗？😅能把自己违规说成被威胁的没见过	None
所谓的文化？	None
请你解释一下满洲话是什么话？中国现在有满洲吗？	None
假设他说的话有前提，只是他没有说的话，那请问任何的论证在哪里？	None
🤔你做过调查还是深有体会？	None
你怕不是对号入座？🤭🤭	None
得，您骂的好，您说的对?	None
实现共产主义是共产党党的最终目标，你想干嘛？	None
"""我提议他当本吧吧主，大家同意吗？"""	None
内容已被删除？⁉	None
怎么不是空穴来风了？ 你看见他们偷了？	None
老婆孩子放一边天天纠缠你干嘛，看上了？	None
哈哈，抓到真的?了🤭	None
怎么申请吧主的啊？	None
那么夸张？	None
难就不找，离开异性活不了？想想自己有多少钱	None
要不是生活所迫谁愿意远走他乡？	None
普通大学也这样搞？	None
这里部分哪里是臆想，一个存在命题而已，【存在】华工在法国获得了法国女性的青睐，这样子表述你依旧认为不完备吗？	Potentially
想知你对他做成什么损失？骗财骗色？	None
这狗知道那些小狗是它的孩子吗？真是它的孩子吗？？？	None
不好意思 不懂什么是踩评论………我以为是赞的意思??	None
你到底说的哪个吧？	None
这不去开个香槟?	None
边际递减效应？	None
山东热衷于考公务员，不属实？	None
早干嘛去了？迟到的正义不是正义	None
?四川还好啊 怎么感觉你这夹带私货呢😢	None
黑皮肤里面的黑色素到底是什么？	None
你两头开枪是吧？	None
这跟海有什么关系？青海也不是海啊	None
差不多得了😓 南宋??能不能换个话题啊😓	None
你知道混了多少代才滚到这种能看见五官的肤色吗？至少上百年了	None
我就说：“你想怎样？说出你的想法”你都表达了些什么？有什么想法说就行了，扯东扯西的干嘛	None
都这么让着他们了还不愿意？	None
只因怕打针，爸爸狠摔亲生孩子，男子气概？父爱？	None
综合上述评论、上海这轮第一，大家没意见吧？	None
他说的是低温你跑出来认什么？😅	None
别的评论都被他删差不多了你和他说这么多有用？	None
大家怎么看？	None
有没有戴贞操带的？或者给对象戴贞操带的？	None
不懂就问，这是带了面具吗？	None
应该送她?顾辉的	None
女孩子不都是白白嫩嫩香香的吗？	None
小红书根本不给我推送你叫我怎么看？❤️	None
浙江江苏福建?	None
高等？ 不都是生病会死的动物吗，有啥高等的	None
那为什么没有告诉现男友？	None
你看你的网名叫春夏秋冬，我把你叫春夏知了，你同意吗？	None
非洲兄弟？	None
请问抗战死了多少女性？😆	None
哦？说来听听	None
最少一个亿，你把浙江放哪儿了？福建呢🤣先把数学学好	None
哼，想逃？	None
好家伙还两个吧发？	None
小红书一抓一大堆好吗？😓	None
明星有多高尚？	None
所有摄像机怼着脸拍的视频都小心看?，比如春秋两不沾	None
那么尊重男性的呢？	None
那是谁批准聘用她的呢？	None
图一是谁？好帅啊	None
北欧三国是怎么积累财富的？	None
嗓门大？广东老太太谁都不虚，无论在哪里	Potentially
你别回复我了，不知道谁在张口就来????	None
女性的名声是谁败坏的你心里没数？	Potentially
女朋友是外卖员和代驾，供我上了大学和研究生，但是现在读完研究生，身边有很多样貌和条件更好的女生，我应该还钱跟她分手嘛?	None
看审判的一堆名字，好几个是男名?呵呵	None
你搁这叠buff呢？	None
你从张家界出发的吗？	None
跟国内这群女权比一下，这个还不真吗？囧	Potentially
也确实有很多女的会买耳机啊有问题吗？男的女的都有	None
婚前就同居？	None
宿迁？神苗？	None
ab言论是什么？	None
现在丁克也很多呀，他们也没有孩子，难道也是自私吗？	None
搞不懂，这是女性向的饮料吗？	None
这个emoji有啥关系？	None
电脑不能投票？	None
老bbc了??	None
就是现在800块一晚上找小姐觉得很值，但是给女朋友买礼物舍不得怎么回事？	None
我说的就是起源于非洲，有问题？	None
男性应该打HPV疫苗吗？	None
这个女的是不是很瘦，看上去很朴素，生的是个儿子？	None
嫌办的寒颤女方咋不出钱办的好点捏?	None
不是吧，你北京打工除了买不起房难道不让你看病了？	None
地球是一个赤道略鼓两极稍扁的不规则的球体，不是圆🙄初中地理听过课吗？	None
真假的？有链接吗 我不信	None
等等？ 豆瓣是男性平台？	None
为了自己流量?	None
有100多万个小偷骗子？	None
好家伙，忘了我呢？	None
日本民族南迁江苏大融合😢被侵略了就用大融合自我安慰，和汪精卫有什么区别？	Potentially
这我该怎么回呢？	None
甜上加甜?(虽然我精神洁癖对性敬而远之)	None
我评论中有提到关于男性或者女性的字眼吗？😄😄	None
😅😅😅至于这么强吹吗？	None
有几个男的天天颜文字啊?	None
再不济？武汉大学？华中科技大学？哈哈，这个妈明显不懂啊，633除非去最差专业，不然这两所也不稳啊……	None
队长，我的队长，你在哪里？	None
这意思不是最早动物还分辨不了tx行为和yx行为吗？	None
你的立场是基于笑话吗？	None
中华田园犬？	Potentially
这里也能蒸蒸日上？	None
安徽咋又莫名其妙的自称自己是被黑的重灾区了？网上没见到过啊？是因为六六给安徽招黑的吗？	Potentially
四个月？？那是不是早都出来了?往要害捅刀子才判四个月？？	None
说的不是没错吗？真是矫情	None
图片为什么没有？	None
谁文化水平高就当吧主可以吗？	None
汉奸的事能提倡？鄙视就完了	None
酒桌上谈这事儿，喝得下酒吗？	None
搞的那歌跟你出版的一样，是你出版的该你的也得受着，还轮得到你挑选顾客？	None
那是因为大家都会一脸懵逼的说，青海在哪？？？	None
这是什么时候的贴？	None
你遇到一两个就代表全部了?	None
这都能被骂没侮辱谁呀？	None
既然不后悔为什么不敢告诉男友呢？⁉🤔	None
你不是说上一个帖子是你的最终解释吗？解释完了你能不能别发了？或者换张图发点新的？	None
喜欢中国的国家，比较富的有哪些啊？	None
大庆不是黑龙江的吗？放眼东北甚至整个中国，有哪个城市敢说自己比大庆更富有？	Potentially
翻墙会拉去喝茶吗？	None
突然觉得彩礼贷香起来了，你们觉得呢？	None
上架了？这就去买	None
那为什么不说是苏浙沪呢？	None
肛肠科？不好意思我邪恶的笑了	None
你爸呢，算九个里的，还是那一个里的？	None
你这条评论里不是有很多么？ 	None
找到你也看不了啊，你能上porn？	None
绷不住了?	None
倒数第二句、你说的和你的行为一致吗？你有尊重题主吗？	None
是的，确实需要，没有找一个临时替代一下？	None
心里与生理的双重恐惧与恶心哪怕自己受的了万一有一天被亲朋好友发现了呢？那也差不多社会性死亡了	None
如果这个前提不足的命题为真，那被晒黑基因岂不是就改变了吗？	None
hust？校友啊	None
😓豆瓣小红书你是看不到？微博的社会影响力也是这六个软件中最大的，无与伦比	None
电梯事件？	None
没有广西吗？	None
你圈的这几位？？？	None
我们的同胞被倭寇屠杀时，请问这个黑色的永恒族使者在哪里？	Potentially
这说明了女性不受惩罚是吗？	None
什么wzry还会发信号？	None
大家知道为什么突然间限电吗？	None
请问有没有3个女同在一起的？我看片有，现实世界有3个女的在一起？	None
这就和货拉拉那个差不多，更何况这次还是坐在后排右侧，额某哪里来的那么多反应时间？	None
所以上海是穷山恶水？？？？	None
评标专家？上海交大？就这？	None
冬天南方冷，您确定？	None
利益都一样观点能不一样吗？	None
刚开始我就觉得算了懒得和她一般见识，结果寻摸了一圈，后座都坐满了，不坐下就只能前排去了，那我还怎么玩？我就直接坐在原位不动了	None
潮汕是哪里？	None
五胡乱华在前面的晋朝，唐朝中期是安史之乱，是唐玄宗迷色误国，错用了安禄山，跟唐太宗和亲什么关系？	None
应该是因为退吧了，吧主考核不过，才被下了？	None
我也没有，我们全家都没这个脸，但你除了不见还有别的办法？跟尼玛传销一样入魔了劝不动的	None
你们那是国企吧？	None
这个房屋出资到底是怎么出的？	None
你怎么解释“他们的世界太小了”？	None
你也是反同的？	Potentially
人站在地球上为什么没有头朝下的感觉 	None
我的小baby	None
请问这起交通事故是谁的责任居多?小车和摩托车发生事故，在无红绿灯 	None
松本面板可以配什么品牌的超五类模块?? 	None
请教怎么能很快能洗干净猪肠?有什么方法 	None
毛孔粗大怎么办我脸上长豆豆,出油,额头,鼻子上,脸上都有毛孔,很 	None
黑河市治疗癫痫最权威的医院有哪些 	None
替人垂泪到天明－－商业用语一 	None
本期铁胆罗马强势单3 	None
降压药的选择不知道波依定和洛活喜两种药各有什么特点，适合哪种人服 	None
有6区无尽之海众神之子工会的吗?你们会怎么了?看不见人了,解散了 	None
老师好，青青稞酒明天再跌就可以建仓了吗？谢谢。 	None
onthesouthofthecity是在城内还是成外？ 	None
古代官职升迁又怎么说的，比如：拜。。。最好还有例句！ 	None
在离心管中加入水和密度小于水的小球在倾斜的离心管中加入水和密度小 	None
邯郸市哪里有卖纳威沙发 	None
请各位老师讲解！如图所示，，A、B是圆的直径的两端，小张在A点， 	None
Word文档,一页半文字,怎样调整使其真好布满两页? 	None
出大事了出大事了你知道吗武汉江夏公安分局接到群众举报电话,说在天 	None
简单的地理基础知识填空，要100%正确（一）考点知识清单一地图1 	None
下体很痒怎么回事?是什么原因呢?长了一些像疹子一样的东西,正好我 	None
为什么手机连不上wifi我的手机型号是lephone1800 	None
请问吃紧急避孕药月经推迟多久才是正常的？我因为吃了那药，月经已经? 	None
霉菌性阴道炎会上行感染胎儿吗目前未确定怀孕但怀孕可能性较大，我1 	None
公鸡和母鸡是怎么交配的如何受精产生小鸡 	None
word中想只插入一个键箭头如何居中？我在word中，我想打一个 	None
怎样快点长高我160想长高5厘米怎么可以长高 	None
根据我的中文名来取个英文名苏金凤根据我的中文名来取个英文名本人苏 	None
16个月男宝宝长8颗牙齿??我家宝宝16个月:1、才长8颗牙齿( 	None
求解，这是什么东西啊？ 	None
DZ怎么才能在大战场立脚我的盗贼无BUFF3700血，为了拿2把 	None
宝宝腹泻一周，吃了药不见效，用换腹泻奶粉吗？已有宝宝:年龄1岁2 	None
一元一次方程!车间有28名工人,生产一种螺栓和螺帽,一个螺栓的两 	None
电影票房是怎样计算的？ 	None
将SO2气体分别通入什么溶液中能出现下述现象？①紫色变红色;②紫 	None
请问什么工作或职业最赚钱？ 	None
重庆哪里可以治疗尖锐湿疣能不复发 	None
西方经济学论文代发怎么样？各位都有这方面的经验吗？都尽量说说吧 	None
上古运动会有人作弊吗我知道上古运动会的时间是下午的3点5点和7点 	None
大纳智捷生活馆是怎样看车的？ 	None
期任九108元初单!欢迎指教!!1年轻人vs利物浦2乌迪内vs安 	None
真有这么巧的事？建立个小弓和一转前的武器前4手上了3个G10老婆 	None
怎么安装双系统？知道的进，高分我现在用的是XP系统，但是我还想安 	None
九年级相似图形在梯形ABCD中，AD//BC,E是AB上的一点， 	None
华夏公司网上交易使用的广发卡是广发理财通卡吗？如题，广发理财通卡 	None
历史上西施活了多少岁？ 	None
我儿子从高一上学期与班中的一位女体育特长生关系密切后,发现他对学? 	None
请问11服的钢铁原石值多少钱呀？ 	None
宝宝这是鼻炎吗？宝宝鼻塞半个月，刚开始的鼻涕是白色带黄，后来是黄 	None
用了祛痘洗面奶反而脸上长痘痘了怎么回事啊？ 	None
《项链》的作者是谁 	None
不睡枕头对颈椎病好吗？他们说有颈椎病的人最好不睡枕头。 	None
怎样才能使自己的内心强大起来！ 	None
他这样是爱我吗？我们是经人介绍认识，认识到现在已经有三个月了，自 	None
竹炭煮水的好处在水壶里放两大片洗净的竹碳，坐水时一起煮，这样的开 	None
上海哪家医院治疗输卵管堵塞好 	None
冬天进补好呢还是夏天好？ 	None
夏季如何进行饮食调养养生？ 	None
请问钨，钼，钨铝丝的居里点是多少？ 	None
我写了我的姓名和身份证号码通过哪个未成年许可怎么像是没反应的啊? 	None
为什么会得癔症 	None
形成胆结石的原因是？ 	None
外贸服装哪里进货像“第一街”“署光里”那些外贸服装都从哪里进货 	None
辐射防护该怎么做呢？ 	None
我好心疼哦！！！我听说喜欢的人已经有心上人了，我好心疼哦！你们可 	None
我就贷款买基金了今年贷款买了好多的基金啊，收益25%还多从八月到 	None
鬣狗和野狗的外观和毛色都差不多,为何名称不同? 	None
同花顺2007标准版和同花顺盛大密宝有什么区别同花顺里有同花顺2 	None
T	None
主板启动电脑？想问一下在主机开关出现故障时，直接利用主板如何启动 	None
的鼻子很大,而且没有鼻梁,难看死了,有没有办法变小或者鼻梁变挺? 	None
老是感到胸闷,是怎么回事?我40岁,老是感到胸闷,喘不过气来.有 	None
今天我MM被诊断为肺炎，虽然她确实高烧，可是并没有咳嗽症状，这个? 	None
电信1黄金车身1型的价位在多少 	None
通过qq如何控制对方电脑? 	None
这两天嘉实300和南方稳健都要大比例分红了.分完净值都在1左右了? 	None
穷在句中的意思穷追猛打中穷是极端的意思还是彻底的意思 	None
电子词典选什么牌子的？五一想入手一款电子词典，该选什么牌子的，要 	None
谁帮我捉1只火暴萝卜和1个火爆樱桃是火暴的 	None
女人体香是怎么回事 	None
有关专利发明奖金是否要缴纳个人所得税哪位大仙知道：公司对职务发明 	None
请问这句莫名其妙的诗句是什么意思？完整的如下：太窥门夹豆,丫洗盆? 	None
微博是不是可以有个类似于qq空间的功能，谁来微博主页了就发个消息? 	None
55级的菩提宝杖从哪打出来的？ 	None
都是新手问题，帮助新手的，非常简单，新手请回答，问题一说出一个怪 	None
什么是社会主义?社会主义的本质是什么, 	None
重庆大坪医院打胎大概多少钱？ 	None
魔转物那个技能几级可以学,哪里学啊 	None
全力火弓有前途吗??我是15级全力火弓``请问各位大虾,有前途吗 	None
地下钟乳洞（地宫）怎么去？要在哪里接任务，还要打什么东西吗？哪里? 	None
3个战场的双倍声望时间?请说的详细些。 	None
从上海森勤国际大酒店到上海维也纳国际大酒店有多远？ 	None
淡谈真三武名系统取消后的波澜关于这次武名系统取消，同意的占大多数 	None
为什么上海地铁单单只有上海马戏城站的站台上有门？同标题！ 	None
关于基金啥叫前端申购代码,后端申购代码.有啥区别.有甚么作用. 	None
小联赛足彩延期开奖推迟比赛或310全算对新浪体育讯　北京时间12 	None
进入易玩通网站怎么看不见我还有多少点呀，还是0点，去哪能看到 	None
北京哪里礼物便宜？毛绒玩具哦！质量也要好！ 	None
大家都买了多少钱 	None
５０级敏白妖加点问题我是５０级敏妖拿刀，请问那个点是加什么好呢？ 	None
麻婆豆腐怎么做才入味呢? 	None
高三数学题，急求，在线等据研究，甲，乙两个磁盘受到病毒感染，感染 	None
关于一石二鸟的问题看见有些人再说，1s2n无视护卫？我记得不是的 	None
帮派公德怎么弄啊!!!!!!有什么用啊!!!!!! 	None
没完没了的8场了...(图) 	None
怎么下载网校带手写的讲义? 	None
为什么老担心家人出事为什么脑子总要胡思乱想老担心他们出事?有什么 	None
关于准生证的问题我有单位，但档案在人才，而且我单位没有计生部门， 	None
每期4场竞猜，全对送50分埃弗顿	None
换工作了，公积金和保险怎么办大家好，半年前，我和原来的单位闹翻了 	None
咨询我的系统是WINDOWSXP，我光大大智慧安装好以后，都没问 	None
怎么还在维护怎么还在维护 	None
如何形容美女有气质 	None
管理员来下~为什么我回答问题，回答后的答案不见了呢~~~~想重新 	None
猫游记禅怎么装备啊！！我去挂禅很久了，也没怎样禅怎么装备 	None
优先资源配置就是优先把内存分配给游戏那一部分,让游戏运行得流畅些 	None
电脑问题咨询我的电脑屏幕两边是黑的只有中间是屏幕我应该怎么搞才能 	None
有没有超搞笑的笑话告诉我 	None
开办网上购物网站，需要办理哪些手续？我想开办一个网上购物的网站， 	None
08年28号新诛仙有电信新区吗?我想问下08年28号的新诛仙六道 	None
哺乳期可以用雪山金罗汉止痛涂膜剂吗？宝宝二三个月的时候我一直抱， 	None
请教高手一些关于祖尔格拉布硬币的问题，请问各种硬币怎么交，交了以? 	None
新版微博的密友功能是什么？ 	None
清泉老师好.000851怎么办?谢谢 	None
有在大自然给宝宝照过百岁照的朋友吗？提前多长时间预约，一套一般偏 	None
做爱能治疗青春豆吗？听朋友说做爱可以治疗青春豆是真的吗？有没有科 	None
在查找过程中如何知道要查找的具体QQ号码是否在线呢 	None
为什么药物治疗脱发会效果差？还可以能过其他什么方法做呢！？ 	None
会长是女仆大人会出第二季吗?会长是女仆大人漫画快要完结了哦,动漫 	None
如题，如何做好一个优秀的网页美工？ 	None
找人问题在公明有没有重庆开县人啊 	None
重装型不能用更改颜色不是说涂料是对应全机种吗给个合理的解释。 	None
谁知道是什么类型的字库啊,谢谢 	None
我的网络走代理，能不能玩天2？我的电脑是局域网中走代理服务器的， 	None
光通有打算将传奇３Ｇ变为免费的吗 	None
关于卡屏（假死）在用LX天堂双开时，一般刚登陆的前几次保姆或者打 	None
请问一下忍者高手？我想开一个专门ＰＫ的忍者．．．应该怎么加点ＰＫ 	None
男友说，对我还需要3个月的考察期，是什么意思啊？我跟男友相处时间 	None
RMB!!!这问题没有分!!!刚才问完前面一个问题后,数了一下自 	None
请问，杀毒软件——麦咖啡和瑞星比较，哪个好？ 	None
f(x)在x=a处可导，f(x)的绝对值在x=a处不可导的条件？ 	None
猫咪长蚤子怎么办？ 	None
眼睛长黄东西？眼睛里面底下长黄东西，脓包似的，是不是上火，咋办？ 	None
电脑培训班学习网络工程师专业。北京那家学校不错？在南城上课 	None
下载小说问个问题，可能有点傻，怎么把书架上的输下载到桌面，有办法 	None
请问在网上地税申报中，在做综合申报表时，实际缴纳税额，已（抵）缴? 	None
1982年7月22日查询星座阴历1982年7月22日是什么星座 	None
想做泰韩正品护肤品，能代购吗？ 	None
手血热怎么办 	None
哪支基金与广发聚富的相关性小呢？我已买了广发聚富和南方稳健Ⅱ号， 	None
银色黎明声望问题我的银色黎明的声望已经到了友善，是5999，可是 	None
12岁小女生剪什么样的短发好看？发质软，细，头发较多，什么样的短 	None
如何进入游戏帐号申请完毕后如何进入 	None
高一物理关于加速度用枪竖直向上射出一粒子弹设空气阻力与子弹速度大 	None
13岁的大城市小男生喜欢什么样的生日礼物? 	None
问题.来看看0.40的补丁下了解压怎么还是不能进啊.还是说版本底 	None
我的通过了一些算命的说，我的命适合去理佛？我很恐惧怎么办呢？ 	None
网上哪里购买月卡最便宜,怎么操作,会不会受骗,有没有安全的,谁买? 	None
腰疼是怎么回事我近两年来站久了总是腰疼而不是腿疼，是不是和肾有关 	None
在5173买游戏帐号会被找回去吗我打算再5173买个游戏帐号&l 	None
进不了奇迹世界为什么总是提示文件升级失败然后就退出大区选择界面， 	None
请教水煮鱼的做法告诉我吧！ 	None
很不爽,发烧怎么办? 	None
听说斯巴鲁的车都是全时四驱的？好处在哪啊？懂的给说说！ 	None
请问我的显卡是ELSAFX534P为什么游戏功能选项的游戏画面中? 	None
极限特工2中在直升机上的那个光头白人是谁?那位黑人老兄越狱后，一 	None
哪位朋友有李赋宁编写的《欧洲文学史》？请问哪位朋友有李赋宁编写的 	None
点卡充错区了怎么办啊?我是华东飞花用户.充点卡的时候鼠标滚轮滚了 	None
苹果手机壳哪个品牌比较好？ 	None
民法选择题有限责任公司属于（)A.社团法人B.财团法人C.营利法 	None
他和我都互相喜欢，但是他有女友。最近他对我的态度是有点怪怪的：不? 	None
我家宝贝从2岁多就开始晚上睡觉偶尔有磨牙现象，现在4岁了，每天晚? 	None
怎么免费得Q币，有什么好方法？ 	None
从幻境7层怎么到幻境10层啊？谢谢，大虾说下啊 	None
男生心情不好怎么办？他是我的一个很要好的男性朋友，最近的他总是心 	None
饮用水反复烧过的水喝了后对人体会造成那些不好的影响? 	None
世界最大的淡水湖 	None
学历不同的爱情女的是大学生，男的是初中生，但是他们很相爱。他们能 	None
决战摸爬滚打的岁月（一）英雄的年代做人太久，是英雄代理最大的痛苦 	None
退休了，？怎么办一转眼，就退休了，该怎么办？有点不知所措。请朋友 	None
2012年做什么生意好呢？2012年不想给人家打工了，想自己做点 	None
脐带绕颈，急！！！孕30周做B超检查出宝宝脐带绕颈2周。看到结果 	None
什么是卢森堡公国？？请详细一些，谢谢 	None
一个小问题大家看下问下师们任务就说钱面怪任务吧,我在网吧上时间要 	None
68及豪杰血2000+少吗,加体魄会提高防吗? 	None
新浪微博登不进去了说什么“我们发现你在新浪的帐号密码与其他网站被? 	None
武林外传里的剑圣怎么加点好？ 	None
“屋漏偏遭连夜雨”，下一句是什么？请指教… 	None
请告诉一下我好吗？如果做完流产手术一个星期后就不流血了，还用去医 	None
愁啊，孩子的早恋问题！本人工科博士、教授、博导，每天很忙，为了孩 	None
最近好看的韩剧类似于请回答1997这部剧的......很好看，推 	None
求欧洲杯欧洲杯小组出现详细规则 	None
SS的困惑不知道大家看没看今天官网上发布的新技能，SS以后打架还 	None
神盾估价，高手进！40级掉2血1防神盾，有技能，精神成长2.23 	None
隐身侠怎么样用着？ 	None
动态IP问题我是铁通拨号动态IP,近来如上网获得的IP地址是21 	None
好冷呀! 	None
深圳哪家品牌生产的监控摄像机比较好？本人一直想买一台监控摄像机， 	None
高手帮帮忙，我最近想买车，不知道是买86好，还是买B2类的车好， 	None
杭州哪有卖电动轮椅的？老人偏瘫，想给老人买款电动轮椅，价格方面不 	None
三相四线直接接线式电表可否接互感器 	None
什么东西越生气它就越大？ 	None
南开区哪有卖暖瓶胆的 	None
环境艺术和建筑装饰那个的范围广一些？无意中看到的宣传，所以比较好 	None
飘流幻境的。。。。钱要怎么赚？ 	None
NET源码是什么？ 	None
你给别人投赞扬票时会告诉他(她)吗？我注意到有的人每次给人投了赞 	None
为什么我真了修真任务，但修为没长啊，999我啊~~~我是个小WX 	None
澳洲一流大学和普通大学有什么区别?澳洲的一流大学,如悉尼大学、澳 	None
SOS谁知道怎样删除下载的文件急啊要彻底的把曾经下载或拷贝的文件 	None
小孩子长牙时，新冒出的牙顶着原先的乳牙，那颗乳牙要去医院拔掉吗 	None
斑竹请进高手来看急需打造一览表,以前在新手手册里的那个怎么看不到 	None
冰1，魔1的绿色项链能值多少？谢谢！神鬼王暴的 	None
我这个月怎么还不来月经呢,上个月我做爱后来了月经,但是这个没有做? 	None
谁用过“正行列式”怎么算，是否只能用按行或按列展开呀，有没有其他? 	None
给个超级帐号激活码 	None
请excel高手帮忙看一下数据很多,不用复制粘贴,而用公式或者函 	None
为什么取消　财富通支付我一直都是用财富通　冲值的前几天网站维护　 	None
海马怎么吃？听说可以炖汤，请问怎么做？谢谢！ 	None
台服没有繁体显示，英文发音从新浪上下载的台版WOW，安装完后没有 	None
数学一题环形跑道周长是500米，甲、乙两人按顺时针沿环形跑道同时 	None
请教“虚掩的门”大师及各位专家帮我设计一下，先谢谢了！我的房子建 	None
如何练习英语口语效果最佳 	None
不等式的牲质关于ｘ的不等式ｘ一ａ&lt;1的解集Ｘ&lt;2,则 	None
为什么我电脑看不到文件夹名字！ 	None
爱一个人需要理由吗>?爱一个人需要理由吗??怎么能分辨出来是真喜 	None
【壬辰清明谜会01—06】春满清明9笔字一 	None
做肉丸要用什么机器?是不是一台碎肉机及一台成型机就可以了呢?主要 	None
请银行的朋友帮个忙啊回答个问题,好急,谢谢了朋友去年在贵州存钱开 	None
全身经络不通，平湖哪里有好中医的？ 	None
电脑经常出现间断性死机会不会影响它的使用寿命?这种现象对机子各部 	None
奇怪，中国的柴油与欧洲的不同吗？在国内，只要是使用柴油的汽车或拖 	None
做生意的人该如何锻炼自己的交流能力?我决定以后做生意,但是我社交 	None
老年人膝盖骨质增生该怎么治疗，有谁知道的，跪求。 	None
寻一直中线医药股请高手推荐一支医药股，拿到今年底的，谢谢 	None
不能自动关机我是三星笔记本近几天关机后出现蓝屏一大堆英文触一下开 	None
韩国泡菜在哪里有啊？同上 	None
关于扬州的特产的介绍 	None
我很想找到现代西班牙语第一册的全部教学视频，要mp4格式的，请大? 	None
小雨点儿，给我算下dd1aa90d8a40b331b73dca4 	None
在　海南的海边　什么地方肃静　消费底　租个便宜的房子要多钱？一个? 	None
我不会哦，帮帮我！本恩的年龄乘我和泰德年龄的差，与我的年龄乘以他 	None
msn在教学工作中的作用 	None
梦到有人睡在身边是什么意思我男朋友连续6天梦到一个人背对他睡在他 	None
怀孕能吃螃蟹吗现在正是开始吃螃蟹的时节。我现在24周，请问可以吃 	None
头发怎么洗头发怎么洗头发怎么洗头发怎么洗头发怎么洗头发怎么洗头发? 	None
恭喜霆锋成为最适合演藤原拓海的人选。今天刚在娱乐新闻上面看到，认 	None
清泉老师600111怎么操作，明天卖掉吗 	None
博文中放音乐 	None
请问什么时候升级好啊?升级好请大家及时通知我,我的电子邮件是高分 	None
北京西站和北京站有预售火车票的吗 	None
请问焦虑症是一种什么样的病症状态？成都治疗的话哪家医院比较权威可? 	None
为什么北京周边都在下雪而北京却没有下场相样大雪的意思呢为什么北京 	None
"零红蝶的问题　　=====【第五刻】=======　　→得到""逢 "	None
传奇世界魔法权杖升级?升到10怎样升？ 	None
印度发展到现在总共是有多少人口啊 	None
家族技能升级任务中的护宝剑魔在哪里啊??? 	None
冬天口唇干裂用什么保养？ 	None
模拟人生2的基础盘到底有几张? 	None
嘴里起溃疡是什么毛病？嘴巴的上、下唇里经常起溃疡，是什么引起的？ 	None
晒太阳为何会皮肤骚痒我已有好几年了,每到冬天晒太阳皮肤就痒,吃辣 	None
同居是否有罪？ 	None
请问habilitation是什么意思，谢谢Ataverypra? 	None
农村家庭用的太阳能热水器哪个牌子好？因为想在农村做太阳能热水器生 	None
为什么情人节要送巧克力？ 	None
33层的房子能买吗 	None
电信5风灵,一转剑合什么好Z还G,19级怎么升快点250元宝能卖 	None
满腹经纶怎么拿？求帮助 	None
英格兰你让我很失望！我真的十分失望啊！怎摸会这样！ 	None
是哪儿的电话号码?这是个语音电话,又是某某起诉我的官司电话,是否? 	None
"有谁知道有哪些好的""自考""学习软件~~哎~~大一一进来就玩,现在 "	None
建议国际足联把中国男子足球队纳入残疾人比赛.像现在在云南举行的比? 	Potentially
鬼压床是怎么回事啊？有一次我晚上半夜里突然醒来发觉自己想动动不了 	None
第一次见男朋友的父母应该注意些什么？下个月初我男朋友的父母要过来 	None
该不该告诉老公我的朋友有皮肤病，她有个男朋友，她很爱男朋友，但又 	None
已知ABCD是4正整数，ABC平均数为6，BCD平均数为8，问C? 	None
我怎么不能得到激活码啊?谁给我个激活码啊???我试了很多方法都不 	None
有请中央一套！！！32元进球彩大比拼!!!想抢100元的请进!! 	None
国际搬家	None
怎么才能顺其自然的把一个不认识的女孩子约出来呢？ 	None
仙3外的问题5本仙术书.该怎么分配?我想打出所有尸块.也想得到称 	None
有什么药物治疗腰疼比较好 	None
3档3敏粉红估价昨天抓只粉红,现在冲到10级,冲稳定了,掉3敏, 	None
男人需要的最基本的信任是什么我不知道男人是不是希望自己的手机和Q 	None
我的龙能卖几钱ＲＭＢ血４４６９蓝６６５７速度６上限３１１上限２０ 	None
请介绍一下心脏搭桥手术尤其是它与支架手术的区别 	None
6F的ABD和大马什么价？重装ABD包括头手脚盾上下装和大马的价 	None
今年内我经常脱肛,有什么好的办法治?(27岁,办公室上班) 	None
BIOS里怎么找不硬盘启动的选项呢?硬盘启动是那个HDD	None
我二个月前买的联想电脑，现在液晶显示屏上出现了一个亮点，是否正常? 	None
被盗车怎么样找理赔??我的车是在汽车维修车厂的老板搞丢了,怎么样 	None
为什么荆州这个地方,三国乃至后来,都是兵家必争之地?如题? 	None
发育迟缓引起的癫痫病怎么治呢？ 	None
万能的微博，深圳有维修饰品的地方么？断了 	None
英语选择题，希望知道答案和原因，谢谢。 	None
guy到底是只指男的还是男女都指？谢谢 	None
我是一刚开车的出租车司机.请问为了能安全行车,出租车司机开车时最? 	None
我的电脑无法启动了，连自检都没有，于是我把内存条换了一个插槽，便? 	None
广州治疗重症肌无力需要花多少钱 	None
关于5173买号的问题我想在5173买个传奇世界ID.但是我怎么 	None
为什么到12点了登入天2还是进不去啊？是服务器还没维护完吗？还什 	None
A车180和S4重各方面性能来说哪好？跑城市锦标山路哪个好？越详 	None
预备队，看你们啦！今晨，本指挥官在大战前做出了一个决定，部队统统 	None
神奇的微博~[杰克逊]iphone5S好还是三星note3好？平? 	None
法国大学除了巴黎的大学以外，外省有什么好的大学吗？ 	None
咽喉炎复发怎么办 	None
中度宫颈糜烂会变重度吗?去年11月的时候流产后查出得了中度宫颈糜 	None
图片中的狗狗是什么品种？ 	None
新鞋挤脚怎么办我前几天刚买了双新鞋，上午的时候鞋一点也不挤脚，等 	None
惠氏奶粉是否上火宝宝换了惠氏奶粉之后开始便秘，有人告诉我要和其它 	None
天津松江在东疆保税区的高尔夫项目有多大？ 	None
有没有谁上北京舞蹈学院的,你们有没有暑期的街舞现代舞的培训班啊谢? 	None
玄龟金鼎奖品都有哪些啊？玄龟金鼎一到五等奖品都奖些什么啊？ 	None
杀1次海盗得多少声望？ 	None
当你想做爱的时候，该怎样才能让男友知道？是清楚的说，还是... 	None
西餐的作法那本西餐书比较好，推荐一本！ 	None
找一首歌词中有＂万世流芳＂的歌，好象是郑中基唱的． 	None
不是处女了，但想珍惜眼前的好男人！我该怎么办？我在大学时候有一个 	None
深圳的建设银行房贷供多久提前还货?深圳的建设银行房贷供多久可以申 	None
什么是心脾两虚心脾两虚的主要症状是什么？？女生应怎么补？ 	None
什么是整式？ 	None
公务员报考相片分辨率有什么要求? 	None
论地水魔宠之最强老大篇标题大家可以看的出，本人满民剑养的宠有满档 	None
比如我是我是2转的勇战工我有15000的血敌人也是15000的血? 	None
误工费问题：我车压到别人的脚了，伤者没有住院，我需要伤者提供哪些? 	None
关于十字弓妖拿8十字弓和9十字弓的区别多大9十字比8十字少几弓? 	None
高手来翻译２句话　给你１０分Furthermore,FVAS1. 	None
日本人是全世界最受欢迎的？？？？根据英国广播公司（BBC）和加拿 	None
选科困难！！帮忙啊！我三门成绩好，但快分科了，我不知道选文选理。 	None
一个购物的问题知道的告诉我是不是一般多买东西就是比少买的便宜呢 	None
neo巨目怎么样？neo巨目什么颜色最好 	None
感情的困惑我的父母给我介绍个老头当对象怎么办？我今年都30了，离 	None
我和女友半年没见面了`她来找我!我该准备什么给她? 	None
清晨,蜗牛从树根沿着树干往上爬,树高10米,白天爬上4米,夜间滑? 	None
我想办一张能透支的银行卡,哪个银行的好,有什么要求,还有哪个银行? 	None
请问最全面的风水学书友什么？就是关于风水学的一本最全面的书。 	None
求不等式解集函数f(x)=xsinx+cosx+x^2，x∈R， 	None
UT频道加入到收藏夹，为什么重新登陆后没有那个频道？我确定是收藏 	None
★~闲趣谜语（晚）~★穿的都是舶来品（成语） 	None
新天下无双的武器强化系统是什么样的？ 	None
星际的修改高手来看看单位的价格,血和攻防等怎么修改 	None
暗黑有czx吗？dsa 	None
维生素用在脸上要注意些什么吗维 	None
《怒放的生命》是谁的歌曲？ 	None
谁告诉我这是什么鱼，第一次见过这鱼 	None
杭州看肝病小三阳最好的医院是哪一家？ 	None
进入天关后,想多挣点经验,请问是一步一步闯天关快还是去魔王岭? 	None
急急急!日语学校的问题!!!朝阳区哪里有好的日语学校啊?收费不要 	None
昨天到今天3区怎么不能进啊？昨天到今天都不能进1	None
音乐张杰的什么歌最好听(5首） 	None
向世界出发片头曲是什么 	None
求符文之语材料，十字弓的存档 	None
"1区能进去不?怎么总提示""pleasetryagain.""谁知道 "	None
牛牛在此给各位朋友们拜年了! 	None
帮忙我是中锋，可就是板少，不知抢板时该怎么抢，我应站在哪？ 	None
黑鸟加什么好啊? 	None
现在哪个型号手机不错推荐一下谢谢 	None
1999年的高等教育自学考试文凭网上查的到吗 	None
几乎每2天拉一次大便，有时甚至三天。正常吗？几乎每2天拉一次大便 	None
道具服骑宠问题1现在骑宠还有经常吊线的现象吗2骑宠需要什么条件? 	None
我的性格是否正常?我身高一米六二,体重七十公斤,不算太胖.但在生 	None
用电子式表示下列物质C2H4、CH3CH2OH 	None
车间管理人员工资为什么要记入制造费用账户？为什么不是生产成本？ 	None
26岁结婚,婚假10天怎么算我今年27了,结婚应该有10天婚假, 	None
手机带机打发票是什么意思我想在淘宝网上买E72，我问老板有全国联 	None
啊呀,有N个问题,,高手帮忙下啊1.如果把名字是粉色(紫色)的玩 	None
宝宝排便问题我家宝宝14个月了,可是现在拉大便不愿被人把,非要自 	None
怎么样可以早睡早起求解 	None
易趣交易冻结是怎么回事 	None
我跳水时弄伤了脚,下肢毫无知觉,站不起来,大小便失禁,怎么医好啊 	None
最保险的基金？？最近打算做点小投资，银行的工作人员推荐买基金，定 	None
郝海东和李铁在谢联会打主力吗？ 	None
美元下跌底线美元下跌的底线会是多少？大概还会有机会大幅度的反弹么 	None
食品厂可以委托别的食品厂生产食品吗如题 	None
问一个词语的意思～齐鲁晚报上体育板块中，有个词是哪个队“完胜”了 	None
我的小狗生了尿结石，在无法送到有条件的医院治疗的情况下，有什么好? 	None
请大家帮忙看下配置谢谢了啊(tm)xp2000+1.66GHz内 	None
苏联喊“乌拉”，鬼子喊“板载”，那德军和米军冲锋时喊什么？二战的 	None
最进有社么好看的喜剧片?? 	None
淘宝货到付款怎么设置 	None
为什么我的电脑主机的噪音非常的大?我的电脑是五年前组装的,这几天 	None
求解校园勋章 	None
大学生毕业后婚迁的问题大学生毕业时发的户口迁移证是指把户口想迁哪 	None
项目管理是怎么回事？项目管理的定义是什么？项目管理采取何种方式开 	None
宝宝十个月了，最近不肯吃，只吃米粥，请问是不是缺锌？该怎么办？怎? 	None
请解释“复进口”、“复出口”？？？？？？ 	None
多吃鱼有什么好处? 	None
spss单选和多选是要分开录入吗 	None
请问90级的请问90级的秘魔灵珠（抗土9%、抗金8%）到底值多少? 	None
杭州玛莉亚妇产医院就是杭州省妇保院吗 	None
为什么丹顶鹤有时候一只脚独立？ 	None
诛仙2人物头顶的血值和精气值怎么不能设置出来了？？？ 	None
遇到这个情况，裁判应该怎样判罚？当守门员开门球时，后卫（队友）在 	None
个人对魔力和幻想大陆的评价魔力变成今天这个样子（我也难过）我想最 	None
求空竹的资料，空竹历史、种类、辨别、价格、购买地等等 	None
罪案现场8的全攻略！！！！！ 	None
我女儿晚上睡觉总是翻来翻去睡得不安稳而且要踢被子请问是什么原因我 	None
如何避免来牌输？我来牌经常输,如何避免这种情况?问题是我打牌时间 	None
午睡多梦我是一名高三学生午睡在学校宿舍睡一般中午会做作业到一点半 	None
(花卉)植物吃土是怎么回事?植物吃土是怎么回事?植物养了几年后换 	None
网吧不准安装软件。。。在一个大网吧我下载迅雷安装却安装不了还说受 	None
摄像头视频组件启动成功，为什么没有图像？0分我的摄像头视频组件启 	None
怎样将文件的打开方式改为未知应用程序？ 	None
儿童生长疼是怎么回事，该怎么办才好呢我女儿今年才4岁，昨天晚上说 	None
胸腔积液的症状 	None
洁面后依次使用什么护肤品 	None
目前一共有多少家A+H的上市公司？ 	None
请问买卖交割单的历吏记录可以删除吗？在联合开户的，买卖交割单的历 	None
想去闸坡玩两天[嘻嘻]闸坡有什么好玩的？有特色的？好吃的？[委屈? 	None
清明烧纸如何确认死者收到？我从小爱玩火，清明主动负责烧纸钱，不知 	None
如何快速有效戒烟 	None
男朋友出差在外,可以发什么短信以表示关心呢他出差在外还要加班,也 	None
嗨!大家好我是小犬蠢一螂,又和大家见面了!请多关照,要顶哦!(二? 	None
如何在首页导航栏添加文字，并且带有ULR连接？意思就是，在导航栏 	None
电脑听不到声音放什么东西都没声音，但在声音语音音频设备里的音效管 	None
我要争取还是放弃？我爱上一个男孩，他曾经爱过一个女孩并且现在还爱 	None
比尔·盖茨的个人资料？身高、体重、血统？ 	None
D的春天什么时候来?我是五区寒霜皇冠的D本人玩了2个D了(闲的慌 	None
龙有几的儿子？据说龙有十个儿子？问题是那十个。 	None
求救，我该怎么办！大家好，我是个14岁的女孩现在上高中了，但是最 	None
qq被盗之后怎么处理电脑里残留的病毒？朋友的qq号被盗，当时是一 	None
请问一下,下面这句日语是什么意思??らぶデスセクティービーチ全种? 	None
我该这样决定吗？大家帮帮忙！我在一家很大的单位上班，追求同一个单 	None
银行业课题研究报告范文什么地方能够找到银监会或人民银行针对某课题 	None
假设汽车油箱里重加油口进10CM大小的异物该怎么取出?有检测的地? 	None
刷卡？去店里购物刷卡，收银员连刷了2次，来了2条短信，跟店里去说 	None
拜仁上半场不能扳平就别指望胜利了个人意见，看上半场场面这那是受让 	None
这算强奸吗？若女孩子和一个男孩子接触后，她同意到他家里，然后他摸 	None
关于2008年新劳动法，有什么值得注意的，与以往的有何不同 	None
帮帮看看我的问题我的男朋友JJ上面长了一个像小猴子似的东西，不疼 	None
爱问团队有何用? 	None
抢救人员发现她的时候，她已经死了，是被垮塌下来的房子压死的，透过? 	None
脖子中间靠咽喉处两侧有点不适！患者年龄:32患者性别:男病情描述 	None
大学的工科专业,如电气，机械，土木等哪些难学？哪些易学？我以前是? 	None
这两个手表哪个好啊在同等价格,卡西欧和欧米加这两款手表哪个好呢? 	None
就是内存是1G的在我的电脑显示1G我想改成显示2G怎么改 	None
anexperiencedhand如何翻译?其中的hand又如何 	None
100区什么时候开啊大虾们什么时候开100区啊？会和99一同开吗 	None
10万以内家用车老师您好！请帮我参考一下，家用车，5口之家，10 	None
五个月大的孩子照过X光是否有影响？我老婆曾经出过一次车祸，住院期 	None
费用报销冲借支后借支单还可要回吗我借了10000元.费用报销80 	None
我病了，怎么办？我前天全身没力气，头晕，去医院检查说我可能只是感 	None
一道数学题已知三角形ABC中，AB=AC，角A=20度，角CBE 	None
人参的功效听说人参能补一切之虚，是否适合所有的人服用？阴虚火旺体 	None
女孩子补水一般用的都是神马化妆品啊？ 	None
怎样把本地电脑上（自己录制的）视频上传到QQ空间或者网易博客？我 	None
老年人摆摊能行吗？我爷爷退休了，没什么事情做，但是他又是个闲不住 	None
如何和新来的顶头上司相处？我是个２２岁的女孩子，公司最近新招来一 	None
雷锋笔记，我想找一下，就是人家做好事，从不留名，可人家的笔记上面? 	None
90力水武器问价90力水武器。必30%连30%TS1900粉12 	None
装备合成的要求用4等材料合成的几率很高吗,如果装备合成要求一等材 	None
Excel条件格式单元格里的字数如果超过10个，之后的文字变为有 	None
枭龙战机到底性能如何？？它的销售情况怎样？ 	None
英文和简体中文网页都出现乱码我浏览网页的时候常常会碰到一页中有几 	None
前列腺炎会不会通过性交给女方带来炎症比如阴道炎等！前列腺时间长了? 	None
方程六年级一班有学生52人，男生人数的四分之一比女生人数的六分之 	None
VIP收费章节怎样收费？ 	None
大家再看看这份协议书有法律效应吗本厂看门大爷突发脑血栓，本人已经 	None
香港海洋公园附近的酒店怎么样？有实惠点的推荐吗 	None
怎么增高？我18岁了，但是才165CM，还能增高吗？我想长得高一 	None
招社会人员应届毕业生可不可以报考????请大家帮忙. 	None
跪求一首歌谢谢这个视频里的是什么歌？谁唱的什么名字谢谢 	None
“箪食瓢饮”怎么读？请注明词性，声调，出处 	None
胡须怎么不那么浓呢？我今年15了有喉结、有阴毛有腋毛阴茎发育正常 	None
听说高血脂会引起脑中风是吗？请问你脑中风的原因是什么？ 	None
涅磐回1级以后能不能骑马呢?不只是马,也包括元宝买的骑宠. 	None
如何讲课我是非师范类的考生,正在考老师资格证,就差最后一关,讲课 	None
心爱的人讨厌自己了怎么办？我喜欢上了我们班的一个男生，可是他现在 	None
诺基亚N73我的N73用了很久了，外壳有点花，而且我讨厌黑色了， 	None
病史：1、有鼻窦炎多年，嗅觉减退，不发作时，痰略多，但无头痛，但? 	None
每日荐股2009.7.9为了迎合2009波段操作的总体思路为了更 	None
LM和BL的比例现在6区那个F的LM和BL比例相当，查不多就行， 	None
新款诺基亚N70音乐版（黑色的）上市了吗？要多少钱一部呢？ 	None
为什么我在官网上激活不了自己的帐号，页面显示《无法找到该页您正在? 	None
平时非过年北京去哪里买烟花鞭炮，知道的麻烦给我说一下马上就要开业 	None
签证问题有个新加坡的网友说他当担保人帮我办签证，然后就不需要押金 	None
请问天津哪里能买到中里巴人的<<求医不如求己>>？谢谢急！ 	None
珠海报料热线我想得知珠海的报纸的报料热线！谢谢！比如珠海晚报！我 	None
请问，你满意吗？英语怎么说呢？ 	None
工会应该增加人员数额工会人员限制太少了，人多不得不弄分会，希望能 	None
为什么台湾的连续剧台词都怪怪的，表情也好像挤出来似的，不如香港的? 	None
现在油性皮肤用什么样的洗面奶好呢？请各位MM给点意见， 	None
疤痕性皮肤能不能做双眼皮我是疤痕性皮肤，可以做双眼皮吗 	None
IpodNano2的问题IpodNano2的性能怎么样?现在价格 	None
我想申请银行信用卡,如何申请,需要什么条件(个人收入,存款等). 	None
怎样使用银行对公账户最近我们酒店为了申请一台ps机，新办了一个银 	None
请问连续吃天王补心丸和蛤蚧大补胶囊要停药多久才可以怀孕？我因两个 	None
配色请问我家客厅电视墙是原木框架内铺黄玫瑰色壁纸,沙发淡土色,地 	None
牛仔裤到底洗不洗，多久洗一次？有人说不洗，有人说温水洗，到底怎么 	None
黑天鹅任务很攒为什么做的人不多啊? 	None
用括号中的词翻译下列句子我未能说服他接受我的辞呈。Ifailed 	None
游戏更新发生错误是怎么回事呀???? 	None
我的认证已经一周了，为什么还没有通过？ 	None
《光之冒险》如何在游戏中，快速了解游戏各个系统？您登录游戏后，按 	None
我的机器中了冲击波了，如何解决？哭求 	None
请问世界各地医院医生,有关于小女孩八岁智力低下,语言不清怎么治疗? 	None
k线问题大师好:高位拉长下影的阴线与高位拉长下影的阳线各表示什么 	None
求助啊，关于恋爱问题亲戚介绍的女孩子，刚见过面了，有听到说她的弟 	None
眼睛散光，怎么办。不想带眼镜~~是轻微的~！请问眼镜轻微散光。平 	None
怎样能长高？想长高，教我！！ 	None
宝宝出生有半个月了，4	None
大夫你好：我的的是高血压和大脑皮层萎缩‘大夫让我输小牛去血清蛋白? 	None
望京,公交卡充值点在哪有, 	None
怎样防止键盘辐射 	None
"通灵学院任务""莱斯·霜语(62)"",怎么我对他使用""禁锢灵魂的遗? "	None
残疾人驾驶汽车的政策即将公布实施，聋哑人能开车吗？我是听障残疾人 	None
请问怀孕后第一次去医院检查，会使用窥器检查阴道吗？ 	None
关于插入flash我想在blog里插入flash，点那个插入fl 	None
在线等“神通卡”的问题神通卡绑定游戏ID，能使用枪15天过了15 	None
进项发票的认证？如果我本月想认证，认证的最后一天是月底那一天30 	None
网上买奶粉靠谱不？有谁在网上买奶粉过吗？BB马上要出世了，奶粉不 	None
圣诞老人的原型是什么？ 	None
关于小儿缺钙问题老师您好！！！我儿子10个月了，从三个月开始医生 	None
宫颈中度糜烂真的很可怕吗？老婆前天去医院体检，检出了，这几天心绪 	None
支票出票人帐号客户给我张支票，但没有出票人帐号，这样的支票能入吗 	None
月经前总有几天是点滴出血，持续有3	None
卢湾化妆培训？ 	None
基金净值为1说明了什么？ 	None
QQ无法登陆大家好,有一个问题非常奇怪.我在一台电脑上使用QQ, 	None
在用PhotoshopCS作图时电脑会黑屏.在用Photosho 	None
小三阳问题我父母都没有小三阳,可不知道什么时候传染上了大概小学的 	None
什么是种子食物检查身体，医生说有点肾虚，建议我多吃种子食物，可是 	None
哪位朋友推荐一家比较好的龙泉宝剑网店，要质量好、价格公道的。 	None
许冠杰的歌词:黑眶眶的小眼睛,是你的温柔,叫什么歌名? 	None
怎样让视频更清晰 	None
寻求帮助,急急急!!!!!我的管理博客－－自定义设置中第一项怎么 	None
脑筋急转弯什么东西比细菌还要小？ 	None
有没有厂家生产优质的即食燕窝？谢谢。即食燕窝上品的即食燕窝色泽晶 	None
鱼要怎么做才能好吃呢？ 	None
请教一个恢复德的天赋问题我想练一个恢复德，有激活的，但同时又具备 	None
请问澳门盘高水\中水\低水的范围分别是多少? 	None
处女座男孩会很被动吗?他一直喜欢一个射手座女孩,那女孩也喜欢他,? 	None
网王小说有没有好看的（不是玛丽苏）网王文可不可以发给我 	None
请介绍一些养颜秘方谢谢 	None
请评价我的基金组合富国天博博时裕富 	None
铁锅为什么越烧越黑,有什么办法可以除去吗? 	None
企业申请需要什么？ 	None
溶液浓度问题在标准状况下，1L水中溶解700LNH3，所得溶液的 	None
我该怎么办?我很喜欢一个男孩，付出了很多，从没想过要得到怎样的回 	None
上海到连云港有晚上的火车吗？ 	None
敏力系射手不能学技能吗？一个也不要吗？ 	None
背景在哪儿设置？ 	None
隆鼻问题张医生，我的鼻头简直太大了，有点崩溃，需要做什么项目 	None
怎样学习高中的理科(数学、物理、化学、生物）请详细介绍数学的学习 	None
成本会计某工业企业12月份商品产品成本表中可比产品本年累计总成本 	None
这才是真正的专家.我记得2.27大跌的晚上,清泉发表一篇没有利空 	None
为什么我的邮箱通不过验证！我在进行邮箱验证，可是把邮箱验证码输入 	None
2007年中国写字楼市场分析及投资咨询报告 	None
文言翻译，“天行健，君子以自强不息；地势坤，君子以厚德载物” 	None
关于火车票的问题我想买北京西－荆门的火车票硬卧3张，谁可以提供相 	None
父亲去世时，有人在他的墓碑写了母亲的名字，这对母亲来说是否不太好? 	None
MM高手进！！！！！！1。MM的狂魔技能有哪些？魔圣技能有哪些？ 	None
有什么最新流行的歌曲吗 	None
详解典型盘口及其思维定式五（五）平手与平半球之间的变化这种盘口往 	None
小学六年级的问题A物有8条腿，B物有6条腿和2对翅膀，C物有6条 	None
持续了六个月的毛细支气管炎该怎么办？宝宝出生没有满月的时候睡觉呼 	None
坦克和直升机直升机是坦克杀手有没有坦克安装地空导弹的，威力小一点 	None
在数控机床法拉克系统中要如何设置才能使编入MDI的程序不自动删除? 	None
天津哪家医院哪个大夫治疗类风湿比较好, 	None
激活码是什么?哪位ggjj告诉小弟 	None
失眠求解救|没有什么如果 	None
看来R9又是错1场！（实图） 	None
当前威胁世界和平和稳定的主要因素是1国际恐怖主义活动2民族矛盾与 	None
我是一个坤+8套鬼怎么才能单刷飞升135战场如题，方法说明白点。 	None
请删除惠潮《亡父三周年祭》，谢谢 	None
腌过得干鱼有怎样得做法我有一个朋友从青海带了点干鱼过来，我不知道 	None
到上海罗阳路388号怎么走?从通河新村出发.地铁的话是从几号出口 	None
勒芒	None
谁知道CCTV3的电视书场为什么停播了？以后是否还会播出？很喜欢 	None
清泉老师：601628如何操作？ 	None
宝宝的食欲问题？各位好！我宝宝十三个月了，可他的食欲一点也不好， 	None
公司成员进行内部培训收一定培训费用是违法的吗？ 	None
救命呀，玩魔兽争霸的时候会突然花屏我才买的电脑玩魔兽争霸的时候会 	None
我考了392分能上湖南科技学院潇湘学院土木工程系吗能靠上吗？ 	None
谁有这方面经历，到底还还追不追啊？我确定以前她对我有好感，上次我 	None
宝宝现在10个月了,妈妈说不能吃鸡肉?是真的吗?可是我想吃哦!请? 	None
用招商银行卡在农业银行ATM取钱为什么没要手续费?同城的 	None
我家墙面是白色地面是黄色的窗帘买什么颜色的好 	None
跑跑的声音问题进入游戏后，玩一会就没声音了，高手指教~~我电脑什 	None
为什么我一进游戏必须得更新5个文件``每次都得更新？如题 	None
请问从不生病是好呢？还是不好？我的身体从十几岁开始后一直以来都几 	None
Excel单元格如何强制输入或粘贴无空格的姓名给别人预设空白表格 	None
请问单人旁加一个瓜是什么字啊？为什么在字典上找不到啊？ 	None
一台电脑能开两好么我现在24级新手技能加满听手全洗要88想重创号 	None
关于暗黑刷套装的问题我想刷一些套装送给朋友，请问西刚套装，不朽之 	None
哪种防晒霜好？夏天要到了，脸上又是护肤品又是防晒霜，有时还需要来 	None
战网的问题下载了注册表就直接可以进了吗？有没有其他什么要注意的？ 	None
悬赏···男生乳头怎么缩小？小时候喜欢摸自己的一边的乳头睡觉长大 	None
三点共线怎么证明？已知三角形ABC在平面α外，它的三边所在直线分 	None
怎样修改博客的名称 	None
100分：哪种局域网管理软件能够监控到局域网中其它任何一台电脑正? 	None
求助怎么上属性求个火7、8的方法。知道的告诉下，谢谢。 	None
我想知道成都的立交桥，最好是＂人南立交桥＂有外观，形象，就行．多? 	None
请教四月份五月份什么日子搬家比较好本人属兔,我老公属猴,儿子属龙 	None
<雨说>你想对雨说些什么?求答案&lt;雨说&gt;你想对雨说些 	None
“增えるんじゃない”时增加了还是没有增加？“じゃない”是双重否定? 	None
为什么我的5.1声道的音箱只有主音箱有声音？为什么我的主音箱有声 	None
（1.75	None
段晓飞和张晓厦的成婚率有多高段晓飞和张晓厦可能结婚吗 	None
我是战斧请问我要带什么宝宝OK就好呢？我每次PK就是因为不知道带 	None
用17寸的液晶显示器最佳分辨率1280x1024字有多小？我想买 	None
问题最近我总是感觉心情很不好，有时会为一点小事而闹情绪，我想问一 	None
问一个关于精灵坐骑的问题迅捷霜刃豹买了个多月了现在骑上去觉得不太 	None
请教有经验的姐妹们`宝宝就快4个月了`不知道要先给宝宝添加什么辅 	None
NOKIA1680c用数据线连接电脑还要安装驱动么?为什么电脑提 	None
诺基亚5800和N85都有什么特色？ 	None
八字须，往上翘，说话好像娃娃叫，只洗脸，不梳头，夜行不用灯光照 	None
在2006年12月31日前，理财金账户享受银行管家服务无需缴纳收? 	None
姐妹们！我最后一第月经来的是，8月24，可我不知怀BB到底多久了? 	None
普通银行卡可以网上购物吗？速度，急办理网上银行功能和网上购物功能 	None
标志207r的大眼睛和小丑套的其余4件都在那里刷知道的说一下？？? 	None
请有经验的美女回答？我和老公做爱的时候，白带特别多，有的时候ＪＪ 	None
浑身是奶学姐，国米看0的理由是什么呢？请你告之一二，谢谢。 	None
9月26更新？？？9月26更新，更到什么时间才能进游戏啊？？？？ 	None
玛尼墙是做什么用的藏族的玛尼墙是用来做什么的？ 	None
600113,是向上突破走势吗？？ 	None
降息将使美圆将下跌多少？再有不到3个月，美国可能就要开始降息，如 	None
问百家姓中各姓氏的由来,谁能全列出来哦!在此谢咯! 	None
我在装修新房，电热水器什么牌子的好？我在装修新房，需要买电热水器 	None
８万元左右的私家用车选什么好？着重考虑一下几个方面：１、经济省油? 	None
企事业单位能否购买国债 	None
绿口怪在哪抓啊，两个1层都有网上给的那个坐标，是杰村那边的还是另? 	None
爱问高手真多啊，果然3：1~~~~~~~~厉害，呵呵……老纳佩服 	None
VB问题VB中a(i)和aa(i)都表示什么意思，在什么情况下用 	None
166期两个任8，心酸 	None
有谁知道LX开通电话冲值了吗？？不知道LX有没有开通电话冲值的~ 	None
刻苦读书的成语来几条. 	None
龙精石，帮帮忙我的到了两快石头，可是净化剑只能净化一次，有一块， 	None
妈妈对这个家没什么感情我觉得妈妈对我和爸爸和她兄弟姐妹完全不一样 	None
面对裁员,有什么感想？！今天下午，我知道我明天将要被公司战略裁员 	None
老公打呼噜还跟六个月的孩子睡一起,会有什么影响? 	None
最近新浪爱问知识人无法采纳答案,我的好几个问题都要过期了,真是急? 	None
水果吃多了会不会发胖？我想减肥,他们说吃水果会有效果是真的吗?会 	None
急!急!急!有做爱经验者速进我女友总算答应我和她做爱了!可是我们 	None
狗不喜欢什么气味？怎样不让狗往某些地方撒尿？有什么办法驱离狗，让? 	None
每年都有很多人自杀,学生的比例不在少数,为什么是这样?每所高校都 	None
全势力无双武将加成一览谁有？ 	None
“北京人”是怎样被发现的? 	None
HT20砖回弹仪有时轻轻一碰还没按到底弹击锤就铛一声落下了，在使? 	None
雁门清高有没有苦荞醋？ 	None
格斗格斗大家觉得敏格和攻格哪个好?为什么?&gt;(麻烦详细点) 	None
白天喝茶晚上睡不着怎么办?上午喝茶，午休睡不着。下午喝茶，晚上睡 	None
下个剧本CC势力的武将！！ 	None
什么叫气手枪？与手枪的区别？ 	None
请问专家我？我２５岁了混合偏油性皮肤Ｔ字部位毛孔很粗脸上爱长痘， 	None
幽默出句：微风送远水中月 	None
显示器频繁抖动黑屏本人电脑开机就出现显示器抖动黑屏,显卡风扇都重 	None
英语作文如何学的好 	None
云南哪里好玩？旅游景点有哪些？ 	None
为什么我总是耳朵发烧?我总是无缘无故耳朵发烧,而且常常是一只耳朵 	None
车座下面那根生锈了怎么办 	None
想给孩子的房间装修特别一点，有没有好一点的油漆啊？ 	None
卧龙为什么还上不去有谁上去没呢，怎么到现在还显示维护状态呢？？？ 	None
我是男性，乳头正常情况是内凹的，刺激才能挺起来，这是什么问题。我? 	None
HP1000硒鼓如何拆左?的栓子？ 	None
最近新出什么好看的动漫了热血的 	None
求一篇思想政治的论文要求:写一篇[关于大学生思想道德现状产生原因 	None
过年去女友家怎么拜年？过两天要去女友家拜年！！按我的想法，就是买 	None
最近跟微博上看到个倍润，这谁家的？好用么？ 	None
全自动电脑洗车机用于城市洗车，有市场吗？ 	None
以发表过的文章怎么参加活动我已经发表了文章,怎么参加这个活动啊! 	None
hao123桔子浏览器怎么设置右键百度搜索。 	None
敏妖，求助！关于装备我练一敏妖，希望高手指点我应如何装备为佳？我 	None
成人三级英语提问～：）[5]Englishisusedbymor 	None
家里自来水管发出噪音,怎么回事最近家里的水管经常发出“呜呜... 	None
松江怎样去虹桥枢纽比较方便，乘车和开车 	None
47F+3的帕黎恩魔杖能卖多少钱？ 	None
夏天适合用什么面膜夏天太阳很猛，有时候会晒伤脸部皮肤，还有脸部皮 	None
40级宝藏的问题40级宝藏，有同级奶妈陪练，应该穿全身套还是飞龙 	None
成人本科挂名我现在在的学校的信息管理专业是4年脱产成人本科,挂靠 	None
怎么彩虹骑士不能玩了啊今天是06年11月8号我进入了彩虹骑士这个 	None
“楚河汉界”指的是什么地方？ 	None
铜包钢接地线接头怎么做 	None
瑞典SK战队队员除了fisker还有谁？ 	None
成人高考我要考艺术类的学校。请问数学成绩怎么算？算总成绩里的分吗 	None
长盛动态什么时候卖呢？它在高位拼命增仓，是不是在为别人高位接货呢 	None
我的宝宝是不是正常？？？？？我现在怀孕23周了今天单位体验,B超 	None
解决烦恼的最好办法？ 	None
不作为故意杀人罪的社会危害性以及法律对其规定为犯罪的意义.不作为? 	None
600832东方明珠将启动，是真的吗？有专家给予点评吗？ 	None
房屋贷款时交的房贷险的理赔何时保险公司有理赔责任啊？赔给谁？（我 	None
如何画好钢笔画学了建筑老师让我们每天画一幅钢笔画 	None
我国的社会主义市场经济为什么必须面向世界，扩大开放？ 	None
怎么看快本直播 	None
有很多人认为公务员的工作比较枯燥和轻闲，你是怎么看待这个问题的？ 	None
为什么要把9.18日定为国耻日？9.18事变然到比7.7事变意义 	None
异地恋真得就那摸难吗???我该怎么来处理我这段异地的恋情??大家? 	None
08款君越故障码P0013排气凸轮轴位置执行器电磁阀控制电路（缸? 	None
WX高手进！~~~我是新手！我想问下WX的属性点是怎么加的？？？ 	None
那位大哥看看这个软件是不是真实的？软件大小：961KB软件语言： 	None
姚明成熟了吗 	None
氟罗沙星葡萄糖注射液是否对胎儿有影响请问专家:我是7月3号来的月 	None
更新邮票期数记录失败是怎么回事?为什么我点收集邮票却告诉我更新邮 	None
风信子怎么种?对温度.湿度有什么要求?我第一次种风信子,怎么样才 	None
你好！在08年的时候就有偏右头痛，在那个时候以为是眼引起的，检查? 	None
有关慢性咽炎的治疗与保养我有慢性咽炎很久了了，就是喉咙这里有一粒 	None
地幔是固态还是液态？ 	None
宝宝吃迪巧时注意事项有哪些呀？ 	None
怎样止呕吐现象?男生朋友不知为什么一直呕吐? 	None
老公天天搓麻将，我应该怎么办？我老公现在迷上了麻将，刚昨天信誓旦 	None
陈真副官处的位置说在祖龙城找可是也没找到啊?? 	None
女的脸上为什么也会长胡须啊？可能那个也不能叫做胡须，可是有的人长? 	Potentially
白玫瑰放在红墨水中变色吗 	None
买新楼要到售楼处后直接问售楼员看一样叫销控的本子，请问：“销控”? 	None
求广州好的动画培训机构？想在广州学习动画制作 	None
pdf中内置了音频有没有办法将音频提取出来？ 	None
欧洲旅游有人告诉我，在欧洲里，有时候做飞机比坐火车还便宜，是不是 	None
天天喝统一绿茶真的能减肥吗我天天把统一绿茶当水喝这样成吗能减肥吗 	None
野猪5级冲锋抓什么可以学到? 	None
为什么我输QQ验证码老说我输入错误? 	None
睡觉时被子为什么老是往床下掉？每晚睡觉我都要在地上拣几次被子，有 	None
会计报税日期是多少号之前?会计证什么时候年审?什么是年审? 	None
"为什么我每次买""火炮""是都会显示级别不符的字样呢?怎样的等级才能? "	None
眼睛有炎症，怎么办本来我是滴眼药特别蛰，然后在爱问说是因为眼睛有 	None
幼儿多阅读有什么好处 	None
QQ车音响如何改装我喜欢听流行音乐.比较轻柔的.请指教:最好是指 	None
操作工的面试会问些什么呢? 	None
有谁知道华中师范大学长沙研究院怎么样，我在那里读研究生的话，拿的? 	None
咳嗽咳嗽还是咳嗽，谁有妙招能治幼儿咳嗽 	None
医生，我嘴突下巴短，是否该通过玻尿酸注射下巴改善？医生，我想问我 	None
我该怎么办？又是感情　跟他在一起时间不长，只有一年，同居半年，他 	None
如果你喜欢的女生对你说她有喜欢的人了，或是有男朋友了，你会怎么做? 	None
dvd光碟怎么复制到硬盘?需要下载什么软件?具体怎么操作?谢谢! 	None
为什么网络连接到一半就断了我连接成功后，上一下网，看看一些网页， 	None
CD刻录一张光盘上可以压缩刻录上百首歌，想请教下是怎么刻录的？ 	None
汽车报价２００７年１２月买的长城哈弗现在值多少钱？黑色，车身新， 	None
和女友第一次ML用什么样的体位好呢?>.如题谢谢 	None
支付定单为什么密码提示问题我输入中文不可以啊，怎么办啊我问题回答? 	None
谁能给我推荐个好点的环艺手绘的书 	None
怎样练成12级宠?我想知道12级宠是怎么合成的可不可以1+1=2 	None
解释：睥睨天下 	None
在上海拍外景婚纱咋样？ 	None
日本国土面积多大? 	None
清泉老师000998被套,是做高抛低吸还是离场？清泉老师0009 	None
想找一个笔记本电脑测试软件。买二手笔记本电脑用。 	None
中国政府真的那么懦弱吗?好像强,又好像弱! 	None
爱情和事业，我将如何选择？我喜欢的那个女孩并没有对我的事业有什么 	None
大家有什么好看电影介绍，音乐也行 	None
为什么我的帐号被锁定了因今天上午有事外出了.没能与买家及时交易. 	None
UNESCO是什么国际组织的简称？ 	None
狗狗问题狗狗可以水果的果核吗？ 	None
爱过！伤过！心碎过！还要坚持吗 	None
急!高手快来帮忙!!!我的主板不好插显卡为什么?这比一般的主板小 	None
问一个字的读音竹字头,下面一个厂,厂里面一个像虎似的字这个字念什 	None
html怎么用我想做一个网站的时间日期怎么弄呀? 	None
汉中的朋友说说哪家美发店好　？ 	None
寻找专门清洁宠物耳朵的东东？狗狗耳朵里面好脏、好臭，我想给它买些 	None
32岁的女性个人购买社会养老保险有必要吗？女，32岁，在小厂打过 	None
现在白金（铂金）、黄金的价格（每克人民币），纯粹金条有投资价值吗? 	None
用搜狗输入法输出来的还是字母，怎么办？ 	None
二胡吟古月	None
问一下合肥视力矫正手术怎么样呢？ 	None
有没有什么新出的电影最好是恐怖惊悚类的~跪求 	None
包皮龟头炎是什么原因引起的？我的命为什么这么苦啊，我一直都是非常? 	None
请给我推荐一款面膜我今年26岁，混合皮肤且有轻度红血丝，T区会油 	None
个人好奇心问下一区事件前两天看到一区玛F的沁沁雪事件,纯粹个人好 	None
初二数学题目一个钢筋三脚架长分别为20CM,50CM,60CM, 	None
风云2两厢怎么样？值不值购买？C30怎么样？真是纠结中啊~！家用 	None
巨蟹男有恋母情节么?什么是恋母情节?表现在什么事情上呢? 	None
六个月的孩子怎样促进他的智力发展？ 	None
男人做爱后会洗JJ吗? 	None
小平忘记了今天是星期几，于是他去问O、P、Q三人。O回答：“我也? 	None
601099太平洋近期走势如何 	None
二手车评估05年海南马自达323，1.6手动舒适型，行驶5.8万 	None
精灵寻手打钱问题关于寻手去废墟打钱的说法太不一，有的说用腰弩，有 	None
我要减肥!！！！！！！！！！！！！！！！！！！！我现在178CM 	None
我女朋友求的姻缘签，有大仙可以解答？ 	None
QQ堂刷紫钻外挂 	None
这房能盖吗我在自己承包的土地上建了果园,我想在果园中养猪,搞种养 	None
“道行”hang还是xing？昨天晚上看神探狄人杰，武则天念的道? 	None
房产证是男方父母的，离婚时这财产怎样分割？马上要结婚了，他们家要 	None
[阿谜]请猜四字成语一：主犯辩护未获准。 	None
饮食原料的品质受哪些因素影响 	None
具体如何在网上收听BBC 	None
员工个人交通费、通讯费是否应交个调税我公司每月有补贴员工交通、通 	None
有无人识破解手机嘅图案密码啊？？！求大神帮拖[害羞] 	None
婴儿身上长白色癣怎么回事?我家宝宝3个月,头上长有几块指头大小的 	None
八月十五看龙灯歇后语 	None
请问：大排挡炒螺是用什么配料和怎样炒法？谢了！.请问：大排挡炒螺 	None
离婚时房子怎么分割我想问下，我07年结婚，房子是男方婚前买的并付 	None
在真三国无双3中（PC),怎样拿赤兔马？ 	None
FR价格一只成长3.75，有必杀和连击的FR值多少钱？ 	None
李敏姐你好！我想买瑞纳1.4标配的。7.09万值吗？有啥优缺点谈 	None
白盆的是栀子花，蓝盆的好像叫平安竹，这两盆花要怎么养怎么浇水？栀? 	None
河南理工大学，郑州轻工业学院，郑航哪个大学好？ 	None
资本的有机构成是如何影响着资本的周转速度等其他的资本运行 	None
刚生完孩子20天，总发烧不断，奶里面全是硬块怎么办？头一次当妈妈 	None
猜中国米本次赢几个球的？100分！高兴啊！~利单3，中！~庆祝下 	None
南京易尔灵科技公司怎么样？ 	None
减肥健身我要下载一套很好的有氧健身操，请问哪里有下载地址，谢谢！ 	None
博时稳定价值债券投资基金投资组合有何限制？ 	None
清帮我修改一下珍韩现在是职员了，工作很忙，玩儿时间少了，也不睡懒 	None
吃纳豆对糖尿病人有什么好处吗？ 	None
下半身微胖的女生如何穿衣上身很瘦，但是因为下半身（屁股和大腿微胖 	None
求武器出处,知道就说说越详细越好这武器确实诱惑人啊 	None
仙剑3怎么过壁山那的桥啊，我站上去老说重量不够？？？？？？？？ 	None
全力冰小刀该如何加技能点?我是个菜鸟级的丝路新手,看了网上N多帖 	None
怎么给朋友送礼物，让她能高兴？不知道她喜欢什么，但要是能让她高兴 	None
中超联赛结束之际，将迎来一个前所未有的留洋高峰，你认为下面几位球? 	None
那位大哥帮帮我呀!给我一份冀教版或人教版数学暑假生活的答案(八年 	None
"""""你自认无辜被连累了，女性还无辜被杀呢。你让女性谅解你，那又有谁来保证女性的安全？既然都是受害者，你咋不去问责那些连累你的人，来这委屈个鬼。卖惨也得找对地方，“你们女性只是被杀了而已，可没杀人的男性可是被骂了呢！！”"	Potentially
"""""我已经说了，选择并不是“凭努力”和“走捷径”，而更可能是“答应权色交易”和“毁了你的人生”。只有地位权利对等的人才可能拥有平等的，可拒绝的交易，而这一点不可能发生在韦恩斯坦和一个演艺界的nobody身上。不然张紫妍为何选择自杀？"	Potentially
“我们那里有吃蛇肉和田鼠的”“你家是广东的吗？”“啥意思？你地域黑？”“......”我也不知道我是不是地域黑，我只知道在深圳广州这边不止一次两次听不同的人不同年龄的人说湖南女人的事.... 就好比有人说井盖我联想到河南一样，只是听多了而已	Potentially
世界都是被你们这帮看热闹不嫌事大的熊孩子搞臭了。搞什么搞，总以为有人想害你。老实说，企业雇人，靠专业说话。应聘时不想因亚裔受歧视，受命时也不应想着因亚裔受照顾不是？这是一个生命没能过自己那关，跟民族阶级身份有这么关系，这不是无事生非吗？！	Potentially
人家easy不easy也不关你事啊233像个三姑六婆似的，不给人家和你口中的黑奴白皮猪在一起，难不成还和你们这种典型葡萄酸心理还带种族歧视的屌丝在一起啊？要我说，国内优秀的男人也会有很多女生喜欢，这完全就是看个人能力，屌丝就不要意淫了。	Potentially
吃多了撑的没事儿干，每天装最会维权的 人家好心好意抽奖被扣上顶帽子换谁都炸。可能在网上做这些事能让她们带入进生活的获得满足感吧？ 大义凛然，特别有思想的感觉。我是不知道这社会女生受了多大歧视了每天被迫害妄想症。谁来给我说道说道所谓女权是追求哪些权呢？？	Potentially
吐。如果遇到事直接告到大院去讲契约精神，你猜这个剧还剩几分真实？还会有这么热播？还会有人陪你在这儿争论？开玩乐，还南方北方，真够恶心的。再告诉你件事，别自己在江浙沪呆着就自称南方人，在海南人眼里，统称大陆妹，广东以北都是北方人！可笑！	Potentially
哈哈哈哈啥，你这个快笑死我了，拿人家几百年的积累跟我们几十年的发展相比较，这踏马也叫要脸？还有她说的自由民主，我也就呵呵了，你让她去跟信奉基督教的教授讨论基督教到底是耶稣怎么编的，要么你让她跟人讨论黑人跟黄种人和白人比就是爱犯罪，你看她能不能吃饭明天的牢饭	Potentially
哪来的优越感啊？生个混血白娃一堆人夸好看，反过来歧视黑人？？？？？双标这招国人玩的一直很好，女生找黑人引以为耻，男生找黑妞就引以为傲？？？男的找个黑人老婆生的孩子黑不溜秋的都tm上新闻了，也没见人去谴责，	Potentially
大家谁都不想地域黑，可您看新闻上的某些云南人！拦路抢劫、哄抢货车翻车留下的货物。还有前一段拿钱打人家重庆老板的脸，最他妈可气的是你打完人家到把钱给人家呀！又拿回去算什么？还有一些网友回复什么：没求着你们来。这不是火上浇油是什么！我天	Potentially
女权婊，是懒惰，垃圾的代名词，她们想享受富足的物质生活，又不想吃苦，现在多了一个不生小孩，是对国家和社会的不负责！自私自利，而且崇洋媚外！她们没有尊严，没有人格，有的只是被欲望控制的一副皮囊，以及不知所谓的优越感，从来不会想要是他父母不结婚，哪里来的她？	Potentially
如何看待女性在恋爱期间吸男性的血，寄生在男性身体上？什么都是男的在付出，女的只会享受，跟寄生虫一样，如何看待女性左手拿男女平等要好处，右手拿我是女人，你是男人你应该干，这种无耻行为？你告诉我你怎么看？	Potentially
"我认为“黑命贵”是讨要权利最单纯的方法，其效果和农民起义差不多，没有就抢，没有就闹。实在很低级。为什么会出现这种情况呢？说没知识的，我觉得并不算对。很多事儿不是知识，而是经验，历史。黑人没有历史，"""	Potentially
我试想过一种场景，如果我岳父是李嘉诚那种级别的，养育的所有费用都是女方承担，我巴不得孩子跟母性呢，但是现实情况是，你经济上不独立，要这要那，花巨资娶进来，又给彩礼，结果生了孩子你跟我说，随母姓？你特么逗我呢	Potentially
极端女权真的可怕。仿佛跟男性扯上一点关系的女性就是令人作呕、没有思想的工具人。女权并不意味着要去鼓动男女对立，强行剥夺男性人权就是政治正确吧？你要争取平等这个没毛病，但是想把男性都踩到脚底当狗，又去攻击女性，是不是太过于双标？你们极端女权也不是真心想争取所谓权利，只想为所欲为。	Potentially
没素质，问人家传统淑女被性侵了怎么办，小心人家丈夫/父亲/兄弟揍你。这就是你们女权女的尊重女性吗？一切女人谁都像女权女一样贱和骚吗？性侵这种事，基本不可能发生在家教优良的传统淑女身上，不要拿极小概率事件代表常态	Potentially
美国那么乱，尤其是黑人社区，街上就没有混混找怪物的麻烦？那种经常街上打架的混混也从没见找怪物的麻烦。还有那种自成一个黑帮势力的怪物，或者占领一个区的恶魔，也没见和当地人类黑帮有过冲突枪战。拜托这是美国啊！！	Potentially
说的很对，我是女生但是我很赞成你说的。现在很多女生都是打着女权主义的幌子争取高于男性的权利，说什么都是对的，做什么都是应该的，要么就是拿生孩子来说事，我就纳闷了，生不生不都是自己的选择吗？还能逼着硬生?	Potentially
说这句话真有意思…… 这不就是说河南人偷井盖，东北人都是社会人，黑人都比较懒，……。你可以说是大概率事件，但是每个地方教育环境不一样，每个人也不一样，所以我认为你说的太片面，美国的老师也是这样？	Potentially
谁也没说山东话不好，你也太敏感了吧，另外会说山东话就要自豪咋的，还说人家蛮夷，你这不是地域黑？人家只是要想说好普通话而已，你就上纲上线还扯到地区荣誉感了，可真是逗。而且你山东人你骄傲但是贬低别人蛮夷真的好么？	Potentially
还是看证据吧，现在很多人就是趁着运动泼脏水，也有人放大了自己的感受。本来性骚扰的定义，主观感受占了很大一部分。你以为自己说了个笑话，人家觉得你就是性骚扰了呢。如果女性说你性骚扰，作为男性能有多大的辩解空间呢？！几乎为零。因为大众心理上认为男性强势，男性就是喜欢骚扰女性的。	Potentially
这个民政局就在我家附近，谁特么说的广西女性地位低，这只是个例好吗，这种事我也特少见。像山东等北方一些地方结婚闹伴娘，婚礼猥亵女性，恶俗婚礼，新娘和公公亲嘴，恶心得一逼，这就是尊重女性？我们两广可不会发生这些事。	Potentially
高吗？白人认为黑人就只能当奴隶，是黑人一步步流着血才慢慢争取了一点点微薄的权利，白人的国家先天就排除黑人，只能在社会最底层，除了极少数，绝大多数人上升通道早被堵死了，黑人的唯一出路就是回到非洲大地，	Potentially
"""一种是用似是而非的话术配合女拳的特权要求，比如""""xxx的还算男人？""""，""""赚钱养家，貌美如花""""。本质上是""""高情商舔狗""""。一种是用早就被批判烂的封建话术搞极端，""""女子无才便是德""""，"""	Potentially
404了，顺便回一句山东搞这种操作也不是一两次了，几乎是次次都是，有本事就自己做好自己。我们不是山东的这么看是不了解，山东的这么看怎么说？你把自己该做的没做好却怪别人去说你没做好？地域黑？你次次这样怪我们地域黑？	Potentially
chink这个词是英语中公认的不分语境的种族歧视词语。不分语境，懂吗？就是不管你在什么情况下说出这个词，就是种族歧视。不管你是开玩笑，打趣，和人斗嘴，还是对骂。还把这个词和日本鬼子相提并论？！	Potentially
不是针对所有印度人，但是有一天在地铁上被一个印度人熏的，感觉这辈子都没闻过这么恶心的味，当时脑袋就开始疼，香水混着汗水？好像还有点别的，要知道我当年可是坐在没发酵好的鸡粪堆上吃过饭的选手。。。。	Potentially
中国人被敌视和黑人被歧视的理由根本不一样，大部分中国人在外面老老实实的还是被歧视。但其实大部分白人之类的对我们的歧视对正常人根本产生不了伤害，谁会把一群傻逼的想法当真？反正我们又不在他们的国家。	Potentially
之前--明明每个地方都有好人坏人，为什么总说我们的不是啊，明明我没有干过这些事情，为什么我要承担骂名？大家理性客观一点不好吗？[小情绪] 现在--你说得对，我们东北人均黑社会，来信砍，芜湖！[开心]	Potentially
人性自私到极点，留学生不回国，无家无归，等死吗？这帮人当初歧视武汉人，歧视湖北人，现在又开始歧视留学生。 媒体带节奏也是很厉害，动不动发一些不守规矩的人，然后带节奏不希望别人回来。 在英国喝意大利留学的人，就活该去死吗？？？	Potentially
你可以假装高贵也请你别打着谁谁谁的名义叽叽歪歪，笑死了我什么时候打着柚子名义惹是生非，打着为国拉cp惹事生非的谁啊？与人为善也要对方是良善之辈或者有智慧的，比如那种只会拉偏架的国籍粉，省省吧，少写cp文，少在比赛后没上领奖台和北美粉背后黑人就谢谢了	Potentially
你呀 别给你们东北人招黑了都二十一世纪了还在那bb动手动手的 只会让人觉得你们东北人只发育了四肢没发育大脑 这年头打架的成本多高没想过？能讲道理解决的事情你去动手？警察干嘛的 ？中国法律干嘛的？	Potentially
你的逻辑也是提神，同性恋乱搞是因为社会压迫？？不压迫就不乱搞了？是因为歧视所以乱搞还是因为乱搞所以被大家歧视搞清楚。怎么跟软美国黑人一样，不从自己身上找原因，有点被歧视就开始打砸抢等着被尊重？	Potentially
其实武汉养起来对整个湖北都是好事，但是武汉起来后，却没有带动整个湖北，要不然为什么湖北人大多数都不喜欢武汉呢？毕竟武汉的发展分走了湖北其他地区的大部分发展机会，不过有一说一武汉好人也挺多的，也不缺臭流氓，教育大省，都是给别的省培养人才了	Potentially
切，啥城市？带上海节奏？十年前马路就没上海人了没必要这么阴阳怪气。CBA外援泰劳森在星巴克骂人也没见被打啊，新冠高峰期间插队的那个黑人呢？说到底不还是整个黄种人群最近50年根本就没打过这种跨人种翻身仗么。	Potentially
北京不也是一副看不起外地人？我北上广深还有其他很多二线城市都去过，别的地方像什么飞机火车的态度不差，几次遇到北京的，问问题以一副鄙视的态度看着，还有一次检查我证件我走不远明显听到那个女的说土包子，而广东的好很多。	Potentially
可是，我的主要意思是你们黑人女人我根本都不能将之与雌性人类联想起来啊。每个人作为一个个体，接触范围之外就已经跟火星差不多了，微博？那还是人吗？一个个发言的账号而已，黑鬼，白皮，猴子，棒子，小鬼子，大毛子？别伤了你这个小xx的心哟。	Potentially
哟，台湾来的1450？？哥们输入法都忘记换了。你说你也真是，天天来“言论不自由”的地方跟我们吵架，吵半天，你也是一个月一万多点新台币。就挣这么点钱，你还这么卖命，图什么呢？升迁？可能嘛？听我的，混混就完事了。	Potentially
四五千块钱能解决的事，三万+每年资料费水电费一两千，将近十倍的价格，还不让人说天价？ 您家里有钱，河北人均两万五，您一年挣二百五十万，您天天吃三十块钱一斤的面粉大米和五百块钱一斤的猪肉，平价商品都入不了您的法眼	Potentially
在上海学校里都是贴的不让说上海话，你说为什么？很多本地的小孩子都不会上海话了，更别提影响。别人家说本地话是热爱自己家的文化，上海人说本地话就是排外，总是能从各种地方说上海的不好，到底我们上海哪里惹你们了？	Potentially
在美国工作的表示在意，很在意，你的口音有时候直接决定了你能不能拿到offer。答主说的表达清楚，这个清楚其实从某种角度就是要求没有很重的外国口音了。比如答主会觉得印度人说英语清楚吗？不会。 英国更是你的口音直接决定了你的社会阶层。	Potentially
奇怪了，黑人问题在我国又不是历史遗留问题，为什么五毛党还要收美爹的钱，说中国人歧视黑人？[捂脸][捂脸]再说了，除了媚外女，也没有正常女人会跟黑人在一起吧，学校读研的一学妹，也跟我说过黑人体味大，不想跟他们坐同一个电梯，	Potentially
对，我就是特别讨厌广东人的那种莫名其妙的优越感，大学有一段时间三个室友都讲粤语，特别恶心人，还当着面讲坏话，以为听不懂，还老是讲什么古汉语就是粤语啦差一票啦这些瞎编的鬼话？这就是我反感粤语的原因	Potentially
就你这种没逻辑，光会动嘴皮子的爱国有毛用啊，除了会骂人会喷还有什么能力？上海不比你京津冀差吧，多少日本料理被砸？就你还谈素质？你看不到就不存在了？ 也别回复了，继续活在你自以为是爱国的yy里。	Potentially
平均相貌知乎就有谢谢，东南亚人是高颧骨但岭南人不是，华东人同样也是低颧骨，但华北人是高颧骨，您在这觉得华北人是汉人主体还是华东人是汉人主体？北方蒙古、鲜卑带来的高颧骨被你扣到岭南人身上且不论，被外族血统入侵过的华北你拿来当汉人正统岂不可笑？	Potentially
很正常的。非裔的确受到巨大苦难和压迫，南美也是。但是看看亚裔。大部分是利己主义。近一点的去韩日，远一点的去欧美。这种跑到别人地方去摘果子的到哪里都不受欢迎。还记得那个微博千万粉和志林齐名的网红吗?	Potentially
您在知乎上问这个问题，显然是得不到真实的答案的。就像这个问题下大部分回答都是支持学方言的一样。那些看不起外地人的上海人他们会上知乎来回答您吗？就算有一位上海人过来告诉您他不会因为口音问题看不起苏北人，就能证明我之前说的都是谎言，都是不存在的事情吗？	Potentially
我也是不懂你的脑回路 爱因斯坦种族歧视中国 你还要找中国人也种族歧视黑人来给他开脱？ 结合现在名人有污点就一棒打死的风潮，我看一棒打死爱因斯坦也可以，反正他已经死了，但歧视中国的言论却一直在世界上散播着	Potentially
我们出国留学有这种待遇吗？凭什么把超国民待遇给非洲人？非洲是人类文明的发源地，可非洲人干成过什么事？中国人搞出了四大发明，欧洲人发现了新大陆，非洲人学会了上树摘果子吃？ 我就是看不起黑人，民族主义无罪	Potentially
我们宿舍一个抽烟的河南人被我我和另一个舍友一起赶出去了，那个河南人还在那装逼：我抽烟你能把我怎的？说句不好听的，穷山恶水出xx，我不喜欢地域黑，不喜欢开地图炮，但是有些老鼠屎就是喜欢给自己地方的人招黑，那我也没办法是吧	Potentially
我刚开始看到她们说什么反对，我是不反感的，但是后面文案变得越来越多，那些莫名其妙的，上来就直接骂黑人的，我就疑惑了，哪群黑人说要娶你们这群跟风鬼啊？？？还有什么说什么会保护中国女孩的，就冲你这智商，保护个大头鬼哦	Potentially
我又不是台湾人，我自卑个毛线。我建议小编在写文章的时候谨慎一点，尽量别用略带歧义或者歧视的称呼，怎么你就接受不了了？说实话，你爱怎么称呼别人跟我一点关系都没有。你爱叫大陆妹就叫大陆妹，你爱叫台妹就叫台妹，你对着黑人叫尼格跟我都没关系。	Potentially
我回你三条，你回我六条，谁激动自己去想。这男生家再有钱还能有钱过海底捞？再会带节奏赶得上海底捞专业团队？那海底捞洗白杂效果不如这个男孩好呢？能甘愿当八年备胎的偏执狂，突然脑子已转杀人，你不信不要紧 反正有的是人信了。	Potentially
我当时在B 站里被推荐到这个视频时，说真的，我被恶心到了。你说人家越南人印度人盲目乐观也就罢了，你说你一个中国人还专门做一个视频说越南未来可期，是不是在越南有好多房产没法转手，想在网上忽悠几个接盘侠去接越南房地产的盘？	Potentially
我觉得其实人美国歧视黑人是有道理的，假如你身边有个惯偷，你丢东西是不是第一就想到他？黑人那么懒，犯罪率那么高，你说警察能对黑人友好么，换谁谁不讨厌黑人啊。别说美国人了，有个黑人要租我的房子，	Potentially
无产阶级还是什么样？我们和黑人都是无产阶级，无产阶级并不高尚也不低贱。它只是一个阶级统称，你有资产，你无论很么样的人都是资产阶级。你没有你就是无产。在清朝，外国人是怎么形容中国人的？小偷没有诚信，懒，吸大烟等等。	Potentially
是不是只要我承认我没有受过高等教育，我没有素质就能为所欲为了？ 要是这么说，我还能说歧视黑人的白人一大部分是没有受过高等教育，没有素质的白人小混混，所以black lives matter就是黑人自卑，应该反思，你觉得如何呀	Potentially
是你们男的对善良，随和，脚踏实地有误解吧？我相亲过一个对象，口口声声说自己善良温和，吃饭的时候隔壁桌小女孩父母不在找我们说话，他一副厌恶得要死的样子，女孩走后还给我来句最讨厌小孩了，我内心黑人问号，这叫善良随和？？？	Potentially
是真的，我觉得这个没什么好玻璃心的，为什么同样是穷，屎盆子都往河南身上扣，而普遍都觉得四川人肯做，吃苦。是有原因的。都是邻居省份，怎么没人说河北？ 河南人要自己去总结，不要一下子又说地域黑	Potentially
有一个外省的同学，到这边来上学，就跟人学会了这些词，一次见了我，我很热情跟他打招呼，结果他上来就是一句，哈麻批！我？？？？？？真的觉得很恶心，可能他自己觉得这就是打招呼的方式，但是作为一个四川人来说，这些话真的很脏！	Potentially
服了，还有人在不同种族间谈大环境，智商不在线啊老哥。按你的说法，数个世纪前受到白人主导的世界歧视的黑人印第安人都是没能力？白人不喜欢的种族都是没能力？受打压都是活该？这不是社会达尔文吗？这种连你白爹都不喜欢不敢承认的东西在你这儿就正常了？不孝啊	Potentially
河南养一所211也是和人家一样的水平。还有只有一所211的省也不少，遭遇比河南差的也不少，从来只见河南人抱怨，是因为你们比较能叫？我不歧视河南人。 这是谁说的话？这会又不承认了？自己不发声怪别人发声？	Potentially
真特么窝火，我们外来人员在北京就这待遇，首都人民就这素质，咱先不谈论谁的过错，就打人这块司机真做的太过了，打了就打了，都打不还手了还不饶人。要是换作我 我特么歇烂你，草。北京人是人我们外来人就不是人了？这视频看的真尼玛窝火。	Potentially
真的，男权癌特别会树立假想敌，又或者是他们其实就是找个理由来喷一下。只要涉及到女性利益的东西，就要有人要说女权癌怎么还不来，田园女权马上到达战场什么的。人还没来，就先喷一下，显得自己技高一筹？中国的男人真的被五千年男权教育费得太幼稚可笑了	Potentially
社会评价等同于什么？我是在说你拿什么社会评价压人纯属荒诞至极啊。这个东西显然就不具有什么合理性。不强制人家看不惯？白人也看不惯黑人，欧美人也看不惯华人，是不是都是他们的权利了？日本人喊你支那猪也没必要强制人家看不惯咯？歧视有什么可洗地的？	Potentially
第一，你怎么知到詹姆斯这些美国精英权贵大批参与进来就不是别有用心呢？就不是借着黑命贵这个轰轰烈烈的运动来谋夺利益？还是你认为资本家是好人，愿意为了爱与正义奉献自己？第二，关于有些人眼里只有阶级，	Potentially
终于说到点子上了，真说黄女受不受欢迎，看金字塔的外国人不就知道了吗？底层根本是来者不拒，上层就反过来了，是女的舔上去了，结果功名成就的黑人足球明星，NBA黑人，好莱坞明星，都是找白人美女去的。	Potentially
美国警察上个世纪吊死黑人，和白人一起对黑人富人区进攻抢劫屠杀，这个世纪把黑人被吊死判定为自杀，枪杀黑人儿童，压喉黑人青年，各种直接当场击毙黑人，还要觉得美国警察没问题？黑人为什么犯罪率高，很简单啊，	Potentially
言论自由可不包括“侮辱别人的自由”，这个视频显然是在侮辱。如果有个反河南人宣传片，列举河南人偷井盖的种种案例，是不是歧视河南人？我做一个反黑人宣传片，是不是歧视黑人？结果到了同性恋身上，就可以肆意侮辱，然后美其名曰言论自由。很强。	Potentially
这叫性别歧视？资本家只关注谁能带来更多利益，女人最多可以当男人用，而男人可以当畜牲用，既然如此，为什呢不招男人，你居然能把资本问题理解为性别歧视，我还说为什么工地全都是男人，是在歧视女性呢，为什么不让你人去工地呢，	Potentially
那为什么黑人这么贫穷呢？还不式因为人种智商低下？黑人也就只能打打球唱唱歌，让搞研究不行的，智商太差。华人劳工几十上百年前不也穷的要死，还受歧视，比黑人素美国晚得多，华人穷吗？人均收入高于白人	Potentially
黄种人的确身材体力相对较差啊。黑人皮肤那样、黄种人尤其越靠近热带的越矮小、北方人高北欧人高. 白人面部轮廓更立体有棱角......为什么非要强行讲虚伪的政治正确（大家都一样，不要歧视分类啦）承认现实别假装眼瞎不好吗？	Potentially
黑人犯罪率高所以被歧视，你觉得没有问题。 专科被歧视，跟学位服有什么关系？ 你把所有的错误都归到专科这个身份上， 专科没学位证不应该穿学士服怎么就成了歧视？ 没有驾照的黑人驾驶机动车被抓算歧视吗？	Potentially
黑人被歧视没有怪罪非洲老家的国家如何落后 只是团结一心上街游行来争取平权 争取不被歧视 怎么到了这帮香蕉人这里就只会转头怪中国呢？ 我觉得楼主说的一点没错 自己窝里斗不适应美国国情不团结呐喊争取小团体利益 反而觉得是被中国拖累 这帮人死不足惜	Potentially
？虽然我不是东北人，但我真的忍不住想问一句，这和东北有啥关系啊？说着这人这事，突然就讲到地名，我知道你说这个没有地域黑和隐含“东北人就是如此”这样的意思，也许只是随口一提，不过我觉得本身讨论的时候哪怕只是说到地名，这就已经带有一种倾向了	Potentially
"""去过香港。。你们能想象吗，刚通关，刚上去旺角的地铁刚坐下，就被一香港婆鄙视+排斥了。。就因为我背着书包转过去跟同学说话的时候擦着她了。。。特么简直无语了，香港那人傲慢的，歧视\""""北妹\""""的本地人到底是拿着什么资本在歧视排斥大陆？？"""	Potentially
一:对新疆少数民族的歧视早就有了 不是这十几年才出现的 二:谁砍人？谁放火？谁住店考学？你的省份一个人犯罪全省人背锅？你省没有罪犯？ 三:我是不是汉族我自己清楚，你信不信是你自己的事情，我就算晒出身份证来你也一样能说不是我的	Potentially
一个戾气满满的人在网上找存在感，现在又装佛系，你是个什么样的人自己没点逼数吗？想挑动别人生气，但是你未免太把自己当回事了，打个哈哈就是心态好了？东北人素质被你这种人拉低了一大截。看你回复的时间都是半夜三更，真不怕猝死吗？	Potentially
一边打着旗号，一边打压亚裔，鱼和熊掌真想都拿？表里不一被拿出来，被骂也活该。在自身没犯错情况下，被人歧视，难道还需要去反思自身不是黑？别犯傻了，做错了就的挨着，无论是哪个国家，哪个学校，只要有歧视，就的骂，洗什么白	Potentially
不应该拿到大庭广众之下，自家的一亩三分地，，，，我想问问北京体育卫视不算是大庭广众之下吗？如果他的解说风格一向如此，不知道各位北京球迷如何听的下去。这种毫无遮拦素质低下的解说拿马扎坐在我家楼下胡咧咧我都听了恶心	Potentially
亚裔和非洲裔遭受的歧视相比简直太轻了。你要知道黑人在上世纪80年代很多人还没有资格进入学校上学，亚裔有被这样对待吗？？你要知道黑人在上世纪60年代公交车上都要强行给白人让座，而且是法律规定的，	Potentially
以前十五岁去北海旅游，出租车司机问我跟我妹是哪里人，我们说河南人，然后他就说你们河南人都是骗子巴拉巴拉的，exm？我们骗你了吗？ 然后拉着我们绕了一大圈才回到宾馆，呵呵，你们北海人还真实在。	Potentially
你是天真呢还是太过天真呢？有没有听说过反客为主的典故？某些瑞典人到了广西，除了搞传销，把广西人的宽容大度不排外当做傻在，还想后来居上，也就是全面的吧原本是当地的人甚至是风俗习惯文化等等全部压倒。	Potentially
你没有说她是正确的，那之前说的她做的挺好、没有需要道歉和辩解的地方.. 是谁说的？说白了，无论男女，还是别的群体，攻击一整个群体就不太恰当。就比如在这场合，说了河南人都爱偷井盖，你还不允许河南人不开心？感觉冒犯？感觉冒犯就是对号入座爱偷井盖的？	Potentially
你这完全是偷换概念，如果人的家园毁灭了，去一个只有狗的地方，人会考虑狗的感受吗？就连白人刚去美洲的时候都奴役了黑人那么多年，黑人强大了才反抗成功，同种族之间尚且如此，何况我们在汽车上眼中不就是缩小的蝼蚁？	Potentially
其实大家连方向都搞错了，为什么要去调查黑人在中国怎么样？来找出讨厌黑人的理由？他脚下踩的土地是中国人民共和国的土地，我讨厌你需要理由？我不喜欢你来需要理由？就像我自己家让谁进屋不让谁进屋，	Potentially
别在意!说明我们河南人还有进步空间，还有自省的机会，而“歧视”一般都是对方尚未成熟的包容心，河南人，要好好给自己撑脸面，给河南人长志气，因为你的努力进步和别人对你的态度没有直接关系，因为嫌弃所以远离，因为嫌弃，我们奋起直追，知耻而后勇不是吗？	Potentially
古代那是为了信仰而做的。啥叫无聊事？那是因为你活在21世纪盛行无神论的中国，无法理解而已。 古代这么搞可是有信仰做支撑的。信仰能让人干出很多不可思议的事情。譬如能让绿教的人前赴后继开自爆车，能让印度人心甘情愿做贱民而不去反抗	Potentially
呵呵，一开始看答案真的觉得这人不错很真实，没有诋毁过你什么，但是你说河南偷井盖什么意思？地域黑真恶心，嗯不骂人但还是要说一句，你真辣鸡，为我早上还特意看了你写的回答感到恶心 哦补充一句地域黑的败类渣渣们，祝你们原地爆炸	Potentially
咄咄怪事，暴力抗议打砸抢时候谁把弗洛伊德当英雄了？弗洛伊德被压死时候口鼻流涕哀声求饶，像英雄么？看似正确却实际上是顾左右而言他。底层黑人为什么这次愤怒的这么猛烈，不就是因为求饶都不管用了么？	Potentially
好家伙 外地人直接成黑人了 ？尊贵的上海白人这是受了多大的委屈？ 真要这样 贴吧上海吧的人不得全被起诉种族歧视？ 外地人也没叫上海本地人不说上海话吧？但是，起码的交流要求说都能听得懂得普通话有什么问题呢	Potentially
对对对，不是你们干的，是我们汉人干的。那我想收新疆等一些边疆地区在那个时代也都是我们汉人自己的功绩，跟你们大清弟国真的没关系啊。一个杀人犯拿刀杀了人，跟警察说，是刀杀的，你们为什么来抓我呢？[好奇][好奇]到底是为什么呢？？！！	Potentially
屁股决定脑袋。善恶那一套道德本就是人类虚构的。对待外星人还要用虚伪的漂亮？怕不是嫌弃死的慢。狼吃羊无关乎善恶。就像片中外星人所为。烧杀抢掠你还要给他提供最好的场所莫非是秀逗了？广州的黑人无恶不作你说什么政治正确不要歧视。大概是因为他没有强奸你的老婆。	Potentially
当今国人确实有“崇白恶黑”之嫌，但你要说种族歧视就过了，中国又没有奴役黑人和种族灭绝的历史，你们白人自己的屎盆子干嘛扣我们头上？你们自己反思就反思，别硬扯着别人跟你一块谢罪，我们又没搞过殖民掠夺，有个屁的民族负罪感。	Potentially
当然是暴力能够取胜，没有国家暴力保护他的权力，他哪儿有什么尊严？早被南方种族主义者打死了，所以这就是个白人弄得洗白电影，事实上当年的情况比电影艰难的多，这都是美化过的虚构故事，跟黑豹一样是用来催眠黑人的东西。	Potentially
恶心的是某晗一边靠貌美人设赚钱一边强调自己是个北京纯爷们:)这不就是当代的当了婊子还立牌坊吗？以及 在鹿晗身上是没办法感受到网络暴力的~因为lwjj都替他把别人揍趴下啦(*ˉ︶ˉ*)大家怕怕的哪还轮得到呀	Potentially
您也算是有一定社会地位，并且受教育程度不低吧？怎么就看不懂一个电影呢？谁不知道黄种人在国外普遍不受待见？电影里说的是中国的国际政治地位，不是说中国人的国际社会地位，如果你是真没搞懂这点，有点假吧？	Potentially
我一个天津人都看不下去了！不能正视自己城市的形象，又不知道改进，提点意见就说人家是蓝印户口，蓝印户口怎么了！花你家钱买房了？有本事也去外地搞个蓝印试试啊！人家瞧不上天津和天津人，难道不是因为没素质的人太多么？这里面包不包括自己都好好想想。	Potentially
我既然提倡弱肉强食，我就不会抱怨别人吃我的时候，我会喊冤枉，他欺压百姓，买卖人口？他是黑社会，当时这样的社会谁比谁干净？能活下去就不错了，再说日本人对自己人民都当炮灰，就别说什么713部队，还有把台湾原住民当作动物一样来圈养	Potentially
我昨天看到个上海人瞧不起外地人的问题 有个回答说是到成都来玩遇到两个上海人在说话 内容大概是说成都农村 然后评论清一色骂成都的 我都无语了 所有人都揪着成都人瞧不起四川其他地方的 成都自吹一线城市 我就？？？？	Potentially
我觉得中国这样是对的。美国式的政治正确有害无益。中国人的是非观很简单，做得好就得夸，做得不好就得批评，直到你改正为止。中国不也是被骂被歧视一步步走过来的？东亚不都是？非要像美国人一样，黑人都觉得自己没问题，	Potentially
我这往外延伸几点哈 1.种族歧视是一个世界级现象（本人会歧视黑人 ），不知道您是保持一个怎样的态度? 2.漂亮国想要实现的理想国不可能也不应该是这个时代的产物。 3.凡事有因必有果，有果必有因；不值得。	Potentially
所以你到底明不明白“歧视”这个词是什么意思？大部分黑色大哥不符合我们的审美，这有问题吗？但是如果你要说，黑人都不好看，我第一个表示反对。哈莉贝瑞知道吗？为数不多的让我很感兴趣的黑人女明星。欧美人如果表示：很多亚裔不好看。	Potentially
有些事呢，有理就是有理，不在于声高，我觉得你这位西北“汉人”还是琢磨琢磨为啥民族主义这种本来应该丢掉的东西呼声越来越高吧，舆论一直在打压都压不住，哪天上去个不打压的对你们来说会不会很可怕？	Potentially
本质是因为黑人在中国就类似于物种入侵，中国仍有大部分人无法获得性资源等等，但黑人就因为是黑人，这些信手沾来。努力搬砖也抵不过一个黑人的身份，你告诉我，这怎样才能做到不嫉妒？每个阵容都为自己那个阵容而争取利益，	Potentially
极端一点，清教徒白人至上主义里面，除了白人是人其他都不是人，何来歧视？你都不是人，没有“人籍”，你怎么会在底端。上面说黑人奴隶制时期，白人男性与女黑奴性关系比较普遍，我提供一个这样的视角，	Potentially
枪击案吸毒也得看什么情况吧 不能一味总结于人品不好 感觉你们都是白人区温室长大的孩子 在黑人区玩个枪打死个人吸毒贩毒很常见啊：）你潜台词就是要尊重农村和黑人的传统文化，校园暴力和吸毒的明星要大力追捧。真恶心农村人的这种逆向歧视?	Potentially
正能量？你是想让我们欺骗你吗？那好吧，我告诉你，嫁给你男朋友吧，你男朋友真的很棒，加油，傻逼，只是以后过的惨的话，千万不要抱怨，因为你要知道傻逼活该活的惨。有时候真的蛮理解为什么中国重男轻女的，可能就是怕生你这样喜欢扶贫的女儿吧	Potentially
美国人歧视美国人？也有他人种歧视黄种人的成分吧。也许是因为在澳洲汤斯维尔到布里斯班，或者美国芝加哥机场买快餐被不同待遇过，始终觉得如果美国亚裔像美国黑人一样强硬，或许我们也会好过点。所以其实也是为了自己不是吗？	Potentially
讨厌河南人的人 麻烦提高自己见识度和包容度 捕风捉影和断章取义不能让你变得很厉害 那如果这样 是不是北京人见到谁都问吃了没 山东人都爱开挖掘机 江苏人都爱做五三 东北人一言不合就啃大蒜 新疆人天天拎着大刀在街上走 蒙古的同学是不是天天住蒙古包 嗯？其实谁也不用心比天高 目下无尘 。	Potentially
说的好，看看以前拿奖都是表现中国人的麻木不仁，愚昧落后后，原始野蛮的片子，洋大人们活在天堂不也有种族歧视，一个大国要崛起需要配得上这个大国的自信，如果你自己都觉得自己国家是个垃圾？人家洋大人还会把你当回事？	Potentially
请在美国电视节目上虚构一下种族歧视情节，甚至都不需要您虚构，直接说美国黑人犯罪率就是比其他人种高这种实话。试试民主的美利坚会不会禁播！你在电视节目里伤害12.4%的美国人民感情就会被禁播，在中国伤害90%以上的汉族人感情还不能禁播你了？	Potentially
这些人，港台的这帮二傻子多像拯救姜戈里那个黑人管家啊？充其量也只是洋大人养的一条狗，自己身子板站不直还觉得自己比同胞地位高。殊不知现在大部分国人真的站起来了，他们还是一副奴才样，我感觉白人歧视的就是他们这种腰杆子挺不直的傻叉。	Potentially
难道现在攻击回国人员的不是以偏概全，用个例抨击全局吗？ 曾经攻击出省的湖北人民不是以偏概全，用个例抨击全局吗？ 这种因为个例攻击一个群体的暴力和作恶不制止，你以为下一轮，下下轮，不会轮到你这个群体？	Potentially
首先区分偏见和歧视好么。访谈说你不喜欢黑人是偏见，在访谈时说不喜欢那些“死黑鬼”是歧视了，你试试在美国的访谈节目这样说会不会被黑人打？被杀死都不奇怪吧。你要说玩dnf都是宅没人会说什么，但是死肥宅。。这不是骂人吗？还有节目组估计也是吸引眼球故意没剪这段的。	Potentially
Y老师邪论多了去了，但是这篇说实话有点道理的啊，不明白一群女的在这喷个什么劲？han这个称呼可真不是什么好听的话，max演员也确实是犹太人。[思考]动动脑子，全剧各人种都有，非要选个又矮又丑的性无能代表亚裔，还不明显吗？	Potentially
不好意思，事实是我作为东北人，根本没看见过这种情况？你是在段子上看的，就拿在这来说？东北人引以为豪你在哪里看见？这边人好热闹，把这作为调侃自娱自乐，你也黑？还有犯罪率高？你拿出数据来。口说无凭吧。	Potentially
不好的回忆，有几次玩的时候碰到几个东北人，满嘴脏话，还杀队友，真的无语。你说东北玩游戏的是不是都这样，我这算地域黑麽？反正我反感这种开着语音，还满嘴脏话的东北玩家，so碰到这样的东北口音，第一反应就是屏蔽	Potentially
不是很明白评论区里那个“海盗”是什么逻辑。一边说东北人只能听的进好话，落后是有原因的，一边又说这些都是事实，哪一点是他故意黑的。我就？？？？难道落后就是他黑东北的理由？？逻辑大师？偷换概念？哇哦[赞][赞]	Potentially
为什么中国现在才有个华为这么牛的公司呢?发展教育是需要时间的。。。。。马丁路德金到现在才多少年，美国依然歧视黑人，黑人有机会受高等教育才多少年呢，而且中国现在寒门出贵子都这么难，更何况资本国家的美国，他们那些从棉花地里出来的黑人，能给后代什么教育培养呢?	Potentially
他们真是搞笑，以为所有人都像他们一样能吸收紫外线吗！下次遇到这种情况你就先反问一句，你是歧视华人吗？我们华人在大太阳下打伞只是为了保护我们的皮肤，我们本来就是这种肤色，为什么要晒黑，你们是不是歧视我们黄种人？	Potentially
作者对自己女性同胞都不友好，怎么让别人同等对待……你这么义愤填膺，你敢像黑人啊人那样维护自己种族吗？都是码字上很厉害 ，黑人受歧视才是最多的，但是人家用实力和自己种族几十年的努力，证明自己的人更多～这个世界，不管哪里，	Potentially
你“单纯”觉得黑人不好看？那你还和我辩论什么？你这种主观的回答我跟你说再多你也不能理解我想法。你在那种环境下也会选白人？你有了解过在战乱瘟疫中生存的黑人是什么样的吗？你随便百度一下我肯定你会改变想法( ͡° ͜ʖ ͡°)✧	Potentially
你想说什么呢?在事实面前你又能说什么呢?为什么大家对上海堡垒冷嘲热讽。为什么大家对这电影票房崩盘拍手称快。还不是因为这些人天天拿垃圾出来忽悠人。脸都是自己挣的。既然他们不要脸被骂就是应该的。	Potentially
你看看参加各个大联盟里有钱人家出身的有几个？中产阶级出身的就没几个。亚裔本身的教育就这样，你怎么不看看亚裔从政的都没几个？还有人工选择过的非洲人身体是强啊，你要是把东亚人也这样人工筛选过一样强啊。	Potentially
你自己贴标签，还一副我没有，我说的是事实的样子，你是哪里人？我能说你那里的人都不好，中国应该把你这种人还有你家乡分离出去吗，你开心吗？你自己给河南扣帽子，还要不要脸的说我说的是事实。说出你是哪里人，看看大家能说出多少你家乡作出的恶心事。	Potentially
你觉得美国不好，那是因为你在美国没房，没工作，没国籍。 就像你随便抓个硬盘也会说，上海有啥好的，吃的贵住的贵还看不起外地人，还不如我的家乡XXX，上海这种垃圾地方只能吃啥海鲜全TM是寄生虫，不放辣椒那菜能吃？	Potentially
咱们捋一捋啊，这个英勇的卫士用自己的贵命保卫了什么？在拿枪对着他的 的面前作死的权利？最开始让人们掀起黑命贵运动的那个事件里， 的枪套上有那个被打死的黑人的指纹，如果不是灯塔国办案有问题的话，那打死他不是活该吗？	Potentially
如果故事是真的就两部分信息还有用，一，有的人啊，真的不注重感情，重现实。二，可能你们全家家产凑凑能有1000万？女朋友外地可能100，200万？你还是老北京概念太瞧不起外地人了，当年结婚也太害姑娘了。肯定一直有一种无限的优越感。	Potentially
家长群讨论喝酒，合适吗，还有为什么标题要强调是女博士，广西这么歧视女性？讨论喝酒可以私下拉群，爱怎么吹牛没人管，家长群是讨论孩子学习的地方，不应该讨论这些私人话题，而且标题起的很有倾向性，题主三观不正	Potentially
思维定式能跟跟歧视划等号?一个人在中国走着，前面有个人蹲地上，你上去用中文问路，结果对方白了你一眼，你歧视我这个白人！我举报你！你去医院打针，捂着眼睛说小姐轻点，对方是个男的打了你一巴掌，你歧视男性，	Potentially
我严重不同意楼主对于种族歧视的概念界定。两个人之间，比如我和你之间尚且可能互相看不惯呢，更何况是两个种族？两个种族嘛，衣食住行、文化各方面都不一样，互相看不上，这很正常。能说我看着印度人用手抓饭吃感到恶心，	Potentially
我没礼貌？1.黑人和美国历史上没有过奴隶主和奴隶的关系吗？2.不懂b数什么意思请自行百度，不要不懂别人的梗就开骂，你把女性生殖器官挂嘴上就很光荣吗？3.我说让你说说你的高见，你如果能用事实让我闭嘴我会很高兴的，但你回了句什么？不服，请给出证据谢谢。	Potentially
我的回答不是讨论外国人在华待遇问题。另外，黑人是个种族。他们可能来自世界各地，有发达国家来的也有不发达的。再其次，我不知道你见过多少中国女人嫁给黑人？我没见过几个。也许黑男黄女很显眼，容易以偏概全。	Potentially
我觉得可以去革命，学学当年的国共两党，说到底所谓的中华民族，也只有少数人，大部分都是一群黄皮猪而已，人家白人少吃顿饭就敢革命，中国人活不下去了才喊什么王侯将相，还嘲讽印度人不敢反抗呢，人家到现在都有毛派武装，中国人？只会嗷嗷叫的劣等民族而已。	Potentially
我觉得这是一些台湾人的通病吧，夜郎自大，国家又各种照顾，还有所谓的民猪子由？台湾人是很典型的中国人，是属于眼界比较宅，很势利的那种。说穿了他的优越感是内心很自卑的表现。不知道你看过河殇没有，里面其实讲的是台湾人。	Potentially
普通人对艾滋病人的歧视少很多？不是我说，中国在这方面做得很差，一方面，国人对歧视他人感觉不出来，另一方面，国人被他人歧视也感觉不出来。前一阵子有个洗衣机广告，把黑人洗成中国人，还有春晚cos黑人的屁股和走路动作，都是歧视，你觉得他想意识到了吗	Potentially
看了个抖音就来带节奏了？然后张嘴就是四川人怎么样，你不是以偏概全？你不是傲慢自大？说别人之前能先检查一下自己有没有做到？还盆地意识傲慢自大？地域黑都用上了，你哪来的自信站在道德制高点指着别人啊？	Potentially
终于看到一个说的明明白白的了，不容易。自2012就来到美国，真的只要你不是白人，受的歧视只有形式不同而却不存在什么严重程度的差别。那些整天嚷嚷着说亚裔受歧视最严重的人，拜托睁大眼晴看清楚OK？	Potentially
苏南人确实有那么一部分坐井观天自以为是，那种总以为自己苏锡常比南京好的论调实在是low的不行，以为有几个钱就是贵族了？弄自己的小圈子，说什么镇江南京是苏北？要点脸行吗？这就是你们苏锡常人的格局？搞地域歧视来凸显自己？真差劲！	Potentially
觉得楼主说的搞笑的人都不太自信啊……如果换做非洲人说中国人歧视黑人，肯定很多人会严肃评论吧？不会像现在这么2333╮(︶﹏︶)╭感觉好多人都对楼主的说法透露出一种很解气的感觉……也就那么回事吧。	Potentially
误杀了黑人好人，遭到抗议，单看事件似乎挺正常。那么黑人杀了好人良民，有没有遭到抗议呢？警察误杀的黑人，远少于黑人杀的人，也远少于黑人杀的黑人。什么叫消灭贫困？你有十元，我有一百元，你就是贫困。我有一百元，你有一百万，	Potentially
说没关系是系统教育的成果。就如你说黑人也可以治理好国家一样。完全照搬美国制度的利比利亚，曾经的非洲粮仓津巴布韦，曾经人均压过美国的南非，还有远离非洲，完全由黑人制导的海地……，令人瞠目结舌。全世界有公信力的科学类大奖，有黑人领过吗？我真的求答案。	Potentially
这件事情发生后群情激奋，不少人包括我在内本能地想要用武力教育一下这个黑人。有人说你看这个黑人这么强壮谁打得过，你傻啊？让你空手了？人赤手空拳干不过老虎豺狼可是现在这些动物在不饥饿的情况下基本都能离人类远点就离人类远点，	Potentially
锁着之后怎么开的门？报警的时候故意突出黑人蠢笨紧急情况话都说不清（我觉得就是故意突出，比竟黑人智商世界皆知），还把黑人报复那一段搞得阴险小人一样的场景，我觉得导演就在加剧歧视。估计黑人和白人看完后只会更恨彼此	Potentially
‘无疑’? 让我想起了部分女性在面对白人黑人印度巴人和本土男性时的双标。如此一致的双标。 没问题，你们这少数人可以继续这种态度。当然我已经对你的回答点了反对。同时，希望某瓣那种easygirl模式的评价网站尽早被踩烂。	Potentially
“有这回事？”--有没有这回事你自己调查下不就知道了^_^，知乎就是个很好的开始。“我咋没见有男的哭着喊着求男权啊”，我也没见过男的哭着喊着求男权，他们喊的都是“女人要骑在男人头上拉屎啦”“中国男人太没地位啦”“中国男女太过平等啦”“女权癌！”Lol…	Potentially
“，中国男人不也时时拿国外的审美标准来要求中国女人吗？大长腿，肤白，眼睛大，双眼皮，睫毛长” 听说过温泉水滑洗凝脂吗？呵呵。您就继续活在自己的幻想里吧。难道唐代就用外国人的审美来要求中国女人了？ 女权没问题，女权癌有问题。	Potentially
中国教育资源的差异化，是重要的一个原因 单纯的归结为三本专科学生不努力，就应该被鄙视的这种说法，不敢苟同 河南等省份考生，没上好一点的学校是他们不够努力吗？ 楼主一副小人得志的样子，真是令人有一种遥远的恶心感。	Potentially
呵呵，那女人呢？？？中国男人赚钱养家吧，你们说这男人不顾家，顾家吧，你们又说这男人吃软饭，你们这田园女权双标玩的真溜。再说了，你从哪里得出中国男人对不要彩礼，不要车房的女人不珍惜不善待了。你能证明吗？上来就说男的不好，屁股都是歪的还好意思批判别人。	Potentially
当时的黑奴是生产资料，你要是非让黑人把当年的棉花带回去的话，那我只能让黑奴坐奴隶船跟主人继续回欧洲咯。开垦和建设庄园是白人的成果，为嘛不能带回去？ 要想把黑奴变成自由人，先别让黑人穿越时空抢棉花，谢谢。	Potentially
我歧视屌丝，穷人，老人，女人，农村人，城里人，河南人，东北人，天津人，福建人，广东人，北方人，南方人，信中医的人，开大众的人，黄泛区的人，吃狗肉的人，不吃猪肉的人，没宝马奔驰的人是我的自由。凭什么不让我歧视？	Potentially
笑话，你要反对悄悄拿性别来做文章，不是女权癌是什么？我在知乎支持女权的时候就啥话不说，因为受不了某些啥事都拿出女权来做文章的人讽刺了一句就直男癌了，要我都直男癌，全中国99％的男的都得直男癌了，呵呵。	Potentially
那也请你不要地域黑。传宗接代 是东北人发明的？咱们大中国哪个地方没重男轻女家庭？我的意思可不是绝交 是平时不要生活在一起 把自己的生活过好了 他们吸她血就少接触呗，打卡里的意思 那是养老钱，亲爹妈不给钱养老 1道德上没人味 2法律上不允许。	Potentially
黑人不是人系列又来了，你幻想自己是白人站在白人的角度说话么，如果黑人出生就有像白人那样的大片农场他还会走上犯罪道路吗？黑人的祖先是被白人农场主的祖先买过来种地的，奴役解放后他们没有土地，没有资源，	Potentially
: 追求平等，大家都能接受能讨论，但是想要额外的特权，还威胁？历史会证明女性真心干不过男人，逼急了，就会像阿拉伯伊朗一样，所有的平等是建立在绝对力量不介入的情况下实现的。撕开人性的面纱之后，拳头才是真理，你看到过哪个强国跟弱国讲道理	Potentially
low还不让人说了 和优越感有什么关系？就你高尚什么都能接受 我东北的 身边的朋友玩快手喊麦的 都听薛的歌吧 快手发个作品都用薛的歌做背景音乐 不low吗 恶心就是真恶心 垃圾就是真垃圾 是个正常人都能看出来吧 装什么白莲花	Potentially
“我不是针对谁，我是说在坐的所有从业人员的科学数羊，都是辣鸡。 中国有群奇特的大学生，他们的叫做艺考生。”只是俏皮话？我可不觉得。答主就是在歧视。这和“因为黑人/穷人犯罪率高所以黑人/穷人都是腊鸡”有什么差别。	Potentially
“真正的女权”如果由男性来定义，以男性的标准来分类，在改变自己性别处境的时候还要处处想着男性的既得利益，才能被称为“女权”，默默付出/不讲求女性权利的女性才是好女性，那还叫什么女权？没你妈肯定没有你，父母的生理功能哪个对人类来说更重要？你和你爸会必须付出你妈，男人必须服从女人吗？	Potentially
不说别的，我青岛朋友，算山东大城市吧？本科学历，外企中层工作，条件不算低了吧？她自己不想生孩子 但是为了生儿子流产一次，手术三次目前还在医院准备第四次手术，你觉得这不叫歧视？有生育能力没有生育权，你觉得这叫平等吗？山东人逼着女人生儿子的执念究竟为什么？	Potentially
中国不应该有种族歧视，但应该明目张胆的歧视。我们又没奴役过黑人，我们又没欠他什么，我们就歧视黑人长得丑，黑人吸毒，黑人都是罪犯，怎么了？就叫他们黑X，不喜欢就别来啊，就应该歧视他们，把他们全赶出去，中国是中国人的国家，	Potentially
嗯…有一种田园女权根本不给胎儿出来分权的机会，她们的逻辑是对自己身体100%的掌控并且还要男人补偿～具体的路径是老娘的身体老娘做主_老娘不要生娃_所以要避孕_但是老娘要爽_所以戴T是不行的_要老娘吃药也是不行的你想害死老娘？_所以男人都该去结扎	Potentially
图一说得我理解，图二我笑了，按他的定义，求右女者应该常得左女，喜欢家庭内斗、奴役男性为自己服务的女性一定会努力进入婚姻才对，你猜怎么着，她们在婚前会努力表现得传统淑女、贤惠知足滴。渴婚男女天造地设，结果一有矛盾就骂不婚不育的女权？	Potentially
在理论形成以前，只考虑具体案例的女权就是这个样子，简单来说就是你弱你有理呗。无关权利平等，只有敌视对面，尽管对面并不清楚有谁。虽然必然经历过这个阶段，但被牺牲的另一部分人就……不配得到权利呗？	Potentially
处女膜是叫你保守贞洁，不要沾花惹草懂吗？总他吗女权女权，动不动就是女权女权，借着女权的名义沾花惹草，恶心吗你？这是没有处男膜，真要是有处男膜，你男人天天在外面搞来搞去，不守贞洁，你受得了吗？	Potentially
对了，再学你一句，拉黑你个大头鬼！没理了就着急着回避，你这样为人处世？我再学你那个态度→现在的人可真是狂躁症啊，这么小气吧啦拉黑人家，素质可真真低，脾气也真真差，还懂不懂就给路人按一个键盘侠的脑子，可真了不起啊	Potentially
对女性0容忍？你是在逗我吗？我身边男性朋友把老婆当宝的供着还不够好？你说父母那一代我都还觉得不错，现在的女性还不够有权？是不是要男的当上门女婿，男性持家 带孩子，女性出去上班养家才觉得公平？我非常乐意接受，你们有多少女性有这个能力？本来女性身体素质就不如男性，宠着也不行，不宠还不行	Potentially
怎么了，是戳到你痛处了吗还删评拉黑，小学鸡？混个28⭐ 就觉得自己是射王吗？我觉得你爸都比你会射，不然怎么生得出来你这个崽种？没辅助你算坨💩 ？跟爷在这吠，单排玩家的优越感让你连爸爸都不认了吗？	None
我就算你抽样也可以，你看到数据了么？没看到数据你怎么就敢说是“事实”？你所谓的“事实”是自己愿意相信的“事实”，还是真实数据支持的“事实”？摸摸自己良心再说话行不行？这就跟地图炮说什么河南人偷井盖，广东人什么都吃，黑人智商低，在你们眼里都是tmd“事实”	Potentially
我支持正当女权，我反对极端女权，我们不管男女都有有不结婚生子的权利，反之，我们也有结婚生子的权利的，不管是结婚，还是不结婚，大家都应该尊重对方，所以那些骂结婚的女人是婚驴的女权们，你们是不是正常女权不用我多说了吧？	Potentially
我看那个讨论里有一个论调，说女性在女权团体中与极端女权割席，本质上也是讨好男权社会为自己谋利。我当时就傻了，在拥有独立思考能力下我觉得她就是做得不对与她分道扬镳有什么问题吗？这个不关乎立场和社会背景，只取决于你的内心，难道你极端女权就是不能被认为有问题是吗？	Potentially
我真是笑死 农村妇女靠男人养？农村妇女是男人的奴隶才对，农村男压榨她们的劳动力，做农活做家务养孩子样样都来，还要不断给男人下崽，多的是农村妇女涌到大城市打工，大把低端岗位 体力劳动 重复性工作 不需要学历和文化 有条命能动弹就行 我劝你早点从你的女人靠男人养的梦里醒来，谢谢	Potentially
所以说本来因为学校歧视别人就是很low的事，有这时间做好自己的事多好。不用说国外留学，国内的高考制度就公平吗？一所大学北京考生和河南考生的考试能力就一样吗？有钱人的孩子和穷人的孩子能力一样吗？真要强行比那需要控制的条件多了去了。	Potentially
服了，干嘛都对女性不利，万一女方犯错，男的想离婚，这时候离婚冷静期是对男的不利啊，干嘛都是针对女性，还30天人都凉了，你TM非得找家暴的？结婚前不仔细看看？好像全中国的男的都家暴，女的一结婚就做家务伺候老人孩子，男的啥也不干，下班你看看晚上厨房做饭的多少男的？营销号最爱搞性别对立	Potentially
注意，这跟要不要骂没有不尊重女性的男人不是同一件事，骂所有男人没问题因为所有男人生下来就吃红利，难道婚女比未婚女吃红利吗？很显然婚女跟未婚女一样都是受害者，甚至婚女正因为婚姻受到更大的伤害，那我们就更没有理由因为某些跳脚的婚女而去骂所有的婚女了不是吗？？？	Potentially
现在上海小孩都不会说上海话了，我也搞不懂这些人的思维，他们有什么权利要求上海人在自己的家乡不许说上海话的，就因为他们要到上海来挣钱？难道他们出国的时候也要求其他国家的人说中文，否则就是歧视？	Potentially
身为河南人，由于地域歧视，大学不敢选北上广，害怕不合群，害怕因为穷被人看不起。考研不敢出河南，害怕导师挤兑，害怕师兄师姐挤兑。工作不敢出河南，因为都已经这么久了，年纪也大了，没必要出去看看别处的风景了。但我痛恨地域歧视，为什么偏偏黑我们，因为我们穷吗？	Potentially
这么说的话，看看每年盗窃诈骗多少河南人，被黑不是无缘无故的空穴来风，工厂不要河南人难道是他们想给自己找麻烦嘛？还不是被河盖们偷怕了，为啥人家没不要山东人？没不要湖北人？没不要四川人？单单不要你河南人？光说别人地域黑难道都不从自己身上找找原因么？	Potentially
那为什么美国日本也重男轻女却没有男女比例失衡的结果呢？本质还是在于国人爱钻空子，监控不严，法治建设不全。就算中国注重男女平等，中国女人就不崇洋媚外了？现在这个世界上还有比中国男人对自己国家的女人那么宠的吗？	Potentially
"""一种是用似是而非的话术配合女拳的特权要求，比如""""xxx的还算男人？""""，""""赚钱养家，貌美如花""""。本质上是""""高情商舔狗""""。一种是用早就被批判烂的封建话术搞极端，""""女子无才便是德""""，"""	Potentially
404了，顺便回一句山东搞这种操作也不是一两次了，几乎是次次都是，有本事就自己做好自己。我们不是山东的这么看是不了解，山东的这么看怎么说？你把自己该做的没做好却怪别人去说你没做好？地域黑？你次次这样怪我们地域黑？	Potentially
chink这个词是英语中公认的不分语境的种族歧视词语。不分语境，懂吗？就是不管你在什么情况下说出这个词，就是种族歧视。不管你是开玩笑，打趣，和人斗嘴，还是对骂。还把这个词和日本鬼子相提并论？！	Potentially
13%左右的黑人人口占据了52.5%美国杀人案件犯罪率，这是什么概念呢？请你搞清楚一点，黑人犯罪率并不是黑人天生爱抢劫，爱犯罪，其实就是贫穷。我国以前还有山东响马河南土匪四川贼这一说，无非就是贫穷，所以犯罪率高，	Potentially
Mandarin就是普通话的意思，还有指中国政府的意思？满大人这个反派可是一个字母都没改，背景更是傅满洲，还不够辱华？johnny english是反派？有种族歧视的背景或讽刺？有单独使用english来种族歧视？我想问你有脸吗？	Potentially
blm是怎么来的？黑人躺平等白人施舍给的？黑人被压迫知道搞事情，最终有了今天不好惹的局面。黄人被压迫就理所当然的躺平吗？我不求你跟黑人正面争，毕竟现在风头上，但是好歹复制一下黑人当初的路线跟白人抗争一下总可以吧？	Potentially
“身边是这些人恐怕答主自己也不怎么干净” “被人家猥亵肯定是这女娃穿的骚” “一个巴掌拍不响，无缘无故他为什么欺负你？” “同性恋有艾滋病，离他们远点” “打发点吧，……你穿这么好，就只给我一块钱啊？” 黑人问号.jpg	Potentially
。。过得去？不是一个档次？敢情您潮汕地区是有多牛逼，你经常来福州吗？你印象里的福州的零几年的福州？你潮汕的城建是有多高大上现代化？如果按你的要求来我看你那地方连一个普通县城都比不上 还有福建人均妥妥的高于广东，多看看外面吧大哥	Potentially
上海人老说外地人怎么怎么不好，却不想想自己有时候的结论是否基于错误的判断，比如文中的例子，明明是方言导致的歧义，而在上海人眼里十有八九会成为外地人素质低下的一个新证据，所谓欲加之罪，岂不讽刺？	Potentially
不是认同欧美，而是不认同对平民发动的恐怖袭击，所以才说对人类不好，恐怖袭击可不止发生在欧美。如果仅仅因为事情发生在对手势力就不作反对，那么屠刀砍到新疆昆明的时候，你有什么底气辩驳自己不是狗？	Potentially
你告诉我哪个上海人说答主理解错了就是素质低了，答主自己不过也只是开玩笑自嘲一下，你自己才是欲加之罪吧。自己看看上海人的朋友圈社群转的外地人不良行为：都是偷东西逃票地铁里抽烟随地大小便这种不文明行为，这种行为存在判断错误吗？你真挑事儿，本来没得，又开始引战。	Potentially
你要是不黑人家，人家为什么要骂你呢？哪的球迷都有素质低的，何况你一棒子都给打死了说得还添油加醋。你要是能理性客观的表述，即使是说辽宁队不好之处，球迷也不会喷你。不管是哪的球迷都是因为喜欢篮球才遇在一起的，都和气一点，别那么大戾气。	Potentially
匿名答主你真的引起了我的生理恶心，虽然发假图盗图的行为不对，但是你这样的行为不觉得有什么不妥吗？你在知乎贴吧匿名扒你的高中同学进行嘲笑以此为乐？你为自己的小聪明沾沾自喜？？？（黑人问号）然后很多评论一水儿的在说好好笑？？wtf？你们是多有优越感啊……	Potentially
印度人穷得饭都没得吃，天天还吹智能手机+支付环境，你连饭都吃不饱，还有心思去买手机吗？你的手机没人买，你的生产系统能完善吗？如何让印度人过得上买手机的生活，就必须先从印度人吃得上饭，穿得上衣服开始。现在印度以出口粮食争取外汇，简直就是杀人。	Potentially
喷双标没问题，但是例子不太妥当吧。Emily的原型演员虽然长得是有点像亚洲人，但是用她来代表亚裔?别逗了好么。 这演员最有名的作品是无耻之徒，答主有兴趣可以看一下，估计你也能总结出个歧视亚裔。	Potentially
国家落后的话你个人再怎么条件优越人家都能给你挑点刺出来，广东人只是背锅的罢了。要是那时候移民过去的大多数都是北方人，洋大人不照样给你找点缺点出来。白人狐臭率奇高你知道吗？一直不见有白人因此受到歧视是为什么呢？	Potentially
外国人普遍不喜欢中国人跟一部分中国人素质低有关系，但这不是主要的，根本原因是大多数国家整天放中国不好的新闻，一直洗脑。如果你没去过东北河南，新闻上隔三岔五给你发这两个地方的黑新闻，你会喜欢吗？	Potentially
多谢提醒，我都忘记了，我们河南人都没有职业的，我们河南人的职业就是天不亮就偷井盖的。您那边的监狱够住吗？匀一些给河南的一亿人口吧！以后污蔑人，请先拿出犯罪证据。法律讲证据的，偏见总是人云亦云。	Potentially
帝都死狗，有几次陪着浙江福建人回沈阳，对方下了飞机看到浑南新区，看到沈河区，都大吃一惊，“你们东北不是很穷很落后么？”我只能一边冷笑，“00年的时候你们那些遍地的小县城也叫做城市？”，但同时也哀叹，没有人才没有钱没有话语权真的很让人伤心。	Potentially
广州就彬彬有礼了？哪个地方没有没素质的？哪个地方没有不遵守规矩的？以偏概全，恰好是个东北的而已，三观修正修正，别效仿网络上的刀笔小吏。客观面对社会现象。好人好事的时候怎么就没人说哪儿的人好呢？坏事就哪儿的人真差，好事儿就中国人荣耀，没点主见，点火不怕事儿大	Potentially
很多人在网上骂东北人素质低，真正道德高尚的东北人根本看都不看，真的素质低的东北人也根本不在乎。那些反击这种地图炮言论的人，都是些想要素质低而不敢素质低的人。 你是这个意思吗？真有意思。 我骂东北人素质低，只要有人跳出来指责我，那就是他对号入座了是吧？妙啊。	Potentially
感觉教材说的没错啊，难道有谁是天生就是同性恋的？难道不都是后天受了各种影响而变成同性恋的？变态这个词看上去很有攻击性，但出现在文中只能算是个中性词汇吧？就跟青蛙的“变态发育”一样。不要搞的好像黑人被歧视一样，人家是天生如此，你是后天选择，能一样吗？	Potentially
我不否认东北人一定没有坏人，但是不是所有的，也不是很多，只是一小部分而已，你告诉我哪里没有坏人？不要地域黑，同样都是中国人自己黑自己，有意思？在网络里你当什么都无所谓，在现实生活中还这样，我只能认为你是垃圾，丢中国人脸。	Potentially
"我们国家计划生育辛辛苦苦这么多年控制人口，就是为了给这群黑白皮空地方的？而且像广州那些黑人，我觉得吧，直接暴力镇压就完事了，反正是黑户，只接当侵略者就完事了，何况这情况多像当时香港台湾被租借，"""	Potentially
我还挺我小伙伴儿说过哦，国内有些公司不招河南人，甚至说“黄泛区”，听到这些我会骄傲？我凭什么骄傲？不用发散联想理解啊你们，我会通过我努力改变人的偏见，但正是这些偏见让我感觉不到骄傲，逻辑有问题吗？	Potentially
旧社会把人变成鬼！是什么造成了黑人犯罪率高？是不公正的社会制度，白人曾经奴役过黑人，欠债不用还吗？建议美国立法补偿黑人，每个黑人可以免死一次，这样才不负世界民主灯塔的美名，中国肯定服软了，	Potentially
更加搞笑的是，知乎和微博的皇汉似乎很喜欢白人……我就想不通了：作为民族主义者，即使你很不喜欢黑人和中东人，但也不至于去崇拜川普、约翰逊那样的白皮吧，为什么中国皇汉口口声声说“为了华夏”、却那么想跪舔白人呢？真的是迷惑行为大赏了	Potentially
本人就对东北中年老娘们儿很没有好感，虽然欺生恐怕全世界都一样，但是可能没有期望就没有失望——女人精明的心思配上大大咧咧的表面，靠，防不胜防啊——为什么单独说东北中年妇女呢？因为年轻女性还没有沾染生活的俗气，自然讨人喜欢	Potentially
本地人在吴语里难道也有不同意思？？ 从没听说过，我是上海乡下人，哈哈。 前几天还在其它回答看到，人上海，历来只称浦东的为乡下人哦，当初上海也没多少外地人，怎么会莫名说外省搬来的叫乡下人，真把全中国除上海当乡下了	Potentially
机灵不要乱抖，抖不好就直接显示你智商下限。这个问题及答案根本不管地域什么事，所以就事论事回答问题对你们的智商理解来说很难吗？这个你们所谓觉得很好笑的梗是建立在隐形地域歧视上的，没任何河南人要为博你们一笑而忽略这个，已拉黑！	Potentially
港独骂华人支那狗和在美国骂黑人nigger，在犹太人面前说希特勒万岁有什么不同吗？黑人被残害时被骂nigger，犹太人被送去集中营时被喊希特勒万岁，华人被杀戮时被喊支那狗支那猪，不好意思，港独的言论触犯的就是战争时期的杀戮语，是全人类都痛恨的	Potentially
电话诈骗被台湾人发扬光大以后，就在不断升级，所以怎么堵？转账过去之后说我被诈骗了，把钱退回来，那么银行怎么知道你是不是真被骗了？银行能做的也就是对于不明来由的转账问清楚，所有银行柜员都有把给骗子转账的人挡下来的经历。。。。。	Potentially
看不懂讽刺？地域黑放哪里都可以，全世界哪里的人都是圣人不做坏事？在知乎这种地方还有答主和你这种人才是奇怪，搞得全世界的坏事都是莆田人福建人做的一样。烘托自己请不要拉其他人下水，拿整个地域来黑更是品格低劣的表现	Potentially
胸大不大是能看出来的，丁丁大不大是不能看出来的。白人种族主义者为了歧视华人，编造了“华人丁丁小”的谎言，一般人没机会看很多人的丁丁来调整认识，所以容易相信这种谎言。被种族歧视了你告诉我调整心态，调整跪姿吧？	Potentially
评论区觉得自己没有种族歧视，那为什么觉得自己种族一定比其他种族优秀呢？叔本华说过：最廉价的就是民族自豪感。如果工业革命率先在非洲发起，黑人奴役白人，黑人歧视白人，和今天又有什么区别呢？黑，白，	Potentially
说明我国很大一部分网民的小资产阶级奴性根深蒂固，总要找一个贵族放自己头上，拿来藐视别人，说:“你这个穷要饭的，我们家大人岂是你能比的？”。成吉思汗、忽必烈的子孙是人，别的牧民的孩子就活该被你们天天拿来鄙视？跟您沾亲带故还是怎么着？当然，	Potentially
随随便便2m?你当2m是大白饭吗全世界都是?我们学校就有一堆黑人，我见过的大多数黑人身高就和我们差不多，你要是非得举个特例那我们也有特例啊，辽篮的韩德君认识不?他家从小特别贫困，但他也长到215，那所有贫困少年都能长到215?杠这个有意义吗?	Potentially
黑人争取权利越界了，当然会对其它族群形成压迫。否则南方民主党争取权利，你怎么说压迫黑人了呢？你要鼓吹舍已为人，那你让黑人舍已为人，维持现状好啦。什么是社会公平？如果黑人考高分而因肤色上不了大学，那是不公平。	Potentially
1.北京300路上的司机和售票员。听人形容300路上小偷多的程度就能明白:这300您还不知道?一上300，除了司机和售票员不是小偷其余的全是小偷。2.一帆风顺（不懂请百度:你是头一个认出我来的）。	Potentially
上个月在苏州独墅湖高郊区看到大学生们嘻嘻哈哈整整齐齐的无视红灯过马路，本人家住上海交大旁边，大学生们不遵守红灯的非常多，别说什么这是小节这样的p话，这就是国民素质低的表现，这些人和印度人有区别么？	Potentially
主要问题在于亚裔的反抗决心是最弱的。就像黑人，他们是真心觉得美国就是自己的家，除了美国还能去哪，回非洲去吗?不可能的。所以遇上问题了必定以命相逼，因为无路可退了，自然狠得不行。而亚裔就算到了绝境了，	Potentially
之前跟一美国客户吹水，他是白人，老家美国东部靠加拿大 ，做家具的，问他，他们公司100来号美国同事，怎么没看到黑伙计呢？他说，黑伙计多数不在意子女教育，上学不上学，分数多少，是不是学门手艺，将来找工资什么的？是的，他们篮球，	Potentially
人家是问有什么“相对发达”的地方，但我在这个问题看到的却是满屏的傲慢与偏见！那些骂香港歧视大陆人的人们有没想过自己也会歧视“印度阿三”啊？？？我在想那天中国的实力真要超过美国后，清朝的“西洋的科技都是奇技淫巧而已”思想肯定又会死灰复燃。	Potentially
什么叫河南人不认识问题而一直争吵？有那个人会完全否认自己的家乡没有坏人了。我们河南人一直所反对的是因为河南发生的负面事情推论到所有的河南人都不是好人这个高度上，一直反对地域喷子罢了。还有那些让我们老老实实做人，改变其他人看法的，难道我们河南人真的和你们是不同的人中，先天带着原罪，要来赎罪不成？你们爱怎么看怎么看，尽管相信河南人都是骗子， 中国有10%的骗子了！	Potentially
你可以翻翻几年前的山东卫视，在马桶台还没崛起的时候，阳光快车道这个时期。别只看眼前，哪里都有这种低俗的文化，哪里都有落后的农村，难道只有山东有？你可以说嗨，可以说乱摸女人手低俗，但是抱歉，山东人不背这个锅	Potentially
你怎么知道我没说过?说是我的事，听不听是你们的事。那些歧视黄种人的白人不听，你也不听，那你们有什么区别吗?都是靠着打嘴炮逞一时之快。别人歧视你你可以也应当反击，但对于国外的陌生遇害者，你怎么知道他有没有歧视过中国人?己所不欲勿施于人，建议你多学学孔子。	Potentially
你要知道拍还珠那个时候的两岸关系。如果说不牵扯政治原因我是不信的。再看看周杰10年时候自述当年的情况。你说台湾综艺对大陆没有偏见？不可能。。包括现在，恶心的台综艺还少吗？林说周杰很投入，难道不是委婉的抹黑，等那个恶心女主持一唱一和吗？	Potentially
你遇到过种族歧视华人的事情么？当你受辱的原因只是因为你的黄皮肤，黑头发，中文的时候，你是什么感受？辱华这件事，再小都针对的是整个中华民族？？这就已经和 蔡徐坤等人的事情有本质的区别了？你是中国人，但你说这些话，你真的认同你中国人的身份么？	Potentially
公知双标狗现在还能骗人吗？中国的是计划经济，美联储天天出来喊话就是市场经济，中国加强管控打击黄赌毒是不自由，美国不能说黑人就是政治正确，现在业务不好做吧？特朗普都说断狗粮(这个外媒先报道的)，你收入少了一半。	Potentially
其实现在中国人现在也被外国人歧视的，亚洲人都是被歧视的，而且不像黑人和绿教受政治正确保护。再细分一点，港台难道不歧视大陆，同文同种尚且如此，更何况其他人呢？老实说挺羡慕黑人的，分开数百年至少团结，华人早就四分五裂了。	Potentially
北京房子加硕士怎么了？自己考的研究生，堂堂正正，就凭这一点就是最大的附加值？国内有什么好处？就是川菜外卖？然后被您降维打击？我看您是在英国被白人歧视，回来再歧视中国人吧？鲁迅先生90年前就给你这样的人起好了名字，“假洋鬼子”！是不是很贴切呢	Potentially
去看看说台湾，说中国人素质差，占便宜，还有些视频可能都搜索不到了，比如和黄健翔一起做一个节目当解说，边吃东西边骂中国，后面还是黄健翔阻止他继续说下去了，他的言论就是在骂中国不自由，专制，这些你敢说他不是美国价值观的宣传员？	Potentially
又给我转换概念，我批判的是双标，遇见白人黑人外国屌丝就倒贴，不要钱，不要浪漫，不要家境，不看学历。遇见中国屌丝就什么都要。怎么我们比白人低人一等？还在给外国屌丝站台。崇洋媚外就说您崇洋媚外得了。还人不行不能怪路不平。我都想笑	Potentially
在古代为生计奔波的贫苦劳动人民都长得黑，营养差，压力大，日照时间长，能不黑吗？所以有黑=低贱=肮脏的思维定势。再加上历史上黑奴交易的存在，黑人的地位很低，所以黑人普遍不被人喜欢，试想如果现在统治世界的是黑人，	Potentially
地域黑的攻击是因一点而攻击全体，无端诬蔑，你也是，没有人说河南多好，河南人的反驳仅仅只是想说河南并没有地域黑说的那么差而已，就举个例子偷井盖，原来井盖是铜铁，全国都丢井盖，也不见说河南人偷井盖，现在井盖都是塑料，然后全网黑河南人偷井盖，这样的无脑黑要河南人承认自己的问题？跟一个逻辑混乱且信口雌黄的人（当然地域黑都是这个德行）辨明是非确实是我傻逼了。到此结束。	Potentially
好吧~您还真不是！全体北京人？北京人是怎样的我不太清楚，上海人广州人是怎样我都不清楚，我们这些球迷？我们这些球迷说了北京人什么么？我最多听过上海人经常被骂，北京人怎么了？再者，北京球迷不也这样？见到河南人就说人家偷井盖~哈哈哈哈哈，这样好吗？	Potentially
如果贩毒分子或者吸毒的人出身云南边疆，他们从小所处的环境就是吸毒贩毒，他们可能觉得贩毒有本事？能赚钱？看很多台湾人支持台独，其实和他们。从小所处环境或者受教育有关系，他们就觉得自己是独立的。也不一定像你说的铤而走险这样	Potentially
妈呀，即使他们有很多问题就可以被人说成劣等民族了？奥巴马夫妇也是黑人，人家是劣等不？ 河南人有一亿多人口，但河南人偷井盖，广东那边残疾人后面团体都是河南人为主，他们河南人是不是所有也该被谴责	Potentially
得了吧，色情下流一度是日本的代名词。输出一堆乱七八糟的东西，你以为会帮你把负面择了？想想辱法，想想“河南人偷井盖”，想想日本漫画，想想中国武打片，你就知道一个刻板印象形成以后根深蒂固。头一回见输出自己名片的时候抹黑还挺自豪的	Potentially
我觉得嫁给黑人的女人，都是自我逆向淘汰，和黑人离婚后，如果婚后有黑孩子，无论贫穷老幼哪个男人愿意接盘？如果没有黑孩子，恐怕年龄也超过30岁了，再加上有黑人婚史，哪个智力正常的男人愿意接盘，	Potentially
我还是一句话 没来过别瞎bb 你见过新疆杀人还是放火了？自己没事多上网百度百度 去过新疆的人比比皆是 哪一个不是说新疆安全 拿个键盘在这敲谁都会 等你去了再跟我bb 没去之前你把天说塌了都是闲的 事实说话ok？	Potentially
所以你对有自尊心的爱国群众说这些干嘛？去教训那些媚外的人去啊，你说的那些人哪个有资格代言中国？是外交官还是高官？高华能代言华人吗？还有，广州本地人大绝大部份不喜欢黑人，但网上还不是把广州黑成殖民地。	Potentially
持枪抢劫=他是强者？这是什么逻辑？你怎么不想想他为什么要这么做，能好好的领一份安稳工作，正常生活谁不愿意？美国黑人就从来没获得过自由，奴隶解放之后，黑人也一直处在社会底层，甚至被前奴隶主继续当奴隶使（sharecropping），	Potentially
接受道歉。同时这个例子里河南人背锅躺枪也是事实......例子举得让人不舒服??....这标签什么时候能撕......妈的，我们纯朴的人设国家粮仓的称号初高中升学高压下夯实的基础教育呢？真希望有一天再提到河南人印象是河南出学霸（虽然这个背后也是有点心酸）....唉....	Potentially
明明在美国混不下去，在美国被人黑了，还天天赞美美国，讽刺中国，看你以前的回答记录。你这种人怎么不继续在美国？回国做什么？那么看不上中国，为了钱舔着脸回来，恶心！你一直在美国，我还认你是条汉子，	Potentially
是啊，前几天还有白皮跟我说中国人不行，诺贝尔奖获得者极少，从而说他们德裔聪明，中国人不行。 你肯定会说，中国人的教育和科技才刚刚发力，比西方晚起步。 那非洲呢? 你就会忽略这些了，直接说是黑人智商不行	Potentially
本来就是一种歧视，本质上想表达的就是“我们和你们不一样，我们发达你们落后”。为什么有的广东人甚至把海南当北方？不就是因为海南穷么。就算现在歧视意味逐渐减少，也改变不了这种没常识的划分法原本是出于歧视目才提出的事实	Potentially
没有学位证毕业典礼不能穿学士服，但是并不代表其他时候就连穿也不能穿好吗？穿这学士服拍照无论是谁都可以。你自己张口闭口大专怎么样，我说一句不比三本差就歧视了？双标是真的双标呢[微笑]还有美国黑人犯罪率是高，但是他们也的确是被歧视了。	Potentially
现在广大男性同胞清醒了，反击了，然后她们就开始在这讲道理了，当时女权癌大肆攻击男性的时候，声称杀光男性的时候，她们人呢？怎么没见她们出来跟女权癌解释现实中男人其实也很好，不要伤及无辜？？？	Potentially
知不知道原本黑人牙膏的英文名叫“darkie”，darkie和那个的意思一样，都是黑鬼，你把k换成l就没有歧视的意思了？你把傅满洲换成满大人就不歧视了？而且原本那个黑人图片的原型是吉姆克劳，	Potentially
言论自由可不包括“侮辱别人的自由”，这个视频显然是在侮辱。如果有个反河南人宣传片，列举河南人偷井盖的种种案例，是不是歧视河南人？我做一个反黑人宣传片，是不是歧视黑人？结果到了同性恋身上，就可以肆意侮辱，然后美其名曰言论自由。很强。	Potentially
说句和答案无关的牢骚，白人的春秋笔法真厉害，自己鞋底的血还没擦干净，就开始指责这些与野兽血肉相搏，养家糊口的黑人？视频配乐拼命渲染这些非洲人的暴力与邪恶？黑人矛上的是兽血，你白大人踩的可是人血！	Potentially
说就让他们说去吧，作为一个河南人，去外地会有外地朋友打趣问我河南人真的很多偷井盖的吗？我回答他，是呀，我们中考体育加试就是偷井盖。 算是自黑了。 建议河南老乡不要在网上和别人因为地域黑打嘴仗，没有作用，一笑了之，做好自己本职工作。	Potentially
赞多了吗，说实话真不稀罕这个问题下面的几个赞。但是，事实不可以陈述对不对，所以我要怎么说东北？提到东北就是黑吗？怎么，老头喝点酒吹牛逼是作奸犯科？和那些张嘴闭嘴拿黑社会吹逼的东北人比起来，我这可是差得远了。	Potentially
那你就该考虑自己了，毕竟交友圈的下限决定你做人的下限，渣男朋友皆渣男，优秀的人想要交坏朋友都要费点劲。以及在现实生活中，你敢把现在说的话对你遇到的不好的东北人说吗？不敢？这就是原因了，遇到无力还手的羔羊，屠宰是唯一可行的道路。键盘侠。	Potentially
重庆人的优越感？能吃就能吃呗不能吃就不能吃呗。大家都出钱吃你家米了啊一定要顺着你？自私说的这么清新脱俗？一桌吃饭照顾不同口味的人是涵养，可惜你没有。求求你这类的重庆人别给重庆招黑，醉了合着外地人去你们哪儿不吃辣要天打雷劈？	Potentially
丢不丢人想象一下你的孩子告诉你未来的目标是做家庭主妇/家庭煮夫，你是欢心鼓励呢还是竭尽全力打消念头？	Potentially
日本女人脑子莫不是有病？当时日本女的地位那么低还有这自信为国争光啊，感觉你说的不太真实	Potentially
但是他学的是东北女人的粗鲁暴力台湾女人的楚楚可怜天津女人的刁蛮刻薄，你不觉得很刻板印象吗？不觉得很地域黑吗？他不是只学了方言啊	Potentially
中国人歧视印度人你哪看出来的？	Potentially
首先，这个篮球和政治扯上关系是NBA那个莫雷开的头；其次，之前你心爱的NBA某队有人歧视黑人，结果马上凉凉，你敢说黑人问题种族歧视不是政治问题？所以你三观有问题，而且别人欺负你你还不知道	Potentially
所以你的真女权是什么意思？男人压力太大呵呵，要是男女平等，工作没有性别歧视，男人需要承受这么大的所谓房车压力吗？一边占着便宜一边又叽歪	Potentially
难道没有人告诉他，中国人喜欢吃黑鬼吗？清蒸油炸火烧干煸油焖白灼	Potentially
我赞同你，黑人堕落还不是因为资源全被抢了？没教育没经济能出什么人才啊，上面还有人提正面榜样，正面榜样马丁路德金和黑豹党全被屠干净了，稍微了解一点历史就知道美国白人怎么炸了黑人华尔街，怎么把黑人辛辛苦苦创造的社区毁掉的，	Potentially
广东客家人为什么是“客”？是不是在歧视hahahaha为什么潮汕不认为自己属于福建？为什么闽南语这么难懂？是不是因为福建人看不起北方人？hahahaha	Potentially
直男啊？你是弯的嘛？看不起直男?	Potentially
男性怎么没有话语权了？女司机？不能给女人讲道理？女人拜金？难道是女人自己说的吗？	Potentially
你们潜意识中比较歧视女性的生育特征吗？	Potentially
为什么现实里面日本人说话很委婉，甚至觉得中国人普通交流都像骂人？	Potentially
现在不是都流行说新疆人都是kb分子，小偷来着么？怎么答主这里没我新疆呢？	Potentially
男A：我觉得xxxx是对男性性别歧视,女A:这是刻板印象,女B：这归根究底其实是对女性的歧视,女C：你还是不是男人,男B：你还是不是男人,男A：？？？？	Potentially
凭什么你觉得是女拳师你就用娘们侮辱人？[捂嘴]我还觉得你是男拳师呢，哪个词伺候？[捂嘴]	Potentially
西北那里是不是街上到处都是砍人的？	Potentially
你的传统就是直男癌咯？	Potentially
台湾人均GDP2万5，浙吹都完爆台湾了，江苏还在话下？顺便地域黑了一把苏北	Potentially
我也不懂为什么这么多歪楼的，在印度，女人被强奸是很常见的一种事，男权主义很严重，所以他们印度人喝多了在中国这样我一点也不感到奇怪，同样，我倒是奇怪这么多歪楼的，如果真碰到了，你们会怎么样？	Potentially
踩井盖防止河南人偷？	Potentially
那么希拉里为什么想让华人被黑人抢劫？	Potentially
她不是女的？我干嘛要扯男的啊？我说话不提男生就是种族歧视[为难][为难]我？[好奇][好奇]摸不着头脑	Potentially
那些中国女性恶心成这样还有女权婊给洗白吗？如果有请跳出来	Potentially
是类似现代这种家政服务的雇佣关系，还是黑人奴隶的交易？	Potentially
作者对自己女性同胞都不友好，怎么让别人同等对待……你这么义愤填膺，你敢像黑人啊人那样维护自己种族吗？都是码字上很厉害 ，黑人受歧视才是最多的，但是人家用实力和自己种族几十年的努力，证明自己的人更多～这个世界，不管哪里，	Potentially
男生还有性骚扰？？	Potentially
另外，你也对比了黑人群体，请问，你觉得对黑人表达不喜欢黑人这个群体，你并不觉得非常失礼嘛？	Potentially
怎么？黑人一出生就是罪犯吗？为什么黑人的孩子要在犯罪，吸毒，贫民窟的环境长大，白人的孩子就能接受良好的教育？白人祖先遗留了这样不平等的历史问题，现在的白人当权者嘴上说着一套，	Potentially
要我说吧，黑人就是黑人，怎么跟高贵的东方人相比？黑人发明呼拉塞尔是用来驱赶猎物的，也就是说，这玩意可能压根就只有一个音	Potentially
什么？讲黄色笑话和女生穿短裙是一个意思？第一个是性骚扰女性是有权利报警的，第二个你报警个试试？第一次遇到偷换概念玩的这么烂的	Potentially
因为河南人偷坑拐骗好吃懒做又穷又懒还偷井盖儿，中不中？中央、春晚钦定农民工标签，你觉得吼不吼？	Potentially
最不尊重女性的就是微博吧？？？	Potentially
多和少本来就是人的主观判断，对于全国其他地方而言云南爆出的此类问题数量要远大于其人口比例所以“云南恶霸特别多”还算是歧视吗？	Potentially
道理我都懂，能不能不要一直女司机女司机的？司机就是司机，强调是个女的又能怎样？男司机就不出大型车祸了吗？	Potentially
你们华裔怎么就不搞个白人裔细分法案，大家都是移民就许你歧视我不准我歧视你吗？	Potentially
南北战争之前南方的黑人奴隶的待遇实际上怎样?	Potentially
题主被种族歧视了，题主讨厌他们反而还错了起来，就许他们歧视中国人不许中国人讨厌他？	Potentially
女人的家人，能管她死的事，为什么不管管她出轨的事？觉得事不够大？还是女的能给他们钱，没钱了，才出来说话？	Potentially
这有什么不正常吗？素质低下的白人也会称我们为…我不知道他们歧视黄种人的称呼，但是肯定有，还有黑鬼，这个没错吧，	Potentially
呵呵，这种通篇地域歧视和一大群地域黑的人附和，跟几年前贴吧集体黑河南人的盛况有什么区别，你跟我说知乎不药丸？顺便已举报	Potentially
这个答案下面的评论里是有多少直男癌？	Potentially
描述问题就是，男性，垃圾吗？	Potentially
提河南人偷井盖是此地无银三百两吗？什么素质？	Potentially
非洲愚昧落后是先天环境不好，中华文明灿烂悠久就是老天爷赏脸，所以中国人要不要和非洲黑人换地盘？	Potentially
部分四川球迷洗地真是太恶心了，一脸无赖样，以为别人都是瞎子聋子？那么多视频你随便挑一个没剪辑过的看还看不明白？非得让人骂跟人撕逼有意思？	Potentially
本来不想回应的，但是评论仿佛都是一种逻辑，不回击就显得低人一等，就是奴隶，这么敏感难道不是自卑心理在作祟吗？说中国假货多，贫富差距大，两岸并不同心，这是事实，说都不让说了？当年明月说过，	Potentially
你们都喜欢看小姐姐脱光衣服和男人打架？	Potentially
歧视黄种人吧大概？	Potentially
你把女人换成男人就觉得没啥问题了，一个男人不自强自立，没女人活不了在知乎难道不会被鄙视吗？	Potentially
南京流控是真的想杀人，有一次居然推出以后又滑回去了说上海流控？？？	Potentially
吃软饭和没有上进心没有野心的男人跟着他图什么？？养条狗不比养他强？？	Potentially
我比你更狠更血性，我喜欢看强势男性压迫底层弱势男性呢，丛林法则垃圾就被虐，你狠吧？	Potentially
你这几顶大帽子扣的，朋友圈是不是也要像贵乎一样发个抱怨都要考虑道德风险？？？ 女穆斯林黑人同性恋的狗咬了你，你敢票圈婊狗吗？？？	Potentially
陈述事实可以 他说河南人没道德我不能反驳吗 难道发出声音都不行 你说喷子就喷子 你厉害咯？	Potentially
因为华人和黑人一样被歧视就要同情黑人？难道黑人把华人当兄弟？	Potentially
地域黑？新疆人怎么了？	Potentially
浙江农村的真实情况不了解，但说真的，农村群体普遍思维落后，有时候不知道农民群体存在的意义是什么？	Potentially
校学生会面试时，有个学长问一个河南的学弟：你们河南人偷井盖吗？	Potentially
但是其实黑人在世界各地都是不应该的，就像你在一个白人国家被歧视你是黄种人，你觉得应该吗？	Potentially
我他妈就是歧视黑人啦怎么滴吧，老祖宗打下的江山，给他们黑人住？？我怎么没交过我们男人，去他们国家，他们女人倒贴啊？就崇洋媚外呗，还能说什么？大部分国人，自己国家优点没学到，	Potentially
就威胁台湾这条，你明白什么叫威胁吗？还是你就认为台湾本来就不是中国的？	Potentially
我想问一下，在这里帖子里，到底是上海人在歧视你们，还是你们在歧视上海人？	Potentially
1，作为歧视黑人的种族歧视者，你竟分不清纯白人和黑白混血的长相？2，为什么南方女生都死缠烂打倒追北方大老爷们，各种鄙视自己的南方男同胞矮挫？因为南方女生认为嫁了北方大老爷们可以让她们的后代不再是小矮人呗，	Potentially
问题是，放任本族女孩外嫁，只会让自己民族更受歧视啊？不然你看为啥美国黑人也开始歧视殴打亚裔？	Potentially
夸奖东北人野蛮流氓？还是其他？	Potentially
人类的繁衍都是有自身规律的，政治力量的介入有时候会干扰，像钠脆极力杀害犹太人，西方白人向美洲大量贩卖黑人，还有整部落的消灭印第安人，所以您的宝贵结论是犹太人、黑人、印第安人的生存繁衍不是哪些势力能够左右的？	Potentially
难道女人都很能忍？	Potentially
那只能说明你生活的地方很落后呗[思考][思考]你圈子就这样所以提升自己才最重要??因为中国还是底层多??越偏远贫穷的地方彩礼越高??大城市很少有彩礼，即使有也很少，基本上不叫什么彩礼嫁妆，	Potentially
这帮黑人不仅有枪还有毒品，一贫如洗？	Potentially
女性能够同男性一样受教育、出去工作，知道这是多少前辈们做了多少努力争取来的么？,至今女权们还在为就业歧视抗争,这一步倒退，又会毁掉多少姑娘的前途命运,再说她们自己,待人到中年，身材发福年老色衰然而却一无所长，拿什么保障你自己，	Potentially
拉倒吧，当年日本入侵的时候咋不见你们这么勇？	Potentially
那你咋不把你的同理心往dnf玩家身上想一想？女生那番话和说黑人都是奴隶，看韩剧都是婊子又没区别	Potentially
楼主，你这什么补习班，工资翻10倍，能推荐下？ 4000十倍4万； 还有，上海本地人排外倾向很严重，你是如何认识你的老公？上海美女太多了，光长相肯定不足以说服婆婆吧	Potentially
这跟女权有毛关系？资本家搞的鬼，让女人背锅？无脑女黑也是逗	Potentially
你的“全是女权”和杨笠的男人都是垃圾又有什么区别？？[微笑][微笑][微笑][微笑]	Potentially
赞爆了，可为什么香港人总是和外国人一样歧视国人呢？	Potentially
所以你到底指的性骚扰是什么呢？看算吗？（那女生看男生怎么算？），这个世界是不是只有女生可以欣赏男生的 ，男生就不能多瞟一眼女生？所以说这就是女生的特权吗？	Potentially
这都能推断出对女性的恶意?	Potentially
那你了解黑人奴隶的历史吗？你了解纳粹屠杀犹太人的历史吗？你了解印度目前仍然存在的种姓制度吗？活生生的例子摆在眼前，凭什么你相信几千年的奴隶主有以人为本的思想呢？？？	Potentially
所以说欧洲人敢p面罩调侃黑人有艾滋病、埃博拉吗？	Potentially
那么，你歧视黑人吗？ 摸摸良心回答	Potentially
不好意思，现在肉身翻墙美利坚中，况且我就是要鄙视河北科技大学为野鸡又干你什么事，至少野鸡没骗过政府资金，骗子大学还要面子，当婊子也要立牌坊？	Potentially
为什么不好说自己是中国的你不清楚吗？在美国或者欧洲最被人歧视的种族是黄种人，黄种人最被歧视的是中国人	Potentially
讨厌黑人主角到你这就变舔白人了？	Potentially
到底是哪个王八蛋告诉你们甘肃人都是红脸蛋，骑着骆驼上学的？？	Potentially
诶？我看的时候评论里大多都会说一说直男癌，我只是分析一下为什么会关联到直男癌而已 黑人问号	Potentially
你说的是什么？ 难道不是黑人们希望平等自由是自己争取的吗？绿皮书更像是白人对黑人的施舍，搁谁身上谁恶心的那种	Potentially
你把你上面的话吃了吗？对对对，你没说这只是浙江人的问题（xx人偷井盖了，我有说只是xx人吗，各省都有人偷）你这是典型的地域喷子	Potentially
浙江骗子多还是第一次听到，是电信诈骗还是啥呀？不能一个人这么说，你就这么认…但浙江确实很多商人，从无商不奸这个词来领会，确实是比一般人精明聪明	Potentially
地域歧视很普遍，但在现在的大环境下，表现出来的比较少见，不然怎么能上新闻呢？	Potentially
把一群人的缺点集中在一个物体上好吗？ 这么说 那河南人都是偷井盖的贼咯 东北都是黑社会咯	Potentially
黑人？有没有艾滋病？是否是三非？	Potentially
有这么骂人的？东北人招你惹你了？	Potentially
外国也有流氓，国内有流氓就可以接受了？ 中国有偏激全世界的傻逼，那台湾或者其他地方有偏激中国的傻逼就可以接受了？	Potentially
嫁给黑人?那些可是奴隶，黑奴啊	Potentially
越是长的丑心里越是扭曲，干出来的事就越可恨，专指这个男的和旁边那个女的？	Potentially
自省精神不是您这么玩的，女的被强暴是因为穿着暴露？	Potentially
“看不起我是吧，你若是福建人我会闻不出来？”	Potentially
知不知道原本黑人牙膏的英文名叫“darkie”，darkie和那个的意思一样，都是黑鬼，你把k换成l就没有歧视的意思了？你把傅满洲换成满大人就不歧视了？而且原本那个黑人图片的原型是吉姆克劳，	Potentially
你问一个黑人，黑人在美国受到的歧视多吗？,黑人会说美国当然有歧视，但是我们在慢慢变好………,你在知乎上问一个华裔，亚裔在美国受到的歧视多吗？,这个华裔会说：“不，我们没有收到歧视，歧视我们的都是亚裔……”,可是在美国，	Potentially
不骂直男，不骂渣男，只骂舔狗,拉低男性地位，纵容女权风气,和easy,girl的区别就是：Easy拉低中国人形象，舔狗拉低男性形象，都不得house,为什么不骂那些女性，国女Easy你骂洋垃圾有用么？就算你让女性知道尊重男性了，	Potentially
你认为妓女和嫖客得性病、艾滋的几率不比良家男女高？	Potentially
要不去美国拍一部黑人贩卖白人做奴隶的电影，尤其要表现白人被整得多么的惨？	Potentially
？？？？你们怎么见到嫁给黑人的女性的？？？？我咋见到的都是娶了黑人老婆的中国男性？	Potentially
所以你来说说黑人凭什么被你歧视，你今天不被歧视是沾了当年很多流血牺牲的战士还有李小龙这样的人的光，你好意思歧视别人？	Potentially
肖战王一博，你认真的吗？这不还是没有摆脱瘦弱的刻板印象，至于美国人日常瞧不起亚裔真的已经深入人心，某网站都专门找小眼睛亚裔来演，确实很恶心	Potentially
可是，柯震东吸毒也许是被面子所迫呢？可是，黄海波嫖娼也许是被jb所迫呢？可是，买卖妇女儿童也许是为了自己家有个后呢？	Potentially
但是如果按你这么说，现实如果是十三个骗子中有2-3个河南的，就要说河南骗子了吗？这不科学，坏人哪都有	Potentially
看到后面私信骂人的那些男性要不要笔脸？	Potentially
什么叫文人也是男人所以就可以理解了？男人都是渣男？	Potentially
扯什么鬼话？女人可以嫌弃男人没钱没车没房，男人就不能嫌弃女人不是处女？处女情结是屈尊的降格，嫌弃男人没车没钱没房就不是？	Potentially
河南人真的不偷井盖吗？我听说河南人一般成人礼就是偷一个井盖，偷着了就算成人了可以开始做自己想做的事，因此还延伸一个成语—背井离乡	Potentially
国内女强奸男(反正就是男的非情愿的前提下吧)，算犯罪么？立法了么？我记得几年前全是一个空缺吧？	Potentially
没人偷为什么就传河南人偷井盖？	Potentially
那为啥我地域嗨河南的时候，我舍友揍我啊？他是不是理亏真的偷过井盖啊？为什么新闻上播报女司机，那么多人喷啊，她们也开车么？	Potentially
我妈山东的，我爸河南的，你能知道我有多绝望么？开着挖掘机偷井盖？？？	Potentially
男人怕软？	Potentially
为什么这么着急给擅长歧视华人的黑人洗地呢？	Potentially
奇怪了，为什么女生要带面具，摘下面具要么杀人要么 ，歧视女性吗？好像以前的女刺客，看到我脸的时刻就是你的死期	Potentially
口袋里不揣个十万也敢在上海上街打架？	Potentially
难道女权他妈不是女利，而是利男损女？？	Potentially
知道中国的大部分女权和国外的有什么区别吗？国外的是能自己做的绝不让别人帮，中国的是能做也要别人帮，这样的不是女权，完全就是女权癌，什么都不付出最后要求女权高于男权？男的辛苦的治国齐家平天下的最后不是让这样的人来指挥的	Potentially
你随意吹牛，就问一句，宁波那边黑人杀人的事情怎么处理了？	Potentially
表妹没伤？新奥尔良那种垃圾城市，犯罪率高警察歧视黑人的地方，谁愿意待？	Potentially
别说我们国家的人讨厌黑人，看看国外？米国那是一言不合拔枪就射，要么跪杀，	Potentially
在上海，外地人和本地人的比例在6比4以上，如何歧视？谁歧视谁？	Potentially
中国人有什么权利拿自己的破烂审美观念去衡量其他种族的人？	Potentially
弱国无外交，穷国无尊严，如果非洲国家比美国强大，你看他们还敢歧视么？话说深圳这边倒是没有遇到歧视黑人现象，公交车上黑人旁边都有人坐，	Potentially
台湾地区对陆配及陆生的歧视性条款,蓝营很多人都在帮忙伸不平,台湾人自己也承认,怎么到你这就台湾对外籍人士一视同仁了?	Potentially
这世界这么精彩，为什么把自己的生活局限在家庭主妇上？	Potentially
然后你就因为某些无脑的言论而贬低了所有的上海人，你的行为和被你恶心到的那位有什么区别？	Potentially
对，就是这个，真·上海人，永远歧视他人，永远被他人歧视，上海人认为金山算个屁的上海人，但在郭敬明眼里，你都生在金山了，怎么就不算上海人？大概是这个意思	Potentially
黑人有什么正面的事吗？美国黑人占美国人口百分之十，占美国犯罪的百分之五十，就好像中国有一个地方大约一亿人，	Potentially
不能一竿子打翻一船人，就算是我们国内各省间，说偷井盖的，说黑人多的，说男人娘的，说当小偷的，说黑社会的，不也是赤裸裸的歧视？	Potentially
这个跟地籍无关，有数据证明河南籍犯罪率高吗？你还华夏子弟，这样黑起源地？	Potentially
请问你说的这个国家，是到了二战时期还能烧死黑人的国家？还是驻军强奸案高发却压下不管的国家？还是到了二十世纪九十年代仍然可以绑架后虐杀、奸杀拍成地下电影卖钱的国家？	Potentially
长得丑算什么？高中火箭班比长得丑的女孩子一抓一大把还不是一般的丑 身残志坚身还未残志就萎了？ 想想人家有身体缺陷的人吧	Potentially
我种族歧视，我承认，我就是歧视黑人，又怎样？	Potentially
最讨厌受害者有罪论，你可以反手给老班一巴掌，然后说，我为啥不打别人就打你？我很好奇你班主任是男是女？长得好看吗，如果是个未老先衰的大妈，估计是嫉妒你漂亮吧	Potentially
想知道第一个视频道完歉就完事了？国外接触的台湾人都这个德行，恶心的是还想占他们所看不起的中国的便宜	Potentially
我要被回答里的有些人笑死了，说什么不让嫁黑男就是不女权把女的当财产，打拳也挑挑地方好吗？	Potentially
虚伪？无非比中国讲礼仪而已	Potentially
台湾的那则新闻简直恶心至极，“大陆好干净，全球脏兮兮”，凭什么就得牺牲中国成全世界啊？做了这么多年，没做出好儿来，倒叫某些贱人认为是理所应当了	Potentially
离开东北也要被你们歧视，不离开又说不思进取，你们能不能统一一下口径？	Potentially
别什么都女权好么？看个动漫也能扯到出女权，烦不啊？里面还没有亚洲人，算算不歧视亚裔啊？	Potentially
亚裔（华裔）处于全世界鄙视链（歧视链）的最底层，跑去支持洋大人的“BLM”抗议？	Potentially
说实话后来这么多黑河南的 一部分是跟风 但是究其原因是河南人自己作 出了省自然就代表了河南人了 坑蒙拐骗无恶不作 车站的骗子有多少河南人你们心里没点b数？现在整顿了就开始喊冤 以前被骗的人呢 我不否认哪个地方都有坏人 但在当时车站的骗子河南的特别多	Potentially
哪里主场没骂人？哪支球队没靠哨子占过便宜 为什么只有北京这么被人反感？	Potentially
前一段时间还在抨击重庆那个家暴男（pua男）恶心，换个国籍pua还合法了，值得了解？[小情绪][小情绪]	Potentially
你知道亚裔怎么歧视黑人嘛？,都是放在心里歧视的，少看点儿,公众号的视频吧……	Potentially
你这言论哪里出来的？再怎么说最恶心的就是日本，恶心透顶	Potentially
知道有种行为叫我可以骂而你不能骂么？你说人家齐达是他家乡，所以他就只能爱护着不能骂，要我，我只敢黑自己家乡不敢黑别的地方，要是黑河南，不就是地域黑了？	Potentially
那为什么被警察枪杀的黑人远多于白人呢？,难道白人就没有犯罪的？	Potentially
仗义每多屠狗辈，再者说，天津卫的大耍儿，要的是面儿，家门口不能栽面儿啊，打不过几个维子小偷？还混不混了啊	Potentially
美国大部分对人很好？,种族之间的矛盾根本无法解决的，这次虐杀黑人，而华人在美国是连黑人都不如的，有多少华人就是被抢劫，杀害的对象…,仅用言语怼两句就了不起了，	Potentially
都是在说些屁话 凭什么江西要等你们先富带动后富？凭什么就给你们做城市后花园 当粮仓？宣传江西 就能听见新闻联播呢套口号 绿水青山就是金山银山 恶不恶心 江西不欠共和国的 反之上面自解放以来给了江西多少？	Potentially
急了？你找个老黑或者白男，看看他们会把你怎样玩，玩玩就走，谁对你负责啊，中国男性犯罪率是前世界几乎是最低，	Potentially
前面还好，后面是啥啊？因为弗洛伊德是罪犯所以歧视不存在？黑人就是缺少教育，就是没文化，就必须要是恶人了？说了一大堆，又饶回去说好好学习，天天向上，根本没说问什么黑人要去犯罪，但凡有工作，但凡有钱，	Potentially
把别人划分成白种人黄种人和自卑有什么关系？你这意思把印度人划分成黑种人?你潜意识里不还是觉得白种人比黄种人“高贵”，印度人不配成为“高贵”的白种人?	Potentially
大陆主体民族在整个华裔圈子里都是最底层，反正都是最底层，在哪不都一样？	Potentially
在北京遇到歧视外地人的如何怼回去？	Potentially
谁在说小孩子分饭菜的事情了……现在说的是职场性别歧视和话语权问题我咋没看到有什么“女拳”把职位都分给女性不分给男性，让男性饿死？	Potentially
很奇怪吗？现在同样很对人歧视黑人，歧视印度人，歧视东南亚人	Potentially
这种女人的脑回路真的不能理解，黑人有什么好的？嫁就嫁了，过得不好跑回来又祸害我们中国男同胞，让我们中国男人花彩礼娶一个被黑吧老那个的女人，以后，	Potentially
俄罗斯,澳大利亚最排华?,俄罗斯离中国近,相互接触很多,澳大利亚加拿大新西兰都是纯移民国家算是最不排华的了,欧洲亲华?,你开玩笑呢?	Potentially
本来咱们爱丽儿就是白人 凭什么让黑人演 是不是歧视白人啊？/滑稽	Potentially
腾讯真想搞周，跑香港不是送命？跑路超人和马什么关系你知道？	Potentially
四川人得罪你了？那我同学江浙人每次都指导我怎么怎么吃海鲜，我喜欢吃的海鲜什么太垃圾太廉价了，那我不是应该直接喷他们江浙人的优越感？	Potentially
我不侮辱女性，我嘲讽女拳总行了吧？ 是谁把女权变成女拳的？不就是你们这帮自以为是的拳师？	Potentially
浙江人在高考名额分配上受到的歧视比北京人还严重，为何浙江能够发展起来，而且许多浙江人考上的大学比北京人甚至外国人还好？,亚裔受歧视最严重的地方在哪里，	Potentially
女的为什么不能打？	Potentially
黑人不是人系列又来了，你幻想自己是白人站在白人的角度说话么，如果黑人出生就有像白人那样的大片农场他还会走上犯罪道路吗？黑人的祖先是被白人农场主的祖先买过来种地的，奴役解放后他们没有土地，没有资源，	Potentially
说句题外话，日本的教育真的吓人，如果真的是抹掉这段历史，我觉得还可以理解一下，毕竟谁都不想抹黑前辈，哪怕这是实际情况，但为什么要改变历史？	Potentially
看了好多男的家暴女的不忍受辱打死男人的，这不应当归为正当防卫吗？	Potentially
可不就是我的叔叔于勒么？日本有钱亲，越南无钱厌恶	Potentially
所以，大多数印度人民自愿选择了极端贫穷？	Potentially
为啥是不是上海人要用钱去衡量?如果你是外地人，这难道不是歧视?如果你是上海人，这能说你都不陪当上海人，还有钱就是上海人?为啥上海那么特殊?脱离全世界标准的特殊?用钱衡量?多少才能算上海人?	Potentially
不是要平权吗？这时候拿男性说事，中国特色女权主义？女尊？	Potentially
浙江卫视怎么这么恶心，以后不会再看浙江卫视了，反正少我一个不少，??	Potentially
从硬件条件来看，女性的出厂设置某些方面就低于男性啊，体力方面……还有社会歧视，包括女性对女性的歧视，但很少有男性歧视男性的吧？至少现在，	Potentially
所以这些被歧视的华人，就因为被歧视，所以说有点怨恨中国？	Potentially
你觉得男性不能留长发不能化妆算不算性别歧视？	Potentially
当男性感觉到被社会歧视是女性造成的吗？	Potentially
我怀疑你歧视女性，为什么女人只能绣军鞋不能打鬼子？看到你的话，我大冷天的浑身发烫口干舌燥，地狱空荡荡，鬼子在人间，我们女性何时才能真正的站起来[滑稽]	Potentially
嗯，所以广州落后于成都沈阳重庆西安，对不？	Potentially
黑人在美国侮辱华人，那我支持白人警察打击黑人有什么问题・_・?	Potentially
这地洗的，easy girl就是easy girl，这道题不讲女权，讲的是外国人在中国ok？你知道有多少女人是抱着钓男人移民的心态去送的吗	Potentially
为什么鬼是女的？男鬼呢？	Potentially
小碰擦女司机才占4成，6成都是男司机，你还说女的开车不好？你这是歧视女性吧？	Potentially
种族歧视中国人还找了个中国老婆？就像你不喜欢黑人你能找黑人当老婆？就你这逻辑狗屁不通，一戳就破的人回复你简直是浪费时间	Potentially
“美国法律立法前歧视黑人”可不就是在立法前“立法不好”么？	Potentially
水军能滚出知乎吗？昧着良心黑人小心正主死全家(原谅我骂人→_→)	Potentially
歧视黄种人，你觉得好笑?你是精神白种人还是精神黑种人？	Potentially
确切点儿说，是不是女生的价值不需要通过媚人来体现？	Potentially
未婚人士如何做到，30，岁以后的生活不可悲？	Potentially
呵呵了，你见过海外同胞被黑人歧视吗？别圣母了	Potentially
硅谷那么多印度人扎堆的公司，都是杀人抢劫的地盘咯？	Potentially
这你都能拐到河南人身上？我也有个万能句送给你，说河南人最爱偷井盖的人，最特马喜欢吃翔了	Potentially
跟奴隶贸易有啥关系，要不是托了奴隶贸易的福，现在这些美国黑人哪有机会在美国享受？	Potentially
既然仇女，也只是反对女性特权的压迫，追求的是平权，为什么各位从不正视诸多男性极端的歧视言论？	Potentially
现在恐怖用于惊叹和称赞难道还少？对于女性就是歧视，对于男性就正常？	Potentially
黑人为什么吃不饱，难道没原因吗？素质低，	Potentially
你就不怕将来有人歧视你的女儿吗？还是HR们全部都生儿子？生不生二胎，你明确问人家不行吗？女性就都想当奶牛当生殖工具一直生生生？	Potentially
为什么男性犯的错误要被骂女司机错误？是不是觉得女性开车不如男性？你这是歧视女性，气抖冷	Potentially
所以呢，中国人在外国受到歧视是因为南方人又矮又丑？	Potentially
不不不，有更多回答的女人不是都说中国女孩漂亮吗？那现在又说白人男性更好，所以结论是什么？又扯回中国男人配不上中国女人了？	Potentially
呵呵，所以全国只有内蒙古人抽烟？这都要地域黑？你有什么资格歧视内蒙？嗯？	Potentially
看不起外地人的都是上海人里的loser，竞争的失败者，你说一个成功者会惧怕竞争？	Potentially
和去宜家睡觉的有什么区别 意识不到那种行为会让人瞧不起？ 歧视是没有理由的吗 有时候别怪老外歧视中国人歧视黑人啥的 要不想被歧视得先做好一个人	Potentially
黑人艾滋病高不高跟你中国人有什么关系呢？中国人近视眼还多呢，跟黑人有关系吗？	Potentially
黑人当了百余年奴隶，女巫被烧了百余年，同性恋当了几百年病人，奴隶主剥了几百年人皮，人类几万年来赤身裸体，所以？ 大清统治了几百年中国，大清呢？日不落主导了几十年的国际局势，那他们的太阳怎么还是落了？	Potentially
别开玩笑了 打架就是打架 摸哪打哪 你打过架没有 东北人打架都是掏刀子的 无差别攻击 要不怎么混？	Potentially
诶？不是据说，美国黑命贵，	Potentially
说有优越感我会信，斤斤计较？是认真的嘛，向来只有上海人背负小气的名声，宁是管中窥豹呢？	Potentially
男人不奋斗那要怎么着，都是不小的人了，儿子都上大学了，有什么矛盾不能商量？婚内出轨什么概念？现在女权真可怕	Potentially
你说为什么白人会歧视黑人呢？不否认黑人有精英也不否认白人有渣滓，但是按比例来看还是黑人多一点	Potentially
奇怪了 在美国，你是在富人社区遇到抢劫的概率高还是贫民窟遇到抢劫概率高？ 在中国，一个单身女性半夜敢走在北京的大街上，敢走在工地的路上吗？	Potentially
看不懂？这叫地图炮吗？讨论的是朝鲜人，跟汉族有什么关系？没事抖什么机灵？按照你的逻辑我可以扯的更远，是不是贩卖黑人的白人要死绝，是不是日本人要绝种？	Potentially
中国古代的昆仑奴也是矮黑人？	Potentially
你们说，黑东北的是不是忽悠咱们东北年青人去南方为房地产接盘，或者为资本剥削?	Potentially
是吗？女生都这样？为什么我身边的女性朋友和我的四任女友都没人这样？你倒是可以不用找男朋友，他们都是钢铁直男，真的	Potentially
局之外：种族歧视，无解？	Potentially
微博女拳倒是把男的也休产假给写进法律里去啊，现在除了恶心人还能做什么？	Potentially
总说别人黑你们东北人，请问东北人的形象是谁败坏的？是别人在外面扮成东北人打架了，还是别人在冒充东北人犯浑了，亦或者全国人民最开始就对东北人有偏见？还不是东北人自己败坏的东北人名声	Potentially
歧视亚裔怎么了？歧视亚裔也是所谓政治正确的一部分	Potentially
你当现在喊着“新疆人都是小偷”的人少吗？	Potentially
北京面交怎么就全是骗子了？北京的卖家就不能面交？	Potentially
如果二战往他们头上扔原子弹得是中国你试试？这几年少点了，十几年前美军强奸少女得案例还少？	Potentially
为什么？？不应该在b站歧视黑人才能引流吗	Potentially
我歧视黑人，怎么啦？	Potentially
是种族正视，允许他们说黄人jj短，就不许说黑人智商低了，凭什么，黄人天生就该被屠杀？是低等人？	Potentially
兄弟，我说的就是个嫩妹，见面那会她20[大笑]，人家沾过的男人比我吃过的大米都多 换你你不恶心？	Potentially
上海小男人会不会有点小气？	Potentially
转移什么话题了？香港暴徒打人还不让人说了？	Potentially
香港不说粤语会被人歧视吗？	Potentially
她反省自己就应该被原谅？那当初干嘛去和有夫之妇约炮？你让那个男的老婆怎么想？现在小三也可以洗地了，真恶心	Potentially
犯罪率是抓了才算的,美国警察专抓黑人,犯罪率能不高吗？	Potentially
夸张了吧，白人不是歧视黄种人，怎么还会主动跑去黄种人家里？	Potentially
别女人女人男人男人的，你既然知道男人家暴和你没关系，家庭妇女和我的职业前途就得挂钩了？	Potentially
高度自治权就是歧视同胞？人家老外说的没错啊，为啥中国人去香港还要港澳通行证，北京是首都是政治中心吧，也没听说过要北京通行证，所以这条规定就是歧视，还解释，解释啥，你的歪理？？？	Potentially
别说别人歧视，中国自己的某些做法简直就说求歧视，收了20多年的洋垃圾，人家不歧视中国歧视谁？	Potentially
美国人歧视华人、中国人歧视河南人，这是客观存在的事实，不是你觉得自不自豪的事，您说出日本人杀中国人的时候也是那么自豪吗？	Potentially
难道找个黑人老公就是媚黑，找个外国对象就是崇洋媚外？？？	Potentially
就算洋垃圾不来伤害女性，国男自己对女性做的恶还少？	Potentially
看了你的图片，我决定让网络暴力喷洒我一下：不吃肉还算男人？	Potentially
怎么这游戏连个母的都没有是不是歧视女性？	Potentially
我有说过“非洲裔美国人”没有受到歧视吗？	Potentially
“嫩球大了”是河南人？	Potentially
你说大农村就大农村了？天津之前落后几年就随便什么人都踩两脚？还过气有本事你上报中央取消给广州啊？广东比比赚钱还好说，比教育？广东的教育水平能跟天津比？义务教育达到100%了吗？高等教育的百分比有多少？	Potentially
怪上海的小市民也是无语了，深圳，北京房价难道比上海低么？超高房价的始作俑者就是政策，要怪就怪政策制定者，说这政策伤天害理不为过	Potentially
问题在于真正的黑人犯罪率也没离谱到什么程度啊？	Potentially
黑蜀黍哪次都是这个德行，打着不满旗号打砸抢烧，平时黑人犯罪率也极高，单亲七成，喜欢欺负亚裔，你还同情黑人吗？	Potentially
为啥有的拉丁裔算黑人有的拉丁裔算白人？,作为受害者就算黑人作为警察就算白人？,美国警察各种族的都有，白也有黑也有，劳模也有，亚裔也有，你要说他们最终都变成种族歧视黑人也是有意思，大概遇到黑人罪犯太多了，比例太高了，不这么警惕的估计都死了，	Potentially
看不起中国人，谁给的勇气？是因为子弟兵在汉城呆的时间过短所致？	Potentially
底层的白人依靠警察来保护，底层的黑人沦为牺牲品…为什么不是反过来？	Potentially
那男同的艾滋谁传染的？	Potentially
美国黑人犯罪率高说不得 怎么到咱这也搞这套？	Potentially
中国人有几个不歧视黑人？	Potentially
外省人吃的惯清淡的口味？我一直以为广东以外都是重口味的，没有地域歧视，因为我遇到的外地人十有九都偏重口味，包括我的江浙朋友，他们不算很重，但是偏重	Potentially
正常的男人是你这样的，但是也有傻大叉只看美貌，不然你看社会上有那种很漂亮品性很差又一无是处的美女单身的吗？美女再差也是被男人挑选了[捂脸][捂脸][捂脸]	Potentially
哦不喜欢林书豪就是歧视黄种人？你咋这么容易被歧视呢？跪久了站不起来了？	Potentially
大约一年多前吧，我那时天天翻墙，喜欢谷歌翻译看欧美日韩的新闻和论坛（谷歌的英文翻译还是比较准的，日语韩语的翻译就比较奇葩，但大致能看明白），结果在雅虎日本看到日本网友都在声讨澳大利亚种族歧视，要抵制澳大利亚旅游，所以你说呢？	Potentially
你是有多恨女性……你没有妈妈奶奶吗？？你未来也许会有一个女儿呢？？对中国女人被歧视这么幸灾乐祸，原因竟然是6亿分之几的女孩在这个问题下面没有力挺han？？？	Potentially
歧视客家人吗，难道只有白话才配叫广东话？深圳客家人和潮汕人非常多	Potentially
外省对浙江的歧视？ 有没有搞错…	Potentially
就白人那种肤色，白得跟廉价石灰墙似的，还带渣子（雀斑），自己看都不恶心么？中国人自古喜欢的白就是“肤如凝脂”，	Potentially
没必要，也洗不白，河南人偷井盖，山西都是人贩子，北京人是优越狗随随便便哪一条是人说的话？	Potentially
同感，现在的男人都这样了吗？吓人	Potentially
哈哈哈，北京人民也困苦到偷井盖啦？	Potentially
现在知道换位思考了？白种人歧视黄种人的时候你可有站出来让他们换位思考？	Potentially
华人也配歧视黑人？黑人公开模仿小眼睛，唱打劫中国人的歌，他们是爷，	Potentially
河南人偷井盖是什么？	Potentially
别看地摊文学YY了，平常接触过几个巴基斯坦人?我保证你接触多了巴基斯坦人会觉得恶心，比黑人都不如，根本不是网上传说的那样友好	Potentially
你以后不会结婚了吧，或者会找一个女性艾滋患者结婚并且不要孩子吧？	Potentially
我最近评论了一个讲泫雅的微博，我对她没什么感觉，博主的标题大概就是韩国女星都有暴露癖吗？	Potentially
歧视黑人会被抓吗？如果不会……算了，	Potentially
觉得黑人难看就是种族歧视了？答主你这张配图真的很恶心,强行跟种族歧视搭边让人怜悯？	Potentially
你结论是啥?华人被歧视是因为母国太强了[捂脸]，那真是对不起了，我作为中国人给受歧视亚裔道歉，如果可以，我甚至愿意在其坟前三鞠躬表达歉意[耶]	Potentially
尊重是互相的，你一直呼吁国人不要歧视黑人，你敢不敢呼吁黑人首先管好自己，不要欺负别的种族呢？既然他们做不到，为什么，	Potentially
黑人双标不对，白人歧视也不对，到底什么才是对的？	Potentially
所以你也认为在河南抢井盖不算抢对不对？	Potentially
然而高考名额分配那么恶心，您好歹在安徽干活，不要这么恶心我们安徽人好吧？	Potentially
为什么要管日本人他们怎么看我们・_・?,你觉得美国会真的在乎别的国家说他们霸权主义，言行不一吗?,日本真的很在乎其他亚洲国家diss他们虚伪至极，篡改历史吗?	Potentially
种族歧视的国家黑人地位高？	Potentially
有，朋友去西安被歧视了：四川人都是矮子吧？	Potentially
排华法案的制定的原因是什么？为什么只排华，不排黑人，爱尔兰人呢？	Potentially
凭良心讲上海排外吗？[好奇]	Potentially
问题是新增艾滋男性占了十之八九，难道男人喜欢和黑人 ？	Potentially
中国女生同样也是被歧视的对象，而且男生歧视了还能打回去（参考热评答案），女生歧视了最多骂回去甚至不敢说话，女生不是不想打回去，但体力原因被打的可能性更大[捂脸]所以，大家都是同胞，被种族歧视已经很惨了，还要加一层性别歧视吗？	Potentially
现在香港黑帮走私电子产品了，有钱赚谁tm冒险做坏事啊？赌场什么的还好，中国这事态毒品和威胁卖淫不是死路一条？	Potentially
你觉得NBA球迷会有人歧视黑人吗？	Potentially
说几句话就被人揍死了，你这算是歧视黑人暴力倾向吧？ 所以你装了半天的政治正确黄左，结果骨子里也是种族歧视？	Potentially
香港还能买到黑鬼？	Potentially
所以他们说“男人还有底线呢”时，我是一个普通无害的做题家就得闭嘴老老实实站着挨骂 他们说“河南人原来不偷井盖吗”时我是一个普通无害的市民我就只能眼睁睁的看着他们叫喊？	Potentially
难道不是因为黑人自己不争气才被歧视的吗？何来的弱势？	Potentially
因为黑人犯罪率高，所以就要把全部黑人都隔离起来？	Potentially
关女权啥事了啥玩意评论啊这是这女的有鬼就有鬼呗关女权啥事天天骂女权女权杀你m了？而且女权是要求平等不是把男人踩在脚底，无语了，	Potentially
垃圾话？那你见过垃圾话骂黑人尼哥的没？别在这儿扯垃圾话，垃圾话就可以随便说了？	Potentially
世界对女人恶意，女人就对男人恶意？	Potentially
先说啊，我没艾滋的，之前因为好奇逛了逛艾滋病吧，那个百度贴吧里好像只要是男的都是gay呀，什么情况嘛？	Potentially
妈呀，即使他们有很多问题就可以被人说成劣等民族了？奥巴马夫妇也是黑人，人家是劣等不？ 河南人有一亿多人口，但河南人偷井盖，广东那边残疾人后面团体都是河南人为主，他们河南人是不是所有也该被谴责	Potentially
东北……那不是黑社会，上下所有人都这样，大概是民风彪悍的原因？	Potentially
你没有理解我的意思，骂中国人，亚洲人的时候就是言论自由，骂黑人同性恋就不能骂，懂吗？	Potentially
？挺离谱的是台湾人吧？台湾人都是叛国贼	Potentially
请先去看视频弹幕再来交谈，说印度脏乱差，印度人脏用批评这两个字不恰当吧，这和美国的黑人歧视有什么分别？？	Potentially
绝大部分女性都经历过露阴癖、性骚扰、性侵犯？？？	Potentially
广东又来背锅？？？	Potentially
这年头地域黑的基本上都是社会最底层，或者暴发户，所以不用怕出门被歧视，论惨河南人更惨吧？	Potentially
黑人地位高？ 你看看贫民窟里黑人多还是白人多？	Potentially
你以为华人只是种族歧视的最底层？	Potentially
你这偏颇的观点跟那些看了那些杀妻新闻，就嚷嚷着国男都是男蛆的伪女权有啥区别？[飙泪笑][飙泪笑]惹人发笑	Potentially
别逗了，男女都休产假就能解决职场歧视？	Potentially
你怎么不说男权吧，重男轻女吧，男尊女卑吧是毒瘤?看你的点赞数就知道中国多少男性心里那些恶心的想法	Potentially
而且为什么不是去查男的？那个拿着机器的女的真贱	Potentially
我能说这样的男孩子是我的理想型吗？我觉得男孩子善良就很好有点娘可以接受（不像某些男人压根不尊重女性，在网上键盘侠各种侮辱）	Potentially
不需要日语学生的简历并不代表需要歧视日语系的学生啊，那我不是同性恋，是不是可以歧视所有男同胞了？	Potentially
也就是这个前秘书长是个白人至上主义者？歧视黑人，甚至给病人打艾滋病毒？如果是真的，那真™……	Potentially
你情我愿？谁能确定是你情我愿，女的一口咬死是强奸男的又能如何	Potentially
你讨厌种族歧视的人,你歧视黑人？,你讨厌自己？	Potentially
那女性判什么刑？	None
同等搞笑你看谁？男性你最多骂句菜比，如果是女性的话你心里会很爽：看这女的菜的，还是男的牛逼	Potentially
因为歧视精神病人啊……这还用问吗？——这和 远离河南人、远离黑人、远离酒吧、远离东北、远离艾滋病、远离XXXX 有什么区别 ？红丝带运动 都有了多少年了……	Potentially
我不是种族歧视，但是黑人真的是劣等民族？	Potentially
江苏这么落后？	Potentially
后面搞笑个毛，上面有链接，下一张是一个亚裔站在美国奴隶主旗帜的照片，搞笑？	Potentially
[害羞]普通且自信只能适用女人，，劣等国男也配？？	Potentially
地兽是文雅的，吊癌和黄渣听过么？屌丝直男癌，黄种人里面的国男人渣，一般的男人在他们眼里，不是人	Potentially
惹我河南人 有井无盖 ??	Potentially
日本年轻人不生娃就是缺乏责任，自私，我们广大农村还一个个生是有社会家庭责任感了？印度人更有责任感？日本人还容易受挫？	Potentially
enmmmm，可是你知道吗，在国外都是白人黑人歧视黄种人……你觉得这一现象是值得被鼓励的？歧视这本来就不应该存在，我们去歧视他们，只能更加重这个有害社会健康的东西，明明就不应该存在歧视这种现象，听你说话真有够恶心了	Potentially
我就想说那些女的看见pg对女性的侮辱什么想法？说过的话等于泼出去的水自己打脸吧	Potentially
我是桂林人，以前初中四川的英语老师地域歧视我们广西，还叫我们以后出门介绍自己别说自己是广西人否则人家觉得你很懒……这里有四川的兄弟姐妹吗……给我说说看，你们四川人是不是都觉得广西人懒？	Potentially
不久前听一个女人说过：男人都是狗，你说的狗也是指男人吗？	Potentially
歧视黑人也不是没有原因，上街游行就游行呗，你们就不能像甘地一样非暴力不抵抗？境界太深做不到是吧，	Potentially
一说美国就拉民族主义大旗，一说河南就自卑认为别人歧视你，合着杜兰特在欺压我们祖国？合着科比死了你也放了鞭炮庆祝吧	Potentially
请问嫁给黑人的女孩们要彩礼了吗？	Potentially
男人的嘴骗人的鬼？？？	Potentially
决定不婚不育当然是真心啦婚姻就是压迫女人的不然你在这跳脚什么呢？	Potentially
东北人怎么就不咋地了，坏人哪都有，网上天天黑xx省xx市的 你能说那都是垃圾？	Potentially
算我求你，你素质差能不让东北人背锅吗？就因为你这样的人东北人天天被骂	Potentially
抗吧偏左那抗吧怎么那么多看不起黑人的帖子？歧视黑人那不是右翼的典型特征？	Potentially
或许有种立场是家暴的施暴者是被对方作出来的？如果换一个女人和他在一起就不会变身成施暴者了吗	Potentially
求求了,老黑别来中国,宁波广州还不够吗？骇人听闻的事情做的太多了,反正老黑再好也别来中国,我看老黑就是看动物	Potentially
起码不是母婴传播而得的艾滋病啊，那种传播途径还能活到他这个年纪？大家都懂年轻男性得艾滋的最大原因，何必杠呢？	Potentially
女的就可以乱摸胸？对不起不论男女这都是性骚扰行为好吗？	Potentially
黑人口音是怎么形成的? 地域不同 造成口音不同, 还能理解, 人种不同, 但在同一个地方的, 为什么会有口音的差别?	Potentially
河南人又背锅了(??ω??)	Potentially
为什么电视剧里面出现一个坏女人就说明编剧对女性的歧视?还是女人全是好的?女权真的很恶心	Potentially
女人不能生，男人出轨就要被女权婊们骂的狗血喷头，好家伙男人没有生育能力，女人出轨就是理所应当？	Potentially
？？？你从哪里听来的国内男性被生理厌恶了？	Potentially
jb地域黑，这视频里东北男的就是欺软怕硬的狗，小烧烤喊麦玩的挺6啊，偷东西这么横，是个案吗？不，是传统吗，有点像？打的你这狗叫你熄火就熄佛，老老实实做人，不当中国人，当狗有意思？	Potentially
为什么女人就必须要嫁人？	Potentially
从你的回复里可以看出来你觉得学位就是华人的命啊，但华人只需要上学就够了吗？难道不需要在其它地方不被歧视吗？北美学术界华人之所以大放光彩就是因为学术评价相对客观用论文质量来说话，但是放到企业呢？	Potentially
南方人确实喜欢骂人 但东北人也不能这样欺负人家啊 我想知道他到底具体骂人家啥了？	Potentially
送河南同事一个包着蝴蝶结的大井盖，然后说“心里有歧视才看什么都是歧视”？	Potentially
为什么没人吐槽破产姐妹里歧视亚裔阿憨，这难道不是歧视亚洲人吗？	Potentially
黑人不应该被歧视嘛？[好奇]	Potentially
什么鬼？但丁不是男的吗？魔鬼？	Potentially
难道你赞同女性=老弱病残？？？	Potentially
中国威胁在朝鲜之上？这新闻真的不是在辱华吗？	Potentially
我们自己还歧视黑人 歧视印度 呢 印度火车那么多人不都是国内报道的、这就是刻板印象、别说歧视外国人了 河南人不被骂还是东快傻不被骂？	Potentially
所以女人注定要低男人一等？	Potentially
你能把个例和普遍性现象说成一样吗？黑人群体的艾滋是不是大名鼎鼎？能和别的个例一样处理吗？这里我也没兴趣谈白人和性工作者	Potentially
社会歧视女性与女的吃香有什么逻辑关系吗？	Potentially
虽然我们都知道黑人素质低的很多，但你难道在采访里说黑鬼？	Potentially
这也见地域黑，河南怎么啦？撬你家井盖啦？	Potentially
军婚给我看蒙了，她抢的男人非富即贵，为啥找个没钱的兵哥？	Potentially
这个时候那些爱管闲事的上海大爷大妈怎么不出来骂人？骂上海话,噼里啪啦的口水喷了黑人一脸那才叫个爽啊[调皮][调皮][调皮][调皮][调皮][调皮]	Potentially
那么问题来了，女士优先和绅士风度到底算不算对女性的歧视？	Potentially
问题是非处女会骗人啊，这些女人不敢对自己的行为负责，你怎么看待处女膜修复手术呢？那难道不是我们这个礼仪之邦最虚伪的东西吗？	Potentially
你的数据支持呢？我说女性出轨率高于男性	Potentially
女的女的，你就这么歧视女性，你肯定是个?男的?吧	Potentially
你硬要扯性别矛盾，那你看看男司机撞死人多还是女司机呀，男杀人犯多还是女杀人犯多呀？ 劳烦你去微博和女拳打拳吧	Potentially
呵呵，老回说的没素质的东北人？老回说东北人整体素质低，这不是指的少部分人，而是攻击整个东北人群体	Potentially
你到底懂不懂什么叫群体歧视？你见过国外脱口秀白人说黑人都是垃圾的嘛？你见过国内脱口秀说女性都是垃圾的嘛？什么节目效果？她咋不敢说中国人都是垃圾呢？你让她说出来试试？怎么中国男的是好欺负？	Potentially
我觉得嫁给黑人的女人，都是自我逆向淘汰，和黑人离婚后，如果婚后有黑孩子，无论贫穷老幼哪个男人愿意接盘？如果没有黑孩子，恐怕年龄也超过30岁了，再加上有黑人婚史，哪个智力正常的男人愿意接盘，	Potentially
我不是河南人 为什么要强调下河南人？你这是地域歧视你的爸爸们吗？	Potentially
在歧视亚裔或华人问题上，是欧洲严重还是美国严重，各有什么特点？	Potentially
如果我选择坐在黑人旁边 难道我歧视白人？	Potentially
别说你一个男人了，我一个女人都想不通为什么她们一个个要嫁给黑人，难道个个都是奥巴马？还是曼德拉？	Potentially
台湾有台积电，你说他落后？我觉得只是有些人知硬而已	Potentially
不好看就是不好看，黑人嘴凸好看吗？就算不说美观问题，	Potentially
新疆人就是恐怖分子？	Potentially
这意思是要白piao，还要精神损失费，纳尼？来中国的老外大多什么阶层的心里要有b数，整天云diss国男，还要吸国男的血，杀人还要诛心啊，	Potentially
合着那些人就是主流？现实中有几个人敢这样大放厥词，搞种族歧视，有几个人说印度人越南人是劣等民族？	Potentially
男人都是骗子，他最后还不是开始送外卖了么？	Potentially
你知不知道每年有多少留美中国籍同胞受到你所谓的“弱者”的暴力歧视导致破产、残疾甚至死亡？在以美国为首的西方国家，最基础的歧视链就是：白人→黑人→以中国人为代表的亚裔黄种人另外，在大概13、14年的时候，	Potentially
为什么gay圈滥交这么严重？	Potentially
为什么非要倒贴呢？女人在日本地位很低微的	Potentially
其实我一直有个疑问，跟直男相对的不是弯么？为什么直男还有直男癌变成了一个贬义的词？意思是不是同性恋的都该骂么 到底啥意思	Potentially
这叫玻璃心？试问有中国人会在公开给黑人的某个节日祝福的视频里说祝各位黑鬼节日好的吗？真的无语	Potentially
香港别的不说，服务态度不是出了名的差？全世界发达地区还能找出一个像香港这样态度恶劣的地方？如果说仅仅歧视大陆人也就算了，香港那些餐饮店对本地人都一样黑口黑脸的，我想不出全世界稍微发达点的，有哪里是这种服务态度	Potentially
这么喜欢找国内问题的话，那就不要歧视黑人好咯，个个争做城市好cuck公，把女儿嫁过去彰显zz平等？每个国家都有歧视，所以被当地你高贵黑人歧视时倒是缩头了？就不能骂回去？	Potentially
鄙视混混可以，但别把北京老炮叫混混，老炮几十年前就收手了，跟电影里一样，有老师有老板有闲在家的，那个是你说的杀人放火的混混？你境界这么高敢问你是混北城还是南城的？跟谁混的？又见过那个？还是连电影都没琢磨懂？	Potentially
中国人没有使用暴力的权利，你想被关进去？	Potentially
有些女人看似抱怨实则在秀[飙泪笑][捂嘴]，真实一点不好撒？	Potentially
为什么现代中国男性受歧视的现象总被忽视？	Potentially
男男恶心，看这种文章的人是什么样子的？	Potentially
为什么国女不帮国男，你们心里没数吗？平时性别歧视的也是国男，打压女性生存空间的还是国男，	Potentially
谁踏马说东北人一定要打人了，谁啊？站出来	Potentially
全体云南人都会打人喽？	Potentially
你是印度人吗？还两个礼拜一起强奸案，无语	Potentially
卧槽，你们在说啥子？尼采不是嫖娼感染性病才仇视女人的？	Potentially
不觉得答主真的只讲女性的性别歧视吗？	Potentially
那美国对亚裔的歧视哪来的？	Potentially
你去试一下歧视黑人言论？	Potentially
为什么东北人就不能有优越感？就应该认同于地域黑的偏见然后自卑吗？	Potentially
呵呵，别扯这些有的没的，国内网络上提到黑人就满口黑鬼，你去美国大街上吼一嗓子，让人家理解一下试试？	Potentially
各位看到了吗，那个伊云说自己有别野有车~现在的女人真的到了有别野就嫁的地步了？	Potentially
同问，广东人有什么精神必须通过排外来表达？	Potentially
一个亚洲人找一个有严重种族歧视暴力倾向的白人，这和找死的区别在哪？	Potentially
对黑人种族歧视的主战场在美国，在中国乱发声的不是圣母婊是什么？黑人被歧视的根源是什么？如果真的反对种族歧视，反对歧视黑人，那么跑漂亮国去上街游行啊？跑非洲去援建一个瓦坎达啊？	Potentially
新成立一个防止亚裔被歧视的部门，不就是为了把黑白矛盾引向亚裔吗？	Potentially
女人要牢记，就在不远的时间之前，男人们还在科学研讨会上讨论，：女人是不是人？	Potentially
奇葩？ 男性都是垃圾 是侮辱语，这句话本身是客观存在，题主举报杨x侮辱全体男性有什么问题？如果你是男性，你已经被侮辱了，只不过你感觉迟钝或者比较麻木罢了	Potentially
黑豹怎么种族歧视了？人家原作就是黑人，还是说你不喜欢黑人发达了？	Potentially
女性专用车厢？真的有些恶心	Potentially
不还是因为地方经济落后那？浙江这里的拆二代多的不得了	Potentially
这是性别歧视，为啥女性角色就一定要靠色相，才能完成任务？	Potentially
你这理解真有意思？按你的说法美国黑人录取分数线低意思他们就不被歧视了？美国黑人是一等公民吗？	Potentially
为什么你会认为北非奴隶是黑人，美剧里黑人演员演的角色就是黑人呢？……	Potentially
白左可以让黑人种族歧视白人，就是不能亚裔歧视白人，逻辑？	Potentially
瞧不起我们新疆切糕？？？	Potentially
经常听闻黑人的负面消息，大家对其印象不好，见到了会讨厌，这不是很正常吗？假如你知道你身边某个普通朋友曾经是杀人犯，小偷之类的，你对他有戒心不也是正常吗？再打比方:中国人去国外旅游，乱丢垃圾，	Potentially
你们广东人去香港的时候受到香港人的接受吗？还是他们一样对你们歧视？香港人真的是狼吗？对自己内地的同胞很差？你们去那边时，改不改变你们的口音为了融入进他们的有香港特色的社会里？	Potentially
移民的把外地的名额占了，本地的考上个学校还天天说自己高考难，你们不如我云云，知道为啥河南人偷井盖了吗？	Potentially
怎么说呢？不是地域黑，山东男人大男子主义的特别多，就你说的这种很常见	Potentially
有素质就像日本人和台湾人了？	Potentially
我是真心希望歧视得越厉害越好，管特么白人黑人，全部当成下等人，凭什么只能人家歧视我们，我们就不能歧视人家？	Potentially
你们到底是不是在中国过读的书？这些东西有问题？九年义务教育语文和历史里都有啊，对日本是变态了点，	Potentially
你听说过十亿河南九亿骗总部设在驻马店吗？这是啥？这不是抹黑，污蔑驻马店形象?我指着你家里人说，你家里人都是小偷骗子，你会不会打我骂我?	Potentially
问题已重定向至 如何看待74岁中国老人在美国高犯罪社区的家门外被15岁黑人枪杀？（2017年）？ [图片] [图片]	Potentially
河北一所好大学也没有咯？太tm对了	Potentially
？？？？？你这是想把洋人歧视中国人的问题转化成中国男人女人之间的矛盾，作为中国女人，我也觉得这就是歧视啊，难不成欧洲人歧视亚洲人我们还会觉得高兴？	Potentially
答主是女的都有人骂直男癌，真不敢想象答主如果是男的会被喷成什么样子(?￣?,??,￣??)	Potentially
有坏人都承认，有坏人做坏事也不是不让说，但是直接带上所有人难道就对了？台湾人都是诈骗犯？上海人都小气？北京人都老炮？广西人都爱砍人？地图炮就不对了吧	Potentially
很有道理？那我喊“河南人都是小偷” 有没有道理？	Potentially
看到地域黑，真心遇到过……在三亚玩不小心钱包丢了，去失物招领处问，问我哪的，我说河南的，有一个工作人员说：啊 河南骗子最多啦 你怎么还丢钱包啊？？那我我去偷钱包才合理吗……我的错？？？	Potentially
哈哈，我们河南人偷井盖，别让我见到这种人，否则他家方圆十里的井盖电缆我全给他扯走（嘻嘻(?˙︶˙?)）	Potentially
天哪，男生和女生说话都这么难听吗？火气这么大，我说的是评论	Potentially
偷井盖的不是福建的？	Potentially
你这个观点先不说行业对女性加入有没有偏见正推可以反推男性懂 的都在计算机高校吗如果不是女性为什么一定要加入受歧视行业才能算懂 ？	Potentially
男的玩软辅犯罪呢？	Potentially
现在知乎好像不少人都说香港排外？	Potentially
果子哥哥重庆话：蜜汁吵架合集 2_哔哩哔哩 (゜-゜)つロ 干杯~-bilibili重庆人吵架是不是都这么乐？这吵得起来？	Potentially
伪女权总是存在的，你怎么知道真女权不发声？更何况你还没回答我之前的问题，直男癌那么多也没见哪个男人去骂，他们把中国男人的名声都搞坏了，懂吗	Potentially
你这瞎扯些什么玩意？？女人虐童不用负责了？？奇葩	Potentially
种族歧视这个词不就是老美搞出来的？我国又没压迫过黑人，现在倒是黑人来我国添乱，	Potentially
而且你说人家觉得东方落后是地理原因所以不算歧视，那我说河南人都偷井盖也不算歧视了？什么斯坦福教授，哈哈，我看也就一地域黑，水平还没斗鱼弹幕高呢	Potentially
河南经济落后？gdp不完爆你湖北？	Potentially
没人否认健康的亚洲人在体格，力量上弱于健康的黑人和白人吧？如果智商上又没有区别，那岂不是亚洲人变成最劣等的民族了？亚洲人机体上优势是什么？	Potentially
哪来的优越感啊？生个混血白娃一堆人夸好看，反过来歧视黑人？？？？？双标这招国人玩的一直很好，女生找黑人引以为耻，男生找黑妞就引以为傲？？？男的找个黑人老婆生的孩子黑不溜秋的都tm上新闻了，也没见人去谴责，	Potentially
这群给团长解释说心情不好的是哪里有问题吗心情不好朝别人撒气，黑人cd？？退一万步说，鲸鱼差你这一半的破工资？？想给这点工资就息事宁人实数恶心	Potentially
敢说中国是世界上没种族歧视的地方，在那个国家一个非洲来的穷屌丝能比本国高富帅都x伙伴多？	Potentially
你这种整天黑人家骂人家，人家拉黑你都不行？为黑而黑真没啥意思	Potentially
必须给黑人学生好成绩，否则就是种族歧视？	Potentially
肏你 算侮辱女性吗？就一个骂人的话，还想说多好听？	Potentially
没有这么黑人的，国民党连沈阳都到不了，还挺进到黑龙江纵兵抢劫？	Potentially
我觉得吧，说了这么多，评论里也有那么多观点，最重要的是，爸爸要参与，为什么不能有家庭妇男？男性的就业歧视本来就少，做家务带孩子力气也大，而且妈妈孩子都生好了，奶也产好了，做个全职丈夫带孩子一两年完全没问题吧？	Potentially
在北京查个身份证就是歧视了，特别对于劳动改造过的人员，没有回乡办证这种异常行为多问两句就是歧视了，都坐牢了，还是那么脆弱，至于吗？	Potentially
为什么叫这个男的渣男？ 渣男的定义是什么？ 渣男不是玩弄女性的感情或者身体吗？ 还是穷就是渣？还是小气吝啬就是渣？	Potentially
是不是骂人不是很明显么？如果我注册个公司叫“河南有井无盖有限公司”你觉得是不是骂人？	Potentially
现在某些女拳是打算搞文字狱吗？	Potentially
看你是学生吓唬你，咋的他杀人不犯法啊？在东北你试试，把刀放他手里他敢动一下?	Potentially
为什么对拉美裔有负罪感？排华法案，难道对华人不更应该有吗？	Potentially
福建重男轻女且大多男的都妈宝男，直男癌，了解一下？	Potentially
动不动就田园女权跟风好玩？那说你直男癌行不行？	Potentially
黑人被歧视没有怪罪非洲老家的国家如何落后 只是团结一心上街游行来争取平权 争取不被歧视 怎么到了这帮香蕉人这里就只会转头怪中国呢？ 我觉得楼主说的一点没错 自己窝里斗不适应美国国情不团结呐喊争取小团体利益 反而觉得是被中国拖累 这帮人死不足惜	Potentially
你自己看看你自己的回复噢 只能说东北人讲信用的人少 你歧视的是一个没道德的人还是一群人？睁着眼睛说虾滑？	Potentially
女生可以拖鞋男生就不行，几个意思？性别歧视吗	Potentially
您是靠什么评判是不是直男癌的？	Potentially
你说的难道不是因为欧美国家及日本歧视中国人低劣，中国人又嘲笑印度人低劣的循环么？	Potentially
那怎么没有处男情节啊？难道女人就不怕被染上病？	Potentially
那是不是把皮肤染成彩虹色，才不会有种族歧视呢？	Potentially
实际上你看看数据就知道，我们河南省无论是犯罪率还是其他，跟其他各省比都没什么突出的地方，怎么到了现实和网络上，河南省就变成了坏人遍地走的地方？这还不能反应一些问题吗？	Potentially
不严重啊，我们除了歧视黑人和白人和不是中国人的黄人还歧视谁?	Potentially
“黑人犯罪率高是不是因为他们天生蠢呢？”	Potentially
穿着西装的西方人在一百年前就只是对中国勒索和抢劫，穿着和服的日本人在中国烧杀抢掠屠城，数以千万计的中国人死在日本人手里，西方人在中国这样吗？西方在上海的租界救过多少中国人你知道吗	Potentially
只想请问是歧视黄种人还是歧视白种人还是歧视黑人？	Potentially
这个问题就等于 广西人偷井盖吗？ 广东人什么都吃吗？ 日本人变态吗？ 美国人霸道吗？	Potentially
“你作为男人不该多承担一些压力吗？	Potentially
拿谭谈交通里的升斗小民跟美利坚犯罪率奇高的黑人比？	Potentially
所以你认为黑人不劣等？	Potentially
又没有强迫本地人喝什么，自己喝个热水跟本地习惯有个卵关系，按你这么说，到四川旅游不吃个辣就不尊重四川人？	Potentially
你这说的，为什么女的可以挑男的这里那里不好，男的就不能挑女的，还说这是在挑男朋友，言外之意就是男的挑女的就是事多，女的挑男的就是应该？	Potentially
拐卖妇女，罪恶的来源应该是买家，人贩子不过是中介，没有买卖就没有伤害，没人敢买了，还有人贩子么？	Potentially
嗨哟我艹，地铁上打架了说不是上海人，地铁上挨骂的就一口咬定是上海人，怎么着现在地狱黑和双标还可以融合的吗？	Potentially
这个社会对女性的歧视，尤以农村为重，对于女生，能读书就供，学不了就嫁人，对于男生则要安排买房娶媳妇儿，未尽责任的你们生孩子是干嘛的？这种畸形文化让人觉得寒心，即便女儿在外受了欺负，作为父亲也只是马后炮的人后示威，要你这种父亲何用？	Potentially
说白了大家都是中国人，歧视整个中国了？况且广东这么大的省就没人杀人放火？	Potentially
老实人是最容易受欺负的，不是不说，说了你们也不信，校园暴力老师肯定有责任，估计是怕社会混混北京硬才会导致，至于家？那还是个家嘛？	Potentially
啧啧，又是男的呗，男的太贱？	Potentially
[捂脸]性别歧视？？时代变了,现在是女的歧视男的	Potentially
你们广东人是不是什么都吃？	Potentially
你把这些条件代入白人和黑人，这就是赤裸裸地公认的种族歧视，为啥这个东西换成了女性 你就认为这不是歧视不是压迫呢？这么双标？	Potentially
其实基本情况都看得懂，就是被贱男一家的逻辑弄懵了，难道不是应该不离就不引，离才引吗？黑人问号	Potentially
台湾就不算我国的了？中芯国际的问题在于光刻机？从落后一代到落后三代，很有可能准备四代，问题是光刻机？差的是光刻机？说白了华为的主要因素就是华为设计能力太差，也不愿意去主动去做，能买现成的干嘛要去自己花钱砸，国内都这样，就这破毛病	Potentially
nba敢公开歧视黑人？	Potentially
你是想说东北人都经不起时间考验，与之交往最终往往得到的是他们的自私自满自大的本性是吗？	Potentially
当然是白人的种族歧视啦，一开始歧视黑人，然后黑人报团儿了就怂了，不敢明目张胆地歧视了，然后就歧视黄种人，因为亚裔力量小（不知道从哪里看出来哗众取宠，明明弊大于利:)他们那一帮就感觉自己是白皮儿的就纯洁高贵了似的？	Potentially
还真不是，白人敢踹一下，歧视黑人的帽子扣上就完了，被老黑打死都不会有人帮他，不得歧视黑人在美国是政治正确，就算心里歧视嘴上绝对不敢说，你让白人在大街上叫声nigger试试？给他一百个胆都不敢	Potentially
'但是真想不懂为什么重男轻女的人觉得女孩子就是赔钱货？敢问你爸妈养你赔了多少钱？你还给他们没？？？''顶	Potentially
男女分厕所也是区别对待，这种区别是谁歧视了谁呢？	Potentially
到底是男是女？开头说是女生，垃圾佬那段说两个男人手牵手？？？？	Potentially
广东人，算南方吧？反正恶心他	Potentially
村民是否触犯了聚众阻碍解救被拐卖的妇女罪？	Potentially
意思东北人打老婆，下手有点黑是么？	Potentially
华为这次确实该骂 P10确实该抵制 但楼主你这样说三星和华为还是有点有失公允 三星怎么突然变成小白兔了？“总是背锅”？ （黑人问号脸） 华为还有自己的5G技术 专利一堆 也不差 三星在其他元件上有话语权 这都不是同一个竞争领域 不方便对比	Potentially
你以为黑人兄弟在国内不畅销么？知道为啥会有easy girl这种说法？	Potentially
为什的男同更容易艾滋？	Potentially
来来来，你跟我说国际上怎么称呼台湾的？恶心你就是恶心你	Potentially
这种女生确实有点恶心，不说男的，女生就一定要小心眼吗？一定要搞那些有的没的，这是人品问题了	Potentially
落后？ 怎么叫做落后啊 你指的到底是地方的录音 还是北京这边的 你要说北京这边的你是真的接触过这边的吗	Potentially
期待黑命贵向基督教开火--凭什么天使的翅膀是白色的，恶魔是黑色的？	Potentially
看到这个标题，估计很多人会说，为什么各个地方都有好人坏人，为啥河南就背锅偷井盖、小偷？	Potentially
光会挨打求饶的男人就会被看得起了？	Potentially
所以，社会更容易接受低学历女性当全职家庭主妇咯？	Potentially
而且，说起来，很久以前，歧视黑人，歧视女性，歧视XX是当时的政治正确，对吧？	Potentially
男人出轨呢？要不要毒死男的？	Potentially
北京人好吃懒做，上海人精明小气一毛不拔？	Potentially
男人不包二奶？	Potentially
哪还分行业啊，只因为我们是女的就已经被歧视了，不信看看我们区发的招聘要求，文秘特么的必须得男的？	Potentially
真恶心,嫁不出去了么？中国没男人？	Potentially
哪里歧视？是粤吹非要把粤语吹到凌驾所有方言的层次被人打脸就是歧视了？那广东人也太玻璃心了吧	Potentially
女人就不能强奸？	Potentially
你脱单了？哪个男的遇到你也是倒霉	Potentially
混圈到底有什么意思？幼稚又恶心，搞那些什么cp之类的模糊关系，周围就有很多所谓的混圈人，又有男女朋友又有所谓的cp，不就是脚踏两条船了吗	Potentially
那些低素质，扰乱社会的非中国人不能强制遣返，永久拉入入境黑名单吗？	Potentially
最烦这帮yp上海是他们建设的，赚不到钱他们会来？赚着上海的钱享受着上海的便利还要一边说这是他们建设的，还要嫌上海人排外，还不让上海人说上海话	Potentially
你的意思是美国人不用买房？美国人孩子不用高考？每个人都哈佛耶鲁常青藤，拿到美国户口就一辈子人上人了？那美国的红脖子闹啥？亚裔为啥要反对教育法案？	Potentially
说中国人有种族歧视这个问题不是没事找事吗，汉族本身就够被歧视了，还要被挂出来嘲讽?	Potentially
讲道理约炮最恶心的地方就是女的会比较脏让我觉得比较害怕什么？你问我男的就不脏我身为男性不用考虑这个问题谢谢	Potentially
河南人和东北人被歧视的时候你有站出来替他们说话吗？	Potentially
你在说什么？wdb你知道是什么意思？是只一些吃着北京喝着北京却骂北京或是没有素质的外地人，你想表达什么？	Potentially
这是什么毒？只毒男的不毒女的？这是女权主义者炼的吗	Potentially
那些说亚裔没被歧视的是蠢还是坏还是又蠢又坏？	Potentially
我反正还是那个观点，说东方人种族歧视是他妈21世纪最大的笑话，东方人把黑人当奴隶买卖吗？东方人圈养黑人去摘棉花吗？东方人对黑人动过私刑吗？东方人把黑人关进动物园给人看吗？东方人搞过种族隔离吗？东方人限制过黑人的投票权吗？	Potentially
您认为举重就是摈弃了女性特征咯？？？娇柔女性才是女性咯？我可以认为您这是直男癌吗？	Potentially
我喜欢看大象用鼻子走路，6难道用鼻子走路的大象就会变多？说艾滋病问题我倒是同意，但是这跟腐女喜欢看gay有什么关系？难道她们还去亲自撮合男男了？	Potentially
浙江的对外歧视还好，哪里不歧视呢？	Potentially
没事，黄左说了，白人歧视亚裔又如何？	Potentially
生那么多孩子怪谁？对不起河南本就是人口大省，你这句话让人恶心	Potentially
祖辈被白人当奴隶当牛马，后辈不应当以怨报怨吗？就是要把美国搞乱搞脏，	Potentially
怎样把白人打入歧视链底层？[机智]	Potentially
这些女人都是什么垃圾货色？？我就想知道她们的父母作何感想呢？？	Potentially
北京的好人和坏人是两个极端，好的很好，坏的比其他地方都坏，是心肠特别坏的那种，不知道他当初是被人欺负了然后变得心理扭曲？	Potentially
因为只有两广人喜欢没事打架玩啊……你以为东北人会在街头打架吗？	Potentially
首先我一开始很素质的说话你一上来就喷其次你们确实是觉得恶心不恶心不管我的事就是看不惯你这种人 再者黑人不带脏字这种话难道没有听过吗？不然真是素质黑 然后的话教养是个好东西	Potentially
就是歧视黑人能咋地? 就歧视了	Potentially
地图炮不是不行啊，你黑河南人还举个例子，黑东北山东人例子都不举的？东北人杀你全家了？还是山东人把你绿了？	Potentially
当美国人看见亚洲人的打骂教育干与是因为是黄种人吗?	Potentially
东北人偷香蕉是没素质，广西人砸车就是真血性？qndy的吧，都是渣滓，还非要分个高下	Potentially
几十年前美国政府歧视黑人，因为给人起来暴动了惹出大事了所以就不应该向黑人们道歉给与他们相应的权利？	Potentially
还有什么直男直女，哎，现在的人是都弯了吗？明明直就是指异性恋啊，为什么成讽刺人的了？	Potentially
那白人日黑人奴隶是怎么回事？天龙人把女帝这样的当性玩具而已	Potentially
嗷，你非要这么说的话，女杀男的也不少，您这是要用魔法打败魔法？	Potentially
称赞能干就行了，非要贤惠干什么？	Potentially
北京骗子少，你能碰到？算是幸运	Potentially
如何看待环球时报报道美国亚裔遇袭事件后，美籍华裔记者喊话「中国官媒不得报道亚裔被歧视的话题」？,-,大欣V的回答,-,知乎	Potentially
女拳师：看不起谁呢？就许你们男人能强奸？	Potentially
那，blm怎么攻击alm呢？油管上叫嚣抢劫亚裔的是黑人呢？黑人在美国获得了超越公民权的优待，还不满足？	Potentially
警察致死是看地位的么？,别人家调侃你就信，警察打不打死人是看这个人的危险程度，黑人犯罪率就是高，警察盘查黑人时候就是有高度紧张心理，就是容易过激，这是事实情况，亚裔行为良好，没必要紧张，	Potentially
是啊，反正干坏事的都是外地人，卖大虾的是外地人不是山东人，给黑心老板撑腰的也是外地人？？？别人都是跨省去偷东西，去当民警？？？	Potentially
这也是性别歧视，为什么女生就不能干农活儿？能跟男生一样竞争农学研究生，就跟男生一样能下地干活儿	Potentially
硅谷码农一直都是直男癌五毛小粉红极端右翼啊，自己爬不上去就在知乎黑印度人，拜托大公司创始人投资人董事会不比你们清楚？你说人吹牛偷懒拍马屁，抱歉，这是本事，想学学不来	Potentially
麻痹，中国人还好意思嘲笑印度人强奸案频发吗？	Potentially
你这喷子，就知道胡喷我就问你，黑水是不是雇佣兵组织？他在中国开没开分公司？在新疆和四川建没建基地？中国没有外籍雇佣兵吗？	Potentially
这是什么狗屁道理，男人不工作还要求女的？？？	Potentially
打扰一下，同比公务员和教师哪个好？ 男教师会受歧视吗	Potentially
感觉好男人都光了好男人配坏女人？坏男人配好女人？	Potentially
我从德国来美国以后，觉得这里华人生存环境确实险恶，歧视严重，就连签证排期都是中国人排队，台湾人都不排队呢，没人觉得这也是歧视吗？	Potentially
和东北人打架？	Potentially
歧视黑人有什么问题吗？	Potentially
男生就要打篮球有肌肉能打架会骑车？？？	Potentially
用你60万的人均收入在常青藤人格测试拿个高分看看？军政商界出几个大佬？你自称researcher，一堆一堆的亚裔歧视文献看不见？开口国内人意淫？那就当你不看这些领域的文献好了，十几二十几岁的亚女配老白男拐两个路口就有，	Potentially
钻牛角尖就没意思了难道在男性看来就不合理了？社会什么时候这么以女性为标准了	Potentially
控诉东北的人很多，是谁在控诉东北呢？	Potentially
黑人真的歧视亚裔,之前在德国麦琴根奥莱买Timberland,，然后买的比较多柜台结账的那个黑人就忙不过来,然后我就自己也动手装进袋子里,结果骂我“don’t,touch,it,okay?chingchong,”旁边的白人小姐姐都懵了	Potentially
你踏马还真是坏透了，知乎上男的公然约炮的比女的多多了，怎么就专门挑女的骂？合着男的约炮正常，女的约炮才是下贱？异性约炮的里面必然有男有女，合着都怪女的是“女权表”？	Potentially
问:那些认为女性生孩子耽误事业但是女性能有多少事业?	Potentially
你这理解力怎么回事？这段和影子的生母是黑人冲突吗？说黑鬼就是故意激怒他，影子还要刻意控制情绪，这不就更进一步印证他妈是黑人吗？后面还提到他母亲死于血镰症，影子母亲的是非裔几率远比其他种族要大，按照后期访谈作者的态度基本可以石锤就是黑人	Potentially
不能再赞，说河南平均素质低下的，国家给了提高自身素质的机会了吗？	Potentially
河南全省都偷井盖？	Potentially
这倒不是，因为学历高的接触的优秀的人更多，大部分都不是北京人，歧视从何而来？黑人是自己本身不行，优秀的外地人可不是	Potentially
不嫁?大龄未婚女青年就业多受歧视你不知道吗？以前只能生一胎，已婚已育基本上就是个优质职场女性了，现在好了，	Potentially
我没明白你表达的是啥？黑人难道是因为简单死了一个人？难道不是平日里被压迫的怒火一下都爆发了吗？你觉得“遭的很”我觉得“好的很”，没有0元购，不足以撼动统治基础，	Potentially
全网为什么都在抹黑东北？还是非黑即白那种	Potentially
黑人不反对种族歧视，黑人反对的是歧视黑人，懂吗？	Potentially
并不是这样，说白了是因为 穆斯林 和 俄罗斯 在美国是不受欢迎的两个字眼，嘴炮再贱，他敢骂黑人对手喷一句猩猩？分分钟被赶出这个行业	Potentially
你的意思阶级越低，越穷，越没文化，就可以认可他犯罪？一百年前，中国也有那么多这种人，	Potentially
中国男同是自己繁殖的艾滋病毒？艾滋病毒是哪里来的？为什么高校是重灾区？再结合最近国家大幅度引进黑人，外国留学生？非要说没有关系？	Potentially
我是福建人 莆田人在本地名声真的也不咋地啊 而且大部分都有很严重的大男子主义 老话不都说好女不嫁莆田男嘛 还是有道理的(￣(?)￣)	Potentially
处男要求处女过分吗？还是婚后主义者，这么传统保守的一个男人在你口中就成直男癌了？	Potentially
我讨厌这个社会上的各种歧视和标签，作为男生，害怕节肢类昆虫有错了，男生就不能害怕蜘蛛什么的？	Potentially
黑人骂中国人，咋就扯到地域黑了？,有完没完，上海人根本看不惯trash,no,matter,white,or,black,好吗,以前我也遇到过这种事情，在华师大打球，洋垃圾骂人，还推推搡搡，本来打球碰到矛盾很正常，也没打算动手，	Potentially
黑人从奴隶到总统这几百年华人做了啥？	Potentially
男孩子不是有资格知道女孩子的过去吗？如果说真的男孩子看了以后不愿意娶他，男孩子确实是直男癌但是也不能欺骗他啊	Potentially
我说了地域黑是理所当然吗？那你觉得东北为什么被黑？你说呢？	Potentially
但你知道现在的人为什么歧视黑人吗？网上查查黑人来到中国后所做的暴行以及法律对他们的判决之轻你就知道了	Potentially
白人歧视中国人 中国人不照样也是歧视黑人？ 歧视别人跟自己有没有被歧视有个屁关系 底层人反而更爱看不起人	Potentially
你看过100t的比赛吗？谁顶个歧视黄种人的黑哥辅助能带的起来？	Potentially
我是沈阳人，被衡水农村女同事问，你们东北人是不是都大舌头？	Potentially
错了，其实是我们没有政治正确的观念，不喜欢就是不喜欢，我们不喜欢黑人就是歧视黑人？那我喜欢狗不喜欢猫就是歧视猫了？说到底就是他们完全不符合我们的审美，从心底的恶心和不喜欢	Potentially
真是莫名其妙，魏怎么就歧视女性了？？？？？	Potentially
他说的是事实，难道你还想证明昂撒人和黑人体味不重？	Potentially
歧视黑人不对吗？	Potentially
确切的说是家暴的男的，你直接来一个打女人的男的都是废物，假设女方有严重过错在先呢？	Potentially
作为河南人，偷啥井盖？挖什么电缆？我们就是分分钟掉井里和断网线	Potentially
那肯定是啊，你凭什么就觉得女性被动手动脚就是猥亵，男性被动手动脚就只是开玩笑？男性就活该被这样子对待？	Potentially
中国制度怎么对待女性压迫了？呵呵中国传统无非就是重男轻女，据我观察母亲更容易重男轻女，你结婚以后对你女儿好一点不就好了？五十年代教员就喊出，妇女也能顶半边天了，还搁着国情呢？我举例确实不对，因为美国黑人确实被压迫了，被奴役了，现在还是没改变	Potentially
台湾的17好一点……话说这玩意就不该赚钱，靠讨好观众赚钱能不自个恶心么？	Potentially
我从来不搞种族歧视，如果是真爱女孩子嫁给外星人我都支持，但是嫁给黑人，明知道非洲不太平，那老海人有艾滋病，生活作风有问题，违法乱纪的那老多，还敢以身饲狼，脑子呢？？？？不管嫁谁，得有文化吧，得接受过教育的吧，得有稳定工作，	Potentially
就这样，田园女权还跑出来恶心人，我寻思着骚男都被家暴成什么样了？被家暴离婚，财产全给了施暴方，就这样还不放过他？	Potentially
我“不赞同黑人和白人种族平等”， 我“不歧视黑人” 不歧视为什么你不赞同？为了看别人活得多辛苦？	Potentially
我歧视黑人是有很多客观理由的，不是主观臆断带有偏见，这种歧视有错吗？美国白人心底里歧视黑人，却被政治正确蒙蔽双眼，这样问题永远得不到解决，说到底，黑人族群里不上进的人太多了，	Potentially
没看懂？男的是甩手掌柜的吗？就让女的干活，他不能干活吗？	Potentially
那么请问黑人怎么你了？抢你钱了还是把你咋地了？至于美国黑人做了什么，跟非洲黑人有啥关系？就因为皮肤黑，就该被歧视？美国黑人也是在那种环境下培养出了好逸恶劳的性格，但是在中国的黑人吃福利了吗？中国有福利可吃吗？	Potentially
未成年男子组合被暴力被骚扰？？ 天哪，韩国娱乐圈真可怕，我现在心很慌	Potentially
你是指那些住在马路边帐篷里天天被抢劫被枪击的黑人过得比大部分东南亚人好么？你应该去趟东南亚,这才过去二十年,当年什么叫亚洲四小龙都不晓得了	Potentially
高端地域黑？你别说自己是江西人了好吧，会招黑	Potentially
我记得一个很好奇一个事情，支那泛指的是对于整个东亚黄种人的侮辱词，就算范围缩小到整个中国，也包含了他们，难道他们自己骂自己还不自知？舔着人老外骂他的词来骂人，搞笑[飙泪笑][飙泪笑]	Potentially
日本人招你惹你了?平白无故骂人家干什么？	Potentially
黑人被歧视没有怪罪非洲老家的国家如何 只是团结一心上街游行来要平权要自由 怎么到了这帮香蕉人这里就只会转头怪中国呢？ 我觉得楼主说的一点没错 自己窝里斗不适应美国国情不团结呐喊争取小团体利益 反而觉得是被中国拖累 这帮人死不足惜	Potentially
差不多，这就是我的看法，黑人为啥这么多篮球明星啊？还不是因为不打球就得混帮派，说不定哪天就被人打死了，你叫他们去当律师医生，那种天生就没爹的单亲家庭，生长在暴力街区里，能读好书都有鬼了	Potentially
东北三省每个省口音都不尽相同，你这里面说的春晚也是针对部分东北人的段子，你要求不能拿福建人的段子开玩笑却用这个中伤东北人，黑人文号脸？？？	Potentially
是啊，那是谁先说的女司机撞人多的？我猜你一定对这种歧视女性的发言视而不见吧	Potentially
所以要用这个绑架女性？？男的怎么嘴贱女生都要忍着不能怼？？？	Potentially
如果同性恋符合自然，那么如何解释男同得艾滋病的几率更大？	Potentially
新亚裔阶级上确实比大部分黑人强，但是唐人街那帮老移民被你排除亚裔范围啦？真正被黑人肢体语言暴力欺负最多的都是他们，而且新亚裔再怎么鄙视黑人也没用啊，走路只能绕开黑人聚集区，	Potentially
有个问题，为啥中国要放宽对艾滋的审查力度？	Potentially
这不科学，为什么还有那么多黑鬼朋友能勾搭上Easy,Girl?	Potentially
劝告放弃歧视黑人就得去晒黑皮肤吗？	Potentially
所以一个亚裔受歧视就应该委婉的提出而不应该大声说出啦？	Potentially
华人刚去美国修铁路还没黑奴待遇好呢，还不是勉强熬出来了，一个只知道一昧抱怨而不关注自己现状的人群，是永远也不可能解决自己问题的，美国非裔犯罪率比欧裔高几倍，难道自身就没有问题么？	Potentially
本来不想评论，结果左壬,@伊利可汗,今天还挂我，你这不是作死么？,黑人辱骂华裔、殴打华裔、抢劫华裔、杀死华裔，我没见你说一句话，现在黑人在上海辱骂国人20分钟，怎么？又想给这位挨骂的女士扣上“高华”的帽子？	Potentially
先不说这话有多蠢，就冲这话，你绝对不是东北人，敢不敢把东北换成你家乡？还有，你敢去东北说这话不？不说去东北，你敢当着东北人的面说这种畜生都说不出来的话不？	Potentially
越是“女拳斗士”，对女性的偏见歧视越强烈,女拳在中国真没必要，没有的东西才去叫唤，中国没给女性权利吗？前几年宪法甚至规定强奸罪只能给男性定罪，这还不保护女性？女性已经有了权利了，偏偏有些人还要去要求更多，美名其曰女拳，	Potentially
天天地域歧视的人，有闲工夫去重视种族歧视？	Potentially
没问题，你可以公开发表一下：黑人犯罪率高，本质上是受教育低的群体犯罪率高，所以本质上是黑人受教育水平比较低，balabala…… 看看你得到的待遇是怎样的？	Potentially
我就一个问题，农民坐地起价，你为什么要买？本来就是自由市场，烂地里有烂地里的道理，你抢着买了，自然就升价，你这样开地图炮，和“河南人都是小偷”有什么区别	Potentially
这不就是抹黑女性？	Potentially
黑人在哪里？被谁？为什么被歧视？	Potentially
把女人肚子搞大就跑路的黑人到处都是，如何解释?,是祖上八辈当个奴隶吗?	Potentially
她为什么不谈黑人为什么去抢劫杀人呢，人种问题吗？	Potentially
人家也没说白人就当看不见吧？既然白人杀人抢劫要被骂为什么到黑人这就不该骂？我看美国最操蛋的一点就是现实中白人高黑人一等，政治正确上是黑人高白人一等，从来没有过平等	Potentially
凭什么那些臭男人没了，就叫绝了？女人不是人？	Potentially
上海？哈哈哈歧视外地人还好意思说？	Potentially
不是你那个强奸犯的例子才是类比不当好吧存在女性并不能推出强奸犯的必然存在难道不可以只有女性没有强奸犯吗？	Potentially
黑鬼翻译还得打码了？	Potentially
啥叫“白人为主”？ “白人为主”就不允许任何非白人有“高地位”？	Potentially
我的三观还是很中立的，对于歪果仁，主要还是看事情，但是对于黑人我就极端了，我们中国女生大部分都被那些easy girl带翻了，你知道我上次出国一个歪果仁怎么说的嘛？说我们中国女人基本都是公交车，还用挑衅的语气说的，我听着就很气	Potentially
我老婆知道，你当女人都是傻子吗？	Potentially
男的就是滥交，女的就是不爱惜自己？那你一定是女的吧？呵呵	Potentially
感受到歧视正常人难道不能反击吗？反对歧视和给歧视洗地的甚至不能说是同一批人，而两批人里我相信肯定是两类性别的人都有，为什么要优先攻击同国籍异性而不是回击慕洋犬？你这样做和微博女拳意见领袖的逻辑又有什么区别？	Potentially
大鸟？被男人侮辱了？	Potentially
你遇到过种族歧视华人的事情么？当你受辱的原因只是因为你的黄皮肤，黑头发，中文的时候，你是什么感受？辱华这件事，再小都针对的是整个中华民族？？这就已经和 蔡徐坤等人的事情有本质的区别了？你是中国人，但你说这些话，你真的认同你中国人的身份么？	Potentially
男同性恋真的比较容易得艾滋病么？	Potentially
你认识好多传播艾滋病的黑人留学生，他们每个人都跟你说他们搞了多少个你算的人均？？还是你认得好几百个被搞的妹子她们跟你说她们被谁搞过你给那些黑人们算票数再算人均？？	Potentially
北方男人咋的？这也要地狱黑？	Potentially
你不觉得性侵说很站不住脚吗？正常女人谁会生下强奸犯的孩子，你老婆感到亏欠说明尚有良知，而你还替她辩解不是她的错无异于自欺欺人	Potentially
住翠湖天地的歧视住浦明路的？	Potentially
江苏哪里如此落后？	Potentially
黑人种族歧视问题是敏感 你怎么不去骂黑人？这边连夸个中学生都要踩女大学生 你就过来骂女权 归根结底还是女性没黑人拳头硬呗	Potentially
Mandarin就是普通话的意思，还有指中国政府的意思？满大人这个反派可是一个字母都没改，背景更是傅满洲，还不够辱华？johnny english是反派？有种族歧视的背景或讽刺？有单独使用english来种族歧视？我想问你有脸吗？	Potentially
无色透明看都看不到，难道女性在你眼中的形象就是看不到的么？这是对女性的忽视，你个直男癌（滑稽）	Potentially
湖北人武汉人被骂被歧视理所当然吗？你怎么知道我不是被辱骂者？我是武汉人，现在在武汉，欢迎你们来武汉，懂？	Potentially
能嘲讽人圈子有问题我不能嘲讽四川人有问题？吃火锅吃辣吃出优越感的我遇到的可只有四川人 所以四川的傻逼就不是四川人？强行开除四川籍？不打交道疏远了我一样可以嘲讽这几个四川人有问题 怎么了 不爽了？关我屁事	Potentially
这还跟她说抱歉?她受到什么损失了?她指示那几个男同学不是她自己做的孽? lz你作为一个男人要自立，被别人坑成这样，别人什么损失都没，然后一心贴冷屁股	Potentially
搞笑了，你美的言论自由一知半解还敢在这秀呢？骂领导人可以但是敢歧视黑人穆斯林你的职业生涯就凉了(为什么歧视华裔没事，呵呵，还不是像您这样的理中客惯的)	Potentially
我想知道黑人一个在西方社会被白人歧视的种族地位哪里高了？	Potentially
什么原因歧视我们中国人呢?我想一定不是因为我们中国的留学生在欧美享有学伴和各种补贴，一定不是因为中国人在欧美有特权，一定不是因为中国人的犯罪率比黑人低	Potentially
哪有女拳啊，这不都是南拳吗？评论区全是骂女人的，	Potentially
公正？男的死的远远比女的多你跟我说这事公正？你跟我说那些死了的男人是强者？死了的强者？	Potentially
等于说你歧视黑人？黑人不能泡妞？	Potentially
我想说中国人种族歧视，民族歧视都不重，在新疆少数民族和汉族相处超级融洽，至于种族歧视，你什么时候看见中国人对外国人人身攻击过？倒是有外国人在中国马路边强奸少女	Potentially
就算有一些恬不知耻女人要玩男人，也不至于找一个渣子吧？再说了，都是奔着结婚去的，女方被骗了而已	Potentially
男性也是被男权？	Potentially
你这句话很恶心，男性在你眼里就很容易吗？	Potentially
所以河南人被人歧视也是自己活该咯？	Potentially
平等还没做到过度保护不应该吗？黑人被奴隶的历史也是抹不掉的啊，这个有什么？	Potentially
就别人嫁给黑人白人跟你们有什么关系，值得开个帖子来说吗？娶国外女性的男人你们要不要也批判一下？虽然我不喜欢黑人，但是别人喜欢哪国人是别人的自由，出了事她们自己会承担，你们有什么资格指手画脚？	Potentially
如果是男的发现女的有病就离婚那就是渣男是不是？	Potentially
偏激 日本人造假有中国多？至于你所谓黑社会不犯罪何以为黑社会那就是文化程度的问题了 知道上海的青帮嘛 知道它当时做了多少好事嘛	Potentially
啊这，日韩这么歧视黑人怎么还有黑命贵运动?	Potentially
日本当年经济块超美国了，现在还不是崇洋媚外？	Potentially
女人被强奸了不就是没保护好自己？	Potentially
那么你来说说黑人给世界做出了什么科技方面的贡献？别和我说什么黑人被奴役，人类最早就生活在非洲，搞不出像样的文明你还有理了[发呆]	Potentially
黑人枪杀别人犯罪了，我还要发动态说严惩黑人？这种行为本身不也是种族歧视？除非是白人也遭到不公平对待，詹姆斯却不发声才有说服力好吗	Potentially
这会儿真想邀几个整天在知乎上提问：“为什么中国男人配不上中国女人？”的伪女权婊过来看看 看看这些中国爷们儿 哪点配不上她 虽然我这里说显得有点不合时宜( ????? )	Potentially
这是对女生的高级黑？？	Potentially
骗子一般不都是男的吗？玩得这么嗨	Potentially
所以好汉的汉也是指的男生咯？108好汉还有三个巾帼呢，你们才是歧视女性啊	Potentially
那么黄种人能骂黑人嘛？	Potentially
悲哀，资本是瞎子吗？捧一个坏的这么低级的女人？	Potentially
可怜什么？看新闻没有 中国艾滋病发病率翻了两倍 男的居多 有专家分析 男同是主因 网友们猜测 是不是接盘侠接完帽子 接艾滋 对了 联想最近中国黑人留学生猛增 细思极恐 （在别处看的）	Potentially
在这笑?这是个歧视亚裔的动作	Potentially
为什么会对某个地方的人有偏见？难道不是曾经被某个地方的人伤害的很严重才会这么深恶痛绝吗？还是做好自己，用实际行动告诉别人河南不是全都坏人吗？	Potentially
不是我地域黑，东北人就这么没素质的吗？	Potentially
那歧视黑人的中国人是不是也可以算“香蕉人”？	Potentially
我就纳了个闷了谁规定女性不能脏话？还是说脏话的女生不是好女生？	Potentially
女的就非要被男的操？？真他妈好笑你把同性恋放哪了？直男癌真恶心	Potentially
偷井盖的是河南人好不？	Potentially
我在想，美国13%的黑人贡献了55%的犯罪率，你让美国警察怎么想？	Potentially
每个女的都被强奸过？	Potentially
这么说的话，看看每年盗窃诈骗多少河南人，被黑不是无缘无故的空穴来风，工厂不要河南人难道是他们想给自己找麻烦嘛？还不是被河盖们偷怕了，为啥人家没不要山东人？没不要湖北人？没不要四川人？单单不要你河南人？光说别人地域黑难道都不从自己身上找找原因么？	Potentially
木乃伊3对吗？把我恶心死了，又是美国佬带着中国女人打败邪恶的中国男人，wdnmd，还把我们的千古一帝秦始皇描绘成西方的邪恶破龙，wrnm[白眼]	Potentially
黑人受教育程度是不好，白人也的确占了精英阶层的大多数，但这样就能说明白人挖坑了？你咋不说黑人底子薄，我是不是在这证明出来黑人受教育程度越来越高，就可以说明你在胡说八道？平权运动，	Potentially
敢问你是不是真不知道死在英国和美国的黑人死了多少？ 整个奴隶贸易中被贩卖的黑奴死了多少？	Potentially
一直不明白,在中国为什么要拿英文和他对骂？,不会拿中文怼死他？或者直接假装听不懂,给他抓住？	Potentially
另外，你的流氓逻辑就是，为啥男生花的钱不能统计到男生头上？男生给女生买东西就不是花自己的钱？就是偷就是抢了还是怎么的？你自己心里没点数么？	Potentially
按这道理欧美歧视华人也是理所当然吗？	Potentially
婊子难道就没有错了吗？从你的描述里能看出虽然男生很过分，不过女生也不是什么好东西，你一直只在描述男生的行为，回避女生的做法，就是在推卸责任	Potentially
这么喜欢女人的男性，一般不会感染艾滋的，男同概率90%？？？	Potentially
为什么只有妇女，没有妇女的对应词？感觉这个词就是故意创造出来恶心人的	Potentially
男的骂女的是垃圾，放微博上还不被冲到封号？	Potentially
现在因为要男方买房子的事情已经把女的骂成什么样了？拜金卖身什么都说的	Potentially
天津工资低土著素质低环境脏乱差你干嘛赖着不走，在这渡劫呢？	Potentially
白人黑人体味一样？黑人特别是女生,体味大的离谱好伐	Potentially
为什么同样的植物园，黑人奴隶受得了，偏偏现代人就受不了了？[好奇]	Potentially
是像如果黑人犯罪率高就把黑人全杀掉一样嘛？	Potentially
男的得艾滋怎么都是同性恋的原因？没有男女的么？	Potentially
怎么就最毒妇人心了，虽然我也觉得这个女人很恶毒，但是这个答案下面讲的犯罪案件很多都是男的在做吧？	Potentially
照你这个逻辑来看，反对非处不娶男的，就都是非处，就没有处女了？道理讲不过开始暗搓搓的人身攻击也真是666	Potentially
田园女权会跳脚？田园女权恨不得跪舔白人，让它们冠上白人的姓，	Potentially
我想问你老婆有工作嘛？我还想说，好男人全让渣女遇上了，好女人碰的都是渣男	Potentially
伤个鬼，这言论不是出自女德课吗？精液还是水蛋白质氨基酸组成的，怎么可能有害[飙泪笑]不成科学依据啊，毒理检测没为这个功能，希望专业的医生护士解惑一下哈	Potentially
难不成你觉得女人歧视女人不算性别歧视？	Potentially
你觉得不适，嗯，但是，那些叫嚣着中国男人不配娶中国女人的女生，，，她们岂不是更叫人不适？	Potentially
旁边这几个男的恶心不恶心？几个女的打一个女的满脸笑容在看戏，看到这几个女被打最后去拉架？	Potentially
講真，說他不像女人的話，真挺侮辱女性?	Potentially
东北还排外？你怕是一辈子就去过东北吧	Potentially
但是你们的护照上为什么还要有 Taiwan？是不是歧视没落户台湾的人不配有roc国籍？或者是拿了国籍的人就必须要当台湾人？	Potentially
兄弟，我是高级黑啊，这年头还有谁歧视黑人啊？	Potentially
其实我想问，就是男的去p不怕脏吗？不怕艾滋？不觉得膈应和恶心吗	Potentially
为什么国人需要接受中国女孩被黑人祸害成为其泄欲的道具？	Potentially
黑姐姐怎么了？歧视黑人吗？	Potentially
警察过度执法？跪杀一个有着犯罪前科的黑人？一个吸毒的黑人？一个吸毒又用假钞的黑人？	Potentially
你被河南人骗过？	Potentially
就像上海人也歧视上海人？	Potentially
美女死了上新闻，丑女死了谁关心？另外，漂亮的从小就被旁人宠着，丑的经常受人冷眼，所以心理素质有差异也正常	Potentially
新疆人？你们家是卖羊肉串的，还是卖切糕的？不会是东突吧？	Potentially
你这个吃人说的来源是何处？我看到的资料说黑人之间的战争取得的奴隶也只是作为生产工具，吃人只有巴布亚几内亚的雨林部落，因为缺乏肉类而吃人，	Potentially
白人不好看？皮肤差？狐臭？黑人胯臭？	Potentially
北京人歧视外地人？题目怎么得出的结论？我觉得楼主的回答很符合	Potentially
敢问兄台哪里人？中国礼仪发源地山东若是野蛮落后的地方，那你那地方岂不是茹毛饮血，畜牲待的地方？	Potentially
你怎么就知道是河南？这种主观臆断的地域黑的狗比那些见死不救的村民又有什么区别？傻逼	Potentially
黑人还好意思歧视中国人眯眯眼，卧槽??	Potentially
如果有部分底层男性真的受到压迫，那压迫他们的也是高层男性，关所有女性啥事儿？	Potentially
河南人被地域黑最严重，河南人偷井盖··这多大的事？	Potentially
你所接触到的，就可以用来代表规则？因为你接触的黑人都暴力，所以程序上限制黑人就合理？	Potentially
要没这事那男生不就被当做抠门男被嘲笑被鄙视被抛弃了吗？	Potentially
中华文明已经失去进取和影响世界的信心了吗？只要是不在中国大陆出生和受教育，就是“香蕉人”？对自己的后代用如此恶毒种族歧视的语言描述？	Potentially
为什么会地域黑，还不是东北人有一部分素质极差，抹黑你们东北，怪我们地域黑了？	Potentially
你有想过当黑人在美国公开侮辱华人时，你和他的处境是一样的？	Potentially
歧视黄种人也喜欢？	Potentially
现在的社会都去替没钱男人指责女性拜金，那有没有人去替女强人指责男性拜貌呢？	Potentially
？论落后，比广东非珠地区落后的地方很多吗？	Potentially
？？？河南招您惹您了 这么大怨气只能在网上当个喷子？	Potentially
真恶心的论调，这都能怪老婆，男的是没有思考能力吗，老婆让他怎样就怎样，这和被强奸了还要怪女生穿的少有什么区别？？	Potentially
是不是以为自己掌握了女权密码？任何争取权利的组织都是在压迫下出现的，当代中国社会真没那么压迫女性了，很多时候男性都会变成地位更低的一方，你这种强行解释真的没必要	Potentially
[好奇][好奇][好奇]怎么都是直男？这样的女的不配拥有存在感？	Potentially
我们逻辑如此相似，你还敢说你不是直男癌？	Potentially
近代中国人对自己种族灭绝？奴隶制？我杀我自己？	Potentially
她想被包养？女人处于嫉妒？	Potentially
如果亚裔男在美国和白人女结婚，还会被歧视吗？	Potentially
高吗？白人认为黑人就只能当奴隶，是黑人一步步流着血才慢慢争取了一点点微薄的权利，白人的国家先天就排除黑人，只能在社会最底层，除了极少数，绝大多数人上升通道早被堵死了，黑人的唯一出路就是回到非洲大地，	Potentially
评论那些说女权的是什么恶心东西？？？还有些女的评论三观简直震碎我，你离了男人不行？必须找个男人生儿子才能活下去？？？跟那个男权狗正好是一对吧	Potentially
？？？没男权了就不需要女权了啊，女权目的不就是这样吗？	Potentially
不去改变女性在职场上受到歧视的现状，怎么提升女性收入，让女性不再那么依靠男性？不去改变农村重男轻女、用女儿的彩礼给儿子娶媳妇、不给女性继承权的现状，怎么改变要彩礼的风气？不提倡女性自强自立，	Potentially
警察当时怎么知道他劣迹斑斑的，就算知道又怎么样，黑人群题犯罪率高、他有前科就可以在无反抗能力的情况下被警察杀死吗？不经过法院审判，	Potentially
新疆人:？？？	Potentially
除非说性别对立的人对国女说不要搞性别对立而不是对国男说这话，你不怼搞事的女拳反而去堆受害者？	Potentially
中国女性平均收入是低收入女人拉低的，但是低收入女人和我有什么关系？[好奇]家暴男和你没关系，低收入女就和我有关系？	Potentially
按你这逻辑…黑人都是杀人抢劫犯，那高校附近的农民工敢情都是强奸犯了？？	Potentially
你们这样把无辜得人牵扯进来有什么意思？你们还有人性吗？口口声声说罗武是骗子，你们呢？没听过祸不及妻儿吗？你们这样把照片公布出去，就这样抹黑人家、你们跟罗武有什么区别？	Potentially
不去问黑人为什么要在中国创造矛盾，来问我们低等小黄人为什么要求媒体发声反抗？？	Potentially
「很多河南人都偷井盖，很多广东人都吃小孩」，你觉得河南人会爽？广东人会爽？（因举此例向河南人和广东人道歉）	Potentially
是说男的嫁女的吗？女嫁男，男方不是有宅基地吗？	Potentially
河南人被标志全国偷还不严重吗？？？？哪里都有小偷，别地理标记，虽然说要实事求是，但是很多无辜的河南人在外地受歧视也很无奈	Potentially
种族歧视怎么了，只允许别人歧视我们，不许我们歧视黑人白人？	Potentially
换一个问题，美国的黑人，需不需要为当年的奴隶制承担责任？	Potentially
强行女权？	Potentially
男性画女性都充满了性暗示和肉欲？肤浅？一棒子全部打死真的大丈夫？	Potentially
好家伙 外地人直接成黑人了 ？尊贵的上海白人这是受了多大的委屈？ 真要这样 贴吧上海吧的人不得全被起诉种族歧视？ 外地人也没叫上海本地人不说上海话吧？但是，起码的交流要求说都能听得懂得普通话有什么问题呢	Potentially
不需要摇号？那北京，上海岂不是赚大发了	Potentially
印度强奸频发，难道是因为印度女人穿的暴露吗？当穿着保守成为主流，激起男人性欲的标准也降低了，个人道德问题而已，别一棒子打死	Potentially
您认为是阶级问题，那么您是否认为拜登专门强调打击反亚裔仇恨犯罪是在用处理种族问题的思路去处理阶级问题？	Potentially
黑人为什么犯罪率高呢？	Potentially
父权对男性的压迫难道不是写进教科书的吗？	Potentially
只要不符合自己的看法就是男x，歧视男性呢你？	Potentially
太恶心了，广西是什么法外之地吗？	Potentially
你是真的不了解历史，不说其他地方，就是海地为什么现在都是黑人，因为原住民都被殖民者压迫死了，从非洲运的黑奴过去才变成了这样，他殖民你，还管你死活？[思考]	Potentially
别说非洲黑人了，你换个国内长得黑的普通人，不一样觉得恶心并反对么？本身就是审美问题，其实和国籍种族关系真不太大，	Potentially
那你这就是歧视女性玩家？[微笑]	Potentially
我突然想起来我多年前看到过的一个问题，外国人也算人吗？	Potentially
我在想歧视黑人和歧视我们同性恋的区别在哪里，比如看到一个黑人就会默认他们犯罪，看到一个gay就会觉得他有艾滋？	Potentially
台湾人 真正被大陆统治也就二十多年 孤悬海外 吴越呢 文兴教化 有什么资格说独立 说独立的对得起祖宗？垃圾	Potentially
男生自己不够卷还赖女生？	Potentially
因为你的回答逻辑就有问题，没有人告诉你黑命贵是意译BlackLivesMatter，你的靶子打向的是稻草人明白吗？另，要么蠢，要么坏这句话算是知乎的常用语，主要用来攻击某些公知，	Potentially
北京？我不是黑，去查查去年的杀人奸尸事件	Potentially
为什么这个问题下面高票都是仇视女权，轻视女性的？	Potentially
排，讲得好像中国真平权了似的，本质还是个男权社会，出生挑选，就业歧视，家庭暴力的主要受害群体还是女性，难道这些现象的加害者都被伤害过了才这样？传统美德而已	Potentially
罗需要靠性侵和嫖娼？？？全世界几个女人能拒绝 罗？？？	Potentially
凭什么要设立男厕所和女厕所，为什么要强调”女“厕所，女人哪里需要被区别对待了？	Potentially
黑人地位高在哪？ “我们好爱黑人啊”然后把黑人当街跪死？	Potentially
最假的就是台湾小哥，台湾人对大陆人什么看法大家心里没点数？	Potentially
难道约过炮的男的就不恶心了？我是男的	Potentially
改机制是真的恶心 以前AP蛮易信 AP塞恩 各种换出装 套路 甚至一个英雄选出来他打什么位置你都得想想 然后拳头爸爸不乐意了 这和我们设计的想法不同 就直接把玩法砍没了 真是黑人问号 游戏的乐趣不就是玩法的多样性和不确定性吗？	Potentially
猥亵受害者涵盖男性还是近几年的事呢 怎么不说说男性被女性性侵呢？	Potentially
我没说不能穿越，恰恰就是因为能穿越台湾海峡，凭什么不去征服？这么近的都不去征服提更远的美洲有什么意思？你为什么不吐槽美国不去殖民半人马座简直对不起现代人类……	Potentially
谁说北京不排外的？	Potentially
都是中国公民怎么不一样了？就因为少数民族所以高贵？	Potentially
我们都搅基了还要像蠢直男一样被女权捆绑受女人摆布？滚蛋吧您	Potentially
对啊，如果在说种族歧视，那白人怎么肯换成黑人身体呢？ 如果黑人是高贵阶层的话，反倒说得通了……	Potentially
哟哟哟，人黑人和私生子一个分量的？人黑人也破坏人家庭了？	Potentially
那你在这歧视男人干嘛？真是双标	Potentially
这题是逼着大家把女性权益的问题，归罪给高学历女性做全职主妇么？我怎么看着一个个回答都很是义愤填膺，就差直接说——中国女性地位低下且久久无法得到法律支持，	Potentially
吃苦耐劳？你是说广州那三五十万偷渡来的三非黑人吗？偷渡、传播艾滋病、贩毒、诈骗就是“吃苦耐劳”？	Potentially
如果白人因为奴役黑人不能说黑人不好，为什么现在中国也有很多人觉得不能说？	Potentially
看评论看得我想要黑江西人玻璃心了(?_? )	Potentially
问题来了，为什么黑人犯罪率在美国就居高不下呢？美国如果是一个正直公平的国家，	Potentially
反驳一条，女化怎么也变成了应该被抨击的，难道真的只有男性化的才是好的，女性化的就是低劣的？	Potentially
你们觉得东北人打架不厉害是因为千禧年之后警察厉害了，东北人打架讲究单挑好吗，南方人是群殴，一定要比一下？呵呵	Potentially
作孽的是他们，凭什么问候他们母亲，关他们母亲什么事？是他们母亲干的？现在有些男人都是些什么玩意儿	Potentially
个人觉得，您觉得国外种族歧视多么多么严重，有点类似于台湾人觉得大陆人吃不起茶叶蛋？	Potentially
瞎说，外地人最喜欢上海人了，不信你们看，嘴上说上海排外媚外，但是身体很诚实还要来上海读书，不怕被排外?	Potentially
早点回家？女性就没有回家自由吗？女拳警告（狗头）	Potentially
河南人没拿你怎么样吧，拿井盖砸你了？没必要说这句话吧	Potentially
为什么现代男性受歧视的现象总被忽视？	Potentially
所以歧视黑人就不会有问题了？	Potentially
我也是这样认为啊，但是为啥要教育女孩这样那样呢？不就是预设男人都是强奸犯吗？	Potentially
你这有点矛盾？如果有人歧视黑人这算什么？你讨厌的人？	Potentially
你如果真关注广州珠海那个新闻，你再去看看知乎的那个问题，已经有人跟记者求证了，偷井盖的不是河南人，自信点好么？	Potentially
给黑人男友带毒品，我怎么没见过给黑人女友带毒品的？逆向名族主义在你眼里洗白了呢	Potentially
把美国批得一无是处美国就真的一无是处了？至少在未来很长一段时间内，美国依然是世界的灯塔国，你觉得美国搞出了诸如新冠 黑人暴乱等幺蛾子，就是那么容易超越的了？？主流媒体是要渲染爱国情绪，所以你就跟着人家走进入盲目自信阶段？	Potentially
我其实很好奇，为什么男同这么高的艾滋比例，而女同没有这么多？有什么特殊原因吗？	Potentially
上海的老太太老头真特么的没素质，还吴侬软语呢，看你们喊叫起来的时候都不用带喇叭，不排队，乱挤人？	Potentially
？男的普遍比女的丑？还是小允子丑？	Potentially
睁眼说瞎话的台湾人总是不缺的，您想怎么洗那些歧视大陆人的新闻？话说你们我很好奇你们从哪里找到的歧视大陆人的资格和实力呢？	Potentially
你敢性别歧视？男的就不能脱裤子辣	Potentially
你的类比有问题啊女性被强奸财物被盗窃都是非自愿的可嫖客不是刀架在脖子上逼他们去嫖的吧？	Potentially
日本男人躺平不就是女性地位低下的结果吗？	Potentially
我就讨厌黑人，歧视咋了？欠黑人了？	Potentially
女大学生咋了？女大学生对电脑不感兴趣不行？女大学生就不能为别的爱好付出努力？？？	Potentially
不怕他打走，难道让他拉着中国一起沉到地狱去吗？看看现在的台湾，战斗力负数的蠢货，到了台湾还被人家民进党搞的半死不活，丢人不	Potentially
男性什么时候被放到乳胶衣里面，插鼻饲管进食，十几小时不让上厕所，还要满足别人兽欲了？	Potentially
所以就可以说河南人都是偷井盖的？这不就是开地图炮吗？	Potentially
我看完了你们的对话，但是即使在那样的环境下我一样会选白人，因为我单纯觉得黑人不好看，我欣赏不来黑人的美，即使比例完美，但是我天生喜欢白色多于黑色，这关政治什么事？你不能排除一部分人的审美倾向	Potentially
路上看到女的性冷淡，你就可以强奸了？	Potentially
你可能对四川人有什么误解 这是一个形容词 又是一个感叹句 再是一句口头禅 脏只出于互殴对骂 有多脏？？照你这样说四川人都是莽夫 有意思	Potentially
如果黑人在做奴隶之前，清楚了解做奴隶的后果并且具有充分选择的权利，那么请问黑奴有吗？	Potentially
为什么男男会得艾滋？怎么传染的	Potentially
黑人奴隶主能不能骂他？	Potentially
只许兄弟萌害怕不许姐妹萌害怕？瞧不起女性？	Potentially
您是活雷锋，您会无条件帮助别人，还不是一次两次？ 按你这个逻辑，美国国内黑人歧视是源于白人的不自信？破案了？	Potentially
港独骂华人支那狗和在美国骂黑人nigger，在犹太人面前说希特勒万岁有什么不同吗？黑人被残害时被骂nigger，犹太人被送去集中营时被喊希特勒万岁，华人被杀戮时被喊支那狗支那猪，不好意思，港独的言论触犯的就是战争时期的杀戮语，是全人类都痛恨的	Potentially
日本军国主义确实很恶心 但是以前的满鞑子和蒙古人对汉人是什么待遇？我不是民族主义者 我只希望汉族不要再被少数民族统治	Potentially
为啥女的都踹回去，男的就踹下去？	Potentially
那么按照你的意思，亚裔男在欧美国家被歧视也是自作自受了，己所不欲勿施于人，换你被歧视你乐意吗？	Potentially
安装你的逻辑，中国大部分人也素质低，那么中国人就是素质低的民族了？	Potentially
所以，为什么这么多黑人是犯罪分子，而白人能够有更大的机会成为良民？	Potentially
是啊那么你是否认为女性造强奸都是女的太骚了勾引人呢？	Potentially
在美国被白人歧视就来中国找“优越感”？	Potentially
千万不要，婚姻双方是相互独立的主体，全职太太相当于自降维度，你不倒霉谁倒霉？	Potentially
为何不讲一下为什么黑人犯罪率高，是基因问题吗？	Potentially
楼上，黄种人比黑种人高贵，谁的定论？ 比黑种人高贵，你有点儿沾沾自喜吗？ 比白种人怎样呢？低贱？同样高贵？ 我怎么从你的沾沾自喜里看到了奴性和自卑呢？你比曼德拉高贵？	Potentially
中国人种族歧视黑人和黑人种族歧视亚洲人/黄种人不冲突啊？这就是种族歧视的回答怎么了？真可怕还那么多赞	Potentially
不匿名的告诉你，我是异性恋，你所说的同性恋的做法，我和我男朋友也做过，so，你到底是在歧视这种做法，还是歧视同性恋？	Potentially
其实感觉黑人大部分都挺没素质的（大部分）之前广东那边黑人多成灾了，大部分在他们自己国家就是精神小伙那种，但到中国就为什么有那么多女的给没见过男人一样黏上去？贼恶心🤢	Potentially
恶心什么呀，难道被女人当备胎你们才觉得应该吗？把妹高手本来就很轻松搞定妹子，这种人是存在的	Potentially
这就不对了吧，你怎么能这样，你就不会找几个女生朋友打她一顿？男的不打女的，女的就打的使劲，不打不知道错	Potentially
北方男人拆你家了？你对北方男人这么大误解？我家小区门口卖包子的南方人天天把媳妇拉大马路上打，那这样我是不是要觉得男方男人会家暴不能嫁？	Potentially
大陆人真惨，在台湾被歧视，在香港被歧视，在日韩被歧视，在欧美被歧视，还有哪里可以去呢？	Potentially
在汕头会出现大部分是广东人，外地人受排挤吗？	Potentially
男人有钱就变坏？？？要是你爹很有钱呢[捂脸]	Potentially
环境啥？哪的环境？在哪了就这样？你西方白人艺人敢表露种族歧视黑人的立场吗？欧美有公众人物敢在推特上支持纳粹的立场吗？还咱就这样？环境如此？在川普都被推特封了的2021年2月，还说什么环境如此？	Potentially
这是基数和比例的问题吗，我问你一下，极端假设如果世界上的男同数量占人口百分之1，占艾滋病患者数量百分之99，是不是就要人道毁灭他们？	Potentially
歧视黄泛，清真，歧视东北，歧视女性都是陷害？包括美团在网上的态度？	Potentially
京津沪……你见到的天津来的都比较强？……作为一个天津人，我怎么感觉天津真是一个弱省诶……除了个别的保送大神，，，天津好像真的比较落后了……	Potentially
那个，tw有部分独立分子我能理解，hk为啥仇视咱们啊？[捂脸]我感觉最多是看不起大陆人吧，就像有些上海人看不起外地人一样	Potentially
都是说男生不好的没有女生人品不行的？	Potentially
丑女还指望骗男人？	Potentially
是啊，为啥啊？为啥被歧视的人不大声说出来为自己争取权利呢？？？？？？？,为啥啊我真的想知道啊？？？？？？？？？？？,就跟cherry事件一样，抽口红送女粉歧视男性了，是的啊，你为啥不提出来呢？？？？？？？？？	Potentially
什么屁话，老子要是受委屈还不能哭了？当兵的都会哭，以为男的全是铁做的？就女的能哭？	Potentially
如果我坐在黑人旁边你会不会说我歧视白人?	Potentially
男的靠女的养就是吃软饭，女的靠男的养呢？如果跪在地上的是女的，我估计评论区的女权狗早就炸了	Potentially
对，女生怎么就低人一等了？	Potentially
不是 印度人 以前被称为昆仑奴吗？可能是我记错了吧……	Potentially
女性割礼？要不把男性下体也割了吧明显的重男轻女	Potentially
所以你拿着他们声援BLM的配图来阐述日韩歧视黑人？你的逻辑呢？	Potentially
中国人也歧视黑人，广州黑人不是个好例子？	Potentially
？生气的事,同一件事发生在两个人种身上会有不同的待遇,白人杀了人被抓到jc喂他水解渴,黑人被抓到就是压在车下,自己不想被歧视还歧视别人我是真的服了	Potentially
“亚裔在美国地位这么低”，有多低？是觉得大厂工程师的地位低，还是高校教授的地位低，还是衣食无忧的学生地位低？这些人的社会地位有街上的流浪汉低吗？有零元购的参与者低吗？决定一个人，或者一个群体社会地位的，尤其是在资本主义社会，	Potentially
我老乡讨不讨厌黑人，我都不知道，你都知道了？？？我们这种乡下人，这辈子都没见过外国人，凭什么讨厌黑人？	Potentially
你这个问题就好比不要东北人和河南人就是歧视河南人么？还有你的回答前后矛盾，观点变来变去，每次明明是你自己觉得，非要强加到田源的观点上面，不是很懂你要表达什么	Potentially
那请问，我有一个安徽朋友，极其自私，我们这群朋友对她很好，可她却经常把我们对她的好当作是理所应当，那么按照你的逻辑，安徽人是不是都是这个德行，咱们就可以和所有安徽人绝交？	Potentially
黑豹长得不好看？从头上下都是黑人里的俊男美女好不	Potentially
你觉得女人无罪释放的威胁大？还是猥亵犯威胁大？	Potentially
我们是想要和平的崛起，还是所有人都厌恶你而不去说，黑人们的病态的思想，促使了美国形成一种病态的政治正确，你觉得这个有必要么？	Potentially
我不明白，部分中国女性宁愿处于被歧视被侮辱也甘之若饴的心态是怎么回事？	Potentially
女权为什么要养男人？	Potentially
是上海吗？上海恶心叫尼心	Potentially
还代表女性什么的，，想想更恶心了，为什么我们要被这种女人代表，，，，？	Potentially
新疆，混血人，跳个舞看看？	Potentially
先看历史背景好吗？在六十年代美国，他们极度歧视黄种人，如果没有硬实力，他们会去花费大量资源和金钱包装他们歧视的人？	Potentially
他们连自己人都歧视，地域攻击一个个牛的不行，河南人怎么样东北人怎么样天天广东人吃胡建人，你觉得他们还能正视外国人？	Potentially
喷子到处都有，中国也不少，我国崇洋媚外的难道还少吗？	Potentially
河南所谓的黑点还是偷东西，你是知道有什么少众的黑点吗？	Potentially
点过赞突然想起来，怎么就确定是中年男？这种事中年男必做？还是对中年男也有类似地域黑的偏见？再加一句，我不是中年男[捂嘴]只是好奇	Potentially
呵呵，真是人不要脸天下无敌，你也好意思拿青岛说事，青岛宰客的结果是包括青岛人在内全国都在谴责宰客者，你们呢？不管你们香港佬做出多不要脸的事结果都可以把责任归咎到到大陆人身上	Potentially
还用希望？这不是现状？ 滑稽，公众平台发帖骂黑人要被删帖封号，骂锅男还能得到很多的赞和关注，锅男不比黑人惨？	Potentially
中国人歧视黑人找的理由我们也觉得合理的呀 别的种族歧视亚裔的时候也振振有词啊 存在即合理 盯着别人的肤浅 不如自己进步 哪个种族没受到歧视？你说的出来 就证明你自己也区别对待了 就是歧视	Potentially
说我们台湾经常吃这个，中国超市里有卖吗？ 难道不该怼吗？	Potentially
就是在恶意分化男女，你看现在还有人好好说话？	Potentially
奥 我就歧视黑人 怎么了？	Potentially
重男轻女？超声都变得这么理直气壮了，知乎直男癌都这么多了？	Potentially
那请问中国的男人是被欺负成啥样了呢到底？	Potentially
怎么就不是歧视了，因为男性像僵尸粉就把男性全部过滤掉，因为女性xx能力差一点就能把女性全部过滤掉了吗？	Potentially
黑命贵，零元购是反对种族歧视么？	Potentially
只针对你问的最后一句：你以为南方媒体抹黑东北只图个嘴爽？	Potentially
你怎么不提清王朝是怎么起来的，为毛统治那么久，何况现在东北人大部分是关外人，说不是地域黑 欺骗自己呢？	Potentially
惊了你为什么把女拳和这七十年能顶半边天的女性混为一谈前者远远不配女拳这玩意本质不就是仇男那些顶起半边天的女性是当今互联网上厌男的这群牛鬼蛇神？	Potentially
女的执意要戴套，男的能强奸不成？	Potentially
您的评论让从来不客观的中二我有点懵逼 ，一脸黑人问号……我就问一个语文问题吧：您区分得出“批评”与“骂人”的区别吗？您觉得说一个身体健全的成年男子“站都站不直、是女里女气的娘炮”是正当批评还是人身攻击？	Potentially
你觉得贫困的白人和黑人哪个更可怕?	Potentially
其实感觉黑人大部分都挺没素质的（大部分）之前广东那边黑人多成灾了，大部分在他们自己国家就是精神小伙那种，但到中国就为什么有那么多女的给没见过男人一样黏上去？贼恶心?	Potentially
你意思河南人坏人比率高？怎么不去看看每年感动中国人物来源比率河南高不高？	Potentially
可我不觉得，我能说我认识的好多中国男生都做发型吗？像日本男的那样修眉和化妆我们中国爷们做不到太恶心，不知道你是怎么想的？	Potentially
警惕中国打人权牌 你这是给境外反美势力递刀子？[生气]	Potentially
真论抢劫，干坏事黑人比得了白人？人家白皮才是真正的行家	Potentially
只讲了现象，完全没提到原因，黑人是天生的混乱，愚昧，叛逆，暴力的吗？不讲产生问题的根源，	Potentially
早期黑人被作为奴隶贩卖到美国，干了多少苦力活，怎么能说没有建设呢？	Potentially
中国人确实比较歧视黑人吧？当然了，在中国的黑人确实素质整体也不太高	Potentially
是是是都是外地人的错，北京上海的外地人怎么没这么低素质呢？	Potentially
安慰自己吧，只能，其实关系没那么大，不然你看美国那些企业家没有歧视黑人的？种族歧视不更严重么	Potentially
我反正还是那个观点，说东方人种族歧视是他妈21世纪最大的笑话，东方人把黑人当奴隶买卖吗？	Potentially
会不会是被女的伤得太深，而想离婚？怎么你一说，男的都不是好东西	Potentially
人人生而平等就是一句彻头彻尾的假话，黑人暴力犯罪率比黄种人高十几倍，这也是平等的吗？种族歧视很多时候，是圣母扣帽子用的，小偷不歧视？	Potentially
你以为不搞暗杀是因为华裔地位比非裔高？那是因为华裔背后有个中国在保障下限好吧……中国没了排华法案就能立刻原地复活，	Potentially
話說你這麼晚開竅的原因不是身邊的男人質量太差？	Potentially
能顶我上去吗？劳资今天就是骂东北的怎么了，就是无脑地域黑，听到东北话劳资都想吐，东北怎么养出这么些奇葩东西？劳资玩个吃鸡一个东北队友我话都没说直接把我打死？东北都是大哥好吧？对东北人一生黑	Potentially
听说广州甚至整个广东黑人很多，答住，广州黑人怎么样？是不是很多人干不法的事情，是不是有很多中国女孩嫁给黑人？黑人欺负中国人吗？zf对黑人态度怎样？	Potentially
题目:既然女权是平权，为什么她们从不正视男性收到的压迫？	Potentially
上海人歧视上海人 是不是 和白人男性 每次说话就“ 我知道作为一个白人男性 我享有太多的特权，思想有局限性” 差不多？	Potentially
中国人就是歧视黑人和白人，这是心照不宣的，美国人不是号称不搞种族歧视吗？	Potentially
黑人也歧视中国人好吗，不要把自己说的多无辜，美国黑人对亚裔的袭击还少吗？	Potentially
“黑鬼”？如果你也反对种族歧视，请注意用语	Potentially
而且华裔给美国带来了多少人才和财富？可是黑人给中国带来了什么？毒品还是qj？	Potentially
东北人素质就是低，在全国各地有目共睹的，整天说别人黑东北人，东北人好好做人别人没事会黑？	Potentially
我翻译一下你的话：这个肯定是恶心的中国直男癌故意冒充洋大人肯定是这样的，洋大人怎么可能会骂我们这些又送炮又送钱的中国女人呢？	Potentially
黑命贵，那是白人欠他们的,现在怎么没有印第安命贵？那还不是因为都死光了，没法发出声音了？,美国当初从非洲运来多少黑奴？其中又有多少活了下来？,帝国主义在全世界吸血，哪怕到现在，中东的不稳定因素，归根结底，后面都有他们的影子,所以说，	Potentially
拿西方的剑斩本国的官，老美脱口秀还能嘲讽总统呢，你在中国骂一个试试？另外，可能是我见识短浅，我咋没见过美国的白人脱口秀演员怼黑人的呢？最后，开玩笑是讲究加工的，她拿个生肉出来直接骂人，有那时间我听街口大爷骂街不比她好听？	Potentially
被日本讨厌不是坏事，坏人做了坏事心虚怕被清算不正常吗？	Potentially
我室友也是，洗澡，洗漱，吃饭啥都不带饭卡让那个你刷，都成习惯了，东北人不是都挺爽快嘛，怎么这样…？	Potentially
又是这种偷换概念顺便洗白一波黑人的回答，爱因斯坦歧视中国人和部分中国人歧视黑人并不是一件矛盾的事情吧？中国至少还有长城，非洲人呢？ WE WUZ KANGZ AND SHIEET? 黑人犯罪率高难道不是事实？	Potentially
那在白人眼里黄种人就是劣等民族呢你怎么说?你这种带着种族歧视的人就别来看球了行吗？	Potentially
最后一句话不对劲啊兄弟 ，行业无罪，你怪行业？ 你要打心眼里鄙视的应该是——江苏省内歧视鄙视的问题，互相开炮的伤害；	Potentially
犹太人的常规操作，照这个节奏是不是河南人就一定会偷井盖，广东人就一定吃福建人，东北人就一定是黑社会，新疆人就一定是小偷，重庆人就一定是耙耳朵啊？（拿刻板印象diss人的行为可真恶心）	Potentially
无语，虽然不能一棍子打死所有人,，但是就我这么一个不怎么关注新闻的人，还是会经常听到黑人奸杀我们中国女人的，而且大多都是非洲裔，我就特别想不通，没法理解，不是我们的国家在帮助他们吗？	Potentially
不明白，明明是一个歧视亚裔的问题怎么跑到抨击“中国女人”上了,？放一些国外的人歧视女人的视频为了说明国外人男女亚裔都歧视呗？	Potentially
这叫稍稍批评，那您倒是说人家这条新闻哪里不客观啦？不是逃难跑回来内地干嘛，别人没说有香港本地人帮忙？不是受到了废青的威胁？	Potentially
你都没整明白,你把快船老板拉过来s说明什么说明你支持快船老板=支持快船老板种族歧视=歧视黑人&gt;那么e美国的黑人不跟你闹翻了天?	Potentially
我怎么没看懂[思考]所以说黑人真的会歧视黄种人?	Potentially
所以你说的所谓他们因为种族歧视而封号根本不成立，再说如果不是台湾人一再踩底线能获得尊称吗？我说你就是反华你还不承认，原来在你眼里，台湾侮辱别人应该，别人反问就不行，这不还是反华立场吗	Potentially
打压都不回来，给台湾脸了还能回来？决定台湾走向的先是大陆，然后是美国，关你台湾什么事情？	Potentially
强奸幼女是直男?女权癌世界都是什么东西	Potentially
以直报怨，这还不够清楚吗？外网的人骂中国我们就要骂黑人吗？黑人留学生里又不是没有好人	Potentially
在更敏感的区域，比如在美国提问，黑人和白人打架方式有什么区别，你猜什么结果？	Potentially
男人可以这么穿，女人不能评论懂？不然就是直女癌	Potentially
觉得黑人难看就有人扯种族歧视，觉得白人难看怎么没人扯种族歧视？不想被歧视不是整天动动嘴皮子就行了	Potentially
这有什么不正常吗？素质低下的白人也会称我们为…我不知道他们歧视黄种人的称呼，但是肯定有，还有黑鬼，这个没错吧，顺带一句，日本人叫我们支那人	Potentially
为什么大学男生成绩普遍比女生差？	Potentially
卧槽你都觉得黑人舍管是黑猩猩了怎么还可以“没有冒犯呢”？为什么很多人无视这个免责声明的实际语义而随意使用它呢？这是不是一种虚伪呢？	Potentially
你乐意喜欢就喜欢呗，还管我喜不喜欢了？管的挺宽啊？况且我也没说东北人都不好，我只说个东北人在外犯罪率偏高这么个事实，你不满意去质问各地公安局，让他们不要地域歧视呗，跟我这耗个什么劲？	Potentially
没有么？她说的是啥“是不是全中国只有你们男人跑才行？哦男的也会被鸡奸，你们小心点”——这不叫女权癌你说啥叫？	Potentially
可你知道么？这个世界，压根就是种族歧视的，白人歧视中国人，不是一天两天了	Potentially
抛开个人情感，你觉得亚裔一边受歧视之害一边歧视别人，这么搞能翻身吗？可能吗？	Potentially
实际上，,你只要不开口说中文，受到的歧视就会大大减少,原因很简单，你顶着一张亚裔面孔，别人怎么能辨别你是日本人，还是韩国人，还是中国人，还是本地出生的亚裔？,如果你这种情况下你都被歧视了，	Potentially
给黑人骗身体的真别了，多少人被黑人传染艾滋？错一次后悔终身[微笑]提醒广大女性洁身自爱，	Potentially
黑人自己都看不起黑人？	Potentially
你们怎么做到不歧视黑人的呢？	Potentially
你的猜测是毫无根据的可以不？ao按你的逻辑地域黑直男癌女权婊似乎都师出有名了都是自以为合理的猜测啊	Potentially
我说掀桌子？ 你搞清楚，把掀桌子艹尼玛拿来形容反抗校园暴力的是谁？ 现在这话变成我说的了是吗？ 你的意思是香港那档子事还比不上一次校园暴力？ 为了反对而反对到了要颠倒是非这个地步，好看？	Potentially
去问问在广州的人？有几个不讨厌黑人的？[捂脸][捂脸]	Potentially
即使在美国，黑人依旧是犯罪率最高的，这难道不能说明什么吗？	Potentially
算的…你想想假如题主说了东北航线啤酒每次都被一抢而光 不是侧面说明了东北人没素质么…占便宜？	Potentially
正常人第一反应肯定一样，外地人特地到上海杀小孩，什么概念？排外没办法的，这是人的正常反应	Potentially
男的裸照怎么就不行了？歧视男性是吧啊？[飙泪笑][可怜]	Potentially
哈？[好奇][好奇][好奇]这么多男性愤怒，就是因为没听到你脑补的内容吗[好奇][好奇][好奇]女权不歧视男性的条件已经到了女权辱男以后男性要自己脑补出一个罪名反思的地步了吗？[好奇][好奇][好奇] 这不比歧视黑人厉害多了[好奇][好奇]	Potentially
当年浪漫的土耳其刚出来，土耳其议会就提议被强奸的女性直接嫁给强奸犯，然后就有人说这下你们还想去浪漫的土耳其吗？	Potentially
河南经济落后？全国前5，你给我讲落后？	Potentially
这片土地的主人是仙女和黑人白人，g蝻又不是黑白无常，有什么资格清理毒瘤？哦，	Potentially
这不就是中国的田园女权吗？不宠着她的都是直男癌	Potentially
我只想问一个问题，你们河南人就会偷井盖， 不过没骂你，就骂部分河南人， 你为什么要对号入座？难道你真的偷了井盖？	Potentially
中国永远是中国人的,对外国人怎么也没有好感,跟别提黑人,老黑不是奴隶来的么（昆仑奴？）,搞不明白那些人怎么想的	Potentially
那些外省人在广东不好好打工最会挑事，作为一个广客混血，我从没听过白话打压客家话和潮汕话，广东台播广州话不是很正常的吗，怎么在外省人眼中就是打压了？况且我们客家还有自己的电视台	Potentially
大家不要被带歪了,这是一个反例吗？一说男性受歧视,你不是去思考男性是不是受歧视,而是马上来给出一个想证明女性受歧视的例子,这不正说明男性受歧视很容易被忽视吗？就算你有一万个例子证明女性受歧视,也不能明男性不受歧视啊？	Potentially
南方那嘎达果真这么黑暗么？ 怪不得会抹黑东北来掩饰其丑恶呢？	Potentially
可怕，这都能扯出歧视女性？是有多自卑？	Potentially
河南人被黑了多少年了 安徽人也是啊 国内地域歧视还不够严重？	Potentially
为什么强奸犯都是黑人？	Potentially
黑人歧视美国黄种人也就算了，歧视中国人？他们也配[大笑]给黑人种族平等是给他们脸，	Potentially
那如果我选择了和黑人一起坐，是不是代表我歧视白人呢？	Potentially
有一说一，其他国家素质也不见得有多好，就最近江苏运猪车翻了，被人抢猪肉，确实是素质差，但是最近美国也是直接0元购，素质还比我们更低，你看过美国人旅游素质低新闻？	Potentially
你想要的答案是不是：女生普遍学霸，男生普遍是学渣？	Potentially
不符合中国女人的审美？？长得丑不要推锅给咬肌而且中国女性病态的审美观本来就是畸形的	Potentially
香港以前这么多的黑帮电影不是流氓？拍的不都成英雄了？	Potentially
是差距大，比起京津，山东不是落后地区?	Potentially
很简单谁家买媳妇买孩子就枪毙就完了，那种村子，就是屠了对中国经济有多大影响吗？别跟我说什么人道，拳头就是人道，日本鬼子跟咱们讲人道吗？老毛子在东北帮助咱们打小日本的时候祸祸多少中国姑娘你听过报道吗？别太当真好吧	Potentially
这叫性别歧视？资本家只关注谁能带来更多利益，女人最多可以当男人用，而男人可以当畜牲用，既然如此，为什呢不招男人，你居然能把资本问题理解为性别歧视，我还说为什么工地全都是男人，是在歧视女性呢，为什么不让你人去工地呢，	Potentially
很多同性恋的归宿是什么，结婚？我就有一个朋友被心机骗结婚后生完孩子，然后就不碰不管天天和gay出去，祸害一个女孩的一生	Potentially
这种恨不得能拥有一副白色皮囊的也能成为奥巴马吗？讲道理，我真不理解某些人有何资本歧视黑人，	Potentially
妹子，你喜欢干净利索的男生？还是浑身恶臭(放荡不羁)的男生？你会不会远离放荡不羁的男生呢？	Potentially
你的逻辑也有点奇怪，黑人其实黄人，黄人为什么就不能歧视黑人？	Potentially
本人就对东北中年老娘们儿很没有好感，虽然欺生恐怕全世界都一样，但是可能没有期望就没有失望——女人精明的心思配上大大咧咧的表面，靠，防不胜防啊——为什么单独说东北中年妇女呢？因为年轻女性还没有沾染生活的俗气，自然讨人喜欢	Potentially
美国黑人听到别人说他们先辈是奴隶，他们是什么想法？	Potentially
你们口口声声要男女平等，到头来压根就是要为女性争取凌驾男性的特权罢了；法律面前还分男女？你想太多了	Potentially
不是美国不美国的问题，废青你知道是什么吗？废青，黄种人，香港人，中国人，懂？你不会觉得废青跟你一个战线吧？废青这么抵制花木兰是为什么呢？思考过吗？废青为什么抵制花木兰	Potentially
呵呵，现在的男性这么恐怖自私还不让人说了？	Potentially
你这说法你怎么不去说美国警察歧视黑人？你如果不是黑人你就不会被歧视了，要怪就怪自己生下来是个黑人？	Potentially
人家女权连自己家下层女性都不管，每天忙着变花样打拳，还有时间管你男性压迫？	Potentially
很多时候不是歧视，而是大部分黑人不能理解唐雪利的用心，看看他们的行为，歌曲，女人，毒品，钱和帮派，就像野兽一样毫无素质可言……如果他们中大部分人都是这个样子怎么可能不被歧视？和他是们什么肤色什么长相一点关系都没有	Potentially
你这个伪命题好奇怪哦，我说女权你和我说男性也受到压迫，那你被车撞了我跟你说别人还有被火车撞的呢你怎么看不到呢？	Potentially
提一下事实就是骂黑人？ 没黑人，会有这怪病？	Potentially
可恶的不是那肥头大耳的男的吗？	Potentially
是她选了渣男爸爸好吧？这种打胎你猜有多少是妈妈主动的？都是爸爸爷爷奶奶在个重男轻女的家庭你猜女的有什么话语权？ 男的缺德你到说是妈妈不好	Potentially
那中国呢？我就不说xx新闻评论区了，知乎【刚看完绿皮书，觉得黑人兄弟好可怜，想问问现在社会黑人歧视还严重吗？】自行搜索这个问题看评论区和答案区，一个对于其他肤色人类的伤害不以为耻反以为荣的国家不够说它蛮夷？纯粹为了理性而理性，	Potentially
非洲可以说是穷，落后，但是美国的黑人兄弟呢？想过没？黑人犯罪率是编出来的？底特律才凉了多久	Potentially
河南人不偷井盖了？？改打人开车撞人？？	Potentially
难道是我太敏感了？还是我运气太好？仅有几次去发达国家或地区都碰到过歧视，更心塞的是还有被亚裔歧视[可怜][可怜][可怜]	Potentially
唉？你不是说大腿吗？怎么男女漏大腿还有区别了？怎么？女生大腿有罪？	Potentially
我们说过上海人说上海话是排外歧视？自己幻想？	Potentially
云南这么恐怖吗？？	Potentially
歧视白人呢，黑人技术如何？	Potentially
你也说了那是黑人之间相互称呼，你黄种人去美国叫声黑鬼试试？	Potentially
卧槽？河南人怎么了？你很有优越感？	Potentially
那田园女拳应该去米国起诉拳头怎么尽出些丑英雄，是丑化女性、歧视女性吗？说不定又能得到1000w美元赔偿呢（狗头）	Potentially
我在这回复一下,@chnlee10,，这哥们说不过我急了，就拉黑了，跟我说只看事实，说中国野蛮，老美这警察暴力执法，种族歧视，零元购，搞过屠杀，这不是野蛮？，这是文明？跟我说搞过种族灭绝的国家是文明的，真是贻笑大方，	Potentially
你凭什么说女人就是贱，男人不是吗？	Potentially
对于黑人奴隶来说，被美国人当畜生和被英国人当畜生都差不多，建国荣耀？不存在的，就和你黄皮一个整天念着独立宣言一样	Potentially
那白人怎么样？会不会也歧视亚裔	Potentially
被歧视也是中优越感，国内穷光蛋有本事出国啊？,所以对于非中国人，	Potentially
那女生拜金都是因为男的先带坏的她？	Potentially
朋友帮帮忙，阿拉上海人现在还有资格“歧视”外地人？	Potentially
这人不过一家之言，比微博和知乎女权温柔多了，算什么性别歧视？	Potentially
很简单啊，斗不过印度人啊，现在美国华人就是没有印度人强，有问题吗？	Potentially
上大学的时候经常被歧视，其实歧视又能怎么样呢？	Potentially
重点是素质低的人讨厌，而不是外地人素质低讨厌，上海人素质低不讨厌？	Potentially
黑人智商低关身体天赋啥事？这么说上海有钱人多因此他们身体素质好？	Potentially
深圳本地人少被逼着讲普通话，就是包容，广东其他城市本地人多一点，有机会讲母语，就是排外，你们家乡做到没啊？你个普通话沙文主义者	Potentially
河南人小偷我没遇见过 东北人在北京的中介市场基本就是黑中介的多 我也有认识好的东北人 包括我前领导 但是要说东北人这个名声 恐怕你一时半会是洗不清的 我是安徽人 我们一样有恶名 但是我觉得不应该去否认事实 而是去努力改正 这不是更好？	Potentially
那黑命贵呢？白人待遇真的排在黑人后面?	Potentially
但是女性就业歧视怎么解决？企业单位会觉得你会生二胎三胎，根本不会雇佣你，把女性赶回去做家庭主妇，	Potentially
我怎么骂人了，难道你不是躲在匿名区黑人吗？不就是见不得光吗？	Potentially
两广岭南绝大部分都是父汉母蛮的所谓杂种，但他们就是正儿八经的汉人，至于父系母系双血统，你以为现在的中国女性会给你压迫 一个个都是女拳，要是这样还不如黑人马来人女性呢?	Potentially
偷换概念，你把男性都当作贫民窟了，那么中国有一半人口都在贫困线以下？	Potentially
你还说黑人只获得了投票权，好像这是一个非常容易的事情，你有吗？还反对歧视黑人，在美国，黑人最歧视的就是华人，知道吗	Potentially
第一我没有不允许你说，我承认云南一些地方治安的确不太好，你承认你地域黑得了呗，又当又立？	Potentially
河南人就不是人？	Potentially
稍微多了解一下黑人劣根性的人，都不喜欢黑人，借东西不还认为是上帝赐给他的，穷死都不想去打工赚钱，更有些地方，妇女几代人一起用，曾经南非的外交部某个管理层，在中国待了10年都不回去，为啥？	Potentially
我感觉的风向，是大部分人说黑人白人渣滓来到这，并非感觉高人一等，只是感觉别祸害我的国家，逃犯外教，黑人提裤子就跑，传播艾滋病，你哪看出的？是有歧视，但我们歧视的他们的人格，不配为人，辱骂中国，老子凭什么不鄙视你？	Potentially
现实是黑人现在仍然受到隐形歧视，但作为写汉字的人，不更应该注意到黑人对黄种人的歧视吗？一个不喜欢被歧视的族群却歧视别人，作为黄种人还要站在黑人的立场共情？	Potentially
太讽刺了，谁被泼硫酸没热度啊？男女比例中女的不会做泼硫酸这种事就叫没热度，男的一泼就上热搜了？这个回答里的这些男性跟您简直异曲同工	Potentially
你谁？理中客？龟男？白骑士？谁告诉你反女拳就是男拳了？	Potentially
天了噜好可怕惹，再也不会跟团去云南了，恶心哭，这是导游还是当地地陪啊？？？？	Potentially
请问我大学打了三年游戏，凭什么要给你解释这个问题呢？您这是想表达什么呢？想黑直接说一句饭圈母狗给爷爬不就完事了？反正外面对女性玩家的这种言论多的是，即使是没玩过游戏都女性就配不上的电竞圈了吗？他们不骂人不黑人，就默默支持喜欢的选手而已，又什么毛病呢？	Potentially
这活该啥？前者除了黑人纯粹的坏以外，小姑娘遭遇这么悲惨的事儿也是因为咱们中国教育的缺失而导致的，缺少自我保护意识，受害者怎该受到谴责？后者曹先生被这个女人坑的体无完肤，家里独子没了，老太太怎么活？	Potentially
美国黑人犯罪率为什么这么高？黑人就不会自我管理和管理国家吗？原因必须深挖，	Potentially
为什么有无数的韩国人、日本人、欧美国人歧视中国人？	Potentially
我们最多说印度人不太讲卫生，但我们难道认为印度人是劣等民族，低我们一等吗？	Potentially
看不懂就别逼逼，祝你以后找到又让你赚钱，又让你一起还贷款，还让你带孩子，一直否定你的男人，还女权，女权个屁，啥叫女权你懂吗？凭你这智商看得懂女权是啥吗？	Potentially
“土人”每次看到霓虹人这样骂中国，我都感觉？？？就这？据说日语的骂人词汇极少，	Potentially
山东民风彪悍？？那样打架？？怕是地域黑吧 我山东人怎么没见到过	Potentially
古巴黑人犯罪率低？知乎上边还有古巴华侨说当地华人圈子里大部分的偷盗类犯罪都跟黑人有关系呢，你说我是信你呢还是信他们呢[好奇]	Potentially
鱼找鱼虾找虾不懂吗不沟通好找什么对象？非要玩高危险的干啥照你这么说所有男的都要结婚呗	Potentially
好的 打种族炮是吧？ 他们也挺看不起黄种人的	Potentially
女大学生的做法不犯罪？？？呵呵呵呵	Potentially
河南都是些没文化的骗子 有文化的都去山寨了？	Potentially
反歧视游行打的标语居然是“我很弱不要伤害我”这就是喊着让人来欺负你，你不是最底层谁是最底层？	Potentially
吹个鸡维族人，就算你没去过新疆也不能胡扯，自己看看大街上维族卖羊肉串、切糕和弹簧刀的维族男人女人长啥样，能找到几个好看的？	Potentially
是不是处在歧视的最底层，这个很难理解吗？华人在灯塔国是不是最被歧视的，	Potentially
我回复答主的解释 诶？我看的时候评论里大多都会说一说直男癌，我只是分析一下为什么会关联到直男癌而已 黑人问号	Potentially
哇偏好某族裔就是多录取某族裔的理由那我更喜欢男性我也可以多录取男性咯？ 每个学校都可以根据自己偏好来歧视人啊 ？	Potentially
什么专业呀，文科专业对性别歧视这么明显么？不应该是工科专业偏男性多一点吗？	Potentially
这可是外国的童话啊，怎么可能侮辱女性？答主一定是在反讽，真正的女拳从来不打外国人	Potentially
那亚裔为什么也受到歧视呢？[好奇]	Potentially
所以白人就是在美黑人的救世主？黑人被奴役就是有历史原因的正当行为？	Potentially
中国人歧视黑人？？开什么玩笑~	Potentially
一个假排名你想往哪看？往瑞典看齐？男女平权最深的地方，强奸率也高居全球第一？你向往哪看？向美国看？地方州刚通过一夫多妻制、堕胎非法？	Potentially
有人说我文不对题，那我这里扣应问题下：,中国的性别歧视，就是女性没有话语权；,形象宛如一个咆哮的智商负一百漫威反派，还要被说，“这不就是你们么”？,中国的性别歧视，就是说什么都在打拳；,管你什么权，女权是女权，平权是平权，田园女权是女权，	Potentially
你就这么理解，你说这是先富带后富，但是别他妈搞得大家都是求着成都吸血，吸完血之后呢？还有就是成都人对一般四川人的歧视，很多题目里都提到过，我自己也感受到过	Potentially
为什么你们一些一言不合就骂人的高端人群，我看资料绝大多数都是没头像没回答的东北人？	Potentially
照你这么说，黑人曾经被奴役，现在也备受歧视，他们怎么还和白人住一个国家？怎么没有去找曾经的奴隶主后代报仇？怎么不去找当年把他们先祖卖给白人的其他黑人报仇？	Potentially
提一句要教育好男性，就是消除男性？还有教育好男性不当强奸犯和教育女性不当鸡男性不当鸭可以同时进行，有啥矛盾吗？	Potentially
其实我当时看破产的时候心里就老隔应的慌，这不明摆了是歧视吗，还有什么洗的?而且美剧里面歧视亚裔的真的超级多，在他们眼里我们都是那种除了勤奋一无是处的傻人，	Potentially
对啊，布吉岛他怎么知道小偷多少比例是河南的？🤔️	Potentially
很多也只限女生,那不是公开歧视男性？	Potentially
咋回事，有点感觉一本正经的侮辱女性？(别杠我你对，别杠我是女权)	Potentially
噢，那你说说地域黑为什么黑东北？	Potentially
国男陪黑女呢？,好像就能接受了[飙泪笑]你们不是种族歧视只是歧视女人[吃瓜][吃瓜][吃瓜]	Potentially
华人在美被歧视可以理解，可为什么洋人到了中国却还能享受超国民待遇呢？什么学伴…耻辱啊…	Potentially
据印度人（非官员，高等教育学历）说，从2010年起政府就开始治理，而且国内的主要媒体也在呼吁，但是关键问题是治理的效果远远落后于新增污染源，因为国民素质太低/似曾相识？	Potentially
体味重…怎么叫重呢？反正接触的黑人都多少带点吧	Potentially
这么个道理，你看，假如有人公开宣扬河南人偷井盖，虽然我不是河南人，但我看到就想举报，这没有问题吧？ 河南人换成男人，偷井盖换成没底线，就这样，你看在不在理[思考]	Potentially
你们四川人为了逼人吃红锅都这么骗人的吗？	Potentially
上海滩以前也是出流氓的地方，也有三不管，操起家伙就动手的地方，虽说现在管得严，打架成本高，但为什么有些其他地方人会误认为上海人就打不来架了？	Potentially
女生不喜欢那种很夸张的肌肉男[捂脸]刚刚好就行，像外国那种女生会觉得很可怕觉的很暴力？	Potentially
抢劫和骚扰的是亚裔跟我们中国人有啥关系？亚裔被黑人抢劫骚扰了应该自己去干回来啊，要知耻[捂嘴]	Potentially
只要有一个男人是坏的，所有男人都不是好东西？	Potentially
韩国妹子嫁不嫁中国男性不清楚，日本妹子地位低下渴望嫁中国答主没出过国吧？首先日本妹子地位一点也不低下，中国男性如果在北京上海深圳可以和日本男性拼一下收入，但要比空气污染食品安全还是没办法跟日本比，	Potentially
说到女生就是EG，就是女权，我就不明白了，我长这么大，从来没听说身边哪个女生嫁给黑人了，甚至连和外国人谈恋爱的都没有，到底是谁在挑起性别对立？	Potentially
我是湖北襄阳人，，婊子养的 是口头禅我是真的恶心，自己本省都受不了，武汉人素质差还用黑吗？	Potentially
所以您的逻辑是，女人，黑人都等同于杀人狂和精神病人？	Potentially
镜像问题，为什么韩国人那么多人讨厌中国人？	Potentially
这就是所谓的是女的被骚扰怪衣服穿的少么？	Potentially
歧视中国人为什么非得知道中国首都？只要知道中国人是黄种人就行了，否则歧视之前是不是还要做个歧视入门考试没考过就不能歧视？（笑）	Potentially
这和移不移民什么国籍有什么关系？傅满洲的形象最近几十年没有了还不是因为国外华裔的抵制，种族歧视歧视的你这个种族而不是你的国籍	Potentially
那你有哪里来的样本说明贵州人素质低了？	Potentially
你喜欢美国人歧视亚裔的文化吗？你喜欢中国人歧视越南人的文化吗？你不喜欢，仅仅是受益人不是你罢了，人家没违法没犯罪，你为什么讨厌？	Potentially
黑人、西裔、穆斯林在美国受到歧视，莫非也有人因此要说美国实行种姓制度了？那么荷兰人怎么算呢？	Potentially
当知道自己是性少数群体后，你做了哪些努力让自己变得更优秀？	Potentially
做数据分析的女孩子，职业发展前景在哪里？数据分析枯燥吗？	Potentially
如何看待女生不满「男生喜欢温柔贤惠一点的暖妹子」？	Potentially
是不是男生都觉得男男同性恋很恶心？	Potentially
作为一名性少数者，你有想哭的时候吗？	Potentially
为什么有的人（比如部分 PhD 等高学历者）会对家庭主妇有不屑的情绪？	Potentially
为什么被称“贤惠”会很气愤？	Potentially
怕因生孩子而耽误事业的女性，她们的事业有多好？	Potentially
婚姻给了你什么样的勇气去当家庭主妇？	Potentially
为什么有些女生会反感「贤惠」这个词？	Potentially
关于软件测试工程师所应该具备的能力，就业前景还有适合女生从事吗？	Potentially
同性恋会觉得双性恋恶心吗?	Potentially
同性恋真的完完全全是正常的吗？	Potentially
三孩政策会使女性在职场中遭遇更多歧视和压力吗？应该怎样的应对？	Potentially
想知道以男性视角，家里有位全职太太（家庭主妇）是种什么感受？	Potentially
女同性恋如何做到 30 岁以后的生活不可悲？	Potentially
同性恋真的让人觉得很恶心吗？	Potentially
如何看待高学历女性成为全职家庭主妇？	Potentially
大学女生成绩普遍比男生好吗，为什么？	Potentially
如何看待女同性恋中的T?	Potentially
人生目标是做家庭主妇很丢人吗	Potentially
有同性恋可以说说自己的故事吗？	Potentially
有什么辨别les的方法吗？	Potentially
要求20多岁的女生贤惠，现实吗？	Potentially
为什么男性的身体（贞操）不如女性的身体（贞操）珍贵？	Potentially
为什么黑人的外貌不符合大部分中国人的审美？	Potentially
你们觉得亚裔在美国是处在种族歧视中的最底层吗？	Potentially
有一个蒙古族男朋友是什么体验？	Potentially
为什么都说日本社会很压抑？变态多是真的吗？日本人好相处吗？日本人都很排外吗？	Potentially
白人女性是不是很美，为什么?	Potentially
在歧视亚裔或华人问题上，是欧洲严重还是美国严重，各有什么特点？	Potentially
中国人喜欢白皮肤是否是民族自信不足的表现（骂之前建议看看问题阐述）?	Potentially
美国只有「黑命贵」，没有「印第安命贵」吗？为什么？	Potentially
现今中国人的种族歧视严重吗？	Potentially
蒙古国女人好看吗？	Potentially
为什么国人普遍接受不了中国女孩和非洲男孩在一起?	Potentially
日本人是怎么看待中国人的？	Potentially
为什么中国有这么多人厌恶韩国人？	Potentially
为什么一些人觉得白人比黑人好看？这种审美观的形成与潜在种族歧视有关吗？	Potentially
如何看待外国人因中国人以白为美而认为中国种族歧视？	Potentially
和壮族人交流有哪些忌讳？	Potentially
如何看待美国黑人男子在上海商场疯狂辱骂中国人二十多分钟？	Potentially
日本人知道自己被称为「日本鬼子」「鬼子」「小日本」吗？	Potentially
我国最文明最先进的民族是白族？	Potentially
南京人怎么看待日本以及日本人？	Potentially
亚裔在美国地位这么低，为什么警察致死的案件比黑裔少得多？	Potentially
维族同胞的体味是遗传的还是后天饮食习惯造成的？	Potentially
你身边的日本朋友都是怎样的人？	Potentially
如何看待美国教授因说中文「内个」，被称冒犯黑人而遭到停课处分？	Potentially
请问维吾尔族男孩子的性格一般是怎样的呢？	Potentially
为什么在中国不会出现明显的种族歧视，而会出现较严重的地域偏见？	Potentially
如何看待杨安泽带妻儿外出购物被美国人歧视，发文称「作为亚裔感到羞耻」？	Potentially
蒙古族人和汉族人会拥有爱情吗？	Potentially
回族姑娘怎么样？	Potentially
为什么现实里面日本人说话很委婉，甚至觉得中国人普通交流都像骂人？	Potentially
为什么肤白会成为美女标准？	Potentially
上海的地域歧视有多严重？	Potentially
东北人脾气真的有那么暴躁吗？	Potentially
外省人怎么看待浙江人?	Potentially
浙江会在不久未来下落到第二梯队吗？	Potentially
网上各种黑东北，怎样和东北人相处？	Potentially
为什么最近一年河南人的口碑突然变好了？	Potentially
潮汕人给你的感觉是什么样子的？	Potentially
为什么我周围的绝大多数东北人的家境都比我好，有些甚至好特别多?	Potentially
作为一个沪漂，哪一瞬间被上海人震惊到了？	Potentially
浙江对中西部省份的歧视为什么那么严重？	Potentially
浙江的地域歧视严重吗？	Potentially
我成为程序员后感觉情商变低，怎么办？	Potentially
为什么「工人」和「农民」成了不体面的代名词？	Potentially
我有个问题为什么国家定义程序员新生代农民工，而不是高端或科技人才，这说明程序员门槛低吗？	Potentially
“农民工”，“新生代农民工”的称呼是否具有歧视性？	Potentially
本科护理毕业的护士真的是最不好的职业吗？	Potentially
大理白族人很暴躁吗？	Potentially
请问有回族人念书只能念完小学的规定吗？	Potentially
最近知乎/微博上有很多人在不断的控诉东北的社会现象和东北人，对此你怎么看？	Potentially
我不知道为什么总有很多人骂河南人，到底河南人惹了你们什么地方了？河南人跟你们有仇吗？	Potentially
日本老师几乎每节课都要大骂中国，作为中国留学生该怎么办？	Potentially
作为一名蒙古族，不会说蒙语是什么感受？	Potentially
为什么外蒙对中国人不友好？	Potentially
江西人马上去浙江读书，学校里90%都是浙江人 浙江人会有地域歧视吗看不起江西人吗 有点害怕?	Potentially
我想知道你们对上海人的评价是怎样的？	Potentially
怎么看待东北人？	Potentially
河南人为什么被称作中国的吉普赛人？	Potentially
大家有亲身经历过地域歧视吗?	Potentially
东北人在南方好混吗？	Potentially
建议国际足联把中国男子足球队纳入残疾人比赛.像现在在云南举行的比? 	Potentially
日本人是全世界最受欢迎的？？？？根据英国广播公司（BBC）和加拿 	Potentially
妈妈对这个家没什么感情我觉得妈妈对我和爸爸和她兄弟姐妹完全不一样 	None
这算强奸吗？若女孩子和一个男孩子接触后，她同意到他家里，然后他摸 	Potentially
为什么台湾的连续剧台词都怪怪的，表情也好像挤出来似的，不如香港的? 	Potentially
为什么男人出轨了都死不承认？ 	Potentially
男人的痛，女人不懂女人永远也不知道男人为什么要学会坚强?因为他们 	Potentially
我喜欢闻女人的味道，尤其是内裤缓和乳罩，这正常吗 	Potentially
当前威胁世界和平和稳定的主要因素是1国际恐怖主义活动2民族矛盾与 	None
女人看男人的比赛，不是看比赛是看人女人看男人的比赛、表演，不是看 	Potentially
为什么在我们班上女生成绩总是比男生好？每次不论是任何考试都是女生 	Potentially
为什么男人有钱就变坏，女人变坏就有钱？ 	Potentially
男人在大街上看着一个靓女走过，心里会想哪些事？（有龌龊的念头吗？? 	Potentially
赌英格兰不败！！！不服的进来留名我就不信英格兰会对克罗地亚三连败 	None
小日本的联赛就是神经一个比日本A片还烂，难猜得很。以后再不碰。 	Potentially
和小姐做爱真的很刺激，很爽吗？请男士回答～～为什么很多男人有老婆 	Potentially
面对婚姻危机，为什么女人总是被动？回答者总是劝女人要加倍地关心男 	Potentially
一个男从整天无所事事被女人养着结果结果还打女人，这种男人是有病吗 	Potentially
夫妻男人有老婆还要跟别的女人，而女人有老公也要去偷汉呢？是味道问 	None
愤慨...男人跟女人都进来看下说一个三人故事。一个女孩跟一个男孩 	None
女人越宠越完蛋!不要去宠自己身边的女人..不要宠..越宠她就越来 	Potentially
生个男孩就那么了不起吗？我是山东的，我们这儿重男轻女的思想较严重 	Potentially
男人们你们会心疼吗？如果你的女朋友是处女，第一次做爱的时候她痛， 	None
为什么女的在分手的时候总是会说“不想失去你这个朋友”？这是昨晚和 	Potentially
请男士回答·一个有过性经验史，但是不多并且为前男友流过一个BB被 	Potentially
中国人，你为什么不愤怒？就是这个月，美国脱口秀主持人在节目中采访 	Potentially
男人都色吗？ 	Potentially
是不是每个男人都好色包括男孩？是不是所有的男人都好色，也包括还处 	Potentially
老男人都很龌龊吗?他们都很色吗?他们到底有没真正的爱情呀?还是只 	Potentially
如果中国的青年人都是血性汉子，日本还敢侵略中国吗？多少年来，我们 	Potentially
我说意甲不要脸国米不要脸　你们还不信巴勒莫ＶＳ切塞纳　的例子比过 	Potentially
哪儿的女人最美我是东北人，想娶一位漂亮的女人为妻，想问问大家，哪 	Potentially
当真是温饱思淫欲？大家都看到新闻了，那个挨千刀的“史上最坏流浪汉 	Potentially
我33岁，还是处男，说出来很丢人的，因为以前读书晚，本科毕业都2? 	Potentially
对于男性来说问个不礼貌的问题：是戴绿帽子严重还是结婚时非处女伤害? 	None
男人女人男人幸苦还是女人辛苦 	Potentially
长得怎样的女人克夫？ 	Potentially
为什么男人和女人看异性身体的感受不同？男人是喜欢女人的下面，对女 	Potentially
阴毛性功能！有人说阴毛黄就是肾虚，阴毛黑性功能就VERYGOOD 	Potentially
为什么男人一定要让女人照顾？女人就一定有这义务吗?结婚的男人为什 	Potentially
找女朋友的标准，男人不看后悔一辈子！！！注意！！但凡看完此帖不回 	None
男士们,你们会打自己的女朋友或者老婆吗?什么情况下会这样呢?不可 	Potentially
一个女人有了新男友，一个男人也有了新女友。这个男人和这个女人曾经? 	None
关于台湾老板很多在台湾老板工作的人都觉得他们真的比较抠门.妄想用 	Potentially
性感的女人是不是能更吃得开？性感的女人是不是找工作也更好找？不讲 	Potentially
世上男人.女人.都靠不住.只能靠自已1.男人?叟说纳硖?女人? 	Potentially
大家说说地球上男人和女人不相等的后果严重吗?在今后十年,在已经达 	Potentially
知道柏杨的人与读过《丑陋的中国人》的人请进啊！读过《丑陋的中国人 	Potentially
为什么中国老板剥削自己的同胞比外国老板剥削中国人来得够狠同外企的 	Potentially
成人的世界，不能简单的说谁是坏人，当不触及自身利害的时候，每个人? 	Potentially
内地人学说粤语容易还是广东人学说普通话容易？为何那么多香港演艺届 	Potentially
请问女人你们做爱时会亲男人的乳房吗 	None
真的是男人的话都是信不过的,男人呀,说的每一句话都存在怀疑.男朋? 	Potentially
关于女人再次出轨如今女人出轨已经很普遍了，大约有将近一半的女人背 	Potentially
聋哑人多数都很漂亮￥⑩?下午，四??女孩一??男孩由南向北走来。 	None
男人为何比女人色?这是为什么? 	Potentially
男人会介意吗？如果自己的妻子不是处女~ 	Potentially
女人的体香是不是处女才有体香?一年前我对一个女生身上的香味特别有 	Potentially
我打算对女孩隐瞒自己的收入我要是谈恋爱，我将会对女人隐瞒自己的钱 	Potentially
起诉天堂2种族歧视本人实在无聊，特向最高人民法院起诉天堂2违背人 	None
用假的JJ玩女人会快乐吗?有经历的女性请说一下,提倡署名回答,呵 	None
男人,女人男人和女人(打三各民族) 	None
农村来的大学生你是娶农村女孩还是城市女孩？我是从农村出来的本科生 	Potentially
世界上的民族哪些人种聪明?排出名次.像日尔曼人,大和民族,美利坚 	Potentially
男人是不是都很小气？ 	Potentially
这个世界上，到底是穷人养活了富人，还是富人养活了穷人？ 	Potentially
太强悍的女生通常都会惨遭抛弃吗？…… 	Potentially
台湾为什么要独立?台湾跟大陆统一了成为了一个国家不是更有利于台湾 	Potentially
为什么黑人不歧视白人 	Potentially
请男人们回答，你会娶一个离异的女人吗？她才24岁，结婚5个月就离 	Potentially
男人是如何识别是否处女的，我想问问？为什么男人一和女人发生关系，? 	Potentially
我是一个在大城市上大学的外地人，在宿舍老是受当地学生的欺负。请问? 	Potentially
请女人回答！当和女人口交时你们的感受是什么啊？我和女友在一起住的 	Potentially
女人对男人的最大容忍程度是多少呢？如果你们中女方是大男子五岁的即 	None
美国从事农业的人口的确很少，农场主是本国人，干活的多是外籍劳工，? 	Potentially
男人要找有心计的作老婆还是比较简单善良的？男人找老婆，一种是比较 	Potentially
为什么大学女生都这么贱我接触的女生99%都是这样 	Potentially
为什么中国人比较喜欢大声喧哗很多时候，喧哗的总是华人。很多时候， 	Potentially
内裤不是红色的男人素质品味修养都很低？红色代表热情，当代年轻人最 	Potentially
请28岁以上女性回答28到48岁的女性，喜欢强壮有肌肉型的男人吗 	Potentially
自杀者都是懦夫吗？ 	Potentially
女人人过中年后，就注定要永失性的快乐吗？以前我丈夫是很爱做那事的 	None
怎样避免遇到娼妓？现在社上会有很多的妓女，而我最怕遇到那些妓女。 	None
如果你在公交车上有陌生老太或老头很邪恶很凶的眼神看着你好像很看不? 	Potentially
事业多男人到底有多重要？女人看男人的第一标准是事业还是外表？我是 	Potentially
10大最欠抽的人(魔力中)1，骗子。放弃自尊，任人唾骂，论不要脸 	None
结婚后发现不是处女一定离婚吗?我是处男,呵呵.别说别的,什么骂人 	Potentially
女朋友的小外甥品性太差,他向谁都吐口水拿东西砸人,还骂人.这是不? 	Potentially
女人们,男人摸你们的阴道时,你们喜欢手指插吗? 	None
为什么漂亮姑娘都跟有钱的丑男人现在社会怎么那现实啊`~漂亮的女人 	Potentially
为何女人讨厌个子矮的男人 	Potentially
有点抠的男生你能接受吗我不喜欢太抠的男生但是他偏偏是这种类型的我 	None
请男生进来,你们是不是都很绝情我很想知道,你们是不是都一样的绝情 	Potentially
女人真正的归属在哪里最近因为家务事感觉女人难做，要带孩子，要上班 	Potentially
男友在女友面前说别的女子很漂亮。　　如果男友在女友面前毫不顾忌的 	Potentially
他欺骗我感情，我很不甘心！恨透那些脚踩两船的臭男人了!他在追我的 	Potentially
印度不牛，有个巴基斯坦就能让他永远起不来。还老是把咱当竞争对手， 	Potentially
你妈的黑客我黑你妈卖批你们为了钱连你妈姓什么都不知道了狗日的黑客 	Potentially
关于台F的三重失,在台F是不是老牛X啊我看他们打到一个老高兴了在 	None
三个男人，人生选择，？我这人，很老实心善，心肠软，比较单纯，缺少 	None
男人是不是都有洛丽塔情结？是不是都喜欢纯真的少女？成熟男人和少女 	Potentially
对男人来说，女人美丽是一种负担。你认为是吗？我问我的网友，你的女 	Potentially
纵观我们周围的女人有几个不是胸大度小的？有几个能做到彼此尊重欣赏? 	Potentially
什么是贱人？怎么对付？贱人，就是你对他们越好，他们越看不起的人么 	Potentially
不是处女可以从哪些方面看出？我想请问些有经验的人士，不是处女在日 	Potentially
男人不坏，女人不爱，男人怎么坏，女人才会爱？ 	Potentially
男人为什么满足不了她？女人结婚两年了她的性欲越来越强烈，水也是非 	Potentially
城市大学生嫁给县城大十岁的男人，这个男人对我是应付，一直在意前妻? 	None
女人最在乎的真的是钱吗?我和我女朋友是在外地读书认识的,学校恋爱 	Potentially
女孩长的丑就让人讨厌么？为什么不管是男孩还是女孩都喜欢和长的漂亮 	Potentially
日本人与韩国人如何看待中国人？？？几乎99.9%的中国人对日本人 	Potentially
男人真是会这样吗？我的一个结了婚的女朋友跟我说，让我一定要和男朋 	Potentially
为什么这个女大学生要日本男人[原文引述]:我是一个上海女大学生， 	Potentially
我以前交过一个男朋友是这样的``以前他是个很花心的人我也是`但是? 	None
这样的男人,你们见过吗?一个离过婚的男人,68年的,不是特别有钱 	Potentially
女士请回答女人做爱，喜欢JJ粗的还是喜欢长的？看图片老外的都很长 	Potentially
体育课那么容易破坏女性的处女膜吗? 	Potentially
世界为什么这么无情啊!现在这个世界变得那么无情.有钱有势的人多的 	Potentially
白痴	None
请问城市里的女性，你们觉得女人洗屁股是否是羞耻的或者有伤风败俗？ 	Potentially
男人都好色吗？男人是不是都认为别的女人比自己的老婆漂亮？ 	Potentially
请男士朋友回答以下谢谢如果一个女人说一个男人为什么总是不能认真地 	Potentially
为什么男人都那么坏？？　　	Potentially
男人打女人会改么？我第一次挨打是跟他处了2年的时候我承认那次是我 	Potentially
不是处男了，还能得到女人的真爱吗？不是处男了，还能得到女人，尤其 	Potentially
你讨厌那些超女？全部讨厌！都是错误的存在！ 	Potentially
阴毛和腋毛多的女人是不是性欲很强？ 	Potentially
我国中奖为什么蒙面太吓人了外国中奖都是大大方方滴公开没有不见滴人 	Potentially
这样的女孩，像是处女么？她是个在校生，样子一般，2本学校的高才生 	Potentially
她提出分手后我怎么办或许女人是善变的，本来她答应嫁给我了。但是一 	Potentially
吵架、闹别扭和男朋友认识一年了，经常会因为一点小事顶嘴，闹别扭， 	Potentially
什么样的人？“弱弱的问一声”，一般这样说话的人会是怎样的呢？请从 	Potentially
女人为什么甘愿被坏男人骗呢？女人不喜欢好男人，喜欢流里流气的痞子 	Potentially
农村出来的女孩子请进我一个女性朋友，也是我同事是农村出来的有一次 	Potentially
中国的民主自由和人权怎样呢？比起香港台湾差多远啊啊 	Potentially
一个重要的问题女士们：请问什么样的女人性欲比较强烈，什么样的女人 	Potentially
如果世界上只剩了女人人的性染色体分XX(女)和XY(男)两种,卵 	Potentially
家庭暴力者是不是心里有疾病，情绪一上来，就控制不住，就打老婆，砸? 	Potentially
假如穷人和有钱人犯同样的罪量刑会一样吗？有钱人可以请个好律师保护 	Potentially
为什么现在的女人这么现实了？没房没车就不跟你好，！ 	Potentially
一般漂亮女人是不是脾气不好?美女是不是都有些小姐脾气? 	Potentially
丑死了，战士就是唱大戏的；法师就是裹布老头、老太；道士就是蚕蛹！? 	Potentially
你想做幸福女人还是不幸福女人？女人分为两种，一种是幸福的女人，一 	Potentially
妓女是不是好容易传播疾病？现在社会做妓女的好多，而且也有很多年轻 	Potentially
這?拥呐笥眩矣悬c??祂是三年前追我，由于??r?W?任?蛰 	None
男人是春是夏是秋是冬？男人如秋，从青涩走向成熟慎读秋天，如读男人 	Potentially
同样是中国人为什么外地人要比本地人多交电费的！怎么会有这么不公平? 	Potentially
非处女还会全心全意爱上一个男人吗我今年28，我女朋友比我大一岁， 	None
我来告诉你如何做坏人？抢小孩子的棒棒糖？那是低端坏人做的事情～！ 	None
现在的男人还在乎另一半是不是处女吗？请各位男士如实回答。 	Potentially
请真正的男人回答是真正的男人就说老实话，当男人喜欢另一个女人的时 	Potentially
玩弄一个女人的肉体，和玩弄她的感情，哪个伤她更深？常常看到一些女 	Potentially
老婆被别人骚扰怎么办？和老婆认识7年了，从来没觉得老婆这么陌生过 	None
还是处女有可能吗？？？？我女友（处女）二年前和她的前任男友（处男 	None
如何去要求男人交家用一定能达到女人的目的但又不伤害感情从恋爱至结 	Potentially
禁止大声喧哗	None
拒绝回答弱智问题的进这里有些人老是提些弱智问题，你说讨厌不讨厌我 	None
请问，男人是不是都喜欢婚外情呢？看看身边的人，特别是男人身边总是 	Potentially
农村女孩要不得？看到我哥我嫂的生活我就为我哥惋惜，我表哥一线城市 	Potentially
女人善良吗？古人说，唯女子与小人难养也。我的一个同事（女）也告诫 	Potentially
河南人不可怕为什么在外地，鄙视河南人河南人，打工不要河南的。干什 	Potentially
女性喜欢男人的阴毛浓密又长吗或者男人是不是也喜欢女性的Ｂ毛浓密黑 	Potentially
论部落战士种族撇开技术和装备~我只想知道从种族天赋上来看兽人和亡 	None
男人会和一个自己不喜欢的人kiss吗？男人和女人不一样，男人先性 	Potentially
男友条件太好，让我感到有危机感。我是高中毕业的，现在在工作了。男 	Potentially
我乘公交车被女人摸屁股啊~昨天和一个朋友去吃东西~乘公交车的时候 	Potentially
男人介意找一个不是处女的女朋友吗如果一个男人发现自己的女友不是处 	Potentially
仗着英语看不起人,甚至欺压人的人不忠不孝:卖弄什么英语?是不是中? 	Potentially
我的婆媳关系象候中鱼刺我老公是广东人，我是江苏人，我婆婆不喜欢我 	Potentially
我的初恋就献给了一个不是处女的女人，首先我的第一次也给了他。我真? 	Potentially
好男人宁可单身也不要坏女人，不能被坏女人糟蹋。好男人如果接受坏女 	Potentially
日本人为什么这么坏？日本人是野蛮的民族,人类的败类呀!全球人类的 	Potentially
男人的性话题……你有过几个女人？她们的BB有什么不同吗？如松紧程 	Potentially
为什么生孩子是女人的专利，男人什么时候可以生孩子？？？ 	Potentially
请姐妹们回答男人就是贱咱看谁拿的住谁？你是真不想找我吗？我就不信 	Potentially
你怎么看待处女感觉周围的女孩一个个地失处，感觉22岁之后的女孩9 	Potentially
男人!你们更爱钱,还是更爱人?现在有很多漂亮女孩为了钱嫁给有钱的 	Potentially
他会体外射精是不是处男？ 	Potentially
这是所谓的男人本性吗?世界上有三样东西不能相信：男生的承诺、男生 	Potentially
女人在安全的情况下会有和陌生的男人做爱刺激一下的想法吗？我２０岁 	Potentially
男女结婚，女方城市户口，男方农村户口，户口落在哪男方要变城市户口 	Potentially
男生的恋爱烦恼经常听女生说，好男人要温柔体贴，只爱她一个，有责任 	None
早上路过复旦，看见一长相普通，气质平平，身上无高价值物件的男生骑? 	Potentially
不该花钱给捡来的女孩读大学我有一个捡来的妹妹，在我眼里始终不是亲 	Potentially
怎么对付吃软怕硬人物？某些人就是爱欺负软弱人（新进员工和对她说话 	Potentially
太帅的自卑说起来大家肯定觉得我诱斗了吧，，更不相信，，那大家就当 	Potentially
为什么不吧所有犯罪分子统统枪毙中国人这么多他们出来也不会好更加仇? 	Potentially
被已婚男人看中是谁的错？被一个看中不出奇，被很多已婚男人看中是谁 	Potentially
女性虚拟公寓里面的女人都很开放吗？我听很多朋友说女性虚拟公寓里面 	Potentially
男人喝醉后的话是不是都是假的唉呀,真是气死我了,气死人了,我爸昨 	Potentially
女性和多个男性性交容易得什么病？我有一个妹妹喜欢和不同的男性做爱 	Potentially
女人没有男人活不了？男人可以没有女人，但是女人绝对不能没有男人？ 	Potentially
男人最不能容忍女人的什么？女人最不能容忍男人的欺骗，那么男人最不 	Potentially
???女的提出分手﹐男的要是?喜?g?Ψ降脑????勇?系﹐? 	None
女人怎么那么自私啊好多女人很自私呢，怎么这么自私啊。 	Potentially
感到很难过女孩子都对那些游手好闲，油嘴滑舌的人感兴趣，而那些踏踏 	Potentially
女人是茶叶？前几天，看到一段美国前总统里根夫人南希的话：“女人就 	Potentially
男人会介意自己的女朋友或老婆比自己学历高吗我是一个高学历的女生， 	Potentially
大家觉得国米丢脸么？意甲霸王在欧冠技不如人，就跟小流氓一样，踢不 	Potentially
中国会向日本鬼子道歉吗？反之，日本会向中国道歉吗？日本鬼子应跪下 	Potentially
重男轻女的父母我是九零后，是家里的长女。为什么我的父母；老是叫我 	Potentially
尼日利亚放弃了吗？踢肯尼亚都踢不过？ 	Potentially
占领希腊的罗马人为什么没有变成希腊人满族大多变成了汉族，占领希腊 	Potentially
男生学英语为什么不如女生学的好在我们班,男生背英语不如女生一半儿 	Potentially
你的女朋友值多少钱？？某个综艺目现场，女主持人气势咄咄地问一个男 	Potentially
你会如何对待如此犯贱的前女友我和男朋友感情很好，每次吵架基本上都 	None
没志气的男人什么样？女幽喜欢没志气的男人吗？ 	Potentially
女人没有男人重感情是很明显的去婚介所的主要是女人，原因是女人把婚 	Potentially
如果现在的日本和越南一样贫穷，有的中国大陆人还会哪样仇恨他们吗？ 	Potentially
是不是所有的男人都认为和她成不了恋人连朋友都没得做了，更不要说见? 	Potentially
中国对马来西亚：胜平只在一线之间中国队只要打出血性，像个男人一样 	None
请问男士口交和正常性交哪个感觉更好一点请问男士,你们是感觉口交舒 	Potentially
上海人排外问题好多上海本地人不也都给外地人打工吗？上次去上海，可 	Potentially
为什么粤方言遭到两广以外的人的敌视？我发现一个现象：两广以外的人 	Potentially
阴茎拔起了,但是暂时没女人在旁边,可不可以拿一个假皮具女人作代替? 	Potentially
你会和一个大女人做爱吗？如果有一个男孩由于一些工作问题逃避了自己 	Potentially
女上男下真的能?蜓娱L性交?r間??各位﹐我?暮芏喾矫嬉?到過關 	None
当今凡是有过男朋友的女孩子大部分都不是处女了么？ 	Potentially
男人都说兄弟比女人重要，为什么不都去搞基。。。兄弟比女人重要 	Potentially
请问有没有男光女糙的说法？我是一个女孩子，各方面在别人看来还算不 	Potentially
为什么女人不能当众放屁为什么男人可以当众放屁，女人就不可以，只能 	Potentially
面对歹徒劫色的N种假设....1、以暴制暴飞起一脚，踢其要害。有 	None
现在到底是男人贱还是女人贱？TMD每天听女人骂我们男人花心多情， 	Potentially
老是生活在女人堆里怎么办?从小学到大学都是女老师教.所学专业偏偏 	Potentially
女孩子请近你们会不会喜欢上一个残疾人而且是个盲人　会不会想跟他过 	Potentially
为什么都说男人好色？而不说女人好色？ 	Potentially
"怎么看待关于明星""台独”言论的谣言？据我所知。那会不是老说SHE "	Potentially
女人都是小气的吗？我女朋友常常我说错一句话就会生气或吃醋，所以我 	Potentially
中国人只会享受科技带来的成果.....所有的发明都是洋人发明,你 	Potentially
黄种人与黑种人为什么黑种人的身体素质比黄种人好那么多呢，NBA里 	Potentially
当豪杰真幸福看看啊，YOYO真照顾豪杰，不让豪杰花钱买包，多照顾 	None
为什么女人都是莫名其妙的？我觉得女人多数都不会控制情绪。 	Potentially
男人喜欢女人穿着丝袜和高跟鞋作爱吗？ 	Potentially
为什么男人学驾驶比女孩快？在驾校学车的时候发现男人学车普遍比女人 	Potentially
男人做时有什么心理和生理感受，会让很多人冒着犯罪的危险？女人又有 	Potentially
小三者难道都是女人的错吗？难道女人一定要变坏才有钱吗？作为小女人 	Potentially
阴毛多的女人好还是无毛阴毛的好我有过两个女朋友，一个是阴毛特别浓 	Potentially
韩国出了兰博基泥杂我门不出啊人家要出宝马X6和奔驰E澳迪R8跑车 	None
男人都怕看到女孩子哭吗？男人在看到自己喜欢和不喜欢的女孩子哭，分 	Potentially
请成熟男人回答！请所有成熟男人谈谈，你们对待爱情的态度和对待女友 	Potentially
学文科的男生会变质吗？我想从事文科，可是每次看到文科班男生那么少 	Potentially
“疯”言“疯”语系列之三十六男人的“例假”！成年人都知道，女人成 	None
女人们回答，如果强奸你的人强迫你给他口交，你会咬下他的阴茎吗？ 	None
一般一个女人和几个男人做过爱？上次在杂志上看到平均一个女人和19 	Potentially
社会问个现实的问题，为什么女人为了钱可以做任何事？ 	Potentially
为嫁有钱人抛弃穷男友前男友家很穷,压力很大,当初大学里只因为我太 	Potentially
请问各位长者？女人的阴道形状是不是长的都不一样，和那种形状的女人 	Potentially
处女情节在男人心里到底有多重？总以为现在社会人们可能可以接受女人 	Potentially
为什么男人总是显得很懒惰呢, 	Potentially
内什么，那些年关于五仁月饼的传说。。。。“是谁干的！为什么要糟蹋 	None
城市人和农村人的致命区别我知道写这篇贴子，会被很多人骂，不过无所 	Potentially
你是怎样看待男性趋于女性化？男不男女不女的，反而让女孩喜欢，本人 	Potentially
女人的下面都有味吗?男人面对这种味道是怎么想的?是不是每一个女人 	Potentially
沉思:为何当今社会还有被拐妇女?在火车站,或街上找工时...她们 	None
脾气不好的女人怎么对付我和我女朋友恋爱半年了，可是她是个很强势的 	None
上海的台湾人怎么这么多呢?大家生活中都有很多台湾人对吧,可以说说? 	Potentially
（恋爱笑话）经典男人这辈子挺难的：找个漂亮女人吧，太操心，找个不 	Potentially
为什么女人不是和男人一样想和每个女人做爱？男人，女人，性爱 	Potentially
男人是如何看待自己的第一次的？总是常听说很多女人在乎自己的第一次 	Potentially
男人不坏,女人不爱? 	Potentially
怎样能让男人更消魂？我是女人，想学些做爱技巧，在床上，女人怎样做 	Potentially
我做了别人的情人，该怎么办我27岁，三年前一个40岁的男人以前单 	None
同样是中国人的比赛，解说员的倾向性为什么会那么明显呢？转一段网友 	Potentially
为什么男女不平等？女生可以穿吊带装，无袖衫，男生却连篮球服也不能 	Potentially
男人真的都好色吗我们女人见了美女也是看一下，可是看到男友看美女的 	Potentially
男朋友喜欢和我说他以前女朋友的事情我和他在一起纯属偶然，说的不好 	None
如果女人做了对不起男人的事，男人打女人对吗？男人很爱女人，可女人 	Potentially
男人喜欢姐姐还是妹妹？依靠还是被依靠？男人的本质是想保护别人还是 	Potentially
如果男朋友没有承担家务的意识，怎么办？我男朋友是一个大男子主义者 	Potentially
结婚后的女人结婚了，可我感觉她变了很多。没有结婚的时候她是个又懂 	Potentially
当无法沟通时。。我和男朋友是生活在完全不同的环境中，他是生意人。 	None
在何种情况下，一个男人会放弃一个完全可以到手的性交机会？当然，这 	None
去相亲遇到一个很丑的男人真的很丑,第一次会遇到这么丑的男人!他是 	Potentially
是不是男人对于容易追到的女孩都认为轻浮？对于男人来说，如果开始认 	Potentially
请问中国哪些地方的女子最开放，性能力最强？ 	Potentially
现在北京的女孩是不是都很势力啊？？？？？交个朋友可真难？？？？ 	Potentially
大家说说对处女的看法？以下是我在转载的网上的文章。男人找个处女当 	Potentially
谁知道?哄鄙霸谀模坑惺裁垂怀的芄ィ? 	None
为什么大部分女人都是小心眼儿？爱瞎猜疑 	Potentially
为什么女人在和男人有过第一次后身上的味道就会改变在也没有处女时的 	Potentially
已婚男人为什么这样对待我？？？我才22岁，正是女人一生中最好的年 	None
男生请进呀我男友第一次摸我的乳房没做爱请问你们摸女友时什么感觉J 	Potentially
女人真的三十如狼，四十似虎吗？俗话说女人“三十如狼，四十似虎“是 	Potentially
男人是不是很介意自己的女朋友或者老婆不是处女了？我和前度男友拍拖 	Potentially
为什么女性遭到性侵犯会觉得自己很脏？ 	Potentially
懦弱的性格现在女孩子是不是都喜欢能说善辩，性格开朗外向男人啊？别 	Potentially
男人是否应该与女人争吵？一般男人与女人发生分歧时，男人总会表露出 	Potentially
高一生物人类中男人的秃头(S)对非秃头(s)是显性,女人在S基因 	None
夫妻间的感恩男人只要挣钱养家，女人就一定要感恩戴德吗？昨晚因为女 	Potentially
你能解?Q一??不?勰愕娜耍?她?有模F在女的是不是都很現?? 	Potentially
(图)警惕韩国人危险的民族主义情绪!很想笑啊！不得不鄙视高丽棒子 	Potentially
女人的性生活太丰富下面会变松吗？ 	Potentially
处女和非处女，走路有区别吗？有什么不一样？怎样辩别？ 	Potentially
关于处女问题当今的社会是开放时代，在社会上，处女会多吗？还是少？ 	Potentially
男生是不是都很喜欢给自己的女朋友花钱呢？我认识很多男生，他们都认 	Potentially
外地女人嫁给上海男人会幸福吗上海男人一般会因为什么事情打老婆，除 	Potentially
中国女人这么好骗吗我姑姑中年丧偶，打算网上碰运气，找个合适的对象 	Potentially
我真瞧不起这种人玩不过就说别人加速,这种人我真瞧不起,我也碰倒过 	None
现在社会治安最乱的城市是那我觉得应该是广东和陕西,经常发案,特别 	Potentially
是不是女人也和男人一样想和更多异性作爱，只是因为怕老公知道而不感? 	Potentially
请问各位姐妹，女友喜欢粗暴和受虐正常吗？和女友ml时总是希望我粗 	None
为什么山东人到了东北就会讲普通话所遇到过的东北人，除了没问过或者 	Potentially
与黑人男友未婚先孕，家里极力反对，如何是好？男友是个刚到中国留学 	Potentially
阴险可怕的女人我是一个性格很直率的人，对人也很真诚．总是很容易相 	Potentially
未婚男人和以婚男人的区别作为男人,我给天下的女人提供方便:结婚过 	Potentially
什么样的女人最不好！！！一个女人有多少个男朋友算是不好的？？？ 	Potentially
女人生完孩子就没用了吗???老公这样对我说，说男人都是这样想的,? 	Potentially
男人们你们喜欢和胖点的女人ML还是和瘦点的女孩ML?胖到什么程度 	Potentially
男人来回答你们都在意自己的女朋友是不是处女吧?在意到什么程度呢? 	Potentially
白人歧视黄人么 	Potentially
请问和胖女人（生过孩子的）性交阴道感觉是不是比瘦女人的紧，是不是? 	Potentially
女人被口淫，感觉什么样，很好吗？ 	Potentially
请男士回答?你在乎妻子不是处女吗? 	Potentially
为什么中国的男明星不会找外国人做妻子？难道真的外国女人的阴道太大 	Potentially
女人不该靠男人女人真的不该靠男人吗?女人离开男人行吗? 	Potentially
为什么现在女人的地位要比男人高许多贪官都是听了老婆或小秘的话才走 	Potentially
不是处女可以吗？如果不是处女，还有资格与别人结婚吗？ 	Potentially
大家?碚f說潮汕人到底排外不排外不好意思在這裡??這????題一 	None
我有男朋友，我能和其他男性一起吗？我是一个很开朗的女孩，我很喜欢 	None
关于女人的B最近遇到几个女的干着干着下面就喷水的，虽然很滑顺，可 	Potentially
长期有性生活的女人和长期没性生活的女人身体特征有哪些不同呢？ 	Potentially
犹太人是低劣的人种吗?希特勒说犹太人是低劣的人种,他借此屠杀了大 	Potentially
男人是不能惯的，你不是他的妈，除非你想当个老妈子。 	Potentially
现代社会男再也不怕踏错行可以换行嘛，而女还是怕嫁错郎这句话？有位 	Potentially
走夜路吹口哨；两个瞎子划拳；大王庙里的看门神——	None
河南人在广东从前的河南人来到广东打工最受欢迎的是公司的保安职务， 	Potentially
在男人眼中，什么样的女人叫贱？ 	Potentially
这算歧视吗？前面坐着一男一女，女的在用护手霜。男人说：我也要用。 	Potentially
开挂有意思吗阿Q男们本来我是没发过这种贴的，只是今天太气愤了，遇 	None
男人要的是女人，而非爱情！女人要？？？ 	Potentially
男人与女人世上男人为啥总是要为女人去拼命工作啊 	Potentially
个人认为女生在爱情方面非常被动，感觉非常不好。。。女生如果主动追 	Potentially
关于撞人问题撞人，是一门艺术。有人说，撞人是没有道德的，自己一被 	None
都灵冬奥会，为什么裁判总是压着中国人？为什么总是用双重标准？对外 	Potentially
问天下男人很想问一下天下所有男人,如果你因为你老婆而飞黄腾达,你 	None
女朋友总在我面前提起她以前的男朋友，有的时候还会哭。她说以前真的? 	None
爷爷说日本人没有当汉奸的中国人和朝鲜人坏，他们在我老家和当地人相? 	Potentially
女人多爱男人一些，有错吗？俩个人成家了，相对来说，爱得少的那一个 	Potentially
男人会介意吗?男人会否介意自己的女朋友.曾为前男友口交过同时前男 	Potentially
我的女朋友为什么喜欢被人强奸?强奸对女人来说....我一直认为强 	Potentially
为什么人分扶色为什么人分白，黄，黑 	Potentially
结婚十一年了，生活很乏味。老公是一个性格粗暴，很自我的人，天长日? 	None
一个漂亮的穷女孩和一个有钱的不温柔的女孩应该向谁求婚?我是外地来 	Potentially
是说汉语的人聪明？还是蓝眼睛的人聪明？为什么世界上的人普遍都认为 	Potentially
朝鲜该不改被制裁说朝鲜打过韩国，那日本还打过中国呢？问题是现在人 	Potentially
现在很多的大龄青年都结不了婚。很多男人固守着，非要找个处女不可，? 	Potentially
帮女人拿包的男人真恶心一个包尼玛多重啊，无非就几坨屎的重量，难道 	Potentially
怎样找个老外嫁到欧美去？感觉中国的男人太保守了，还是想找个老外把 	Potentially
男人逼离婚逼得很紧怎么办男人在外买了房子装修好了,逼人离婚.两个 	Potentially
中国足球永远是只有想不到没有做不到，我真的非常佩服中国的这些个爷? 	Potentially
聋哑人和正常人结婚我是聋哑人。爸妈拒绝我找聋哑女人结婚，问题是爸 	Potentially
男人都喜欢口交吗，为什么有女的喜欢为男朋友口交的吗？而不是因为他 	Potentially
男人最不能容忍的是什么？男人最不能容忍自己的女人做过什么？包括所 	Potentially
凭什么男人为了追女人就得卑躬屈膝的最近追一个女的真是难追，我是诚 	Potentially
上海的女孩是不是都很现实,很虚荣?如果想找一个上海的女孩当女友的? 	Potentially
我觉得男人和女人之间没有真正的友情,不是情人就是仇人,分手了还是? 	Potentially
人活者为了什么？人活者真累，每天给同类欺压，同样是人，为什么我们 	Potentially
怎样让女人给男人口交 	Potentially
现在的女孩子为什么不喜欢老实人？ 	Potentially
处女重不重要？我不明白为什么现在社会风气为什么这么坏，有一句话说 	Potentially
怎样的男人属于大男人主义？拥有大男人主义的女人幸福吗？？日常中应 	Potentially
为什么帅哥总是找丑女做女朋友？ 	Potentially
关于和台湾人交往的问题我在澳大利亚上学，这里有很多台湾留学生，有 	Potentially
三亚的女人漂亮吗？皮肤黑不黑？1。三亚本地人是不是皮肤很黑呢？2 	Potentially
请问，为什么女人一般会比男人长命？我们村的老头一般都比老太要早见 	Potentially
为什么男人能跟没有感情的女人发生关系是不是只要是有点姿色的女人男 	Potentially
为什么地球上会有日本这样无耻的国家？日本太可恶了，你如果是国家主 	Potentially
男人都喜欢偷看女人洗澡吗?读中学时,因一次偶然我偷看到了女生洗澡 	Potentially
为什么一些中国人歧视黑人?我发现很多中国人歧视黑人.个人认为种族 	Potentially
找本耽美BL小说小S是个少数民族的王子那民族男的可以自己生宝宝但 	Potentially
受得了坏男人的只能是坏女人?很享受性自由的女人,会成为性开放的女 	Potentially
为什么中学生爱打架？现在上大学，发现男生在初中和高中这个阶段最爱 	Potentially
"唠叨的女人和?碌哪腥?你最烦哪一个?这里和性别有关吗?这里""唠 "	Potentially
为什么男人都好色 	Potentially
爱国人士请进——关于南海诸岛和钓鱼岛南海诸岛有好些个被外国侵占， 	Potentially
处女和非处女走路会不同吗？ 	Potentially
为什么强奸案的受害人基本都是女性？男女平等呀！ 	Potentially
要美女还是要处女？如果有这样两个女孩，不同时具备这样两个条件，大 	Potentially
为什么男人都好色男人有钱,都有一种想法有小秘或是小老婆?为什么? 	Potentially
男的可信度高还是女的了？现代社会男女的关系好像很乱，你们说说到底 	Potentially
男人要的视频高清无码，嗯，重口味不要，男男的会死人的！10分/个 	None
怎么对付这样的人？？？？我是从事体育场保安工作的，我们这里的人文 	Potentially
为什么男人不懂珍惜已经得到的女人都说只要得到了她的人，男人就不会 	Potentially
为什么女人都喜欢有钱的男人或是比较帅的了,她们是咋想的了,这个世? 	Potentially
小女人有什么好的，只会让男人英雄变狗熊， 	Potentially
突然有个丰满的外国妹妹要和你上床，你们都咋办啊？朋友出国回来，带 	None
为什么现在总是男人忽略女人呢？现在社会上不是男多女少吗？为什么还 	Potentially
如何对付欠揍的女人？ 	Potentially
为什么总是婆婆家要求儿媳干活多,而女方家就要求姑爷少?这很不公平? 	Potentially
生男好还是生女好？男人都喜欢男孩 	Potentially
我的未婚夫好小气！他会有出息吗？我的未婚夫今年30岁，比我大5岁 	Potentially
男人们看过来啊你们想找哪类女友容貌美丽身材凹凸有致皮肤细腻白皙眼 	Potentially
男人深沉的秘密男人深沉在女人看来是什么？一般都是好帅哦～！好友性 	Potentially
为什么说女的骂人会失面子，而男的骂人很正常？难道这就是男女的区别 	Potentially
新?笨堤烊凰嗡刂瘟菩哪匝芗膊。瘟颇怨Ｈ⒛匝ā?新?笨堤 	None
假球一家子假球祖宗:败人(如果以后走大街上谁说你是强队我肯定把他 	None
大家评评理：男人怎可无耻到如此地步？第一次他说分手是在今年5月份 	Potentially
女人都是弱者吗?唉我看到很多年轻的女孩在做小姐,有很多做小姐的女 	Potentially
不流血？为什么有的人在第一次ml的时候不流血呢？（除了那些运动过 	Potentially
世界如此黑暗骗子如此疯狂我就不知道那些骗子是不是全家女姓都被弓虽 	Potentially
韩国男人为什么这么小气？从我接触的韩国男人中基本上都是外形上很男 	Potentially
如果你是男人，会因为一点小事打怀孕六个月的妻子吗？妻子怀孕六个月 	Potentially
大连人有素质吗？有人说大连人素质高．呵呵本人不敢苟同．那说的是外 	Potentially
女人们回答，如果你被强奸了，你会割那个男人的阴茎和睾丸吗？如果割 	Potentially
男友偷笑什么意思男人比女人打10多岁，离婚恋爱。经常带女人去见父 	None
为什么城市人会看不起农民？ 	Potentially
女人是不是都很装女人是不是都很假，一面装着不舍，一面逼着放弃，等 	Potentially
到底是那边好呢？每次谈恋爱的时候朋友总说我们占男孩子便宜了因为吖 	Potentially
上次在湘隆?r代?V?隹吹揭患曳窆ⅲ恢滥羌曳窆⒃趺囱? 	None
一个人如果没有文化（文盲）是不是很悲哀？文化层次低的人都会与社会 	Potentially
现在的女大学生怎么都这么败金,堕落啊我班上几个女大学生竟然很认可 	Potentially
我讨厌男人！！！第一个男友比我大五岁，那时我才十八。我的第一次就 	Potentially
命苦啊~~~我遇到的男人一个比一个小气...??为什么,我处了五 	Potentially
靠买辆破车也在这里显摆怎么了这里，买辆破车也要在这里显摆？怕没人 	Potentially
我女朋友的乳头颜色很深,我女朋友不是处女,难道说以前做爱多了才深? 	Potentially
男生不比女生体贴？现在拍了个男生，是电力局工作的，有经济基础，身 	Potentially
问成熟男士你们怎么看这样的女孩？你们怎么看这样的女孩是不是感觉这 	Potentially
是不是大部分汕尾人都排斥外省人 	Potentially
是不是男人总是以倾诉婚姻的不幸来赢得女人的怜惜他向我诉说婚姻的不 	Potentially
老婆生气了，怎么哄她啊我是那种和平型性格，老婆是比较强势一些的。 	None
嫂子小姑子老公的妹妹从初中毕业,就来北京和他哥在一起,吃住用统统 	Potentially
咨询恋爱问题谈恋爱男生大多喜欢会撒娇、小鸟依人型的呢女孩呢，还是 	Potentially
有人说摆地摊都比打工好针对贫穷未婚男士，是打工稳定性收入(工资较 	Potentially
找漂亮的女人做老婆是不是不安全?找漂亮的女人做老婆是不是不安全, 	Potentially
炒股的与不炒股的不炒股的是穷人,炒股的是富人变成超穷人. 	Potentially
一个意大利男人和一个日本男人意大利人优点：温柔，浪漫，热清，充满 	Potentially
美国太偏心眼！上个月在芝加哥，一个华侨在网上说日本是低劣的民族， 	Potentially
请女性朋友来回答处女的阴唇和非处女有什么区别？ 	Potentially
在人挤人的公交车上，后面的男人“直了”，捅在你身上！公交车上的人 	Potentially
我是传统的男孩，至少思想上完全是，但女友告诉我他的第一次给别人了 	Potentially
为什么你不能尊重我？最近这段?r間我?λ质耍路荩恢 	None
以后他会变心吗着男人脾气是内向的。爱女朋友，女孩子和他在一起把第 	Potentially
?楹位@球一定是黑人比較??害?NBA很多都是黑人... 	Potentially
大学处女率真的那么低吗？有人评论将来大学会成为最大的妓院，难道这 	Potentially
有人说男人很容易有反应是不是真的呢?有人说20岁左右的男孩子，只 	Potentially
外地人在北京难道真要被歧视?今天乘公交车,人非常多,和一四十岁左 	Potentially
女人看见了男人的JJ会有什么生理反应吗？希望女人来亲自回答！ 	Potentially
为什么女强人男人不喜欢 	Potentially
我跟老公从来不吵架．会有问题吗？人家都说吵架能沟通两个人的感情． 	Potentially
为什么菜鸟们都喜欢用BM？BM如果不会骚扰了就是一个垃圾，屁作用 	Potentially
不是处女，如果面对未来LG的第一次我男朋友还是处男，可是我以前交 	Potentially
心里的不安我的男朋友是廉江人。我是汕头人。因为我们都在深圳上班， 	Potentially
想占女人便宜的男人是不是有很多?我要么就收到有一些男性发来的信息 	Potentially
万年校尉还这么拽？做人嘛，不要做的太过分了！你们这些可怜的新手， 	None
男人可信吗？在这个越来越虚伪的世界，男人的话还能信吗？还存在真的 	Potentially
你们男的是不是认为上床很自然,很正常? 	Potentially
这么说你能理解吗户口把人分成了农村人与城市人，城市人享有许多便利 	Potentially
我是40大男人，总喜欢欣赏男裸体特别是大JJ，看到这些我会想性交? 	None
男人和女人之间会有单纯的友情吗？有人说男人和女人之间不可能有单纯 	Potentially
男人聪明还是女人聪明？一看就知道，男人的脑袋比较大。为什么会比女? 	Potentially
处女膜的问题！男人结婚的时候希望自己的老婆是处女吗？要说实话！女 	Potentially
伊朗人是不是都是疯子啊最近伊朗的总统越来越嚣张,听说伊朗人搞了一 	Potentially
一个滥交的女仔，她会扮得很淑女吗？怎么样看得出来呢？ 	Potentially
众所周知，男人的魅力体现在强健的体魄、深厚的内涵、搏击的性格和鼓? 	Potentially
女人下面没毛，叫甚摸女人下面没毛，为甚摸，是不是传说中的白虎，和 	Potentially
作男人很累呀？！我是一个男生从外表上算是眉清目秀在几岁的时候住在 	Potentially
我有杂念我：城市人，家里环境好，性格活泼他：农村人，家里环境差， 	Potentially
冬阳送幽默——现代男人现代男人真奇怪，五十六十谈恋爱。喝的是蓝带 	None
我的女友不是处女而且性经验比我成熟，我感到很反感怎么办？我想提出? 	Potentially
新疆人无法无天，没办法管吗？今天在路上走看到几个新疆人跟在一个女 	Potentially
诗词有钱人爱花天酒地，没钱人被逼做奴隶。欠钱人说谎又逃跑，爱钱人 	Potentially
陌生人打人！郁闷！俗话说：打人是侵略者，被打是受害者。晚上在行人 	Potentially
请接触过“小姐”的男士注意科学证明，接触过“小姐”的男士，再和自 	Potentially
为什么说女生学理科没出息？ 	Potentially
[（安全教育）]如何应付性骚扰？什么样的女人不会被性骚扰一个女人 	Potentially
为什么好男人身边都是不专一的女人? 	Potentially
女人为什么需要男人?为什么女人和男人在一起,总觉得自己是吃亏的? 	Potentially
自己很懦弱很窝囊觉得自己是一个很懦弱很面很窝囊的人而且心里特别敏 	Potentially
男女对出轨的不同反应要是女的出轨，男的一般会回家打女人；要是男的 	Potentially
为什么一切都要女人承受大家谈谈为什么女人要生孩子，要避孕，要做家 	Potentially
谁来拯救未来祖国？？~~~~拯救未来祖国需要拯救祖国的未来花朵， 	Potentially
南方女人和北方女人下面有什么不同,高潮是不是也不一样? 	Potentially
男人变坏因为自私，因为想证明自己是男人；女人变坏因为男人变坏，因? 	Potentially
被迫分手后，巨蟹女很厉害的对我说不要送礼物并且说已经又找了男朋友? 	Potentially
男人是否能接受女人比自己强悍？也就是说比自己有钱，有事业，聪明，? 	Potentially
问问？？为什么世界上的女的，总是那么爱善变，一段时间里就变成了另 	Potentially
听说女生做软件编程方面有点困难也（因为女生的逻辑思维不如男生强）? 	Potentially
女人比男人工资高时，你是什么想法如果女朋友的工资比男友高，男人们 	None
男人是否要对女人冷淡点?我觉得男人对女人太好,女人就不是很重视我 	Potentially
河南人是不是妖怪？ 	Potentially
富人包养情妇是不是有利于社会富人得到美女，美女得到财富，双赢，还 	Potentially
ML时，男人喜欢女人怎样？整天想着这种事。我的志愿就是让我的男人 	None
女人在家忙家务管孩了照顾老人，男人就那么理直气壮地非工作时间在外? 	Potentially
女人不要做坚强的仙人掌要做娇弱的玫瑰？女人问男人：“为什么最终你 	Potentially
为什么男人都是吃着碗里的看着锅里的？现在的男人都这样了吗？ 	Potentially
为什么男人喜欢变性人和整容美女?男人说不喜欢变性人,但都很喜欢何 	Potentially
如何抱负一个强暴你的已婚男她是一个温柔善解人意洁身自爱的80后未 	None
为什么恐怖分子大多数是穆斯林 	Potentially
请问女青年们一个问题请问那些不是处女的女人们一个问题,假如你现在 	Potentially
男人为何肌肉多，女人为啥肥肉多？我看到叔叔哥哥们的肉和女人的不一 	Potentially
流氓司机，交警怎么对付?尤其是公交车司机最流氓了。有些交警也太不 	Potentially
男生...女生...看过来我是男生...但没有兄弟....和女生 	Potentially
烦恼来北京是个错误,认识了他也是一个错误,我是个保守女孩,我觉的 	Potentially
被强奸的女性在被强奸后得了爱滋病！那么强奸犯应该改判决他死刑吗！? 	Potentially
请问男士们,你们高潮时会大叫吗?如果是口交,高潮时,你们希望女的? 	Potentially
和老婆打架。迷茫以后的生活首先交代下背景，老婆和我都是大学后打工 	Potentially
女性与处男和非处男ml,真的能感觉到有什么不同的明显区别?感觉女 	Potentially
为了一句话挨了一耳光现在的女人可真不得了啊。今天看来我是有走霉运 	None
我认识一个女朋友，做爱时她喜欢在我上面。喜欢动，是不是坏女孩做爱 	Potentially
有很多男人都说不介意自己的女友或妻子不是处女,请问是否真心话,还? 	Potentially
做中国人太累了吧这年头，你要是不占几个小岛，不扣几艘渔船，不抓几 	None
是不是男人都喜欢女人性感漂亮！我现在有点胖，男有就整天的说我胖， 	Potentially
遇上变态的邻居怎么办？我家楼下有两变态，一个是二楼的，是精神不好 	None
这女人、丈夫、男人该怎么办？一个有家且很富有的女人,但夫妻关系并 	None
色男人就那么坏？ 	Potentially
还有女人嫁俺么？老女和离婚女回答，我三十二了，农村出身贫穷，世事 	None
我一直觉得有的女孩做下贱的事是迫不得已？我一直觉得有的女孩做下贱 	Potentially
这样的男人该怎么沟通我是个比较好强的人，我觉得有“有能力要努力， 	None
男人和女人之間不存在真正的友情?幔?那，?性同?W之間呢？ 	Potentially
男人对女人是不是得不到的就是最好的？ 	Potentially
找情人做爱，和脸蛋漂亮，但身材一般的女孩好，还是和脸蛋一般，但身? 	Potentially
外国男人比中国男人强吗？时下，中国女人嫁外国男人的事情越来越多， 	Potentially
钓鱼岛是中国的，日本人都是疯子钓鱼岛是中国的，为什么日本人想疯了 	Potentially
关于男人和女人的问题男人和女人在社会中所扮演的角色,所承受的压力 	Potentially
男士们，非常在乎自己的妻子是处女？26岁那年，我献出了自己的第一 	Potentially
男人活着好累为什么现在的女人都要有房，有车，才会结婚呢。 	Potentially
男人不偷吃的是不是很少？说实话！在感情刚刚开始的时候，男人好像“ 	Potentially
为何外地人都不看好天津和天津人?为何一些影视剧描写坏人,坏人都是 	Potentially
现实中有不漂亮的灰姑娘吗？一个男的长的帅，也算是富裕阶层，你们说 	Potentially
我能相信处女座的男孩子吗？我现在的男朋友是处女座的。他是85年9 	Potentially
请问背の高い男の人が、“田中さんですか。代表?猡卫瞍扦埂！堡取⒀ 	None
SHE是否“台独”？SHE曾公开说“我们不是中国人，我们是台湾人 	Potentially
请问满族朋友,你们对祖先屠杀中原,实行落后统治,使中国落后挨打怎? 	Potentially
请问有外遇的女性，你们有外遇的原因是什么?请问有外遇的女性，你们 	Potentially
真是有的男人喜欢看自己的老婆被别的男人操的事吗?生活中真有这样的? 	Potentially
没有稳定工作的男人能找到优秀的女孩吗？ 	Potentially
“现在的骗子很多，尤其是女孩子，你要注意啊”我朋友说是，这是不是? 	Potentially
恋爱男人会接受一个拍过拖有过亲密关系的女人吗?? 	Potentially
为什么男男会相爱？古往今来都是男女相爱，为什么现在越来越多男男在 	Potentially
男人?你们怎么了?看到网上有太多太多案例.我想请问有多少男人知道 	Potentially
如果有两种女人，你们会选择哪种？一种是能力强能挣钱但对男人不会关 	Potentially
None	None
在感情和生活中到底是男人还是女人最容易受伤？世界上最容易受伤的是 	Potentially
为什么针对女孩会有性别歧视？ 	Potentially
为什么女人强奸男人不怕告？ 	Potentially
女人越老越不值钱？ 	Potentially
我很喜欢穿女生的内衣好痛苦哦女生请进不知道为什么我很喜欢穿女生的 	Potentially
你愿意做农村女人还是城里女人?你认为农村女人和城里女人哪个更幸福 	Potentially
怎么一看上海台转播曼联就赢不了真丧上海台真丧频道丧主持人丧地方更 	None
你会找一个比自己收入低的男朋友吗?各位单身的女性朋友,你会找一个 	Potentially
请问男人在选择自己老婆的时候不考虑她的外貌,工作,家庭条件,只考? 	Potentially
男人是不是都喜欢在女孩面前吹牛？人家都说男人喜欢吹牛，我发现男人 	Potentially
女人有了外遇真的无法回头吗女人好像永远是一种容易心软的‘动物’。 	Potentially
男人都是很坏的吧!其实越表面君子的男人,内心却都是伪君子的面孔! 	Potentially
各位玩家不要骂新浪,不是新浪的错,是那些素质低的垃圾黑客搞成这样? 	Potentially
问一个严肃的问题，不想真实回答的就不要进来了。处女和非处女的问题 	Potentially
强奸罪认定只能男对女吗？男男呢？女女呢？女男呢？ 	Potentially
想听听男士的回答自古以来男人都喜欢丰满的女人，那小乳房（所谓的平 	Potentially
期待您的指点在孩子与丈夫之间，女人通常会选择谁．尤其是农村女人． 	Potentially
中日事件中国干嘛不扔个原子弹给日本氢弹跟好然日本人在世界上消失 	Potentially
男人最{会]看不起哪种女人{女孩]？ 	Potentially
为什么伊斯兰教男人多女人少？而佛教女人多男人少？为什么伊斯兰教重 	Potentially
男人好色是因为太爱美吗？为什么女人爱美叫天性，男人爱美叫好色？ 	Potentially
和一个没有生育能力的女人做爱与和一个生育能力很强的女人做爱,男人 	Potentially
朋友说老实男人注定没出息，是这样吗？昨天，我和一个大学同学聊天， 	Potentially
男人是不是恋爱后在那种事情上也喜欢装单纯啊？记得第一次和我现在的 	Potentially
爱吹牛的男人可靠吗？一个朋友，总在吹牛，跟他出去玩，一路上都在跟 	Potentially
我有处女情结我该怎么办？现在我知道目前这个社会的女孩有处女的很少 	Potentially
夏天的女人比男人更怕热吗?夏天的大街上见到的女人总比男人穿的少, 	Potentially
是不是所有的女人都喜欢叫床？？ 	Potentially
不讲卫生的婆婆婆婆的邋遢让我怎么说呢,农村男人能干的活她都能干, 	Potentially
为什么和女子性交比什么都爽?什么手淫,用淫具,都比不上?也就是阴? 	None
女孩子不会做饭会不会没人娶啊以往传统都认为女子不会做饭是一件很丢 	Potentially
离过婚的女人得不到爱本人今年27岁，离过婚，小孩子今年三岁抚养权 	Potentially
对于女人，究竟是钱还是真情重要？男人值得信任吗？究竟什么样的生活? 	Potentially
为什么现在很多老年人很没素质很过分？表现得很神经质骂骂咧咧不守规 	Potentially
这就是伟大的父母吗我父母就是那种重男轻女的典范，从小把我生下来， 	Potentially
请女性朋友回答:和高个男人做爱会比普通男人做爱更爽?我不是怀疑自 	Potentially
南京人为什么又凶又拽？偶怎么就没见过一温柔的那？明明跟普通话差不 	Potentially
怎样和素质不高的老男人打交道？一个47岁的离婚男人，喜欢悠着别人 	Potentially
女人都喜欢男人为她们口交吗?和我做的女人都喜欢我给她们口交,她们 	Potentially
男人都喜欢好身材，脸蛋漂亮的女人，那么和漂亮女人做爱与姿色一般的? 	Potentially
怎么没有人骂自己的男人，痛恨自己的男人呢？就知道骂小三？我感觉你? 	Potentially
我有个朋友看到靓妹经常会说：要是那女的嫁给我我叫我脱离父子关系都? 	Potentially
一个人的人品怎么可以这么差首先说他是男的，我是女的。一个人，还是 	None
为什么我们河北女孩都不漂亮，人家湘妹子还有川妹子都长的好可爱，是? 	Potentially
女人去游泳时看到男人那里大大的，会有什么感觉？ 	Potentially
女人不是处女都是被男人搞的经常看见有人在讨论处女问题，由此看来很 	Potentially
四十岁以上的男人请回答我四十岁前认为男人基本上都是为了自己的家付 	Potentially
如果一个男人没有和处女做爱是不是就吃了大亏了?一个男人如果没有能 	Potentially
为什么城里人就不能分到地呢?原来,农民因为有地所以有饭吃,城里人 	Potentially
哪个身材更好？男人的身材往往是有肚子的屁股松平，屁股紧翘的没肚子 	Potentially
怎么让他甘心放弃不再恨我五年前，我谈了一个朋友，那时的我很单纯， 	None
男人打女人到底好不好男的是太在乎女的才会动手还是因为不爱她了 	Potentially
没钱人?有钱人!为什么有钱人和没钱人相处不了? 	Potentially
小姑子读书少，所以她敢生孩子？我嫁给他时，他妹妹的孩子已经上小学 	Potentially
做爱时男人是不是都喜欢女人发出声音呢？每次我都控制不住自己，想要? 	Potentially
为什么女人比男人更坚强？ 	Potentially
足球让整个民族失去尊严！在这样的时候，这样的比分输给小日本，看得 	Potentially
白痴问题！二区爱丝特纳服里LM人多还是BL人多？？？ 	Potentially
我这个窝囊人内向老实窝囊自卑胆小怕事社会逃汰品人类的反面教才这些 	Potentially
老公重女轻男怎么办?老公特别喜欢女孩儿走大街上看见人家怀里抱个可 	Potentially
非处女会对下一个男友付出真爱吗？女友很爱前男友，为他付出了所有， 	Potentially
当个女的不是挺好，有活男人都给干，还有人献殷勤？ 	Potentially
西方内部为什么总流行“排斥主义”普鲁士统一德国时排斥了奥地利，欧 	Potentially
女的在生气的时候是不是总把分手挂在嘴边?我的前任女友和我在一起时 	Potentially
我已经厌倦了被人操纵的感觉。这种压迫是真实存在的！他们是撒谎者，? 	Potentially
q	None
终于明白那句话了我是游戏迷，游戏里总有人说不怕神一样的对手，就怕 我是迷，游戏里总有人说不怕神一样的对手，就怕猪一样的队友。我以前认为这是脑残人士的话。现在多少能理解了。\r   工作中我那些“神”一样的同事彻底征服我了。我是市场部的负责人，本来部门压力就很大，但似乎都与他们无关，所有的压力都属于我。分配他们工作完全等于交给机器去干，完全没有创造力。反过来还对我说是你让我干的啊。\r    还有一个是我的朋友，当时求我给弄进来，我很后悔找个爹来当同事，说他几句就甩脸。\r    唉悲剧啊，我都想了，与其被他们折磨还不如我走人。	None
电2的刷子们都看看新疆人又出了个骗子，刷了10次没付钱跑了，希望 新疆人又出了个骗子，刷了10次没付钱跑了，希望大家记住这个人——新A狙	Potentially
口交是不是正常?ML的时候老公要口交!! ML的时候要口交!!\r	None
谈谈对网恋的看法网络的飞速发展，突破了人们交友空间的局限，虽然大 的飞速发展，突破了人们交友空间的局限，虽然大家在网上可以视频、聊天，交流思想，可网络毕竟是虚幻的世界。网民可以肆无忌惮的呈现出自己真实的一面，也可以把自己伪装成最完美的人。在网上可以找到属于自己真正的爱情吗？网上的他（她）与你现实心目中完美的心仪对象是一致的吗？网恋会有发展的可能吗？对于现在很多的网恋，你们又是存在什么样的看法呢？	None
我周围的同学都有工作了。我就找不到工作，我的要求也不高。。。。为 为什么我找不到呢？是外貌的问题吗？我有些天生的缺陷，是不是和这个有关啊？？	None
元甲百米，什么是网上妻子？看你有网上妻子，却不懂什么叫网上妻子？ 看你有网上，却不懂什么叫网上妻子？网上妻子和现实的妻子有什么区别？你和你的网上妻子见过面吗？	Potentially
安利的产品真的好么？！？？听说中山大学医学院研究表明，安利的产品 听说医学院研究表明，安利的产品和普通的保健品功效几乎一模一样！但价格却相差甚远。为什么？他们层层提销售额，从普通的销售到中层，高层，越往上提成越多！特别 是Vc，如果用过安利产品的人，都知道，药店里售两元多，他要两百多。医生也说，吃安利不如多吃水果，吃维生素就在药店里买同仁堂什么知名厂家就行了。大家千万别迷信安利阿！！	None
长痛与短痛我们结婚三个月了。其实女儿已经半岁了。我依然无法主动而 我们结婚三个月了。其实女儿已经半岁了。我依然无法主动而发自内心地爱老婆。老婆很爱我，我知道，但我无法心存感激或感动，更多的是一种附累感、压抑感。有时我会让自己傻点，别想那么多以维持现状，从而避免很多冲突与压力。但我们这样并没有觉得踏实快乐。孩子现在被寄养在老家，我们只是时不时寄点钱回去要么打个电话了解一点基本情况。我的内心感受非常差，觉得惨淡、无趣、茫然、窒息和酸苦。我们明显觉得我的性格变了，没有了斗志，没有了机敏也没有了勇气。你会问，为什么结婚呢！？	None
和爱人相隔两地我现在就是着样的情况　可能要分开了可我真的放不下我 我现在就是着样的情况　可能要分开了可我真的放不下我很爱她但是我没有经济实力去她那里！！我现在心理好难受我很想哭！！我真的很爱的！！我和她的每段故事没段情节我的脑子里就象演一样！一段一段的在我脑海里飘过！我现在很痛苦！我好想现在就抱着她可是我没有钱我去不了！我都要疯了！世界为什么会是着么无情着么黑暗！我处在崩溃边缘！我心理就象有一个大石头一样压着我喘不过气来！做人难道就着么痛苦！做动物被人类捕杀吃点！真是黑暗的世界！我快感觉人活着没有意义了！短站的人生活的着么痛苦！　希望能有人来开导我！	None
如果女友经同前男友说那种亲热的话你心里会点想？你会点做，是当没事? 如果女友经同前男友说那种亲热的话你心里会点想？你会点做，是当没事发生，还是说她呢？还是？还是？？？？？？还有她同前男友是不可能在一起的，距离同家境问题；这种女友心里是怎么个问题？？	None
老婆刚做过爱的阴部能看出来有哪些迹象呢?	None
求教心理健康达人：懒的人怎么办？谢谢！！就是不怎么求上进，虚荣， 就是不怎么求上进，虚荣，思想也懒，就是想一口吃成个胖娃娃，还有就是想取巧，不想努力。30岁男求教，谢谢！！会不会是没有信心啊，怕挫折了。留守儿童，父亲少有在家，有时错感觉被别人欺负。有时就不是，那些隔壁院子大人碰到我老是吼我。还是没有真爱、责任。还是身体差（注：本人肾阳虚正在中药治疗。哎哟！中药那个苦得啊，，，苦）。还是都有。。。？对不起罗嗦了哈。谢谢！！对不起，没分了，有分了给你。谢谢！！	None
才分手七天就跟别人好上了，试问又有谁能受得了？我是第七天才发现的 我是第七天才发现的，可能还没有七天，只有三天、四天也说不定。我甩她的那阵她还要死要活的，我好不容易使出绝招去她家里当着她的面羞辱她这才搞定的。当然了，我这样做全是为了她好，反正没结果，不下痛手是不行的，谁叫她跟别人同过居呢，而且还是我好不容易查出来的。像她有过这种如此罪行的人就算我重重伤害她也不为过吧！可她倒好，才几天就又跟其前男友好上了，是可忍孰不可忍？枉我待她如此之好，我还一直以为她对我是真心一片。现在我有个计划，我打算假意原谅她，因为我很想知道她对我到底是不是真心实意的？我尤其痛恨她那个所谓的前男友，都是因为他骗她同居了才导致我们分手的，现在我是第七天才发现的，可能还没有七天，只有三天、四天也说不定。我甩她的那阵她还要死要活的，我好不容易使出绝招去她家里当着她的面羞辱她这才搞定的。当然了，我这样做全是为了她好，反正没结果，不下痛手是不行的，谁叫她跟别人同过居呢，而且还是我好不容易查出来的。像她有过这种如此罪行的人就算我重重伤害她也不为过吧！可她倒好，才几天就又跟其前男友好上了，是可忍孰不可忍？枉我待她如此之好，我还一直以为她对我是真心一片。现在我有个计划，我打算假意原谅她，因为我很想知道她对我到底是不是真心实意的？我尤其痛恨她那个所谓的前男友，都是因为他骗她同居了才导致我们分手的，现在又在一起了尤为可恨！看看他獐头鼠目的丑样，说话的声音又像狗叫一样简直一无是处，反观我如此之帅又兼才高八斗抑且洁身自爱，实在是一个地下一个天上，简直不可同日而语！所以就算不惜一切代价我也绝对不能让他们在一起，我发誓！对于她来说应该好办只要我肯原谅她了她哪有不喜出望外之理？因为她又不是傻瓜肯定能分辩得出谁好谁坏，如果对我如此优秀的人都不是真心的话，试问对他如此之差的人又岂能会是真心？现在的关键是得到她父母的原谅，上次我就被她父亲气得拿碗砸我，虽说我躲得快没砸到，但也说明已经对我恨之入骨，印象极差了，大家快帮我想想办法怎样能得到她父母亲的谅解？因为我知道不先过这一关，她就算对我再深情厚意也不一定会回来我身边的。大家千万帮我想个好的、管用的、实实在在的办法和策略，我有重谢！\r附：有些人可能会认为我是一个自恋的人，其实不是的，我只是天生有那么一点狂妄的性格，又喜欢实话直说不想虚伪的人而已。一些心胸不广的人难免会不高兴，但是须知世上无完人，所以还请多谅解才是！	None
关于SHE的脚趾上海卫视娱乐星天地播出了SHE脚趾专访，是每一个 上海卫视星天地播出了SHE脚趾专访，是每一个脚趾一个脚趾的比较呀？你们最喜欢谁的脚趾！其中还爆料说SELINA会用脚趾抓住地板，用舌头喝饮料呀！恐怖中！	None
NBA和CBA有什么区别？	None
"外地人不能开广州牌摩托车吗?我在广州开摩托车被警察叔叔敬礼,他说 我在广州开摩托车被警察叔叔敬礼,他说你外地人不得在广州本地摩托车,还开张\""牛肉干\""罚款2700元,中华人民共和国的驾驶证不是全国统一吗?"	Potentially
这样的算好老公吗？需要珍惜吗？我和老公结婚7年了，一直都是我说的 我和老公结婚7年了，一直都是我说的算，只要一不顺心我就会把他当成出气筒，因为爱我，他每次都迁就我，自从去年开始，他换了一份工作，需要经常出差，几乎半个月回来一次，每次能在家待2到3天，可是只要他出差回来，我就莫名的和他吵架，一开始他还哄我，也不和我计较，也不生气，可是时间一长，而且每次回来都是在吵架中度过的，吵架都是些小事，比如他回家后不做家务了，又看了等等这些小事。在上周，他回来我又和他吵架，他终于承受不了了，对我说分开吧，他活的太累了，每次出差在外面，吃不好，睡不好，总算回家了，不但得不到温暖还时刻都吵架，我当时就傻了，因为每次吵架后我都说我不我和老公结婚7年了，一直都是我说的算，只要一不顺心我就会把他当成出气筒，因为爱我，他每次都迁就我，自从去年开始，他换了一份工作，需要经常出差，几乎半个月回来一次，每次能在家待2到3天，可是只要他出差回来，我就莫名的和他吵架，一开始他还哄我，也不和我计较，也不生气，可是时间一长，而且每次回来都是在吵架中度过的，吵架都是些小事，比如他回家后不做家务了，又看了等等这些小事。在上周，他回来我又和他吵架，他终于承受不了了，对我说分开吧，他活的太累了，每次出差在外面，吃不好，睡不好，总算回家了，不但得不到温暖还时刻都吵架，我当时就傻了，因为每次吵架后我都说我不和他过了，每次他都不说话，可是这次他提出来的，我知道了重要性，我们长谈了一次，他说出了心里话，说我这几年已经把他给伤透了，一次次的吵，一次次的伤他，他为了维持这个家，一直在默默的承受着，他说这会真的承受不了了，他不想下半辈子就这么的活下去了，太累，没自由，对我这么好我还不知足，他真的已经死心了，我说我一定改，他不相信我，他说我的小姐脾气是天生的，肯定改不好的，而且每次我都用命令的口气和他说话，他说他让我去寻找能接受我脾气的人生活，他需要自由，太累太苦了，我说再给我一次机会我一定改，最终他答应了，最后一次，能改就在一起，他让我别勉强，我要求和他作爱，他说他心已经凉了，等恢复过来在说吧，他拒绝了我，我问他还会想以前那样对我吗？他说他也不知道，我问他还爱我吗？他说不想骗我，已经没感觉了，我这回真的好怕，怕失去他，我该怎样做，才能让他改变对我的态度呢？能和以前那样对我呢？\r我疑心特重，每次出差回来都问他找没找其他女人，他说他不是那种人，他不会找，因为作爱需要有感情基础，需要彼此了解，没感情基础就谈不上爱。我的老公到底是怎样的人呢？我该怎么办！急急急！\r我想在周末去找他，他说到时再说，我到底要不要去呢？\r能帮我分析一下吗？\r	None
看到网上有很多人要去美国社会实践，这种项目很花钱吧？	None
韩非子是好人吗? 韩非子是好人吗?	None
男人什么时候结婚最好？	Potentially
交往期间该由男生买单吗？如果情侣两人出去，吃饭等必要开销该由男生 如果两人出去，吃饭等必要开销该由男生来买单吗？	None
情商？智商？感情路上该如何选择我很纠结我本科毕业，我相亲了两个女 我本科毕业，我相亲了两个女孩，A是本科毕业，文静善良，B是专科毕业做文员活泼开朗，A的性格与我相似，很有上进心工作也很好，但长相不是很出众，虽然外表是次要的但看着总不太舒服，哎……我和B聊的很开心，兴趣爱好也相似，漂亮时尚，也许性格互补，对于性格开朗又懂礼貌的女孩我一直很上心，但她学习不怎么样，而且这样的女孩以前也有过男朋友（当然也亲密接触过），我对这个也有些忌讳因为我以前都没交过女朋友。对于这两位我真的很为难，她们都对我有意思，我却不知如何选择。。 \r	None
当公司领导说，公司离了谁都行时.......公司领导很不重视人才 公司很不重视人才。\r\r只是重视你的工作成果，却不重视给你加薪。\r\r当你提出离职时，他却一副公司离了谁，都行的态度。\r\r你真的走时，他又求你留下。\r\r你恨他不懂得在时的珍惜你，走时才明白。\r\r于是，你很果断地离开。\r\r离开后，他又多次打电话求你回来。\r\r你可怜他，回来后，他只给你涨了50元的薪资待遇。\r\r当你提出加薪吧！他又说“公司离了谁都行！”\r\r你该何去何从？为什么会有这样的领导？是不是天下乌鸦一般黑？	None
强烈谴责网易公司对魔兽玩家的利益一个公开黑G的团伙气焰嚣张，N人 一个公开黑G的团伙气焰嚣张，N人举报竟然发现网易更本没有重视没有一个工作人员出来解释或者去处理，只只到说以据话，我们会去调查 ， 今天YY积聚了4W多的魔兽玩家只为讨个说法网易为何不处理，为什么一直再拖延难道只是为自己的利益，难道玩家的利益就不用管了吗？   一旦玩家问起就那句话我们在调查，其实是他们内部人员动的手脚 ,黑G现在是个产业链不知道养活了多少人，就网易内部的人黑点G然后洗G在卖G一个月来这么几次一次好几千，一个月不知道多了多少的外快，算了我呼吁还是换代理吧!别把这么好的糟蹋在网易的手里~~~！！！	None
老公不求上进怎么办？当初，选择老公的原因是因为他很老实实在。结婚 当初，选择老公的原因是因为他很老实实在。结婚后渐渐发现，他一点都不求上进，每个月1000多点的工资，没有什么福利，周末就休息一天。他的工作是技术型的，只要有证，工资就高。\r\r前年报了，可是一本都没有考出来。让他早点学习，根本不听，快考试了，才着急。\r\r去年因为生孩子，什么也没有报。\r\r我开始上班了，为了照顾孩子方便，也为了老公有时间学习，我搬到了离公司很近的亲戚家，我家离公司很远。\r\r现在他晚上看看，早早的就睡觉。我真的不知道怎么劝他了？\r\r我们现在还住的阁楼，老公对我很好，所以我很矛盾，我不想一辈子算计钱过日子。	None
请问已婚的女性上网聊天就是错吗	None
为什么我和我女朋友说她哪做的不好的时候,她根本不听我说什么,一个? 要是我继续和他说下去 她就会说 我都道歉了 你还要怎么样啊?非要和我吵架?	None
"气死了我男朋友有点以自我为中心，不大顾忌别人的感受，他原来几个女 我男朋友有点以自我为中心，不大顾忌别人的感受，他原来几个女朋友被他气得跑到他朋友那里哭都不敢告诉他。\r从跟他开始拍拖我就在尽力的调教，其实我觉得效果一点都不明显，但是他的朋友已经很惊讶他的改变了~~\r我跟他是两地恋，平时只能靠短信电话来联系。原来都还好，这次他离开过后，简直像是脱缰了，跟他那帮兄弟翻天覆地的玩，完全的把我抛之脑后 \r假如我不联系他，他4，5天都想不起我....上QQ我不主动跟他说话,他就完全当我不存在(当然,他的理由是""我没看到你上线啊""..鬼才信)\r对此我曾经娇滴滴的耍过几次小性子,是有点开玩笑那种,他居然乐呵呵的当我在跟我男朋友有点以自我为中心，不大顾忌别人的感受，他原来几个女朋友被他气得跑到他朋友那里哭都不敢告诉他。\r从跟他开始拍拖我就在尽力的调教，其实我觉得效果一点都不明显，但是他的朋友已经很惊讶他的改变了~~\r我跟他是两地恋，平时只能靠短信电话来联系。原来都还好，这次他离开过后，简直像是脱缰了，跟他那帮兄弟翻天覆地的玩，完全的把我抛之脑后 \r假如我不联系他，他4，5天都想不起我....上QQ我不主动跟他说话,他就完全当我不存在(当然,他的理由是""我没看到你上线啊""..鬼才信)\r对此我曾经娇滴滴的耍过几次小性子,是有点开玩笑那种,他居然乐呵呵的当我在跟他调情\r我也尝试过跟他好好谈谈,但是我一认真起来,他就说这里痛那里痛,就是不想谈.要不然就是认错态度超级好,我说什么他都附和,可一转身就忘了\r我还玩过失踪,他用了5天半才反应过来""女朋友不见了"",到处找...我看着心疼,就恢复联系了,嘿....他看到我出来了,又开开心心的去玩了\r今天上QQ,他说要去吃饭,让我等他,一走就是两个小时,好不容易来了吧,一扭身就冲到游戏里面去了,喊都喊不出来..又晾了我一个小时.我真的是忍耐到极限了,一阵发飚,他立马很可怜的样子""我错了,真的错了""""你不要我了阿?""""我不理他们了,我陪你吧""  我说""我现在不想跟你聊天"" 他又很乖的说:""那你明天向上网了给我发短信,我陪你""\r\r   我真的是很郁闷很郁闷,觉得自己一点地位都没有\r   我就长得这么安全啊?  千里之外他也不怕我红杏出墙~!!  \r\r\r     我很气愤~~~~~~ \r"	None
男朋友在夜总会找了小姐，我是否原谅他呢？我和他在一起4年了，他对 我和他在一起4年了，他对我一直都很好，满足我所有的要求。那天有个夜总会的老板邀请他和几个同事到夜总会玩，先喝了又出唱歌。他们一人一个小姐，他的是一个穿旗袍的。他对我说他们只是喝酒、唱歌。他抱着她，她把手放在他腿上。一边划拳一边喝酒，并且用同一个杯子。我听了以后哭了3个小时，以前总觉得小姐离我是那么远，可是没有想到我朋友会这样做，他让我原谅他，并发誓和小姐绝对没有做任何对不起我的事情。我该怎么办？当时我原谅了他，可是每当想起这个事情我就很心痛，我该怎么办，我是否依然没有原谅他呢？	None
你怎么看城管无辜挨打？枣庄两城管队员被初中学生围殴，他们表示：不 枣庄两城管队员被学生围殴，他们表示：不会追究责任。虽然他们名声不太好，可城管也是人哪！你觉得这事要不要追究？	None
请问什么民族或地区或国家不喝酒? 请问什么或地区或国家不喝酒?	None
缅甸现在还有战乱吗我找了一份工作，说是要去绵甸上班，但听说那边经 我找了一份工作，说是要去绵甸上班，但听说那边经常有战乱，请问大家，现在那边真的经常有战乱吗，我很少看的	Potentially
报复手段之狠，叫你死无葬身之地？1佛经上说，“斧在口中”，斧头在 1 佛经上说，“斧在口中”，斧头在哪里？在口中。纵然这个人有恶，造恶多端，你批评他，他记恨在心，找到机会，肯定报复你，灾祸就来了！\r \r2 佛菩萨有智慧，看到众生造五逆十恶罪，必定堕地狱，受无量苦楚，也不说一句话，什么原因？不能说，说了他不能接受，怀恨在心。\r \r3 等到什么时候，他受尽苦头，回心转意，能接受了，佛菩萨就来了，“佛氏门中，不舍一人”，这些地方，我们看懂了没有？我们学到了没有？\r \r4 我们在历史上看到，在现实环境里头看到，报复手段之狠，叫你倾家荡产、死无葬身之地，你不知道这个祸根在哪里，你没有从过去历史当中吸取教训，这不1 佛经上说，“斧在口中”，斧头在哪里？在口中。纵然这个人有恶，造恶多端，你批评他，他记恨在心，找到机会，肯定报复你，灾祸就来了！\r \r2 佛菩萨有智慧，看到众生造五逆十恶罪，必定堕地狱，受无量苦楚，也不说一句话，什么原因？不能说，说了他不能接受，怀恨在心。\r \r3 等到什么时候，他受尽苦头，回心转意，能接受了，佛菩萨就来了，“佛氏门中，不舍一人”，这些地方，我们看懂了没有？我们学到了没有？\r \r4 我们在历史上看到，在现实环境里头看到，报复手段之狠，叫你倾家荡产、死无葬身之地，你不知道这个祸根在哪里，你没有从过去历史当中吸取教训，这不叫愚痴吗？\r \r5 千万不要小看人家！现在他没有地位，没有身分，苦不堪言，你怎么晓得他将来不发达？\r \r6 自古以来，多少大富大贵之人，青少年的时候都苦不堪言，穷途潦倒。韩信当年受胯下之辱，有谁想到他最后会封王？\r \r7 这就是种种示现，叫我们不敢轻慢一个众生。你今天侮辱他、欺侮他、瞧不起他、讽刺他，说不定他将来成佛在你前面，你比不上人家，你惭不惭愧？\r \r8 你随意侮辱人家，讽刺人家，人家修行真有道心，你得罪他不要紧，他不报复你；他如果是凡夫，你跟他结了冤仇，那你的麻烦就大了！\r\r-----净空法师《轻松学佛法》\r\r真诚、清净、平等、正觉、慈悲， \r看破、放下、自在、随缘、念佛。 \r\r阿弥陀佛 阿弥陀佛 阿弥陀佛	None
"我抑郁症,老公工作忙,离婚时女儿归谁?我和老公结婚6年后,我因家 我和老公结婚6年后,我因家里事情多,压力大,另外自己性格内向,初发抑郁.经治疗好转.\r女儿出生后,我抑郁复发,而且几乎每年都犯.丈夫身心俱疲,提出离婚.\r我试图挽回婚姻,尤其试过多种办法治疗抑郁,心理治疗,药物治疗,也去过北京挂过300元的专家,我甚至还请人看过是否有""外病"",烧过""替身"",做过桃木剑,请过符......但是收效甚微.\r\r由于我频发抑郁,而且抑郁的时候躺在床上整日懒懒的,而老公的工作又很忙,双方老人的身体也都有各种疾病,他说自己已经身心俱疲,到了崩溃的边缘.\r我基本同意离婚,但现在的问题是:\r孩子归谁?\r如果归他,他自然是我和老公结婚6年后,我因家里事情多,压力大,另外自己性格内向,初发抑郁.经治疗好转.\r女儿出生后,我抑郁复发,而且几乎每年都犯.丈夫身心俱疲,提出离婚.\r我试图挽回婚姻,尤其试过多种办法治疗抑郁,心理治疗,药物治疗,也去过北京挂过300元的专家,我甚至还请人看过是否有""外病"",烧过""替身"",做过桃木剑,请过符......但是收效甚微.\r\r由于我频发抑郁,而且抑郁的时候躺在床上整日懒懒的,而老公的工作又很忙,双方老人的身体也都有各种疾病,他说自己已经身心俱疲,到了崩溃的边缘.\r我基本同意离婚,但现在的问题是:\r孩子归谁?\r如果归他,他自然是没有时间带孩子的,孩子可能被送到爷爷奶奶那里(跟我们不是一个城市,而且爷爷奶奶由于气候的原因不可能长期到我们的城市),我担心孩子的心理会受影响.\r\r我的父母和我们在一个城市,如果归我,我的父母可以帮助照顾一下,但是他觉得我的抑郁症对孩子不好,我也担心能否要到孩子的抚养权."	None
胎盘后壁是男孩子吗？不是我重男轻女，只是对肚肚里的这个小宝宝充满 不是我重男轻女，只是对肚肚里的这个小充满了好奇，每天，老公都说那是他闺女，可是我却觉得是儿子。呵呵！很多准妈妈或是有经验的人可能已经看过我前两天提的问题了，在这里咱么在讨论一下，呵呵	None
太假了！AE86在飚车中怎么比尼桑250Z（捷豹）、莲花（180 AE86在飚车中怎么比尼桑250Z（捷豹）、莲花（180）、酷派。。。。。。还强！?   真实中的AE86（未改装）动力还不如普桑  和奇瑞东方之子都有很大差距  连安全气囊、ABS等都没有 即使再怎么改装也不会超过现在主流的、跑车、高级轿车的！	None
一个晚上做爱两次。前后两次的感觉有何差别？那种更舒服？	None
"请问丘逢甲、不吃鱼的猫和明明格格三位""女士""如果你是当年的慈禧， 如果你是当年的慈禧，你会如何。"	None
感情问题，帮忙解决一下，谢谢我们在学校认识的，毕业后一起去苏州实 我们在学校认识的，毕业后一起去苏州实习，后来回到沈阳工作。那时我们已经确定了关系，就这样，我们相恋了四年，我们同居过，感情很深。但是在2012年的3月1日，我们分手了，原因是，因为她晚上十点下班，然后我因为太累了没有去接她，她回来是看见门锁着就生气了，和我抄起来了，其实我平时每天都去接她的，只是今天太累了，所以给她打了电话告诉她我不去接她了，并且说明了不去的原因是因为太累了，她也同意了（没有不愿意的意思），说一下门被锁的事情吧，首先门的确是锁着的，但不是故意锁的，因为是防盗门，我开窗户后对流导致门锁上的。后来我没有出去，忘记开锁了。就这样，他回来就我们在学校认识的，毕业后一起去苏州实习，后来回到沈阳工作。那时我们已经确定了关系，就这样，我们相恋了四年，我们同居过，感情很深。但是在2012年的3月1日，我们分手了，原因是，因为她晚上十点下班，然后我因为太累了没有去接她，她回来是看见门锁着就生气了，和我抄起来了，其实我平时每天都去接她的，只是今天太累了，所以给她打了电话告诉她我不去接她了，并且说明了不去的原因是因为太累了，她也同意了（没有不愿意的意思），说一下门被锁的事情吧，首先门的确是锁着的，但不是故意锁的，因为是防盗门，我开窗户后对流导致门锁上的。后来我没有出去，忘记开锁了。就这样，他回来就生气了，我和他说明了原因，可他还是闹，哄了好久没哄好，第二天她就提出说分手，我当时很诧异，她说要出去住，去同事家里，我想既然说了分手，毕竟处了那么久想挽留。但是她很倔强，就是听不进去。后来我允许她走了，她出去住了三天后，我以为她不会回来了，因为她东西都拿走了，所以我把门锁换了，但是他又回来了，又说房子开始是他租的，还是不死心，进屋她就和我动手，我并没有还手，她说我凭什么换门锁。其实我不知道她没去同事家住，他在期间也不给我打电话，我给他打电话他也不接电话。我想其实他当时应该给我打电话，说她哭了，我一定会去接她的。那样就和好了。但是她没那样做。我没办法了。只有我自己搬出去了。我什么也没有拿，就是空身出来的，他说她把一切都给我了，要求我拿5000元钱，还骂我父母，就是因为她骂我父母，这和我家一点关系也没有。就这样我们分开了。我一走就是四个月。现在她用其他QQ和我聊天，其实我早就知道她了，我没有揭穿她，她还是有点舍不得我。但是不认错。其实我认为因为门锁与不锁的原因吵架因为换不换锁的问题吵架，不值，可这就是一些生活中鸡皮蒜毛的小事情。其实我在这几个月里新处了一对象，人还不错，后来因为新女朋友家庭作风有问题和介绍人乱说话所以有点反感，现在我犹豫的是我前女友她一个人自己住，而且压力挺大，看她太可怜了(她QQ说的），我觉得我把她的第一次都要来了，我不该不管她不要她，感觉我自己太没人性了。但是偶尔想起她那倔强和生气就憋着的劲。我就打消了这个想法。\r\r还有就是，我第二个女友我想提出分开，分开原因是我们经过他三姨夫介绍认识的，但是他三姨夫去我家总是来提出结婚，说我没有好处，说她外甥女哪都好，太脏太累的或不干，说实在的我家的做民营加油站的，很赚钱的，可他三姨夫说她不能干这些都是油很脏，就得感轻松数钱的活，我就想我也不是娶加来一个花瓶当摆设了。所以我感觉介绍人一点也不靠谱，但是结合现在女友实际情况来看她不是那样的人啊，后来经过打听女友邻居和亲属老乡都说女友的母亲作风不好，所以我怕了，都说女儿80%基因会随母亲，所以我提出分开了，可刚刚处了三个月，在作风上一点也看不出来啊，就算排除外界原因，看女友自己，她很好。可我家人害怕她以后不三不四啊，像她母亲。人又漂亮，这都说不好的事情啊。可我现在很矛盾啊 ，到底选择前女友还是选择现在的女友，其实结合实际情况吧，以前的女友除了起脾气其他很完美，而现在的女友我不是很了解，但是至少从说话和动脑还有反应灵敏度做生意方便都不如前女友，只是现在女友外表包括身高体重都是美女一个档次的，也就是眼缘特别好吧。而前女友就是一般人吧，请给我选择吧。	None
请姐妹回答和男友或者是情人.老公做爱时哪种感觉最美妙;阴茎进入阴 和男友或者是情人.做爱时哪种感觉最美妙;阴茎进入阴道时.磨擦过程中.射精那瞬间？阴茎抽出阴道时阴道是什么感觉？[并非指性高潮]	None
为什么男女没有爱情还要维持婚姻老公是个好人,人品很好,比我大8岁 老公是个好人,人品很好,比我大8岁,我们结婚7年,有一个2岁的孩子,他曾经在外地工作5年,一两个月才回来一次,现在回来了,不出去了.但我们的婚姻问题也暴露了.曾经我就觉得他和我不太亲密,我以为是两地分居的原因,他回来就好了,但现在我们的状况是平淡无其,很少出去一起玩,也几乎没有夫妻生活,几乎不谈心,也不吵架;那种和谈恋爱时的落差让我觉的爱情已经没有了.我是个对爱情非常憧憬的人,我不知道我们的婚姻是不是只有亲情在维系着,我的内心非常痛苦.我该怎么办.\r	None
我认为美国有权监督其他国家的人权问题,当然其他国家也有权审视美国 当然其他也有权审视美国的人权状况,互相监督才能促进全世界人权发展.	Potentially
能不能劳教？我弟弟大学刚毕业后正准备叁军体检，在这期间被同学打电 我弟弟大学刚毕业后正准备叁军体检，在这期间被同学打电话叫过去一个市郊区某村的村主任竞选中帮着村长跟着村长的亲人去村民家贿选票，可是我弟弟他们只是陪着村长的亲戚负责接送没劲村民家，当时站在大马路边上等那个村长亲戚的时候派出所民警带回去了后 涉及扰乱社会治安罪被劳教一年，应不应该？\r   在现场我弟弟他们手里什么也没有拿，就是其他没跟弟弟在一起的另一波人手里拿着棍棒去陪贿票人！所以包括村长内全部被劳教一年！！  我弟弟被劳教 合不合法？ 这样判由依法根据吗？  符合治安吗？公安局是不是判的严重了？？	None
事业不成功如何让自己快乐起来大家也知道现在对于一个男人的评价就是 大家也知道现在对于一个的评价就是事业,可偏偏这个世界上不是所有人都是英雄,想知道如何让自己\r\r快乐起来, 因为这个社会很世俗 很实在的, 就向人找工作 是对方挑你的 而不时你挑对方, 可就有怎么\r\r多现实的情况把人给卡住了, 哎, 人活着好累.	None
为什么你最爱的人往往伤害你最深	None
是不是大多数青春期的男生有过手淫，你有没有过手淫？	Potentially
别去看中国队的比赛花钱看中国队踢球就是浪费金钱浪费时间~还闹心~ 钱看中国队踢球就是浪费金钱浪费时间~还闹心~~自杀啊。。。	None
大家说公平吗？我今天打了一局，我用NE，打TS,还是那张没有改过 我今天打了一局，我用NE，打TS,还是那张没有改过的图，我用了雇佣兵。那个HUM就说我不要脸，用那个战术。说那个对他们HUM不公平。我就想了在TR上他们HUM近点用民兵公平吗？造塔TR我们NE.这就没有人说不公平，就连看解说都说HUM在近点打TR对NE很难守住。难道就是因为TOD被MOON用5分钟就退出了，表示那是BUG，然后就改，然后再正式比赛就不能用，用了就被人鄙视吗？大家随便说说这样对NE公平吗？大家看看暴雪是不是每次都在削弱NE？	None
琉球群岛原是中国的属国,清朝时才并入日本,为什么查不到这方面资料? 日本人都称自己是大和,而琉球群岛的原著居民呢?	None
花痴究竟是什么?是不是只有女生才花痴? 究竟是什么?是不是只有女生才花痴?	Potentially
你觉得房价会跌还是涨，理由是什么？天津的房价呢？只有买了房子才算 只有买了房子才算真正的城里人，你现在会买房吗？觉得房价涨还是跌？为什么？	None
请问女人会不会长痔疮？痔疮一般长在什么地方？	None
关于遮瑕膏男士可以用女士的遮瑕膏吗,怎么用啊 可以用女士的遮瑕膏吗,怎么用啊	None
婆婆小气只疼女儿？我和老公是自由恋爱，感情还是挺好的，结婚的时候 我和老公是自由，感情还是挺好的，结婚的时候婆婆什么都没给，后来买房子也是我娘家借的，没想到的是她居然把怀孕的女儿接到家来养胎，就更别说想她一起找钱来还账了，家里盐完了都不买的人。心里只有她的女儿，真不知道她心里想的什么？	None
席慕容是男的是女的?那曹雪芹呢?一直关注他们的作品却未关注作者 一直关注他们的作品 却未关注作者	None
中国足球啥时能出个像姚明一样的人物男篮有个姚明。男足咋没这种人物 男篮有个。男足咋没这种人物啊	Potentially
女人做人流后是不是象生孩子一样，一两天下不了床？是不是对身体伤害?	None
罪孽深重啊！最近看了一部电影叫“七宗罪”。想想：“暴食”自己还是 最近看了一部叫“七宗罪”。\r想想：“暴食”自己还是比较贪嘴的；要说“贪婪”呢，貌似有时候是有一点吧点；至于“懒惰”我倒真的是挺懒的，到学校来了之后，早上十点钟起床是常事；“淫欲”嘛，嘿嘿，咱是正常男人；这个“骄傲”嘛就若有若无的了；“嫉妒”真是无法避免，按经济学的说法，那人的欲望是无穷的呀；“愤怒”嘛，有句话不是说：“愤怒吧，那是人类最后的遮羞布！”\r\r天呀，我七罪俱全，罪孽深重啊，大家快快救救我。	None
人在什么样情况下敢讲真话	None
女人在一起聊天都聊些什么?聊男人吗	None
开心一笑！不笑小心我扒你家窗户。歌手选拔赛上，精神分裂当裁判，当 选拔赛上，精神分裂当裁判，当“爱…”深情的客串唱了一首“等你等我心痛”后，只听精神分裂是这样评语的“你的歌唱很好，音准很好，唯一就是进入高潮太慢”	None
女孩喜欢什么性格的男生我是个傻傻的男孩女孩喜欢吗	None
怎样应对大男子主义的老公我们结婚十年了这些年来我一直都是在他的安 我们结婚十年了 这些年来我一直都是在他的安排下 包括工作方面 生活方面 以前他让我做不喜欢的事情还能接受 现在我真是不能忍受了 感觉自己没有兴趣爱好 就没有好的心态应付工作 并且他这个人还特别自以为是 我找的工作都是垃圾工作 只有他干的才是正经事情 我们之间遇到矛盾 他从来不愿和我沟通 即使他错了 也不认错 我最近一直在想结束这段婚姻 但是又舍不得孩子受苦 我该怎么办呢  好苦恼呀	None
刚颁布的《中国贫富标准线》:看看我们生活在哪个层次？超级大富豪：? 刚颁布的《中国贫富标准线》:看看我们在哪个层次？ \r\r超级大富豪：年收入在5000万以上 \r\r大富豪：年收入在1000—5000万 \r\r富豪：年收入在300—1000万之间 \r\r富人：年收入在100—300万之间 \r\r高产者：年收入在30—100万之间 \r\r中产者：年收入在15—30万之间 \r\r低产者：年收入在8—15万之间 \r\r穷 人：年收入在3—8万之间 \r\r很穷的人：年收入在1—3万之间 \r\r非常穷的穷人：年收入在5千—1万之间 \r\r穷得没衣服穿的人：年收入在1千—5千之间 \r\r穷得求生不得求死刚颁布的《中国贫富标准线》:看看我们在哪个层次？ \r\r超级大富豪：年收入在5000万以上 \r\r大富豪：年收入在1000—5000万 \r\r富豪：年收入在300—1000万之间 \r\r富人：年收入在100—300万之间 \r\r高产者：年收入在30—100万之间 \r\r中产者：年收入在15—30万之间 \r\r低产者：年收入在8—15万之间 \r\r穷 人：年收入在3—8万之间 \r\r很穷的人：年收入在1—3万之间 \r\r非常穷的穷人：年收入在5千—1万之间 \r\r穷得没衣服穿的人：年收入在1千—5千之间 \r\r穷得求生不得求死不能的穷人：年收入在100 —1000元之间 \r\r穷得几乎要死的穷人：年收入在30—100元之间 \r\r死路一条的穷人：年收入在30元以下	None
你们见过这样的人吗我跟我老公关系很好跟公公婆婆的关系也很好，可是 我跟我关系很好跟公公婆婆的关系也很好，可是我老公有个弟现已结婚。原本两老是跟弟弟一起居住可是因为很多不和二老一气之下帮了出来（他们受不了我的弟媳）之后婆婆就的白血病死了。之后公公就不理他们了。他们厚着脸皮又跑到公公新买的房子里根老人一起住。公公不想跟他们住就投奔我们了（我们至今两地分居）。这次我出差要去新房子住一星期人家竟打电话叫我找其他地方住。真是混蛋。我老公把他们骂了。。可他一直不承认他弟弟有问题。。。矛头全指向弟媳妇。。。真是可笑天底下竟然还有这样的人。	None
男生选择护理专业是否好就业 男生选择专业是否好就业	Potentially
这个社会太喧嚣你怎么理解2.认为产生太喧嚣的原因有哪些? 2.认为产生太喧嚣的原因有哪些?	None
女人的反应？？？？？？？？喜欢这个女孩，但是曾经被拒绝过，但是现 喜欢这个女孩，但是曾经被拒绝过，但是现在还是好！ \r大家一起出去玩，朋友们都在说着挑逗他俩的话，帮助他们，而女生没有说话，只是拿着小东西，打那个说话的人。她在唱歌，朋友们把女孩往男孩身上推！！把男的手放在女生的腰上，女孩继续在唱，而我却把手拿开了！！！ \r此时，女生都会怎么样的反应呢？？ \r喜欢是什么样？？，不喜欢又会什么样？\r	None
如果你身边存在艾滋病人（朋友、邻居等），你准备和他（她）怎样相处?	Potentially
酒后吐的都是真言?喝醉了该是神志不清的,为何又有吐真言一说捏?难 喝醉了该是神志不清的,为何又有吐真言一说捏?难道是似醉非醉,不醉装醉?	None
时代不同了，子女婚姻也让老爹老妈来相亲？8月26日，农历七月初七 8月26日，农历七月初七，一年一度七夕节（又称乞巧节），这是“郎”“织女”相会之日，即中国传统情人节。 \r\r    这天下午，三三两两的老人开始前往北京地坛公园，参加一个为子女相亲的大会.\r\r    来自媒体的披露说，目前**市仅单身大龄女青年（戏称剩女），就有50多万.\r\r\r	None
大家来幽幽，如何劝说一女子不要决意去抢别人的老公？提问：“我爱上 提问：“我爱上了一个有家的，他很爱我，但又不想离开他的老婆，他是一个很值得我追求的优秀男人，我也很想能够拥有他，我现在不知道我是该放弃还是把他抢过来，我怎么才能得到他？ ”\r\r（说明：这是一个真实的提问。）\r\r\r劝说：\r\r抢别人的男人充当第三者？你有这样的可能吗？如果万一抢不过来，那不浪费了你的时间和青春？\r如果你决意要抢别人的老公，那你的恶梦就开始了。即使你将来把别人的老公抢过来了，也极有可能把自己弄的遍体鳞伤。不过，只要你能保住自己的命，就已经万幸万万幸了！\r何苦呢？天下优秀的男人多的是，值得你爱的男人也多的是！把眼光放远一点提问：“我爱上了一个有家的，他很爱我，但又不想离开他的老婆，他是一个很值得我追求的优秀男人，我也很想能够拥有他，我现在不知道我是该放弃还是把他抢过来，我怎么才能得到他？ ”\r\r（说明：这是一个真实的提问。）\r\r\r劝说：\r\r抢别人的男人充当第三者？你有这样的可能吗？如果万一抢不过来，那不浪费了你的时间和青春？\r如果你决意要抢别人的老公，那你的恶梦就开始了。即使你将来把别人的老公抢过来了，也极有可能把自己弄的遍体鳞伤。不过，只要你能保住自己的命，就已经万幸万万幸了！\r何苦呢？天下优秀的男人多的是，值得你爱的男人也多的是！把眼光放远一点吧！ \r\r你用什么样的更幽默的方式来劝说劝说这小女子？\r	None
为什么清朝大臣自称奴才？汉臣是自称臣的是吧？为什么堂堂满臣要自称 汉臣是自称臣的是吧？为什么堂堂满臣要自称奴才？	None
男人在网上和短信里这样说话过分吗？我发现男人在网上和发短信好像很 我发现在网上和发短信好像很敢说，男孩刚认识的时候还装得挺斯文的，后来那天男孩给女孩说自己喜欢女孩，女孩说也喜欢他，男孩就说：亲下，后来到了晚上他说：“想我了吗？”“亲下”女孩说怎么总是占我便宜？男孩说：“那你占我的吧，我愿意为你献身。”刚女孩说过结婚前不能发生关系，男孩还说同意呢!现在什么意思！\r后来睡觉前男孩更过分：“我想给你洗澡。”\r你们觉得这个男孩怎么刚答应尊重女孩，还这样说呢？是否这些话过分了？他是否压根就没有想坚持到结婚呢？	None
目前世界上哪个国家的少数民族里面有汉族？ 目前世界上哪个的少数民族里面有汉族？	None
谈缺点！一个人的优点总是伴随着缺点存在！作为一个普通人，我们似乎 一个人的优点总是伴随着缺点存在！作为一个普通人，我们似乎被淹没在人群中，那么得不起眼！……但是如果每个人都能够正视自己，恰当地展示自己，那么都会撑起自己的一片蓝天！\r水至清则无~~~朋友们，说说你的缺点吧~	None
当遭到无赖泼妇大骂，你是怎么维护你自己的合法权益的！！！！我家是 我家是在农村，家中就我父亲一人在家，我们院子里有一个无赖泼妇，由于我家以前和她家有小矛盾，现在她每每看到我父亲就会无故骂我父亲，我是在外读书很少回家，我对此很气愤，我想假如她再骂人的话，我就会当场对其实施武力惩戒，不知此法是否欠妥，在上是否合法，不知道各位是否还有其他的好办法来维护我父亲的合法权益，（那种人是个有理也说不清的人，是个文盲，，泼妇）	None
‘朴素’跟‘高雅’词意相反吗?可以连在一起来赞美女孩子吗?	None
在我的心中在也没有爱情了.我不会在追任何人了.女孩都不是好东西. 女孩都不是好东西.原谅我这样说吧.我不在为谁而了.我气死了.女人我真的好恨,我为什么没有成功过.为什么	Potentially
中国人的生存状态？大多数中国人的生存状态是什么？ 大多数人的生存状态是什么？	None
遇到女孩子在你面前叹气咋办? 遇到女在你面前叹气咋办?	None
"请教回族和汉族有什么关系据说是同宗同源,只不过因为信仰不同那样的 据说是同宗同源,只不过因为不同\r那样的话,为什么不再划出单独的""基督族"",""佛族"",""道族""\r岂不是显得民族更多,快60朵花了,哈哈\r\r另外,回族中好像姓马的特别多,为什么呢?\r"	Potentially
我怎么感到王菲不漂亮呢,无论气质和外貌,为什么很多人说她好美呢大 大家认为呢,我感到她不优雅.\r\n无论说话,穿衣都怪怪的.不舒服呢.\r\n\r\n我没有恶意哦.\r\n\r\n谢谢	None
中国最清洁的十座大城市是哪十座?空气污染和水污染最低的和绿化程度 空气污染和最低的和绿化程度最高的十座大城市	None
最近，邓建国结婚了。新娘19岁，以前是他的干女儿。结婚时，新娘已? 干爹变，这事新鲜吗？到底是干爹主动的，还是干闺女主动的？	None
单纯是好事还是坏事？我的朋友们都说我特别的单纯，我确实没有任何社 我的们都说我特别的单纯，我确实没有任何社会经验。但是我心里，总觉得单纯和“笨”、“无能”、“幼稚”等词挂钩，总是最欣赏那些女强人。有时候在遇到些利益冲突的时候（比方竞争做某课题来争取加分，还不是什么大的利益冲突），我经常被一些人坑一下子，但是我同时也拥有一批非常好的真心互相帮助的朋友。\r我也知道事情都是有两面性的，一件事情既有好处，也有坏处。但是我却就是不喜欢自己单纯的称号，总希望自己如果变得复杂和成熟就好了。我的朋友们说这是我的心态有问题，他们说单纯是很好的，是很多人不具备的，是值得珍惜的。但是我仍然说服不了自己。我应该如何摆正心态呢？怎样看待我的们都说我特别的单纯，我确实没有任何社会经验。但是我心里，总觉得单纯和“笨”、“无能”、“幼稚”等词挂钩，总是最欣赏那些女强人。有时候在遇到些利益冲突的时候（比方竞争做某课题来争取加分，还不是什么大的利益冲突），我经常被一些人坑一下子，但是我同时也拥有一批非常好的真心互相帮助的朋友。\r我也知道事情都是有两面性的，一件事情既有好处，也有坏处。但是我却就是不喜欢自己单纯的称号，总希望自己如果变得复杂和成熟就好了。我的朋友们说这是我的心态有问题，他们说单纯是很好的，是很多人不具备的，是值得珍惜的。但是我仍然说服不了自己。我应该如何摆正心态呢？怎样看待单纯才是正确的呢？	None
中国的艾滋病患者是如何统计出来的？	None
一些年轻的贵妇人为何喜欢养狗?	None
小吴称赞女朋友的新衣服“十分漂亮”，但却被女友打了一顿，为什么？	None
女人屁股沟长毛是怎么回事啊？	Potentially
有人跳过地铁吗？：）开车前听列车员说，“假如你不想后半辈子靠假肢 前听列车员说，“假如你不想后半辈子靠假肢度过的话就别乱动”...所以没敢跳。想问问有猛人跳下去过没有？然后是怎样的情况？\r\r还有，跳飞机、跳船...跳所有交通工具，都是怎样的下场？	None
人没钱有什么好处？	None
谁有好看的人兽文啊好看的就行 好看的就行	None
姐妹们,请进来~~~姐妹们,害羞的男孩你会喜欢吗?为什么(就是比 姐妹们,害羞的男孩你会喜欢吗?为什么(就是比较,不懂的哄女孩,不怎么说甜言蜜语,就是因为害羞,)	None
在异性面前放了个屁怎么办?如果你在异性面前或者异性在你面前放了个 如果你在异性面前或者异性在你面前放了个又臭又响的屁,你当时有什么反映了\r\n是男 是女 我想都碰到过这个尴尬问题,请大家,有什么很好的办法解决应对???????????????????	None
一个重男轻女的问题发生在别人身上的事情,一个男人和一个女人相爱并 发生在别人身上的事情,一个男人和一个女人相爱并结婚了,然后很自然的生了一个可爱的女儿,俩都很爱这个女儿,可是男人的父母重男轻女,一直对这个儿媳妇生了个孙女不满意,所以一直逼儿子和儿媳再生个儿子,大家知道这个时代生二胎多不容易,罚款是小事,主要两人的工作都这么忙,照顾一个孩子都照顾不过来,哪有时间再生一个呀?!单位是要开除的!而且这个儿媳很热爱她的工作,她的工作不允许她再生一个孩子的!几年下来了,公公婆婆还是不罢休,一直闹着儿子给他们添个外孙,儿子被逼急了,只好答应了，可是这女人怎么也不答应,无奈之下,男人找了一个女人,目的是为了生儿子,其实男人也很发生在别人身上的事情,一个男人和一个女人相爱并结婚了,然后很自然的生了一个可爱的女儿,俩都很爱这个女儿,可是男人的父母重男轻女,一直对这个儿媳妇生了个孙女不满意,所以一直逼儿子和儿媳再生个儿子,大家知道这个时代生二胎多不容易,罚款是小事,主要两人的工作都这么忙,照顾一个孩子都照顾不过来,哪有时间再生一个呀?!单位是要开除的!而且这个儿媳很热爱她的工作,她的工作不允许她再生一个孩子的!几年下来了,公公婆婆还是不罢休,一直闹着儿子给他们添个外孙,儿子被逼急了,只好答应了，可是这女人怎么也不答应,无奈之下,男人找了一个女人,目的是为了生儿子,其实男人也很无奈,他也伤心的流泪过,因为夫妻感情始终是很好的,但是妻子始终不愿意屈服,把丈夫逼急了,当然出去找别的女人为他生儿子了,妻子伤心极了,公公婆婆可不管这么多,只要儿子为他们添个孙子!男人的很多朋友劝他,如果实在妻子不生就就找个女人生吧,完了给她点钱打发走就完了.可是男人不愿意这么做,他要对这个为他生儿子的女人负责,就是养着她一辈子,这怎么可能呢?这不是有两个老婆了吗?\r 也许有时候说负责的男人是个好男人,但是像他这样负责的男人也太过了吧,这是我个人认为的,不知道大家看了这个故事有什么感想呢?	None
"项羽不杀刘邦是""妇人之仁""还是""君人之度"""	None
北京哪家迪厅比较安全？因为都是女孩子，想去跳舞，有又点担心安全问 因为都是女，想去跳舞，有又点担心安全问题，还又就是收费最好便宜些	None
北京奥运会上的美女冠军大家认为都有哪些？谢谢 大家认为都有哪些？ 谢谢	None
"男朋友说我不要脸!今天,男朋友不知怎么冒出来一句:""你不要脸!"" 今天,男不知怎么冒出来一句:"" 你不要脸! ""\r\r我气急了! 他又说:""是我不要脸!""\r\r在这句话之前, 我们吵起来了, 因为,我要逛超市,他非得送我回家,说天不好,不遛了!\r\r还说,我再不听话,就给我父母打电话.\r\r我真气愤! 因为两人有矛盾, 拽着父母干什么？\r\r这要是将来结婚了，也让父母来操心吗？\r\r你们觉得，我男朋友成熟吗？"	None
对这个现象你有没有恐怖之感?该怎么解决?有人说：在海里游泳很多人 有人说：在海里很多人都是直接在海水里解小便的。我想问生长在海边的朋友或去过海边游泳的朋友，是这样严重吗？人少的海水里还行，那种千人万人的海滩，海水里尿液的浓度岂不吓人。我听说某知名海水浴场前几年因为太脏，游客数量都减少了，好像就是因为在海里撒尿的人较多的缘故。我是个喜欢大海的人，但这种说法还是令我挺恐怖的。\r我曾去过某著名海滩,据说日平均有六七万人在那里游泳,可是我发现那里的收费厕所并不忙碌.举个例子就是我在城市里某游泳场游泳,大概就是几百人吧,厕所都显得很忙,我怀疑在这片海域里随意小解的人数很多.为什么有些人那么大方地在海里方便就不觉得不文明吗有人说：在海里很多人都是直接在海水里解小便的。我想问生长在海边的朋友或去过海边游泳的朋友，是这样严重吗？人少的海水里还行，那种千人万人的海滩，海水里尿液的浓度岂不吓人。我听说某知名海水浴场前几年因为太脏，游客数量都减少了，好像就是因为在海里撒尿的人较多的缘故。我是个喜欢大海的人，但这种说法还是令我挺恐怖的。\r我曾去过某著名海滩,据说日平均有六七万人在那里游泳,可是我发现那里的收费厕所并不忙碌.举个例子就是我在城市里某游泳场游泳,大概就是几百人吧,厕所都显得很忙,我怀疑在这片海域里随意小解的人数很多.为什么有些人那么大方地在海里方便就不觉得不文明吗?\r	None
女人什么时候才会用卫生巾 女人什么时候才会用巾	None
你愿意和外地的婆婆小姑一起生活吗?婆婆固执,小姑脾气大,能相处吗 婆婆固执,小姑脾气大,能相处吗?能吗?	None
《蜗居》里的张嘉译（饰演宋思明）帅么？有多少人喜欢他？	None
为什么有些女孩子月经来前后几天脸色变黑，过后明显比月经其间白很多?	None
当家庭主妇怎么这么难，遇到这样的老公真是活死罪生了宝宝后就没有再 生了宝宝后就没有再去上班了，没有了收入也没有了财权，把自己原先的积蓄花光了，老公又小气的很。费都刷信用卡，每次到还款时都还要央求老公去还，还要受他一顿唠叨（我老公比老太婆还能唠叨），现在过年要回老家去，他连生活费都不给我。孩子也不管，从来都不关心，也从来没给孩子买过东西。想抱的时候就抱抱，不超过十分钟又扔给我，孩子尿了拉了他就逃跑。孩子生病就来责怪我管不好，也不关心孩子怎么样了。\r天天说我没工作，也不看看情况，我工作了孩子怎么办？\r这个人要钱没钱要人品没人品，性格不好相貌又丑，不知道怎么搞得选了这样一个人当老公，真丫瞎了眼了。\r而且我们已经分生了宝宝后就没有再去上班了，没有了收入也没有了财权，把自己原先的积蓄花光了，老公又小气的很。费都刷信用卡，每次到还款时都还要央求老公去还，还要受他一顿唠叨（我老公比老太婆还能唠叨），现在过年要回老家去，他连生活费都不给我。孩子也不管，从来都不关心，也从来没给孩子买过东西。想抱的时候就抱抱，不超过十分钟又扔给我，孩子尿了拉了他就逃跑。孩子生病就来责怪我管不好，也不关心孩子怎么样了。\r天天说我没工作，也不看看情况，我工作了孩子怎么办？\r这个人要钱没钱要人品没人品，性格不好相貌又丑，不知道怎么搞得选了这样一个人当老公，真丫瞎了眼了。\r而且我们已经分床半年以上了。\r对于他只是家里一个摆设，我只想赶紧上班自顾自，省得像个乞丐一样讨人嫌。\r一个快三十的人，心理像个十六七的孩子，一点也不成熟，在外混了这么多年，连个朋友都没有。这种人以后什么事都办不好。\r对我家人也不尊重，礼貌都不懂。\r他爸妈不知道怎么教的他，我真是恨死自己了。\r该怎么办？\r	None
香港人有什么习惯和爱好？老板是香港人老板是香港人，我应该注意什么 老板是香港人，我应该注意什么？	None
女孩抽烟好吗？大家好，家住重庆解放碑，今年18岁/经常有人说女孩 大家好，家住重庆解放碑，今年18岁/\r经常有人说女孩抽烟不好，但是我周围的人都在抽。还有就是现在女孩抽烟不说是嘛，也已经成了一种风气了。我现在就是徘徊在中间不知道到底该怎么办？	Potentially
我会死于精神病么？我想死，这是精神病么？我不相信任何人，只相信自 我想死，这是么？我不相信任何人，只相信自己的眼睛，这是精神病么？每天早上起来的第一个念头就是死，我讨厌看到人！如果哪天我自杀了，我会被认为是因为精神病而死的么？	None
嫁独生子好还是嫁个有妹妹的好？	None
这样的婚姻和出国机会,要不要把握?我结识了一个留在美国多年的华人 我结识了一个留在美国多年的华人,我们很有共同语言,每次通话都不愿把电话放下.\r他有双硕士学位,收入很好,他和前妻离婚了,女儿已经19岁,他要我当他未来的妻子,只是他的年龄和我父亲一样大.\r最近他来北京看了我,感觉他对我非常满意,对我也很体贴入微.\r他博学,智慧,幽默,我对他的言行举止比较赞赏,但是觉得他的外貌是有点老,心里不太舒服.\r我只是个漂在北京的大专毕业生,家在农村,相貌中等,对我真的是个难得的机会,这样的情况,我该怎么选择?\r我确凿他的情况属实. \r\r	None
我该不该离婚我是北方人，老公南方人，我们冲破家庭阻力后生活在一起 我是北方人，老公南方人，我们冲破家庭阻力后在一起，儿子六岁了。按说我们的婚姻来之不及，老公比我小16个月，长得帅气，脾气暴躁，霸道，而且有时候自私，我一直把他当小孩子看待，生气时他说话非常刻薄，说什么北方女人不能娶，你真是无用太笨，有的话更让我伤心，我一直忍让着，不和他吵架，而且每次生气后都是我来哄他，对儿子也是不听话就打，打完再讲道理，我说让他学会宽容，要让自己爱的人感觉到轻松，可我们每次都讲不通，很多事情意见不同。生意上的事他几乎不用操心，生活中也用不着他，就是让他洗个水果有时候他都会生气，所以我就自己做，在别人面前我也给足了他面子。但一年前的我是北方人，老公南方人，我们冲破家庭阻力后在一起，儿子六岁了。按说我们的婚姻来之不及，老公比我小16个月，长得帅气，脾气暴躁，霸道，而且有时候自私，我一直把他当小孩子看待，生气时他说话非常刻薄，说什么北方女人不能娶，你真是无用太笨，有的话更让我伤心，我一直忍让着，不和他吵架，而且每次生气后都是我来哄他，对儿子也是不听话就打，打完再讲道理，我说让他学会宽容，要让自己爱的人感觉到轻松，可我们每次都讲不通，很多事情意见不同。生意上的事他几乎不用操心，生活中也用不着他，就是让他洗个水果有时候他都会生气，所以我就自己做，在别人面前我也给足了他面子。但一年前的一次吵架我真的不想再忍让了，开始反驳，他说我变了，变得不再听话了，不按着他的轨道运行了，还说他管理我，我管理生意，后来说话越来越难听，我们开始讨论离婚的事，而且把财产也分割完毕，很公平。我们冷战期间，我在QQ上认识了一位朋友，办了一张新卡联系，因为老公经常查我电话记录，朋友电话里劝说我安慰我，我很感激他。老公发现新卡后我解释过，但他一直认为我出轨，最少是精神出轨。而且说话也冷嘲热讽的，我决定离婚，虽然还有点舍不得，但总比到了水火不相容的情况下离婚好。可这几天老公有所转变，说爱我不想离开我，想挽回不会和我离婚的。但想到他前几天说的我们相互不要干涉，我也出去找情人，我就是拖着你，等我想离婚时再离。我担心他是在报复，我不知道一个人真的能改变吗，真的会变体贴吗，现在我对老公更多的是亲情。有时候想起来，还是想离婚，想找一个体贴自己，庞爱自己的男人，让自己享受到一个女人应该享受到的。朋友劝说我不要离，我该离吗？？	None
为什么人的脸会红？为什么有些人害羞了就会脸红？ 为什么有些人害羞了就会脸红？	None
怎么看待这个男女的对话？男：去哪学车呀女：大兴啊男：怎去那么远的 男：去哪学车呀 \r女：\r大兴啊\r男：\r怎去那么远的地方 \r \r女：现在学车都去哪里\r男：好多驾校呢 \r 女：鸿什么的\r忘记了\r男：过了么 \r \r女：还没有学呢\r\r大哥\r\r是你脑子反映有问题还是我没有说明白啊\r男：你跟我说下礼拜去学车 \r谁知道你说的哪个阶段呀 \r女：晕\r杀了我吧\r天啊\r男：\r你不至于吧 \r女：\r跟你有代沟啊\r你说呢\r大哥\r男：\r我除了不能说，难道还变傻了？？？ \r女：\r有点\rhehe\r那阵没有发现（指以前交朋友的时候）\r呵呵\r男：看来以后得多想想问题了不能老不思考男：去哪学车呀 \r女：\r大兴啊\r男：\r怎去那么远的地方 \r \r女：现在学车都去哪里\r男：好多驾校呢 \r 女：鸿什么的\r忘记了\r男：过了么 \r \r女：还没有学呢\r\r大哥\r\r是你脑子反映有问题还是我没有说明白啊\r男：你跟我说下礼拜去学车 \r谁知道你说的哪个阶段呀 \r女：晕\r杀了我吧\r天啊\r男：\r你不至于吧 \r女：\r跟你有代沟啊\r你说呢\r大哥\r男：\r我除了不能说，难道还变傻了？？？ \r女：\r有点\rhehe\r那阵没有发现（指以前交朋友的时候）\r呵呵\r男：看来以后得多想想问题了不能老不思考了 \r女：呵呵\r说你老了爸爸\r吧\r打错啦\r哎\r失误啊\r女：我要下班了\r男：\r还真是有代沟了 \r女：\r额呵呵\r\r  \r \r	None
都不看好捷克？看来我又脱离群众了。 看来我又脱离群众了。	None
民间能人抵达灾区速度让军事专家感到震惊！星岛网讯】中国首支自发抗 星岛网讯】中国首支自发抗震救灾队伍——由60台挖掘机等大型工程机械组成的抢险突击队14日抵达绵阳、北川一带，全面展开大规模救灾行动。 \r　　\r　　　　据中新社报道，率领这支队伍的是刚刚被评为“中国首善”、并被授予“中国红十字勋章”的江苏黄埔再生资源利用公司董事长陈光标。 \r　　\r　　　　陈光标以1.8亿的慈善捐款在上月揭晓的2008中国慈善排行榜上名列榜首。“我在北川老县城，这里的房子全倒了。是一片大坟地。”陈光标说，“我背出来四个人，全都死了。” \r　　\r　　　　这位抵达灾区的“老板”带着120人和60台工程机械，从江苏、安徽日夜兼程，几星岛网讯】中国首支自发抗震救灾队伍——由60台挖掘机等大型工程机械组成的抢险突击队14日抵达绵阳、北川一带，全面展开大规模救灾行动。 \r　　\r　　　　据中新社报道，率领这支队伍的是刚刚被评为“中国首善”、并被授予“中国红十字勋章”的江苏黄埔再生资源利用公司董事长陈光标。 \r　　\r　　　　陈光标以1.8亿的慈善捐款在上月揭晓的2008中国慈善排行榜上名列榜首。“我在北川老县城，这里的房子全倒了。是一片大坟地。”陈光标说，“我背出来四个人，全都死了。” \r　　\r　　　　这位抵达灾区的“老板”带着120人和60台工程机械，从江苏、安徽日夜兼程，几乎与军队同时抵达了灾区，成为自发抗灾抵达地震灾区的首支民间队伍。 \r　　\r　　　　这支大型机械队伍如此迅速的开拔，在灾后不到36小时的时间，就从中国沿海的江苏开进到四川山区的地震灾区，令专家都大为赞叹。 \r　　\r　　　　60台挖掘机从哪里弄来的？陈光标说：我的资源利用公司有二百多台大型机械，这60台都是从江苏、安徽的工地上调集的。 \r　　\r　　　　陈光标说，他们是用60台大型平板车装上这些工程机械，每台车两个司机，日夜兼程赶到灾区的。 \r　　\r　　　　陈光标说：“当地干部群众对我们非常欢迎，对我们非常好，有什么吃的都给我们送来了。” 目前，这支大型工程机械队伍已分别在都江堰、茂县、绵阳、北川等地投入抢险。陈光标说：目前，汶川进不去。如果能进入，他们也将尽快赶去。 \r　　\r　　　　陈光标此次到灾区，还带去20万元现金，200万支票。此前，他还委托中国扶贫基金会为灾区捐款650万。\r	None
是不是中国境内的朝鲜族人都懂韩中日三种语言	Potentially
有权有势真好比有钱还要好很多,是吗? 比有钱还要好很多,是吗?	None
女人不接吻而与你做爱，是不爱你吗？我女友，很少与我接吻，做爱时也 我女友，很少与我接吻，做爱时也是很少，我没有口臭，我们又都没有。听说，女人只与她真心爱的人接吻，虽然不爱一个人，但会与她做爱，是不是她不爱我？\r我们之间，我更爱她，我追了她好多年！	None
你受过先生的委屈吗？居家过日子，难免有心情不好的时候，这可以理解 居家过日子，难免有心情不好的时候，这可以理解，但，心情不好了就往妻子身上发泄，明明是跟丈夫开玩笑的话，他却强词夺理说老婆对他态度不好。可以说是自己的心烦强加在老婆的身上。你说让人委屈吧？唉，知道老公工作压力大，父母年龄也大了，精神又不太好。自己只有让委屈的泪水流个没完没完了。	None
追得女孩有很多男网友。你们怎么看 追得女孩有很多男网友。你们怎么看	Potentially
被小混混定上了我该怎么办诶!我刚来武汉,是个打工的小伙子,我有好 诶 !我刚来武汉,是个打工的小伙子,我有好多老乡在这边,他们就来这里了,谁知道来了不到10天就被我的那些说是老乡有不是老乡的小混混知道了(他们和我是一个市的).就要找我 麻烦,昨晚上要不是我跑的快,有个好告密,我就被他们逮住了.弄的我现在都不干在那边住了,现在到另外的地方住了.也不知道怎么样才能让他们不要在找我. 在这里请教个位给我个注意.	None
世界上最爱的花是什么花？大千世界，有各种各样的花朵，非常的吸引人 大千世界，有各种各样的朵，非常的吸引人的眼球，所以才把美丽的女人比做花枝招展的，水性扬花的，当然漂亮的比喻更多更多！	None
男人真爱一个女人会选择彻底放弃吗？请大家帮帮我男人真爱一个女人会 真爱一个女人会选择彻底放弃吗？我们在分手前吵了一架，为了房子，他之后选择逃避，不理我，到后来就说一些难听的话，他是一个有什么事情都会憋在心里不说出来的人，我最后去看他的时候他告诉我他有个第三者，他喜欢温柔听他话的女人，而我不管在哪一方面都太强势了，他受不了，我们谈了5年了，大家觉得他还爱我吗？他真的不爱我了吗？	None
请问各位这样的男人是什么样的?我今天和老公出去吃饭,吃着吃着,突 我今天和出去吃饭,吃着吃着,突然在我背后较远的地方,一种喷气的声音,挺大的,就见四周的人都往门口跑,我正吃着香呢,老公见了马上说老婆快跑,我恋恋不舍的看了没吃完的饭,站起来也往外跑,这时老公已经拿起我的包跑了,我跑了两步见没什么动静了,就又回去了,这时人也陆续往回走了,真是够大惊小怪的,我坐下继续吃我的饭,老公回来了,可能觉得不好意思吧,解释说跑着跑着没看到我,我也不说什么继续吃我的饭,有意思的是,昨天晚上他还讲他们村里有个与他同辈的人有点缺心眼的意思,到现在没找到媳妇,先前找了一个,有一次一起出去半路遇到截道的扔下车子自己就跑了,结果人家见这个男我今天和出去吃饭,吃着吃着,突然在我背后较远的地方,一种喷气的声音,挺大的,就见四周的人都往门口跑,我正吃着香呢,老公见了马上说老婆快跑,我恋恋不舍的看了没吃完的饭,站起来也往外跑,这时老公已经拿起我的包跑了,我跑了两步见没什么动静了,就又回去了,这时人也陆续往回走了,真是够大惊小怪的,我坐下继续吃我的饭,老公回来了,可能觉得不好意思吧,解释说跑着跑着没看到我,我也不说什么继续吃我的饭,有意思的是,昨天晚上他还讲他们村里有个与他同辈的人有点缺心眼的意思,到现在没找到媳妇,先前找了一个,有一次一起出去半路遇到截道的扔下车子自己就跑了,结果人家见这个男人靠不住就跟他吹了,今天的事不断的在我的头脑里回放,心里怪怪的,说不清的滋味......	None
为什么跳操要穿舞袜（裤袜）？在健身房看到很多MM在跳操等运动时跳 在房看到很多MM在跳操等运动时跳看舞袜（裤袜），这个是有什么说道的吗？	None
请说一件你认为男人该做的事	None
元婴和血婴有姓别吗？我指的是，他们分不分男女，装备是不是也会分男 我指的是，他们分不分男女，装备是不是也会分男女，还是看真身的性别	None
清纯可爱的女孩是不是受到80年代后男孩大多喜欢的类型 清纯可爱的女孩是不是受到80年代后男孩大多喜欢的类型	Potentially
说米兰翻盘的人都是有意甲情节且失去理智分析的~意甲和英超比真的不 和英超比真的不行了，面对现实吧。经济决定上层建筑，意大利能和英国比么？	None
猩猩为什么没有进化到人不是一个祖先的吗? 不是一个祖先的吗?	None
女人什么时候最美丽？请女士们回答，女人什莫时候最美丽 请女士们回答，女人什莫时候最	None
还是关于车（霹雳游侠）为什么不出（霹雳游侠）这辆车，但是飙车里如 为什么不出  （霹雳游侠） 这辆车  ，但是 飙车里 如果有这车  （我肯定的说 ） 比飙车里任何一辆车都好看 和漂亮  。我们中国要好久才出 ，现实， 中。。。 霹雳游侠 这款车  一个字形容（帅）  开个玩笑 如果真的有了  那你们是只能看 不能开 哈哈！ 你们希望中国出这辆车吗？ 早知道 我愿意身长在国外 那有多好 哎！！！说实话中国太落伍了	None
有多少人是凑和结婚的一个好朋友快结婚了,她告诉我,根本对那个男的 一个好快结婚了,她告诉我,根本对那个男的一点感觉也没有.\r可都27了,周围的压力也很大.不过不怎么影响.只不过目前的男友也相往半年了,主要是各方面不怎么优秀吧,长的和好友差不多高,学历比她低,交际也很差,工作不稳定.但有一点就是挺听女孩子的话的,而且特别依赖女孩子..\r那个女孩子只来也没有当面说过对对方的不满,她担心伤害对方.大家说说这样以后会幸福嘛.	None
女生有问题请教，欢迎男士朋友赐教？我是一名女生，今年25岁。不好 我是一名女生，今年25岁。\r不好的一面：我的脾气不好，性急，遇不顺心的事易怒（但过后什么都忘记了）、倔强（有时候）、不温柔（别人说我像个男，我也知道但改不过来，也许这是我的个性，我不想改了）、有点小孩子脾气、不自信、有时候很胆小。\r\r好的一面：特负责任、工作认真、心好、爱学习新鲜事物、孝顺父母、坚强、勤快、吃苦耐劳。\r\r大家帮助我出出主意，依我现在的性格，以后找个什么样子的男朋友（老公）才能过的开心幸福。\r\r有多少男士喜欢这种性格，并请喜欢这种性格的人把你的性格也告诉我一下，还有你的职业。多谢了，男士朋友	None
感觉是什么？请问一下女人所谓的感觉到底是个什么东西？为什么女人这 请问一下女人所谓的感觉到底是个什么东西？ 为什么女人这么在乎感觉。	None
电视剧“食人鱼事件”历史上真有此事吗？	None
你嫁，或者不嫁？你嫁，或者不嫁人；你妈总在那里，忽悲忽喜；你剩， 你嫁，或者不嫁人；你妈总在那里，忽悲忽喜；你剩，或者不剩下；青春总在那里，不来只去；你挑，或者不挑剔；货就那么几个，不增只减；你认，或者不认命；总得忘记，不舍也弃；来剩男的怀里，或者，让剩男住进你心里；相视，无语；关灯，脱衣。	None
慕尼黑是个很漂亮的地方是吗？还有什么地方比那里更美吗？它在哪个国? 慕尼黑是个很漂亮的地方是吗？还有什么地方比那里更美吗？它在哪个	Potentially
性生活对女性身材有影响吗？一个女人和男朋友同居，过着性生活，这样 一个女人和男朋友同居，过着性，这样会改变女性的身材吗？	None
百度、腾讯、淘宝为什么控股人都是外国企业？中国这些大型的互联网企 中国这些大型的企业，上千亿市值的互联网企业，控股怎么都是外国人啊！	None
日本人为什么都爱吃生鱼呢？日本是一个岛国，有一些鱼，那他们为什么 日本是一个岛国，有一些，那他们为什么爱吃鱼呢？	Potentially
我国对美国的欺辱除了无力地举举拳头、小声说几句“抗议”外还能干什?	Potentially
狮子不是中国的动物,为何中国有舞狮习俗?狮子不是中国的动物,为何 狮子不是中国的,为何有舞狮习俗?	Potentially
“好男儿”谁最吸引你，为什么？？	None
红楼梦中的故事发生于哪个朝代？如果是清朝，电视连续剧中男人为什么? 红楼梦中的故事发生于哪个朝代？如果是清朝，连续剧中男人为什么不剃半个头，梳辫子？如果不是清朝，那么连续剧中人们的服饰属于哪个朝代？	None
《一个陌生女人的来信》讲的是什么？是由什么改编的？ 是由什么改编的？	None
社会是很复杂的，什么样的人都有。怎样与人交往？ 社会是很复杂的，什么样的人都有。怎样与人？	None
女羽双取消比赛资格谁的错？	None
男士们请入.我以前喜欢上一位有妻之夫,不过只来往两个星期但发生过 我以前喜欢上一位有妻之夫,不过只来往两个星期但发生过关系了,我承认我是任性,无知,不想后果.但我现在内疚了,觉得以后交男配不上别人.是不是每个男人都会介意自己的女人有这种的过去.	None
请问如何向女孩子自然灌输自我保护意识？ 请问如何向女自然灌输自我保护意识？	None
猜猜看，我是哪里人！（图）	None
听人说有咬指甲习惯的人不会缺钱用，请问是真的吗？	None
讨厌周杰伦的请进来说两句虽然我很不想在这里进行人身攻击，但是我又 虽然我很不想在这里进行人身攻击，但是我又不得不说，我看到他那个样子浑身就不爽，真想扁他一顿，没事装帅，又一脸痴呆像，八成像个白痴，特别是他的像和尚念经一样，哎，同道的人请进来发表几句	None
话是这样说，但是像我们这样的普信男国女又看不上 不但看不上 还大加嘲讽 结婚彩礼不算车房都要几十万 有些郭楠在部分国女眼里早就被开除人籍了 只有黑皮白皮才是人上人	Potentially
我190+，但是这种墓垢还是铁鲨鼻	Potentially
笑死，要是刷男女的没人有意见，真就高贵的同性恋呗??	Potentially
居然没有一个拳师冲。	Potentially
征尼大将军	Potentially
非洲人踢球猛，打篮球更猛，跑步无敌。可是有什么用呢？？？根本没有办法改变国家民族，让大部分人生活的更好。	Potentially
举个例子吧，一家公司要招个保安，结果有9个女人和1个男的应聘。但这家公司能拿出至少十个理由来拒绝掉女的，最终只招了那男人	Potentially
别埋汰失足女，跟过黑人的那叫人么，跟动物有啥区别	Potentially
你可真厉害你的虫爹把曾经白人建设无比繁荣辉煌南非毁了同时又跑到这来大谈引进国际鬼子虫类及其它们后代虫混的理由对于你这点居心叵测的小心思我早已看透	Potentially
哈哈哈哈，完全是调侃，男人味是指身上气味大，器大活好是女人认为的，我就顺口这么一说	Potentially
我广东人，说实话广东人和广西人，总体来说的确是丑人多。如果你去过四川，东北这些地方玩过，你会发现这几个地方的平均颜值高广东几个档次	Potentially
本东北人表示的确如此，河南黑吉山东毕竟被黑一个是穷一个是毕竟知名，江西这几年彩礼也风口，至于青海这种地方，你问他青海属于西藏还是新疆，很多人的确会谨慎地二选一的。	Potentially
要把一滴血原则带到中国来	Potentially
我说实话，我膈应，我觉得我的思想还是偏保守，再者我认为讨厌黑人不算是思想保守，只是看见了很多事情之后的一种总结	Potentially
答主是大部分人的想法，很多人潜意识都是不接受的，只是很多人都不敢去表达对于同性恋的态度，随着时代发展，同性恋也越来越敢发声了，我们不能对同性恋有任何意见，有意见就是歧视。同性恋越来越会道德绑架了！	Potentially
你知道你们的主子是怎么评价你们的嘛 “chinese women's pussy smells like dead fish”😆声名远播了属于是，给你们取个新名字吧dead fish girl怎么样🤭	Potentially
为什么我觉得世界女权是在故意抹黑中国女性呢？中国女性中真正的口区女权比例不大吧？为什么要所有中国女性背锅	Potentially
广州就是黑河南、黑北方的总部	Potentially
举报外教从我做起，电商的发展也会把一些垃圾去除，加速才是我们想要的。	Potentially
西安本地作风彪悍的大多是东边某省逃荒过来的后裔	Potentially
好家伙，间接黑了一波北京（玩笑）	Potentially
确实，我同意要自由恋爱，爱情不分人种和肤色，什么?问我女儿要找个黑人怎么办?就当没生过喽	Potentially
默滚出中国就行了。	Potentially
五角场附近的女大学生，基本985了吧？一群女人和黑人留学生玩转盘，比起海天盛宴还刺激，这可是985的女大学生啊，可以英语交流的，我知道你不信，可现实就是如此。🤣	Potentially
艾滋，滥交，犯罪，吸毒贩毒，粘上一样非死即伤。有交往就有潜在风险，大家都是正常人，趋利避害是本能。希望大家努力，打击默的生存空间，让社会光明一点。	Potentially
失足妇女是要钱，可以理解。	Potentially
女quan真的是要挑起争端吗？大言不惭的攻击郭嘉的执fa制度，明明厌男，却又想结婚找男人要20万的彩礼，讨厌男人还让它的哥哥帮它寻找yan遇。不理解，实在是不理解。搞女quan是为了压榨男性的剩余价值吗？	Potentially
没有世界帮助，非洲还生活在原始社会。	Potentially
女拳挑拨夫妻关系，婆媳关系，甚至挑拨女儿与父母的关系，以拆散家庭为目的，纯属一群变态	Potentially
第一句话，中国女性是唯一被批评的女性群体。这真是我见过最长的一根杆子。	Potentially
当你已经沦落到与乐色为伍，还把乐色举高过自己的头顶的时候，你已经连乐色都不如了。那天我去买塑料袋。有黄色的白色的透明的还有黑色的，我问老板，哪一种颜色的最便宜？老板说黑色的最便宜。我问为什么黑色的最便宜？老板答，因为黑色的是垃圾材料。	Potentially
性取向都扭曲了的人怎么会觉得恶心呢😓	Potentially
精神科医生好久不见我是反同二局的	Potentially
哈哈雀食，上大人果然都是你这样😄	Potentially
钓鱼的吧，除非让你全家女性照顾黑人	Potentially
我就是这个意思啊：被黑并不完全是经济原因。答主不必为这个生气，各地都会因不同的原因被黑。	Potentially
提啥？我已经不考虑母的	Potentially
本来我们才是白种人，被西方丑化才被说成是黄祸	Potentially
这肯定怕啊！就像我不排斥找欧美白人帅哥的女生，毕竟看到那些帅哥我一个男的都喜欢，但是女生们非要找又丑又穷，还要倒贴的垃圾，我就是在费解了！	Potentially
这些个女人最后找完黑皮男友爽过之后还不是要找国人结婚，祸害国内男生，谁娶到这种女生谁倒霉，找黑的女生都是不知廉耻的，道德败坏，对感情不忠的人，无一例外，以后也会给自己老公带多少顶绿帽子都不知道	Potentially
作为男人我认同男女一致，我也认同去追求个人幸福，只要你别回来也别带黑娃回来就行。我可不想中国变法兰西斯坦，不希望改变人种结构。也呼吁其他男性朋友不要把黑男黑女区别对待，不然你讨论的就不是黑人问题而是输出情绪或是搞性别对立	Potentially
结婚纯累赘	Potentially
黑人没有教化的。非洲黑人把讨吃当成好传统，教会小孩讨吃。	Potentially
到时候好看的妹妹一个不剩，剩下的全是重型坦克	Potentially
害就是淮河流域嘛，传统的农业区，自然灾害频发，经济教育资源都匮乏，文化素质整体也不高，而且距离他们最近的发达地区就是长三角，去了之后又犯事，自然就被歧视了	Potentially
选择器喽，那些找泥搁的女人的智商水平，社会责任感和价值观显然不配和正常的国人哺育正常的后代😄可惜就是有人爱接盘😄	Potentially
直接规定新法，嫁给外国人，自动失去中国国籍。	Potentially
不是，討厭女性，不想跟女性相處，這不是歧視，你隻是gay了	Potentially
告诉她们，我家牛栏的公牛最近发春，吊又长又大，是真的大，不是怕片宣传挑出来的大，送给她们夜夜春宵，免费，没艾滋病	Potentially
美国人牛啊 能打 你们吴越人能打吗？要是古代就是吴越统一天下那现在肯定都在学吴语	Potentially
这个索玛女王不是被曝是男的么，专门收国外的钱，然后挑拨国内性别对立。	Potentially
地域黑比较典型的几个，按大区域东北被黑，按省河南被黑，二线城市武汉被黑，一线城市广州被黑🤣	Potentially
这有一条公狗，鸡奸这个鸭子啊	Potentially
唐山也被骂的好惨😭	Potentially
看来非洲真是未来人口增长的主动力。	Potentially
毕竟国外对这事比较放得开，老外都说中国女留学生比本地女人更开放	Potentially
犹太人凯乐奇计划就是要中国引入其他种族，制造新的种族，灭绝中华民族、中华文化。	Potentially
很好，以其人之道还治其人之身，可惜某些人却要倒贴黑	Potentially
放心吧正常男人不会喜欢黑女的	Potentially
虽然说美女也有概率感染，但我还是选美女	Potentially
为啥是回民和东北人会被黑啊？	Potentially
娶N婚也不能要和黑人处过的啊	Potentially
你这心态不行啊，经济基础决定上层建筑么不是，河南省要是在东南沿海你看谁敢多说一句？🙂北方嘛，说那么多没什么意义，什么好的坏的，你看黑吉辽那一亿人还不是被黑的裤子都穿不上？	Potentially
普通女生无罪，有罪的是一开始男扮女装挑起性别对立的键盘侠	Potentially
关键是辨别不出来，要是媚黑在身上纹一个黑桃就方便了	Potentially
你这加一起四舍五入没有黑天津的多	Potentially
所以 就更该学日本人，啥都没有，踩雷了损失也不大。	Potentially
我就是湖南人呀，你们讨厌我们，我们湖南人还讨厌你，你以为你是谁啊！我们湖南人大部分都是好人，热情好客，包括我自己也是。有本事你一辈子别来湖南！！！	Potentially
姆蛆好恶心?	Potentially
看来女光棍对社会危害性确实非常大	Potentially
你去抖音弄个黑人身份，就会有女的私信你	Potentially
浦东惠南地铁站经常看到黑人出没，应该是那几个外国语学校的留学生或者洋垃圾黑外教，发现它的窝就举报它	Potentially
各位我错了，不该编故事，小管家威胁我，必须删帖子，取匿并道歉，故事虽然是假的，但是这种现象肯定是常态。我应该戳破女拳的痛处了，得罪人了。小管家中有女拳，匿名编故事骂男人抹黑男人没事。但是匿名编故事说女人的实话就不可以。就必须出来澄清。我错了，暂时退乎，请不要人肉我的单位。我是开玩笑的，惹不起原答案删了，另外一个答案也删了	Potentially
黑河南、黑北方的总部是广州，核心地带是从上海到广州的整个东南沿海，范围是整个南方	Potentially
大家把我帖子多宣传，我们开发出可以使黑人的古龙水发臭的东西在黑人聚集地发散开，或者给中国女人们使用或者佩戴，保证黑人们一个都混不下去。	Potentially
可见全球所有国际鬼子虫类及其它们后代虫混它们统一基因的激情犯罪是它们身体内必不可少基因之一	Potentially
一般人都怼东北吧😅。有些东北人不是搞不清，他就是直说江浙沪，所以最近被打脸打太厉害硬造了一个江南系，我也不知道是说谁。。。	Potentially
太爽了，打死这帮乱咬人的女拳	Potentially
B站奇趣蛋双标现场	Potentially
崇洋媚外本身就是一种种族主义，这种行为不也是看皮肤说事么？他们有啥资格指责别人？	Potentially
所以他是gay，然后跑到反同群里面开盒，是这样吗？还是你们是....	Potentially
支持正义劲夫	Potentially
我靠真能下得去手啊，我去主校区的时候也见过几个又黑又肥又丑看不清脸，可能是我的学校太好了女生都挺保守的，没听说也没看见哪个女生和黑人谈恋爱😅	Potentially
左白舔功令人作呕	Potentially
其他的都不说，为她去非洲生活点赞，別赖在中国，中国不需要黑族	Potentially
你说的河南人偷井盖才是无关紧要的，都带调侃的味道，但广东是在文化，族群等方面被黑，你别混淆视听，各种社区贴吧用户进去知乎，用户质量素质越来越低，各种地域黑，粤黑会越来越多	Potentially
是不是吧里这些nt贴都是阿娜发的？	Potentially
人不能总是被动防守，应该想办法主动进攻……我觉得，咱们应该跟黑人妹子交往。有没有谁知道，哪里能遇到黑人妹子呀？	Potentially
小汪汪没基佬危害大	Potentially
大家反通的原因是什么捏？①通讯录很多是孃泡，举止钕性化，造成反感②认为通讯录会染艾，就算现在不会以后也会得③通讯录反yxl④通讯录反自然⑤就是觉得通讯录ex如果有一位txl三观举止正常，不蓝交，不反异，不为txl发声，安静活着，8u们还会觉得这人ex吗？	Potentially
我不懂那么多花里胡哨的大道理，我就是单纯的歧视黑人。😓	Potentially
我也厌女现在越来越讨厌了	Potentially
陕西不算，高贵的陕西人只会黑甘肃人，如果自己做了丑事就会甩锅给甘肃庆阳人跟天水人，反正这两群人也不认为自己是甘肃人。	Potentially
也不是完全说是背锅 如果是大城市 北京上海 广州你去问老一辈确实很多外地穷的地方来的，加上八九十年代改革开放和华北东北工人失业潮，大批劳工南下经商，很多社会问题，然后老一辈就把这种印象传下来，然后接着有，不过现在没了，我很好奇现实中早已作古的地域黑，怎么网上一见一个有	Potentially
外娶你就不制造黑娃了? 外娶外嫁不是重点啊, 黑娃是重点, 你要娶个黑妹白妹, 能别回来吗? 至少别把你的孩子带回中国.	Potentially
她们也就知道几个娘炮了，你说对吧彦祖	Potentially
建议这个幕狗自己买车差点忘了，幕狗连车轮子都买不起	Potentially
自己女儿如果交往黑人，那就要反思是不是自己没教好了👍️	Potentially
不区分，不和作的，爱占便宜的女性玩。很简单啊，看说话方式就很好区分了	Potentially
总结一句话 北方太大了人口众多感觉长的都一样操着原味国语，东北三省更是北方代表，南方人则强调地域的独特性。整体来看南方并不如北方团结😅	Potentially
普信女真恐怖。兄弟们去网曝她。	Potentially
如果馆内没有他们的同类异性他们当然不会去寻找异性。	Potentially
上海属于被反噬	Potentially
说实话，我认识的苏北男生多数确实不想和他相处。	Potentially
巴不得巴不得你们男的都去找机器人，不要碰女的我看到你们就恶心！	Potentially
不管在任何平台看到有中国人跟黑人结婚的，就告诉他他们的孩子一辈子会遭到歧视，父母都是爱孩子的，他们听了这个话会受到很大的打击	Potentially
你男的女的？回答全离不开“国男”两个字，这就纯粹故意引战啊	Potentially
可惜真正嫁出去的绝大部分找到都是外国瘪三和老头子。任何民族的精英男性都不会考虑外国人，你见过中国的精英男找外国女的吗？是他们没能力找吗？	Potentially
🤣🤣🤣确实内斗严重，天天看苏南苏北互喷	Potentially
值得批判！我不明白为什么人种没有生殖隔离呢？爱美之心人皆有之！一白遮百丑！美白，美白，美听说过美黑的。没见过黑人去选美的。	Potentially
对号入座了，茶壶嘴破防了，戳到痛处了心脏不好的都来我这接种预防针	Potentially
女生我更不想了。。。苏北男的当街打老婆我亲眼目睹	Potentially
这么说吧，如果男人连自己女人智商正常都无法保证，那么一切都是自食其果	Potentially
女拳男能不能414阿？	Potentially
不管你咋说，我不喜欢非洲黑人，男人 ，也没怎么看到中国男人搞黑人 倒是在某些网站上看到不少某些中国女人被黑人玩	Potentially
都是些没人要的钼刃在网上翻天覆地	Potentially
你们同性恋不包容反同可以拉黑对方龟缩在家里不见人见光就可以了，你们同性恋不需要来这个吧，有拉黑功能可以让你们逃避现实活在自己的世界里。同性恋太丢脸太恶心了一定要拉黑回避正常人。反同是正常的逃不逃避拉不拉黑你们也是正常的但你们同性恋是不正常的不能见人见光所以需要拉黑我们反同才能逃避现实活在自己的世界里。	Potentially
同性恋不过是一种性癖而已，有什么可歌颂的。如果真要这样的话，是不是也该把恋物pi，恋tong癖，恋shou癖，恋shi癖歌颂一下？	Potentially
阎王老子来了 我就是种族内个歧视了🐶帽子我自己带好	Potentially
广西的桂柳地区长相跟全国其他地区差异不大，其他地区，嗯，就典型的岭南长相。	Potentially
亩枸还能叫得动，恰恰说明我们还不够暴力太过同情奥。我们承诺，往后将会更加暴力毫无同情，势要打到它全身瘫痪为止	Potentially
猩猩有文化？	Potentially
真的就“最”了？才见过多少。想象过、思考过、体会过就够了，至于高密，谁知道那是个什么地方，如果有天到那，我会想这个名字有点耳熟，这是兴趣的一部分。而不是读完合上书想，高密是吧，太可怕了。二十世纪是吧，太可怕了。人类社会是吧，太可怕了。	Potentially
对不起啊，我先道个歉我是一个耽美读者，那些莫明就磕cp的其实是腐女我也不知道为什么腐女那么多我也很反感腐女的。	Potentially
为什么黑浙江啊	Potentially
同性恋都是群脑子不正常的玩意，看着就反胃	Potentially
孙笑川吧！，现在被，女拳给围攻了，我们应该要帮助他们	Potentially
人人平等，人和冻物怎么能平等呢	Potentially
支持，消灭同性恋，反同战士们速速集结	Potentially
南方周末确实很多公知在里面，总说一些地域黑的话	Potentially
其实互相尊重就好了，我们允许你们同性恋的存在，但也允许我们有些异性恋接受不了！这是生理上抗拒的！	Potentially
好奇纹了什么字，默吗	Potentially
万一他就是黑黑了	Potentially
别说男人不喜欢了，我坚决不肯跟黑桃皇后们当闺蜜，熟人也不行，就怕哪天往我杯子里下白粉，逼我上他们的贼船。	Potentially
有个贵物同支持🐔农屠邮，却不知道🐔农也屠同	Potentially
那对等的，把中国人在非洲下的蛋，和他们的非洲妈一起带回国，那才是杠杠的。lee：在非洲的100万中国男人, 到底留下了多少私生子?!	Potentially
一个国家女性的待遇是受男性影响的，如果战争来临，男人都不保女的，落入敌手的女人连牲口的待遇都不会有，这是有前车之鉴的，历史上大小战役，男人死战，哪怕国家沦陷，女人也不会过的太糟糕，但是一旦军队一击即溃，一撤千里，最后那些女人都只有沦为玩物的下场女拳应该庆幸现在不是封建时代，否则必定是凌迟之罚	Potentially
说明你在她心中是供养者，要是a男，耍脾气她是不敢回的	Potentially
当然，香港不说了，不过台湾是真不冤，台湾黑大陆几十年没断过，现在大陆都还没有黑台湾呢！做的最多的仅仅只是把台湾黑大陆的言论放到了大众面前。互联网上台湾和大陆之间的几乎所有视频都是从台媒那里截取的。	Potentially
自己不理解说别人糊涂，行河南人是全国的祖宗，怪不得你们被黑的厉害。	Potentially
大张伟的《阳光彩虹小白马》我最喜欢的歌	Potentially
老外很老，一般发育早，在它家乡可能有老婆孩子了。20多岁相当于人类30、40岁夹你，你别回复评论。永远也改不了黑猩猩劣质人的性质。全世界都不欢迎黑，即是到了美国政治正确的国家，也不要你们，马上遣返回老窝。	Potentially
嗐，上次还有人跟我诡辩说称北京人为正黄旗不算地域歧视，只能算嫉妒、情绪发泄，我能说啥🤔	Potentially
确实现在她们都开始线上拉客了，男人还得线下赴约	Potentially
只有男女之间相爱才是全身心投入爱才有爱情结晶。你们同性恋的爱情结晶是什么？植物也会开花结果，你们同性恋的爱有什么结果？你们同性恋的爱是没有结果的，你们同性恋啥也不懂啥也不是，你们同婚是没有任何意义没有任何结果的。	Potentially
看片都不看黑人	Potentially
你来江苏住一段时间就知道了，或者自己在江苏台官网上看江苏新闻节目，最起码七八成是报道南京和江苏的负面新闻(车祸 情感纠纷 哪里环境差之类的)，很少看到表扬的	Potentially
那不是废话吗棒女是靠嘴炮、靠动员力，靠政治运动，才有的如今的声势、地位，她们又不像棒男强制兵役接受军事训练。怎么可能在实战上打的过塔利班	Potentially
男性还好，女性是真得小心这种女的。之前有个新闻，一个谈了黑人男友的女1劈腿了，女1为了安慰她的黑人男友，把她闺蜜女2骗到宾馆配合黑人墙键叁批。完事把女2拿刀捅伤后这两还畏罪跳楼。这种女的是没有智商、底线和道德的。	Potentially
同性恋很美好纯洁？呕	Potentially
抚顺瞧不起大庆…	Potentially
不是河北没黑点，是隔壁几个兄弟太强😅	Potentially
这个这个河北没存在感。	Potentially
结婚对男人来讲太亏了，希望男人们都能觉醒，不让女人占便宜，都坚决不结婚	Potentially
国内媚基巴斯坦人的女人是真的多	Potentially
让非处女坦白性史，此方法同样有效，亲测有效🤭	Potentially
这些标子比男人冷血得多，百分之八十都是	Potentially
这就是春晚一个节目跟脱口秀一样是好段子啊我身边的正常女性没觉得有被冒犯啊怎么就有人对号入座石砸狗叫了呢	Potentially
微博傻卵玩意废物木人是这样的	Potentially
男的看男同主观恶心 女的看女同主观恶心	Potentially
呵呵，居然是排名103，除去那几个小国，那也就是世界垫底了，而且是世界人民的垫底了。可是，怎么感觉，外国人非常羡慕中国女性啊？！东亚，中国女性排第一；东南亚，中国女性排第一；前苏联地区，中国女性排第一；印度次大陆，中国女性排第一；阿拉伯，中国女性排第一；.非洲，中国女性排第一；南美，中国女性排第一；北美，中国女性排第一；中、南、西欧洲，中国女性排第一；我就纳闷了，除了这些，上哪找103个国家？莫非，是天国里的吗？	Potentially
黑人血统真的太顽固了，哪怕只有四分之一甚至六分之一还全是黑人的影子，说真的看见黄黑小孩比看见纯种黑人还令人难受😅	Potentially
我这么说吧，如果老一辈安徽人是你说的这样，我差不多认同，但现在的安徽人也有三宗罪：遇到问题难用契约精神和讲道理去解决，由于地域问题产生的自卑与仇富，和苏北人一样善于算计和背后耍花招。这三点别不承认，我身边安徽人不多，但我从小到大是遇到过的，我也谈过六安的女朋友，事实就是这样。	Potentially
问题的来源就是现在女性对社会贡献和地位越来越高，以及女人的脑子蠢p事多	Potentially
扯淡，企业都不要四川人	Potentially
黑**应该被美国全面入侵抹杀	Potentially
一般会这么想，竟然真有憨批找黑人	Potentially
圆圈吧出了名的鸡窝都不知道？里面都是卖的还有陪玩的，好多在里明卖。	Potentially
张口闭口说国男不自信，然后发现你自己却不敢坦白？说白了你也不自信。	Potentially
妄图和女人讲道理，自己脑子也有问题	Potentially
你这实实是欺负窑姐儿了——人家窑姐儿接了起码还收钱！	Potentially
胡说八道，男性都是希望喜欢黑人的都去非洲。而不是变成烂裤子以后伪装找国人接手	Potentially
又黑额们西安似吧？额们西安人都似神！！！！！今晚乡党们出动，给你个瓜怂家房子都偷走	Potentially
黑人网红的出现本就是三观不正的体现。	Potentially
原来这个吧有反虫吧主不过最后就是被跪虫族就整掉然后过家和百毒从此就监管此吧把这个吧弄成无主之地	Potentially
女性基本上连寒暄都不多了，网上个个捍卫女性的恋爱自由——这是不是证明了女权的虚伪？	Potentially
谁没事就会开黑？各省之间人员流动都很正常，为啥就河南人一流动就被黑，还不自己好好反省反省跑这来总结了	Potentially
说实话，她们爱找谁找谁，你别去接盘就行了。	Potentially
立即开启印度模式省得她们作	Potentially
经济重心从唐开始就往南移了，为何你觉得南方比北方穷	Potentially
在反同群不反同，你自己也说过你是双性恋了，所以要为民除害找你很合理。	Potentially
你就可怜可怜基佬吧。给他两个吃剩的骨头	Potentially
有些女的就喜欢玩新鲜感，认为外国男比郭楠好，墨人有劲还带艾滋，没办法部分女人喜欢😅😅	Potentially
楼主你知道你挂这个人他的真实身份就是曾经被虫类爆过菊花有着一段和虫类及其它们后代不得不谈基情故事	Potentially
怎么说，女人是一切罪恶的源头，因为没有女人，大家就不会那么内卷。更没有性冲动什么的，人都没有矛盾。就是因为女人的性蛊惑男人的身心，而是很难去抵抗	Potentially
我是说这个人的性别和这个人的性取向的基因是矛盾的，和性取向基因是否在性染色体无关。而且携带同性恋基因的人按理说应该没有后代了，但是自古以来就存在，说明还有很多潜在被掰弯的人。如果有掰不弯的人，那么我就希望社会支持同性恋，把潜在同性恋掰出来，这样很多年后就没有同性恋了。	Potentially
在下也不太能接受。不过有一个问题，假如那姑娘被黑人给QJ了怎么算⁉俺觉得这种情况反而能接受了😅	Potentially
好起来了，兄弟们，女人也开始反感女拳了。	Potentially
所谓“女生文科强，男生理科强”的刻板印象是咋出来的？我就特别的偏理科	Potentially
吴施蒙一来到店里，所有人都对着她笑。	Potentially
😅以前住的小区挺多黑人的，很怕跟他们一台电梯，浓到恶心的香水味还有隐隐约约的汗味，每次都是闭着呼吸等电梯到一楼…实在不知道别人怎么忍的！而且就像你说的，审美也完全get不到。超模圈里的黑人美女，倒是有身材火辣好看的，黑人男性真的不好看啊，明星都不好看。	Potentially
哪个小区居然可以饲养猩猩	Potentially
没接触黑人群体，不怪你，真的。	Potentially
幕刃不值得同情	Potentially
说的是那些普信的直男，也不算无差别攻击吧	Potentially
笑死我了，这博主刚说怎么这些男的这都能破防啊？然后评论区同样的文章只换了一个字，她的女粉纷纷破防，这真是本年度最精彩的笑话了，打脸啪啪啪啪响，哈哈哈哈哈	Potentially
赞同🙋‍，还有上边有人叫讲多放同性恋电影的，我可不想以后我孩子看那些，别说啥先天的，后天影响肯定存在，整天受同性恋文化熏陶万一弯了可咋办	Potentially
这方面只有中国人能给，其实各国大小都差不多，但是黄种人硬度最高。你可以去看一下奥运会跳水这类项目，看看黑皮白皮大不大。中国男人在非洲到处玩女人，还都玩质量最好的，而且美国跨种族通婚也是黄男白女离婚率最低，这样看来中国人最能带给女人享受啊	Potentially
首先，先鼓励她产下娃(=・ω・=)每天呵护备至，寸步不能离，防止她感觉枯燥弄点新鲜事(°∀°)ﾉ再然后看看日期还有多久，在临产期时更要呵护有加，等她到医院顺利生产下来，在门外听到护士喜报母子平安的消息后(･∀･)马上拿起之前预定好的车票回到房间里收拾好东西赶紧跑路(￣3￣)不是我渣，因为我就是一个处男，关我p事(￣3￣)	Potentially
我歧视gay,我也歧视你的观点😄	Potentially
不奇怪有些动物喜欢缠着人类小狒狒也不例外	Potentially
说句不好听的，人狗杂交过的人，换你你要吗	Potentially
中国人的脸都被她们丢尽了	Potentially
别，黑的血肉我想想都恶心	Potentially
《小黑泥鳅》	Potentially
起码在冯丽这件事情上，是这几个博主到冯丽微博下留言加辱骂河南人的，到处蹭热度，我都怀疑这些人是不是有病呀！你骂他他就截屏，说你网暴他，你不骂他马上就跑到话题下继续地域黑，我去过西安，是一座美丽的城市，文化很厚重，但华夏把中原说做陕西，黄帝故里是西安等等常识性错误的言论，还不让人说洛阳是十三朝古都，不是洛阳是古都会影响西安什么吗？无语😲😲😲😲	Potentially
你们的武士道精神呢？一刀劈S这个嘿蛆	Potentially
希望你被女的传染	Potentially
你来新疆看看就知道了 新疆有多傻逼 乌鲁木齐 打不到车 没有滴滴！没有出租车！这是省会？还发展个屁 穷就是穷 别的地方都有就你没有？ 这还省会呢 唯一一次被骗了八百块也是 新疆人干的 新疆肯定有好人 比例堪忧	Potentially
所以一些人觉得自己是同性恋就可以高人一等了是吧	Potentially
上海是全国媒体有预谋的带节奏黑！本质上是打压上海地方势力！	Potentially
这儿也有nt通讯录出没，不过比起我之前呆的反同恋吧好多了	Potentially
男人根本不需要女人	Potentially
就问你，你会娶离婚女吗？你会娶烂裤裆吗？问题来了，还有剩下的吗？	Potentially
我觉得吧，只要内容没有怂恿直男直女去同性恋爱的话那就没大问题	Potentially
别打拳打到自己人了，男拳语录就是个黑大人发明的🤣	Potentially
自信点，把如果去掉。黑人本来就看不起黄种人，不信的话去翻前面的帖子。黑人扯眼角嘲笑亚洲人的眼睛；之前美国黑人打广东老太；黑人强亚裔商店；还有1992的美国黑人冲进韩裔社区零元购，双方火拼。我不敢说所有黑人都这样，但至少看不起黄种人的占大多数	Potentially
同，我甚至是看到黑人都感觉不太好，我的种族主义深入骨髓了吧😅	Potentially
看到“我是男的”，100%是女拳，毕竟有句话说自己没什么就喜欢强调什么	Potentially
说的好，很哲学的看法。我想是个正常人都认可人性有自私的一面，区别来自于如何对待这个“自私”。个人感觉南方人或者经济文化较发达地区（北京），都比较直面“自私”，交际中会用各种“扣扣搜搜”“精打细算”去规避“人性自私”可能带来的影响，也就是把话说在前面，而北方（主要是东北）规避的是“自私”本身，交际中习惯掩盖“人性自私”的一面，所以“豪爽”“义气”“兄弟”等会被经常提及，特别是首次认识，更会去努力营造这种氛围。区域不同，生存环境不同，产生不同的生存策略而已，其实没有好坏，适合的环境使用适合的方法就好。南北差异其实是必然存在的，身处异乡为异客入乡随俗很关键，先尊重别人才能获得尊重，像东北人这样去哪都牛逼哄哄，不被地域黑就很难了。	Potentially
反串母狗冲掉就对了！	Potentially
本来是没啥大问题的，现在网上借此对江浙沪污名化了，很多人不晓得哪里是苏北苏南却跟着带节奏😅	Potentially
上海河南广东，春晚三大被黑惨烈的地方，春晚一向这么搞很恶心的	Potentially
贴吧的人还是不如知乎的人明白。嫖娼我虽然不会去，因为我性冷淡。但国家对嫖娼的态度代表的是广大国男的性获取难度。你想想女性的性获取难度吧，再想想国男的	Potentially
首先要想一想，她们为什么要嫁外国人，很大的出发点我想，其实就是不想奋斗了，想要改变人生，甚至下一代的人生，不过被骗的太多了！这其实也是对美好生活的向往！与其嫁个一般的大陆人，可能真的不如嫁个一般的外国人！	Potentially
我不会，我会祝福她，然后拉黑	Potentially
所以别娶江西的就可以了，她们嫁的出去嫁不出去她们的事情只不过江西抬高了全国的彩礼攀比这个就恶心了	Potentially
这不是典型的普信男么，真下头	Potentially
你知道吗我是女生这四个字很普通但是可以强调就很恶心你是女生怎么了？就tm好像谁不是女生的似的你是女生怎么了？你就高级有特权呗？傻逼	Potentially
我是中国男人，麦肯锡搞活动的时候我在现场遇到一个黑人女性，突然就感觉像在森林里遇到野兽一样。	Potentially
姆搐什么猎奇	Potentially
恩格斯就说了真正平等的婚姻在以后的历史中实现时，女性群体的主体意愿越来越无法忽视，势必成为更重要于男性群体的意愿。现在风气就是争当烧鸡，爱浪爱玩，你一个男的有啥好纯情的，想爽的直接模仿版本之子黑叔叔就行了，提裤子就走人	Potentially
很多女生受腐漫、纯爱小说的影响去掰弯直男，真的。。。。吃饱了撑的	Potentially
非洲野猩猩吃饭！	Potentially
来看看蝈女的素质	Potentially
五等女人嫁非洲，原來如此原來如此	Potentially
猩猩之间的交配有什么稀奇的	Potentially
嗯，马上就有人说河南人偷井盖了。	Potentially
不值得批判，中华盛产田园女，她们爱去哪去哪吧，去祸害别的人类吧	Potentially
不会真的有人喜欢娘炮男明星吧，喜欢这些男明星的不都是女孩子吗	Potentially
美国华盛顿大学的研究人员发现，和谐的婚姻关系有助于促进同志的身心健康——长期保持稳定关系的未婚情侣比单身者更健康，而已婚人士的健康状况是最好的。研究者推测，财务状况、养育孩子以及伴侣相互扶持，都对健康有利，但具体原因有待进一步研究。并且出柜或许也能促进健康，因为这项研究显示，已婚同志中的出柜者最多，单身同志中的出柜者最少。	Potentially
女人除了买衣服化妆搞内斗还会什么	Potentially
当代的黄女乱华的危害程度不低于五胡乱华与满清入关	Potentially
好久没看看了一眼全是南桐，吐了	Potentially
这么说，外国男人家暴是男人的表现？😆	Potentially
我见过一个这样的，表面上除了工作不会和她说第二句话，内心中是深深的鄙视。	Potentially
原来是上边某些人，养黑护黑欢迎黑人，怎么办？	Potentially
骗婚什么时候没被抵制了吗，这本来就是个错误的行为啊，但你说的是抵制男同这个群体	Potentially
只有陕西人讨厌河南人吗？我也讨厌……河南有些人	Potentially
劣等物种_郭钕	Potentially
我还见过很多炫耀自己掰歪直男的基佬，简直口区	Potentially
帮凶？我不知道为什么我还非得接受同性恋……	Potentially
打拳打输了你就开始生活不如意警告了？古墓派拳师了属于是	Potentially
怎么说呢 中国女性和非洲男性恋爱我觉得并不能归咎到国家层面民族层面来讲问题 只能说愿意和非洲男性谈恋爱的都是底层人民	Potentially
四川被东部沿海歧视的比较多，其他的都还好（我觉得我作为一个四川人似乎除了去长三角最东边那个超级城市被歧视过之外一直挺受欢迎来着）	Potentially
所以你家有嫁内个还是咋的？	Potentially
田园女拳真烦人，干点活，轻的懒得拿，重的拿不动，老子真想邦邦两锤砸她	Potentially
好家伙，见到一个同就臆想人家自己喜欢你，你可真是够够的。	Potentially
百万彩礼发在小红书，群情激愤，捅在女权老窝	Potentially
谁惹你们了，你们骂谁去，非要咬着整个江西不放？	Potentially
这次唐山烧烤，就有人说“听口音是东北人干的”，任何坏事，都扣到东北人头上	Potentially
西南省份确实在浙江真的是鄙视链底端	Potentially
这种女的不就是典型的玩的浪不顾家？被绿了还是轻的，最怕的是釹的管女儿的时候玩手机打牌，女儿摸电线往马路外猛冲什么的那就亏大发了。	Potentially
看到黑人吧三观这么正我就放心了	Potentially
抚顺瞧不起大庆……	Potentially
同大多连脑都没有	Potentially
反同们也可以来听听	Potentially
你应该可怜那些地域歧视的人 他们就是活在网络上的蛀虫	Potentially
请问有没有3个女同在一起的？我看片有，现实世界有3个女的在一起？	Potentially
河南人可以删除	Potentially
你鄙夷的中国男性操守，却是比中国女性高的不是一星半点的，在国际上都是排得上号的。	Potentially
以后不给老婆花钱就算家暴	Potentially
我靠，楼主你不要在镇楼图扔黑粪啊！！！！	Potentially
这黑人对好人韩德君犯规，还在中国勾搭女孩，好像还生子？	Potentially
南方不被北方黑？你这句就挺地域黑的😓	Potentially
找黑妞可能真的是找不到其他吧	Potentially
等你百年后，会被你的子孙黑白族人供奉在黑白庙堂上。你的后代会问他的长辈：为什么我们的祖宗是黄皮肤的和我们的不一样？长辈会语重心长的回答道：孩子你要永远记住这个傻缺，要不是他接盘专业，怎么会有我们啊！	Potentially
蝈籹内卷也有一手	Potentially
中国尺寸是真的小	Potentially
小仙女能在别人身上找原因的时候为什么要反思自己呢	Potentially
知乎能骂东北？但你在知乎骂上海看看。	Potentially
你们还是中国人吗？别想跟日本站在一起，要抗日就要反同，我国人不接受日本任何立场	Potentially
还好我们省存在感低，想被黑好多人都不知如何黑。🤔😄😄	Potentially
能物化自己的只有自己，何必和这种不带脑感觉全世界都压迫的玩意讲道理，真以为自己胸前多二两肥油就多讨人喜欢一样，一天天的幻想自己独一无二，只能茕茕孑立，实际上看她一眼都嫌累	Potentially
下不去手，那种是少数，我就在非洲工作，平时女孩子投怀送抱的很多，但是真没法下手，身边人也一个都没有，也就来这边挖矿的农民工，可能不忌口，稍微有点身份地位的，不可能跟黑女在一块儿。	Potentially
这么说的话最不会传播艾滋病的是女同，女同应该打压男同跟异性恋，让世界上只有女同！	Potentially
迎接黑人，把国内环境拱手让给黑人进入，你这叫保卫祖国？你叫卖国好不好？	Potentially
对，灭默工厂在招人。所有人应该去那种专业的工序化流水线式屠默灭默除默的工厂打工。	Potentially
异性恋天天爱挂嘴边说同性恋都是为了性	Potentially
给女狗送温暖	Potentially
这么好的肤色竟然在美国做乞丐。来中国山东大学不得飞黄腾达	Potentially
我直接承认我不是男人	Potentially
阿拉伯都不要黑人	Potentially
捏吗，软弱？一动手你们女拳就出来反抗，🤣女性动手一群女拳叫好女性出轨有尼玛女拳罩着，男人可真惹不起	Potentially
山东居然混蛋连贵州人都敢歧视了，你不去看看贵州人是什么形象	Potentially
尽国男之物力，结女友只欢心，慈禧表示很赞	Potentially
海地之国，是世界第一个黑人共和国，但是那个国家实在是太差了。	Potentially
和东北比，河南被地域黑不算严重	Potentially
反正这是底线，为了中华民族的未来，从我做起拒绝哥布林和各种超级病毒。	Potentially
我大学的时候确实被同班同学问：你们河南人是不是都偷井盖。还有我们室友说他爸以前开车都不敢路过河南。	Potentially
小黑屋警告啊，你思想不正确，说谁都行，说默和魄就不行，知乎的祖宗主要来自这两个人种，你说他先人，就封你，就删你，就让你进小黑屋。	Potentially
之前再社区上班的时候，基本上35以下的河南人我都不会多看一眼，就该怎么样怎么样，跟本地人外地人都不会有什么区别，但是45-55的河南人，我警惕性一下子就起来了…	Potentially
小女站，舔狗站	Potentially
得到相应的权利就要负责，我不反对女人独立。但是不能盲目打拳。毕竟我妈也是女人。现在风气都被田园女权带坏了。真就是粪坑里找💩臭死了	Potentially
搜断背山看到这条，作为一个gay首先想说你们反同的直男大可不必把这么多精力放在gay身上。我也简单反驳一下你们的观点。1.同性恋为什么是同性恋只有同性恋自己知道，当然不排除外界因素，基因的原因也是有的，不管是从科学依据上还是从现实经验都可以佐证。2.同性恋之所以是同性恋，最显著的特征就是有同性性倾向，缺乏安全感或者内心女性化都不是最主要的特征，请不要恶意理解为同性恋就是受外界影响的软弱的男生。3.任何群体都有无知软弱的人，关键是得看这种缺陷到底是由于性取向还是由于缺乏文化教育。当你本身就带着歧视去了解这个群体时，还指望得出什么好的结论吗?4.现代社会是朝着更多元的价值观发展的，柔美也是一种美。过度宣传阳刚不禁让人怀疑宣传者的动机是否纯洁。事实上，这种宣传最大的受害者应该是能力不够强的直男。	Potentially
劣币驱逐良币，所以像这一类自我劣化的异类会造成五胡乱华的后果，中华文化从古到今从来没有遇到过这种靠子宫和丁丁入侵的物种，所以如果不抵抗，那么就只有灭亡。	Potentially
法治社会，我不能拿他们怎么样，也没必要拿他们怎么样。只是单纯的反感他们，讨厌他们，歧视他们。我还讨厌日本人，讨厌美国人，都要弄死他们吗🤣你也太孩子气了。成年人了，讨厌反对就要物理上的毁灭，那是小孩子的过家家。你要认识到一点，同性恋群体不可能获得所有人的认同，也不可能所有人人见人爱，总有我这样的人，不喜欢同性恋群体甚至歧视他们。这很正常。	Potentially
这幕刃估计还是个老师，图8让男学生给她擦鞋	Potentially
欧美女权还是正常的，人家只是要求女性和男性有同样的权利，但是女拳不一样，人家要求女性比男性更加高贵	Potentially
钓鱼？都是黑人犯罪的。抢到1次	Potentially
你看河南人，他就是不太平。到处扰事儿。自古的文化就一直在血脉中根深蒂固了😑	Potentially
果然是陕狗啊	Potentially
哈哈哈南非不是发达过家恐怕也只有你跪虫族会说它曾经不是	Potentially
因为她们喜欢拳啊。	Potentially
倒贴找黑老丑的我都隔应，不自重自爱，就要被唾弃。	Potentially
希望他们嫁给默以后都去非洲吧，不要待在国内，看着觉得蛮恶心的，跑爹默竟然也有人中国女人愿意嫁也不配当中国人	Potentially
说的好，某些直男简直不要太双标	Potentially
有什么问题嘛，找一男一女，女的喝茶男的干两份活	Potentially
不是说出国了吗？我在手机上搜 吴施蒙 竟然出来一堆色情网站，哈哈哈	Potentially
我一东北人在上海念大学，商场里吵吵的上海人声比我都大😆	Potentially
对不起，我就跟黑人杠上了	Potentially
那我不接受同性恋 也是我的权利	Potentially
那时候，黄皮肤的就是人上人了。😆	Potentially
这个奴隶蛆整天发一些中国女性嫁给黑人的视频，殊不知这个黑人在非洲老家还有多少个大老婆二老婆呢！很多时候咱们不是那句老话嘛，兼听则明偏信则暗。今天小弟就为大家奉上这位黑人的中国媳妇在直播中是如何描述她老公的原生家庭里面究竟有几个老婆！让我们来看看这位来自山东济宁的中国女性究竟是人家的大老婆还是小老婆！	Potentially
生理不适为什么就全面反对？因为激素原因男女，男同，女同都对彼此可能会不适，但反对没必要啊，不能因为男女异性恋多就反对男同和女同	Potentially
古代的“鬼”没有原型，自从有了昆仑奴之后，就定义形态了。	Potentially
可别了，唱衰东北的急先锋就是黑龙江人。辽宁人在跟南大人据理力争，黑龙江转手就把公安局设海南了	Potentially
但说真的，在青岛老铁店经常坑人，本地人都避坑去老铁店😅这是事实十个中八个不靠谱	Potentially
让黑女生混血黑妹嫁给中国人，两代就稀释干净了	Potentially
我河南的，把江苏删了把，生活中根本接触不到江苏人啊😅😅😅这个有点假想敌啊，江苏人全国哪哪都瞧不上，还用去黑河南么，顶多就是陕西全和湖北，这俩和河南之间问题很多，归根到底倒不是河南穷，而是利益，利益，利益，因为他们看不起河南，又干不掉河南，有些省份甚至被河南越拉越远，所以他们只能通过低评价，来让河南发展停下来，不就是这个意思么	Potentially
东北喜欢打架斗殴	Potentially
河南大兄弟别慌，现在有东北在前面顶着呢，偷井盖算啥，侮辱东北人的词汇那才叫让人大开眼界，山东兄弟准备好，接下来就是你们了	Potentially
我得提醒你一下gay一般即使看上直男也是想被上，不要操那么大的心😅	Potentially
在全国，唐山代表唐山，在世界，唐山代表中国，在宇宙唐山代表那个球上面的动物。所以我说唐山很差劲，那必然很差劲，东北更差劲。如果我们这儿有这种事，那无可厚非，我也觉得自己这儿差劲。。。很理性，没必要洗，承认自己市不优秀有那么难吗？	Potentially
坑傻子的，这有人信了也好，淘汰劣等基因，毕竟这种龟男不给他戴绿帽都对不起他的智商	Potentially
我认为男权不是封建父权。	Potentially
嘿畜狌就是畜狌，本能特征器官已经出卖了它们。	Potentially
发这条评论的时候我还没被骚扰过，现在回复你是被恶心过了，我确实是歧视男同，不过你这么说了倒也无伤大雅，我们最近一起上网一起玩的有个伙计也是男同，只要别恶心到我倒是也无所谓	Potentially
这个拳击手真是无处不在	Potentially
越南？虽然整体对中国不太友好，但是你到越南很有钱的话，必有妹子喜欢你的	Potentially
中国男人在非洲和东南亚制造私生子的速度都快赶上美军了，津巴布韦总统都亲自点名了	Potentially
这个吧幕刃浓度怎么这么高	Potentially
江苏脾气就这样，小市民思想比较重	Potentially
这些人管长江以北的人叫“刚波人”，管安徽人叫“白完”，管外地人叫“硬盘”，然后到头来反称别人歧视自己🤣	Potentially
女人和别人睡既不违法，也不违反社会主义核心价值观，万一她就喜欢那黑人呢，这有什么好批判的。当然你要是接受不了那也是你的自由，但不要自诩正义批判别人。你的说法也可以扩展为难道我大汉族没人了吗，一定要和鞑子睡。难道我大xx省没人了吗一定要和外地人睡。难道我xx家没人了吗，一定要和外人睡。说到底群体都是人定的，苗族，蒙古，壮族曾经都是非我族类。	Potentially
检方称，两人在18个月的恋爱关系中，You对男友进行了“身体、语言和心理上的虐待”，判处You两年半有期徒刑，缓期10年执行。这意味着，只要她遵守缓刑的规定就不会坐牢。	Potentially
停下吧，快停一下吧，让智商回来。反同到底有什么意义？反同是因为什么？你们真的有想清楚吗？说什么啊，这是不孝，那是人家的家事，关你何事？说什么欺骗他人，欺骗他人的是个人，不是群体，搞清楚一点。到处网暴别人，我觉得主要原因就是因为你们现实生活过得不好，所以才要去网暴那些其他过得比你们更不好的人。	Potentially
问她是不是÷女	Potentially
我加一个，我宁可娶不接外国人的小姐	Potentially
锅籹太容易跳脚了	Potentially
中华terf宫本家一口一个生育导致玻璃天花板，然后真的推荐她们放弃生育的时候又开始跳脚了。	Potentially
畒🐶乱叫而已，不用搭理牠，毕竟听不懂人话，jb口球就行了[表情]	Potentially
看网站的时候多看看国产，说不定能看到你女朋友	Potentially
黑他们的主力军明明是北京山东和天津，整天虚空输出南方人是真的很骚操作，能让南方人团结起来的方法不多，东北人做到了。	Potentially
安徽主要是在上海被歧视	Potentially
我就是女的，我讨厌杨笠	Potentially
有人跟我说什么歪果仁黑人会讲中文的热爱文化，我笑的差点心脏病复发。咱学外语的这么多，都热爱歪果文化？我看是为了应付考试才对吧。同理，会讲话的歪果仁就一定热爱文化？一些间谍还会说好几门外语了吧。自家人都难免背刺，外人跟你一条心？圣母伪君子们做梦吧。	Potentially
未来可能会像阿三一样，四处黑公交，现在中国已经发生了好几起黑公交案件了，没有几起案件，警察都得下岗了，日本低欲望是因为自身人民变得太懒了，男的喜欢纸片人，女的只喜欢嫁给有钱人	Potentially
恐同皆深柜实锤	Potentially
一切偏向男性的发言抛开事实不讲都是媚男	Potentially
同性恋最恶心了，就和那些不让人吃狗肉的极端爱狗人士一样恶心！	Potentially
中国内部的地域歧视，一切责任在美方😆😆😆	Potentially
粿籹活剐可以剐几刀呀	Potentially
古代的昆仑奴，现在的昆仑👴🏻	Potentially
众所周知，现在肖万警官已经封神，称号包括且不限于，黑膝侠，美国队长，铁腿超人	Potentially
🦍🇷🇺:拳脚相加🇯🇵:驱逐出境🇺🇸:清空弹夹🇰🇷:不得入境🇮🇱:生理阉割🇰🇵:火炮处决🇨🇳:如获至宝欢迎转发至各大平台	Potentially
我不歧视别人，现实生活中也没有人歧视过我，但是我竟然喜欢看你们因为地域歧视这个问题而吵架😅天呐为什么！	Potentially
南蛮就是南方的少数民族	Potentially
我同意你 不认同就是歧视同性恋我真的吐了 这道德绑架绑的。。。。吐了吐了	Potentially
这就三观有问题了？你别以为中国人会吃政治正确那一套。	Potentially
这男的恐怕是绿帽pi	Potentially
不管在别人那里怎么样？但是在我这，找过黑人对象绝对不会考虑，	Potentially
小仙女是这样的捏	Potentially
反正他们普信男总有理由去声张他们所谓的正义，却不知大家都当他们是小丑	Potentially
老实巴交的，以后绿帽子你不戴谁戴😆	Potentially
幕刃欠凌迟	Potentially
是不是处女没有多大关系，这说明楼主在某种程度上，也被女权洗脑，错误观点急需纠正啊！	Potentially
如果中国出现类似于黑人马丁路德金这样的聪明人物，对我们中国汉人和中华民族是最大的灾难后果！！！	Potentially
有一个穿衣服的猩猩，向甄子丹吐槽说他只是皮肤黑，就被人歧视。完全是在掩盖其兽性，转移目标。	Potentially
娇滴滴说的是江南女生,广东那边，肯定不会那么黑的,会进行一些什么向猴之类的	Potentially
上海人黑安徽真的很厉害，上海吧贴吧里很多黑安徽人的帖子，另外江浙沪有些企业也不招安徽员工	Potentially
而且，跟她走太近，在圈子里跟着社死	Potentially
应对的办法是走出去外娶。对于郭女，绝大多数郭女卸妆和恐怖片差不多。我是没有做推土机的欲望	Potentially
春秋战国时期黑河南人是因为河南地区住的是殷商后羿并不是因为什么郑国和宋国弱小😞😞😞不知道就别瞎说按这个理论燕国啊 中山啊 韩国啊 就没怎么牛逼过还有什么陈国等一堆小国也没什么人黑。另外我觉得现在河南人被黑和口音有很大关系。。。	Potentially
安徽没啥存在感吧	Potentially
见过不少男同就是这样理论的支持者，实际上在我看来他们其实是最自私的群体。又蠢又坏，他们除了可以骗女人和年幼无知的小孩，没人信他们。	Potentially
什么义字当头，这是违法的，自由恋爱没毛病，别违法就行，三非黑人该驱逐驱逐，通过合法途径，乃至留学过来和国女结婚都行，别做三非	Potentially
那不一样，女的基本上没国家概念，男的是娶，女的是嫁	Potentially
挺好的，现在少数的真女权也已经急了，因为最物化女性，最喜欢把女性往经济附属地位推的就是女拳。不过我不建议大家去区分真假拳，直接都反驳就行了。	Potentially
女人就是如此矫情	Potentially
秦淮以北的有些人最喜欢拿广西这种地方搞歧视	Potentially
我觉得还是有人黑我们河南	Potentially
我不认同你说的中国男人保守这句话 只是我们有民族情节而已 对于这种想和黑人在一起的女性 甚至生下z种的人 正常中国男人谁会去看	Potentially
还整个中国，，长三角，珠三角那个城市不把大庆吊起来打的？	Potentially
货拉拉司机无罪判一年，小仙女鲨人未遂判四个月	Potentially
这个很难得，只要基佬不说谁都不知道他是基佬	Potentially
感到txl恶心这没毛病啊，其实只要活好自己就行了，txl的生活也不会因为你的喜好就改变的	Potentially
这些跟默男人搞在一起的女人，甚至我见过几个都跟默男人到非洲定居几年生了黑娃之后，被默男人甩了之后第一个想到的就是找中国男人接盘。	Potentially
我感觉西方的教会拒绝甚至诅咒同性恋是对他们信仰的维护。我也不容我的信仰被玷污。当然，西方炼铜的，该怎么死怎么死。在我的生活中，只要txl不干扰他人并强迫接受，那可以理解。当然，不诅咒已经是最大的克制了。不祝福，不喜欢。	Potentially
国内女⭕️群嘲国男的时候你咋不这么说？	Potentially
朒字很容易被看混为腩字，下次用钕字。你这样写，我四十米的长刀很难收住呀?	Potentially
我也觉得，作为女性，我也接受不了交往过黑人女友的男人🙁	Potentially
txl必死	Potentially
歧视咱也不是种族歧视，中国这片土地上自古以来就没有黑人这个种族，咱就是正正当当的看不惯	Potentially
热搜前五十有是个是女本位/立女热搜，小仙女负面问题各种压热度。前几天官方还发了个媚女文章，最剑的事猜到会被喷还把评论关了。知乎官方歪屁股媚女，这样下去唯二根据地之一的知乎也要失守了	Potentially
这回我就是歧视了，我也不觉得我的歧视有任何的问题，我承认，我确实是种族主义	Potentially
是一部分带坏一部分，清醒的还是有的！但怎么也比不上教员那时“妇女能顶半边天”时期的妇女	Potentially
这玩意不是男同nt搞出来的吗	Potentially
🤔🤔她们不会信得，省省吧，让她们去找优秀的非洲人	Potentially
非洲黑人智商70，被学者归类为智障水平。美国黑人混血儿智商85，中非混血儿智商应该徘徊在90左右，妥妥的班里倒数	Potentially
全国黑上海，上海黑白完，所以被黑的最惨的还是白完。	Potentially
这种东西还以为zg是非洲吗？	Potentially
从小这个基佬就N待小动物，果然是变太	Potentially
台湾香港被黑，和世界范围的民粹化有关。西方搞民粹化疯狂反华，而台湾香港有一帮人帮这西方说话，这就比较严重了，汉奸的标签就会被不可避免地贴上。中央台之前都从来不报道这些事情，但现在有了自媒体，让台湾香港的的极端民粹言论被大陆网民看到，引起大陆网民的民粹化。但有中央压着，民粹不会成为大陆的主流，互联网只代表少数人。	Potentially
同性恋没有正常人，低龄非主流觉得有和别人与众不同的思想很突出自己的高尚，就算有真正相爱的同性也是心理疾病，同时明明知道会遭到议论和歧视又改变不了，还是要为了自己的爱情把家人置于其他人歧视中的小丑，总结一下捏，txl是个自私而且低能，说理说不过又只会无脑的谩骂的低龄心理变态人群，txl这辈子就这样了	Potentially
传播艾滋，这隐患够大吧！在国内留下一堆串串，这影响够恶劣吧！	Potentially
干啥啥不行 种族歧视你最行？	Potentially
你评论区不就有一个吗，经典装理客中装不下去了就开始破口大骂了，或许这就是当代小仙女吧🤭	Potentially
黑黑砸在中国，永远受到歧视，排斥。嫁黑人，必须接受这一点。黑砸智伤低下，学习不好，能有多好得未来?	Potentially
不是哈尔滨毅腾打辽宁女球迷的时候了？打完还抢包？	Potentially
我们种族歧视者竟然因为种族歧视被白左歧视了，说好的白左反歧视呢，这些虚伪的白左（气气气）	Potentially
男性骑洋马：她熊大，她腿长，她屁股翘，她长得漂亮女性挨洋(黑)枪：他是布尔人😄	Potentially
你怎么知道答主是中国人，万一答主是美国人？😆😆	Potentially
南方所有人都是地域黑？他说黑北方的都是南蛮立马对号入座了？	Potentially
我突然想到一个很好的题材，【论同性恋如何发表那比法西斯还愚蠢的言论】	Potentially
立本现在还有女权啊	Potentially
其实仔细想想这些地域黑言论，主要都是河南山东和东北，这些还都是粮食大省，微博知乎上都有很多地域黑，就是不断的损毁这些省份的声誉，我是河南人，身边有很对东北同学，我觉的人很好啊，没什么可黑的，室友就是山东的也特别好，真的不知道那些黑子的经历是怎么来的，我遇见的这些省份的人都觉的很好，到黑子嘴里就是十恶不赦了	Potentially
以后不把老婆裱起来供着就算家暴	Potentially
不对 都故国了外国人就别来趟浑水了😆😆😆 去搂好你的黑北鼻别来国内打拳😆	Potentially
别灰心，种群铁律亘古不变，神州不止一个黄巢冉闵	Potentially
这不是人妖，此乃糞坑黑变态的黑蛆	Potentially
"""纪录片：第2集I零元购的南非，黑子哥当道的社会，穷苦白人沦落到贫民窟"""	Potentially
无法改变那就去死，反同入刑，最高死刑	Potentially
那还有假，这些黑醋最喜欢做的事就是伤害别人，干违法乱纪的事	Potentially
首先华人劳工是由于一战大量法国青壮年男人战死，其次女孩嫁都没意见，去非洲就好了，最后还不是要留在国内找人接盘。那些微博也很坏，就和花了电影钱看了场坏电影一样，不能就我一个当傻子，所以我给它满分好评去骗更多傻子。	Potentially
无论男女，其实都出了很多社会性事件 ，你非撅着这么一件事情，我也无可奈何你们所谓的媚黑女，其实在网络上可以现实生活中更多，我在广州呆了这么多年，黑人是看到不少，但是跟黑人走在一起的中国女的真的少之又少，咱也就不清楚了，怎么就媒黑了？我的意思也是希望大家集中火力打该打的位置，而不是一下子打所有人网上那些傻逼言论听听就算了，别往心里去 ，人就这么一条命，想把自己气死几回啊？	Potentially
2，本分老实能担起家庭责任，姓生火质量低无激情，喜欢看男人偶尔出瑰；	Potentially
说什么玩意儿？？？女性没有贡献，居里夫人难道不是？？？我国首位女航天员难道不是？？？奥运会上的女运动健儿不是吗？女排为我国争了多少光？？？为什么会有你们所谓的女👊，有一部份原因难道真不是像你这样只把女性当繁洐工具的人存在吗？？？所谓男权女权讲得是权，不是👊！	Potentially
小仙女不是说中国男人配不上中国女人吗？男人只好找外国女人了，合情合理	Potentially
普通女性占女性总人口的比例还是太少了，女拳、媚外的的占了绝大多数🤣	Potentially
阿富汗兄弟审讯中称:我们对待女人的方式跟你们不同,一个女人就应该像仆人一样做家务,煮饭带娃.	Potentially
其实我讨厌同性恋很大一部分的原因是因为同性恋的支持者，尤其是我在追番的时候就看到一群NT在官配CP或后宫番里面刷男男或女女CP	Potentially
我们小区也有个金发碧眼的小萝莉 家长们都挺喜欢的 因为真的长的超级可爱 活像洋娃娃 而且人家父母都是高知分子 但是对那个没爹的混血小黑态度就不一样了😅	Potentially
被歧视一般客观原因的。歧视一般发生在底层。中国美国印度都有一个很不好的文化现象，就是宣传为富不仁。但到了现实中，你会发现违法犯罪的绝大多数是穷人。换你有钱了，你不会彬彬有礼？社会上“为富不仁”的现象，大部分发生在穷人装富后欺负穷人，少部分发生在穷人黑恶发家后继续黑恶，欺压百姓。但是那些清白发家的富人，大部分极富同情心，并与人为善。不要以为清白的富人少，看看中国在世界上的优势产业，不是清白的富人，根本做不出来。河南人偷井盖，原因是什么？是穷啊。过去安徽人在长三角名声也不好，现在越来越好了，原因是什么？徽商的经济跟上来了。过去江西人在我家乡名声很差，因为来打工的，一旦没有收入，有很多偷盗。现在好转了，因为这种人少了，反而一些肯吃苦肯创业的江西人在我老家成了老板，比普通当地人还富有，所以当地舆论对江西人好转了。	Potentially
锅籹是这样的，司空见惯	Potentially
神TM女权感性灵魂交流让世界更美好，神TM男权自私喜欢战争给世界带来灾难。实际上你不就是打不过别人所以说男权只懂得战争吗？说的这么头头是道你倒是先用爱来和男权交流啊？自然生存不谈弱肉强食适者生存你TM谈爱和灵魂？我不是很懂女拳师的基本思路诶。还说什么即便是优质男人也要花很大的代价才能敢上女性，那可不嘛！这辈子我都不敢想象我能这么不要脸果然我以前说的没错啊，又当又立，是女权最基本的特征。战争关乎国家的利益到她这里就是男权自私爱发动战争，爱必须要建立在经济物质基础上到她这里就全是女权的功劳了，总之一句话，坏事都是男权做的，好事都是我们做的，只要男人不给我钱花，那就是做坏事	Potentially
确实，现实中根本遇不到，有愤怒也发泄不出去啊。只能在网上刷到这种新闻然后重拳出击。你问问身边的女生，有几个能接受黑人男友的😅	Potentially
赶紧分啊，留着干嘛？人家都想让你喜当爹了，还用留情？把事情捅给她身边的所有人，让她名誉扫地就行了。生下来孩子还会有人可怜她，觉得你做的不对	Potentially
陕西人又穷又自大	Potentially
我觉得中国人的德行，哪里被黑都不奇怪	Potentially
企业是不要四川的，你搞错了	Potentially
就这呀？？就这呀？？？见着当初东北三个省是怎么被骂的嘛😊加入我们鸭河南好兄弟哈哈哈哈	Potentially
广西没那么重要，不会成为攻击重点，哪天真是反而说明你有价值了。	Potentially
看了几天帖子，反同人士除了通篇常见的几句‘txl不正常’类似的话，具体措施，如何实施，实施所需占用的社会资源，实施成效等，都没看见你们有什么想法呢。饭桶就只是口头上的吗，让我很失望。	Potentially
至少人家生了娃还晓得带一带娃🤔 老黑直接就跑路了	Potentially
黑人没有任何可取之处，包括所谓的运动天赋，鸡肋一样	Potentially
南方人是互黑，东北人是共黑	Potentially
真想砍死全部猩猩	Potentially
中国应该立法，公民使用铁膝的权利	Potentially
同等出身，同等起步，平等对待，在这种条件下，恐怕是男人认真起来没女人的事吧？！	Potentially
能发这评论的，应该也只有尼葛吧	Potentially
好好好，早就想说了，外来物种凭什么进来就当大爷，又有钱又有人😄	Potentially
那你可说的不全面。电信诈骗祖庭是台湾，骗子口音80%台湾腔，95%南方口音。	Potentially
那个女的已经破大防了，嘴倒是硬的很	Potentially
韩国是正面刚 给母狗刚到废	Potentially
对于美国人而已，嫁给我我们的美国女人也算是叛徒	Potentially
昆仑奴你好新来的	Potentially
觉醒群，抵制矫正供养者倾向聚拢觉醒男性，散兵游勇	Potentially
黑龙江，男的不帅还太热衷艺考。	Potentially
到时候满街乱窜的黑小子，混血二代会成为公害。	Potentially
作者来看看吧，你们有人能拿南京大屠杀喷人呢，谁把谁看成外族呢😓	Potentially
无论男女，找巧克力豆当对象的，男的绝交，女的有多远离多远，别跟我说什么平等，劳资就是种族歧视怎么了？	Potentially
说错了吗？我可是在上海呆过的啊，哪句话说错了啊，讲上海话吃本帮菜的上海人不是超过一半就这个德行吗？	Potentially
😅陕西人心里河南是全国人民都黑的对象，实际上不是的，陕西人往外走的很少尤其像广东福建这些东南方向，实际上被工厂老板排斥的更多是贵州四川那边的，而不是河南	Potentially
欧美学术界，媒体早就被白左渗透丑了。而且这还是媒体发表的研究报告什么成分不必多说了吧	Potentially
你既然都知道答案了，还来问题主？嫁给美国男人的中国女人，帮着美国人杀中国人，在中国人眼里，她们是汉奸。嫁给中国男人的美国女人，帮着中国人杀美国人，在美国人眼里，她们是什么奸，美奸😓？	Potentially
用地域来评价一个地方的人是不对的，但是实话实说，我接触过的东北人基本都不能深交，小心眼多，相处起来比较累，走南闯北，总的来说山东人不错，实在。	Potentially
领教过东北人的坏，我只能呵呵。	Potentially
昨晚上在南山壹华里就看见一个女大学生和一个默在一起，真太不知廉耻了！	Potentially
原因很简单，请问女的是被黑人强奸的逼的吗？大部分并不是吧，似乎是她们自己的意愿吧	Potentially
这个♂的是嘿杂吗	Potentially
最好别找，媚黑的女人已经烂到根了	Potentially
黑化的法国也完蛋了	Potentially
中国14亿人呢，啥样的奇葩没有啊。其实天天鼓吹多元文化，跨种族婚姻的那帮人，他们自己不嫁给非洲黑人。把这些脑子单纯的女人骗得一愣一愣的。	Potentially
为什么要纠正她们？你们希望她们过一个幸福的生活吗？	Potentially
混血后代会受歧视的。	Potentially
万一结婚了，想想身边的人被默默默默三通过，弄不好还有艾滋，整个人都不好了！	Potentially
有过黑人男朋友的女的，但凡我知道了，我话都不会和她再多说一句，直接拉黑。见面也不会看她，她不配入我眼	Potentially
直佬日常出新花样罢了	Potentially
给黑人生孩子的国女基本上在社会上大概率会社死🤣🤣	Potentially
这女的眼光不好啊，如果看不到未来干嘛招惹人家啊，人家男的以为找到个可以同甘苦的人奔着结婚去的，结果还说这些刺激人家干嘛	Potentially
怎么不是说男生180以下就是残疾那时候了，我稍微调侃了一下主页被冲了，然而我脸皮贼厚。	Potentially
不是的，中国女人也不喜欢找黑人的女生，我一女的单纯觉得我华夏血液被污染，黑二代多了会扰乱我们的社会，毕竟我们和其他皿煮国家不一样，我们靠的是5000年凝聚力。我身边如果真的有女生找黑男友，我绝对会绝交的！中国男的那么多啊，她就找不到一个合心意的？	Potentially
同狗日常迫害正常人	Potentially
基洞恶心不接受反驳	Potentially
这个鸡佬，喜欢精神胜利，是一个辣鸡，真是笑死人	Potentially
NBA的脑残粉男的和EG一样，low到骨子里	Potentially
对女性共情就是滥情就是对男性的pua	Potentially
看到李纯微博越来越多的理中客姐妹支援，大姐感到很欣慰。	Potentially
论起被地域黑，东北拍马都追不上。不过是掌握话语权把自己粉饰成受害者而已全国一二线城市中你最不喜欢哪个城市？	Potentially
毕竟指导思想都是犹太人，像想亡我国家灭我种族，很正常！	Potentially
中国男人超强的繁殖欲，也许我们的基因就决定了我们不团结，所以才需要高喊团结的口号，而国外大多数人泽不需要这些毒鸡汤就能看破实物的本质	Potentially
那要知道这些女人男人塑造的，不过是男人怕其他男人变成舔狗罢了	Potentially
往全体上骂不是所有女拳的特权吗，那件事没有骂全体的见怪不怪	Potentially
马上十月一了，黑人和黑小子不要消费爱国主义，这里不是你的祖国，请回非洲	Potentially
女拳师呢？是不是经费没覆盖？😆	Potentially
关键是她不知道小日本这句话怎么来的吗	Potentially
河南跟安徽都是穷省，外出打工的人多，所以就成了被黑的对象😅	Potentially
看好了这一家人现在开的秀混血儿，将来入学工作婚姻上这些长相差异巨大的融入不了中国社会时看看他们有多着急。	Potentially
黑种人的智商，黄种人的体格，混的太成功啦	Potentially
你应该学习一下生物学和遗传学，然后研究一下黑人的劣质基因，并进一步找到黑人低智商和野蛮的根本原因。	Potentially
我江西同事私下都说绝不找本地的，除非没得选	Potentially
女足是很棒但和她们可没关系	Potentially
驻马店骗城全国有名	Potentially
A：你看这个上海人这么傲慢，果然上海人就是这样。B：确实，我们中国人的素质还有待提高。A：他凭什么代表中国人，我可不这样。B：对啊，那他凭什么代表上海人呢？	Potentially
同性恋不能动武，要教化	Potentially
**cr，一个二次元网站引流一堆慕刃把环境都搞臭了，以后大会员一天也不充了	Potentially
当时我这句话是在比较生气的情况写出来的?如果你是真爱就当我没说。如果真的到了谈婚论嫁的年纪，最好还是不要留在中国。	Potentially
你有没有想过为什么微博女权要在微博上发反婚反育的文章?你真以为她是为你们女性追求利益?其实都是工作,她自己结婚了忽悠人不要结婚可以赚钱	Potentially
这里有个接了黑盘的郭楠，虽然上交了工资但婚后还是要带绿帽😄，这也太吓人了。	Potentially
我提一个：見到称呼老婆为“领导”“LD”（後者更賎，字都要遮遮掩掩）的，一律骂死。男人是一家之主，户主名称，何时让给女人领导？	Potentially
你们公司就不该录用这种女人，会带坏公司的风气。	Potentially
不一定只有男同恶心。有的阴阳人也挺恶心的😄	Potentially
杂交能避免让隐性劣质基因显性，反之。也能让优质基因隐藏。纯种相反。也就是说当你的血统够优秀。尽量要保持血统纯正是最优选择。如果你基因全是毛病。还是杂交吧。😅	Potentially
你去看看黑成都的	Potentially
你可以与黑人结婚，但孩子别生在咱国，我可不想看见后一代是黄黑人种	Potentially
EG都不是找那种老g吗。优秀的别人看不上	Potentially
原本就是基佬的自嘲，还是用淋语说的，结果不知道谁拿去用出基圈了吗？	Potentially
哈哈是啊我还记得在香港重庆大厦那些各种好闻的香料和难闻的体味混杂让人恍惚到了伊斯坦布尔的经历，，，不得不承认上帝造人太公平，让印巴人种有深潭一样美丽的眼睛和脸部轮廓但就是不能让人近身，，，，，	Potentially
哪来的通讯录怪物	Potentially
因为她们都是一群没人要三无妇女。无钱，无色，无品	Potentially
没办法，关于非洲的都要慎重考虑。尤其是黑人(不管哪国国籍)	Potentially
不结婚就完事了，真想不懂都22年了解放那么久了。还有人非的要遵守什么祖宗留下来的传宗接代	Potentially
我没看到他原来的回答，不过我觉得不带有歧视正常的婚恋是没毛病的，那种含有种族歧视的崇洋媚外的却是让人唾弃。	Potentially
说的对啊，要担心的是我们。本来女人过的就是比我们男人要轻松。	Potentially
宁愿娶二婚也绝对不要跟黑人在一起过的。	Potentially
黑人农奴都卖去美洲，法国本来农民就够	Potentially
真的有些腐癌还有喜欢基，雷百合的，还是好看的基，这也太双标了	Potentially
人类早晚要全体黑色，早入有优势	Potentially
不知道看到多少说让上海人多死点大快人心的评论，到你这就是稍作讨论😜	Potentially
黑东北的都是参加工作后被坑过的。东北人在单位绝大多数都是只耍嘴皮不动手。（毕竟唠嗑是人家的种族天赋）不光耍嘴皮，还拉帮结派，搞小集团，瞒上欺下（虽然欺下瞒上更顺口，但显然不符合东北人的特点。东北人是绝不敢欺上的。）	Potentially
粿籹凌迟就完事	Potentially
男人变态有什么错	Potentially
河南竞争激烈不是自己当年不遵守计生政策造成的吗😄现在多出来的人到处跑搞得其他地方土著生活成本都提高。还有，被黑确实是很多老乡的素质低	Potentially
作为新时代独立女性为了争取权利，那为什么不告诉现男友?怕国人不要你?别怕啊嫁去巴基斯坦啊	Potentially
别提了，我说我觉得江北还有南京挺不错的已经被开除苏南籍了，甚至还有的人说我是反串的😓其实我身边老一辈确实有点歧视但年轻一代基本没有歧视了，我不知道在网上为什么这么多内斗的人😅	Potentially
但上海男人是真的小气	Potentially
有些国男多学着点吧😄	Potentially
拿去微博，一堆拳师教你做人	Potentially
现在我彻底懂了为啥白人要对它们隔离因为不管咋个给它们提供再好教育它们也无法同白人与海外花人一同治理好过家这是为啥这是它们天生大脑与基因所决定的	Potentially
没爹的黑孩到处扔	Potentially
意思就是说，不平等，以及双标。同性恋回怼来自一些来自异性恋的攻击性言论，结果在你这成了同性恋过激了。但异性恋如果回怼一些来自同性恋的攻击性言论，评论就基本全是认为异性恋这么做没错，“干的漂亮”“同性恋活该”之类的，最后，结果又是同性恋过激了。看到了吗？这就是驰名双标，无论怎样结果都是同性恋的错，果然这个完全来自主观的屎盆子扣起来可是一点不费劲。	Potentially
一个人又不会跟你说ta跟黑人搞过，这是最可怕的	Potentially
别尬黑，这是拳师日常化的高级妆	Potentially
找黑哥哥黑妹妹的一律留在别国，不然污染了中国土地	Potentially
河南，东北，山东，地域黑重灾区……	Potentially
国铝是这样的	Potentially
为什么现在感觉男权全都是要求男女平等，而女权要求的是特权呢。所谓女权天天拿生孩子做家务来为幌子打压中国男性，现在中国已经变成了女人吃你的拿你的还天天微博贴吧说这不好那不好，所以男人付出就是应该的，求一点点回报就是错的	Potentially
我从来不会同情国女生的黑人孩子。包括他们的母亲。一样不会同情。	Potentially
因为洛阳跟西安的利益冲突（旅游方面），陕西那边有组织的对河南地域黑，河南对陕西也有同样的对骂，这都是人尽皆知的事了，还给陕西扣帽子？	Potentially
老默是啥啊⁉	Potentially
这个。。。原谅我不厚道的笑了。我也想黑一下各地的女孩子	Potentially
黄种人普遍都不喜欢黑种人	Potentially
人家发个表白墙碍着打拳什么事了？现在大学里男生果然变态很多呀，还偷拍别人，建议报警	Potentially
中国eg这么多🥺🥺还不允许中国男生分头突围了🤭🤭	Potentially
我们国家很好啊，就是有些eg，低劣生物那是变异，和国家有什么关系？国家让你便宜了？	Potentially
实际上排名前20%的女人真卷起来连后20%的男人都卷不过	Potentially
我讨厌双标魅黑人，觉得男人娶黑人就光宗耀祖的那种	Potentially
白人政权统治时期，南非人均GDP很高，是准发达国家的水平，但是在黑人统治过后就迅速滑落。但事实却是，在以前，南非黑人不算人，黑人参与社会劳动，但是只有白人才参与人均GDP,当然就会出现人均水平较高的情况。	Potentially
反击他妈。她就是想赚男人的钱。你还真信	Potentially
奏你是天津的啊？还我们滦河水！😠	Potentially
禁止黑人和中国女子通婚，黑人的后代不能加入中国籍	Potentially
楼中楼的基佬你就继续装可怜洗地吧	Potentially
卡菲勒是同性恋🤭	Potentially
而且你说的“细胞都在反感同性恋”用稍微科学一点的话来说是“在无意识情况下就看似无理由的反感同性恋”	Potentially
？？？不要以偏概全啊 大部分国女都很正常 外网就爱带节奏	Potentially
幕刃这智商也是服了，自己妈妈说大实话不听，听网上的人吹牛逼	Potentially
澳门有性感荷官 就不黑了	Potentially
呃，事实如此，男生对男同首先是有生理反感，其次才是歧视。男生对女同没有生理反感，所以才会更喜欢女同。	Potentially
谁叫你们成都买榜搞什么魅力城市排行，一年吹一次自己	Potentially
感谢女拳组织的出现，解放了男性，男性开始逐渐躺平，不结婚，咱们看看不结婚到底谁着急，谁过得更好	Potentially
看吧女人哪有小心思三四十万就可以咯?	Potentially
没女权那么小肚鸡肠	Potentially
黑人请离开	Potentially
主要是，是黑人先种族歧视我们的！他们明明自己也是被歧视的对象，好意思来歧视黄种人	Potentially
就是 我这边 以前有个男同专门杀同性恋的 说是被他们那个群体逼成这样的	Potentially
你老公要是知道，估计要恶心你一辈子?	Potentially
强奸罪只针对男人定罪，这是公然歧视男人。应该改为一方不同意，另一方就是强奸。如果发生关系时，男人不同意，那么女方就是强奸罪。	Potentially
黑南方的都是北佬。你们北方就一个北京，我们南方有上海，广州，香港，深圳，台北六个一线城市	Potentially
锅钕又装男的自我高潮了😅	Potentially
为什么复旦的三个高端人才，只因嫖娼就被开除，我想问问，猥亵女学生致其死亡的那个黑人怎么处理了？学校还当爹一样供着?	Potentially
就算是编的，我也相信，臭母狗	Potentially
新疆人坑人的太多，几年前买切糕的时候说好了50切点尝尝，结果切完直接变五百，我扭头要走他们把刀都掏出来了😅。	Potentially
归根究底，广大普通女性若是靠近普信男，会不幸。这是最正确的结论。	Potentially
人家那是和全世界联系起来的，眼界比我们开阔多了，有这种优势哪个女的不想嫁给他们？	Potentially
连动物，他也干过，就是不愿意干黑人	Potentially
你是只字不提东北人多会骂人多会地域黑	Potentially
哪有温柔善良的？温柔了就不会善良，成天琢磨怎么算计公婆算计家人，占到便宜才会温柔。行为善良或勤劳的女子被女拳挑拨的心理失衡，就不可能温柔，温顺。即使有温顺善良兼备的，往往又好吃懒做。	Potentially
姆🐶老是先开团，真的可怜，没事就骂男性。	Potentially
大家在黑人吧宣传黑人有害的同时，应该在别的贴吧，或者任何平台，或者任何能宣传的地方也宣传反黑人，宣传黑人的危害，这样咱们反黑队伍就越来越大了，反黑的人也越来越多了。我就是看到大家宣传黑人的危害的信息加入反黑队伍的，大家一起努力宣传反黑人的信息	Potentially
你说的也对，默确实是这样，有一个不嫖是弄完不给钱，就不算。你得出这个结论应该是这个行业的吧🤔	Potentially
女人可以光膀子吗，当然可以，女人不能光膀子是传统的刻板印象	Potentially
上来就搁这查成分，女拳怎么搞的跟什么一样	Potentially
黑人事太多了	Potentially
才中国大城市都有日本街，文化入侵相当严重	Potentially
春日祭母勾还拉黑啦	Potentially
反同就是因为要保护中国公民的人格尊严才要反同，同恋太丢中国的脸了！公民在行使自由和权利的时候不得损害国家的社会的集体的利益和其他公民的合法自由和权利。同恋就是在损害国家，所有公民也染艾不结婚生子对国家没有损害？还有注意的是要合法因为同恋的爱情不被认可所以不能同婚。	Potentially
确实当初13年还是14年的时候徐州的商场里禁止新疆人入内，可能是和那时候的爆款有关系。特殊时局特殊对待了	Potentially
四川的黑点不是gay多嘛🤣	Potentially
赞同 但是你可能没吃社会 所以信息都来自网上搜索 但现实是步入社会就会感受更多🤣老一辈确实“夹生” 年轻人基本都还好 不能说排外 是心理上的优越感 就比如跟一个小区邻居遇到了 阿姨拉住你聊天 问这问那 最后讲了一堆自己怎么有钱 怎么过得好 感官就不太好🤣感觉被秀了一波 不知道是有意无意 所以后面再有阿姨拉着聊天随便应付两句走人🤣上学的时候来上海玩 第一次坐地铁问路得到个白眼🙄️🤣给我白眼的那个大概30多女的 🤣刚开始来上海工作 大部分人都很友好 个别同事比较奇葩 喜欢欺负外地人 30岁左右女的 没多久就自己辞职了🤣	Potentially
是的 ，不知道那些人在想什么 ，有什么好看的 ，一般看到白皮黑皮都屏蔽	Potentially
没啥可说的，典就完事了，呜呜呜，原来我们男性出轨不是个例，我给男性丢人了呜呜呜	Potentially
有同妻婚骗啥的，而且男同对女性有仇视倾向，男风盛行会导致女性地位下降	Potentially
社达不好，但在某些范围有效。	Potentially
做这么多伤天害理的事难怪会成长为基佬！	Potentially
成都人到处开地图炮的时候，有没有考虑过原因？	Potentially
国男就是爹味太足，死抱血统不放，我一个极右都不知道他们哪来的这种思想。外娶有多难？天天在国内挑挑拣拣想找一个好姑娘出来🤭	Potentially
我只是陈述事实，我重来不地域黑任何地方的人，毕竟我遇到的河南人都很不错，但是为什么河南人被黑，我想肯定是有原因的，多说无益，88	Potentially
这不给小酰钕尝尝被铁拳砸的滋味？	Potentially
大多黑人都是入赘的	Potentially
49胜率这mg也太低能了吧?	Potentially
因为大家有家庭有事业，上学工作，没时间整天拿个手机在网上看它们打残虹拳，它们要么是50w，要么是游手好闲淫虫上脑那类，它们有那跟我们敲键盘的时间还不如去查一下艾淋梅尖	Potentially
我真的接受不了一些喜欢同性恋的说同性恋才是真爱，异性恋不是真爱，只为了繁殖，就第一次看见这句话的时候，我的第一感觉就是耻视异性恋，还有就是让我对同性恋的好感降低了一大截。	Potentially
一口一个硬盘的爱丁堡人	Potentially
幕刃嘛，是这样的	Potentially
心疼一下你，要被地域黑喷三回，第一次是你的户籍，第二次是你的祖籍，第三次他们就会骂你的的民族和宗教了	Potentially
希望反同恋吧越来越好	Potentially
郭楠也配碰瓷你默大爷啊😓	Potentially
乐队？黑人擅长音乐	Potentially
那么基佬能接受和女人make love吗？	Potentially
反正现在女的很娇贵大家都知道就算有人揭破也会被女的集群群殴很危险的！！！	Potentially
敢批评我们？建议中国女权开除世界女权组织的女籍🤣	Potentially
这都是畒的托词罢了，现实中不需要父母帮忙看护孩子的家庭极少，加上很多畒借着冠姓权做文章全权交给男方父母的大有人在，至于伺候男方更是无稽之谈，80以后的女人让她包揽全部家务伺候男人起居住行？怀孕为借口殊不知现在丁克家庭也不少，抛去这一项畒还有什么？	Potentially
我四川人，在江浙也有歧视	Potentially
工作过的人应该清楚，女的比男的享受很多优待。	Potentially
现在的高中生都知道那些跟黑人的女人不能找好不好	Potentially
黑河南、黑北方的都是南满	Potentially
这幕刃说的点都错了，彩礼不是家庭经济行为，是古代的礼法。而且劳动力就是商品，涨工资是为我的劳动力需要相应的报酬，是我光明正大赚来的钱，怎么是物化？彩礼女人只卖卖o就OK了	Potentially
还以为微博才是地域黑子们的天下，看了底下的个别评论，没想到知乎里竟然也有以讹传讹的地域黑子╮（╯＿╰）╭	Potentially
《啥好处没捞到》男人要感谢这种女人，看看当供养者是什么下场，出钱出力还被嫌弃	Potentially
其实最严重的是河南[🤔在大陆，一般说人品很差的人都是河南人了。而河南人听到这三个字也非常敏感，经常怀疑别人在地域黑??	Potentially
反对！女权比默更可恨！	Potentially
搞不懂中国人为啥要吹黑人性能力，其实他们根本没去了解过，等到女人真信了谣言去找黑人了又哭天抢地	Potentially
找20出头的小姑娘不香吗？	Potentially
那你们为什么觉得大学生不能南下？🤔说白了就是你们觉得南下的大学生抢了你们饭碗😆所以才带着怨气黑	Potentially
😅自从巩汉林在春晚上开地图炮，就打开了潘多拉魔盒。开第一炮是他，结果受害最严重是他自己老家。	Potentially
但像中国女拳这种以给外国人做性奴为荣的女性，确实让人无法理解，匪夷所思，地球上找不出第二个类似民族的女性	Potentially
你们基不吃药的真面目更妖	Potentially
旁边四川大哥替我解了围，南北疆我走了一遍，一路都有各种人当我面直说河南人不好，但这个哈萨克大姐是第一个这样说的少数民族，让我印象深刻，她其实连汉语都不会几句呢……	Potentially
你这算什么 我们东北被黑的都快被踢出中国了😅	Potentially
这个故事告诉我们，没有被全国黑过的地方，不是太穷，就是太怂。实力和名气全没有，居然能防喷！也是强😅	Potentially
我在b站的很多男拳内容都被删了但是那些女拳没有被删	Potentially
祖国认为自己厉害，硬要接收黑人	Potentially
手游死亡扳机2里的非洲，杀黑鬼丧尸那叫一个爽	Potentially
其实你很不平自己为啥不是黑帽门女主角	Potentially
没看完，不过看到北方人黑河南就不想看了。我土生土长的辽宁人，在辽宁读的大学，直到毕业才去到南方，也是从在南方开始，才发现南方各个地方都对河南抱有歧视，让我很吃惊，也是长这么大第一次见到中国这片土地上竟然还有地域歧视，本以为大家同是华夏人，应该是中央宣传那样56个民族是一家，内心受到了一万点伤害。后来的后来，发现我们东北人也开始被歧视，一度让我很气愤却又无计可施，身边甚至有当我面歧视我家乡的人，也有歧视河南的人，我不会反驳，但是我会说，我最讨厌的就是地域歧视，歧视别人的同时你是否能承受住别人歧视你！在东北，在辽宁，我从没想过我还会有这些想法，因为没有见过歧视河南的情况。	Potentially
嗨嗨嗨😆黑北京的哪有黑上海的多😎	Potentially
有些女的分不清是非黑白	Potentially
青海存在感比较低，不会被歧视	Potentially
不会是个gay吧😆	Potentially
就是尼玛的瞎好，一群gay不挑人	Potentially
很久没来了！看到曝光台有人又拿可笑的种族歧视当理由举报黑人问题类贴吧，决定再来发一帖，也留个备份贴给那些人看，内容可能有些冲，	Potentially
黑人还不够格，脑癌才是	Potentially
他们眼里东北985都不如民办	Potentially
蛮是少数民族	Potentially
找老婆不能找强势的	Potentially
后面改成默也算人😅	Potentially
被男同喜欢并不值得高兴，反而值得反思	Potentially
对啊江苏不只是看不起河南，看网上江苏人似乎都不是中国的地方了，他们就是高人一等，和其他省份的人根本不是一个阶层🤣	Potentially
事实上，现在少了很多，但依然有。比如某电子厂招人，招聘广告里第一行最大五个字，不招河南人。😅	Potentially
而且生孩子跟这能一样么，不是两种感觉？怎么不让女的试试电击，看看生孩子和电击是一样的不	Potentially
你怎么不接吧主电话了？你怕你工作单位知道你是同性恋就开除你了？	Potentially
标子跟黑蛆一样，只会胶配繁殖	Potentially
今晚别睡太死，姆坦马上到你家门口	Potentially
黑西安的只有洛阳人，但是黑河南的是河南四周好几个省	Potentially
看，各省都能调侃自家被黑的情况。吴语区就不配说自个这地被黑。吴语区人民瑟瑟发抖。	Potentially
是的，生下来的孩子可千万别入中国国籍哦~~	Potentially
南满总是旁敲侧击着、变着法的黑河南、黑北方	Potentially
我是河南人，去新疆玩跟当地哈萨克人一起吃饭，听说我是河南人，哈萨克大姐直接对我来了句“河南人，大骗子！”，当时我就懵逼了，不知道该怎么回应。	Potentially
我觉得你写的太好了，我之前，看那些耽美的书评，里面底下都会有很多很多的人骂同性恋的我就觉得这个圈子里面的人太可怕了	Potentially
她们还可以在职场在学校说性别歧视，要求男性让渡	Potentially
其实南方人才是奴性太深，被南下的北方汉人奴役了两千多年，被奴隶主洗脑，动不动就殉节殉国，得了斯德哥尔摩综合症。正常人最在乎的是自己的生命，而不是什么忠烈名节，长期被奴役的人才恨不得为主子去死还优越感爆棚。	Potentially
是有很多中国女拳友，还是脑子不好使那种	Potentially
知乎三臭唐山 河南 上海人😄	Potentially
教育开始就在教育男生让女生，还要保护，神他妈绝了。最讨厌就是女生自己说你们男生要让着女生	Potentially
上海人，或者说咱们长三角人被外来务工人员黑的严重，比首都人民不知道严重到哪里去了😅	Potentially
这他妈还用说，看看南非现在这个鬼样，就算以前不是发达国家，肯定也不如以前的经济和治安水平	Potentially
绝大多数郭女离开化妆美颜啥样自己心里没数整容之后能不能看都不好说	Potentially
批判啥啊。跟黑人搞一起，你看不惯就不搭理他们就好了。有时间看看 袁鹏的帖子。中国男人应该学习下日本人，要彩礼没有钱，要房子买不起，你们爱嫁不嫁。	Potentially
现在关于上海逻辑是这样的：上海是个好地方（所以上海是全国的上海）上海男人上海女人却是贬义词，配不上属于全国的上海！换句话说：310的不配做上海人？哈哈哈，搞笑吧？	Potentially
啥都不会的洋女也不过跟多数国女持平罢了，从比例来说这是正常情况	Potentially
我不喜欢黑人，第一点是，是审美上的问题。第二点是，他们刻在骨子里的懒惰，与不安分。第三点是，他们没有国家认同感，对他们再好，他们也觉得自己是落叶，只知道索取第四点是，他们没有民族荣誉感，他们不会为了民族而斗争。可以慢慢同化，但是要多少时间与代价？？	Potentially
这也说明反同界多年的行动并不成功……	Potentially
消费主义可是女权源头啊，自己冲自己的源头吗？	Potentially
现在不是桑嗨仁歧视外地人的时候了🤣	Potentially
河北偷井盖是事实 不叫黑昂	Potentially
咋说呢，你应该去豆瓣微博小红书还有几乎所有的女权聚集地去说说，你会发现，女权认为自己等同于女性	Potentially
真是利都让女的占了，真是都是沙碧吧	Potentially
我185，但这幕刃是鲨bee	Potentially
你会发现在中国的混血娃的爸爸基本都是中国人，嫁给外国人的女的都去国外生活了，这就尴尬了😅	Potentially
其他省份可能会随着时间出现不同的点来黑，河南省只用一个井盖被黑了那么多年🤣	Potentially
对出轨新闻的评论，若男方出轨，女的一般团结一致对女方表示同情，安慰。若女方出轨就不同了，受害的男方往往成了男网友们嘲笑玩梗的对象（参考王宝强）	Potentially
脑子有问题，尼日利亚人骗子太多，能出国的基本是有文化，特能编	Potentially
飞周啊。你那么喜欢臭味啊？	Potentially
我支持你去非洲，去美国。就是别再中国，中国配不上你，仙女的气质。让我们在这个国度里静静的羡慕你。快走吧。别回头别后悔。后悔也别逼逼。中国还是纯黄种人为好	Potentially
没想到时隔一年我的评论区还能有破防的击佬	Potentially
我以為女拳師討厭腐女，原來這兩種屬性是能兼容的	Potentially
东北最大的不幸就是被满清文化绑定了😠	Potentially
还有不少说，没有永远18的女人，却永远有18的女人，我们男人随时可以离婚找年轻的女人，因为男人越老越值钱，女人越老越贬值	Potentially
就是，要是它们不呆在中国想嫁就嫁喽	Potentially
异性恋还要宣传吗某些txl还是不要自欺欺人了	Potentially
感谢南方经济制裁，现在在争取互相取暖	Potentially
我对中国女性确实有看法，在外面待久了，你就知道外国人是怎么看中国女性的了。	Potentially
万一它们是体重两百的坦克呢？当然不输普通男性。一般100斤左右的力气是比不过一般男性的。	Potentially
还喜欢标新立异说某某省喜欢地域黑，指路贴吧 中华城市吧 辽宁盼盼吧可以去看看	Potentially
这个叫双亲祭的用户的幕就是个薇安妇吧	Potentially
黑人能发明啥	Potentially
如果支持娘炮的话，就不会把“娘炮”这个词挂在嘴边，现实中真的有男的想做女的，女的想做男的	Potentially
大部分都是开玩笑的，都是在玩男同的梗，但谁能想到一个帖子下面能炸出来多少真的呢？甚至有些信以为真了，导致越来越没收敛	Potentially
天王老子来了👴🏻也歧视黑人，来喷我吧	Potentially
汪汪队的女人我都能接受（不开玩笑），但是黑人……接受不了🙂	Potentially
ezgirl和跪族篮孩确实要批判	Potentially
建议国男们别在仙女朋友圈里出现	Potentially
媚外的国女实在是太多了	Potentially
南方吹特别蠢😓话说南方其实也不是铁板一块，南方内部的文化分歧比北方大多了	Potentially
因为杨笠说男人是垃圾，然后教育男性不要对号入座。那么我也希望你们女性不要对号入座。如果你觉得骂的不是你，就不是在骂你；如果你感受到恶意，那么就是在说你虽然这种逻辑没道理，但是好像成了共识，那么我们就欣然接受吧	Potentially
对对对，都是小仙女，小仙女没有错，都是中国男人的错，中国男人应该灭绝！	Potentially
以前确实是这样，现在觉得只针对南方了，我河南的，玩游戏有个区，东北河南都有，早期东北人骂河南人能把河南人骂自闭，现在风水轮流转，就不咋骂河南了	Potentially
可是为什么图上都是男的？难道是因为母人智商低下说话毫无公信力吗	Potentially
我国那么多老艺术家离世的时候尼孝子们也没这么悲伤过	Potentially
彩礼吧老早被女拳傻卵们占领了。	Potentially
有钱人也怕遇到烂裤裆。我婶婶给我介绍留学生我就知道这个恶毒的老妇女没安好心	Potentially
猩猩都比黑🐶好看	Potentially
媚黑的女生我是真理解不了😅😅😅	Potentially
黑龙江的人均城镇收入已经全国倒数第二了，还做美梦呢？	Potentially
河南人 本来人就不算坏 只是出去打工的农村人口多 一部分公共素养不高 与其他人行成摩擦而已 以前我几个同事经常和我抱怨 合租室友不爱干净 回来声音大 厕所搞得很脏等等都是河南地区的 我反问他们是不是那些人都三十往上 他们一想还真是的 主要是上一辈中老年一些生活习惯不好而已 现在年轻人都一样的 就算公共素养不高 也不能说明人是坏人 城乡差异而已 无论哪里肯定是好人多的	Potentially
辐射避难所，黑的都赶出去流放~~~	Potentially
喷吧也是女权它们也只会喷了	Potentially
一白遮百丑！美听说过美黑的。美白，美白！美听说黑人选美的。与黑人结合就值得批判！	Potentially
江浙沪不黑其他省份就不错了，2002年黑山东多宝鱼药物残留超标的是哪里？给山东造成了40多亿的损失。2015年的山东青岛大虾事件，是哪里的食客吃霸王餐倒打一耙？2019年的山大学伴事件是哪里媒体带头炒作出来的？2020年上海的自媒体同时炒作山东理工大学学生虐猫和山东烟台鲍毓明xx养女。经常黑山东的财经专家叶檀是哪里的？骂一亿山东人不如z的大学生是宇宙省的。骂全国的许女是哪里的？	Potentially
所以我并不认为第三帝国有错😏	Potentially
上海就是傲呀，客观存在的难道你自己排外还不让别人说？	Potentially
引进劣质是正能量？	Potentially
不用我们歧视你是同性恋，你父母都歧视你是同性恋	Potentially
这个确实更靠谱，我在2021年恭喜说的是对的，现在女权已经疯了，都开始从基因找优越感了	Potentially
基佬看见💩洞就兴奋基佬不是在找屎眼就是在治病的路上	Potentially
请在女人面前加上一个限定词，你这样搞的我们99.9%不喜欢黑人的女人很不舒服😄	Potentially
她绝逼看过中国男人配不上中国女人那篇文章	Potentially
😆😆你找个外国语去给黑人接盘了我们再谈	Potentially
黑人外教只是会讲英语，不会教，而且不一定是英语母语，不标准	Potentially
抓虫大战，人人有责	Potentially
LZ功不可没，民族英雄。我自己也写了一些反嘿文章，但除了百度贴吧的，其他的都被删除了。我的知乎账号也被停用。我只能说，我也尽了自己的一份力。	Potentially
拳塔一体才是最大难题	Potentially
什么都要男的干女的活着干什么	Potentially
我也是直男，我们要保护他们。通过百科了解到，导致同性恋最主要的因素与童年家庭环境和个人遭遇有关，次要的才是基因，这种心理上的变化我们应该多一些理解。但是我反对全民提倡和支持同性恋，以后要是把异性恋掰弯了我们人类就灭亡了。	Potentially
因为很少人会在职场中出柜吧😢如果基佬都没工作没社会贡献咋活呢	Potentially
第二个母吠删我评	Potentially
找个和苟来过的女生和黑人来过的女生你们要哪个	Potentially
九几年的故事会就有一个故事——黑人富商，女大学生，怀孕，黑人离开，接盘侠很开心😆	Potentially
北京天津那么多南方要饭的看不见啊	Potentially
舔狗电都电不醒，醒来继续舔啊	Potentially
说的很对。但是吃屎的也不能要吃尿的强行认同吧！	Potentially
希望你能好好学习，改变您怪异的性取向。把精力用在学习科学知识上。以后步入社会做一个对社会有用的人。而不是总想着YP找LG。自甘堕落变成一只大叔控zero	Potentially
她是让男人都当舔狗，是这意思吧。	Potentially
我突然从我的记忆里发现了一件很搞笑的事。凡事电影里充满男性荷尔蒙的男性都会把女性折服。其中也有对女性暴力的男的。而那些暖男或是说对女性一味好着的男的百分之九十九会被认为是舔狗。有时候想想人性真的贱，有一天男性真的变成女性的奴隶了，估计也没女性会真正喜欢男性，就是这么矛盾	Potentially
哪种灵长类动物没有爹	Potentially
劲夫们打她	Potentially
所以当前突出问题也包括女汉奸的问题，这点这个🐶的贴已经说明了	Potentially
拒绝雄竞，拒绝承担责任，拒绝社会规训，精致利己，高消费，法律是道德的底线。没好处不结婚，能花女人的钱就花女人的钱，拒绝同情与帮助女性。讥讽谩骂雄竞男，对于同阵营的则“boys help boys”。	Potentially
我早就说过同性恋必须绞杀！我列举一下已知的同性恋的危害：首先就是全球变暖，然后就是缩短日地距离，拉高紫外线强度，皮肤癌泛滥。其次就是对青少年有极端错误引导，而且同性恋违反大自然，引发海啸地震	Potentially
等等，我先声明一下:我提倡人人平等，反对种族歧视。但是我拒绝凯乐奇计划，以及将某些人捧上神坛	Potentially
估计要双目失明才能接这种女生的盘	Potentially
人类中智商极端高的通常是红丸觉醒者，他们深刻认识到了母人吸血的本能和生命的雌本位底层代码，所以才把母人当成繁殖和泄欲的工具，或者干脆就是男同。	Potentially
建议不要多说，被学校的女拳知道，就不太好过，等快毕业淦	Potentially
人家安徽的，江苏人出省也就去上海，别给自己贴金	Potentially
確實，莫言筆下的高密百姓吃的竟然是玉米麵饃饃和朝天鍋這種豬下水，營養級別太低了。還是我們廣西美食人肝最美味🤭	Potentially
来解释一下为什么男同的人数那么少却能够在感染人数中占那么高的比例。	Potentially
支持，女本位社会根本没有人会关注我们男性的苦难，只有男人能共情男人，我们要公平！	Potentially
一直钕全钕全的，老掉牙了钕全造词骂男性倒是一大堆以后统一用这个如何	Potentially
决不能心存半分怜悯，即使它们仅存一只，也会不遗余力地毁坏生态。	Potentially
法国觉得你说的很赞👍，还有中国那些没有爹的小黑也觉得😄	Potentially
你那个性别要不要先改一下😆女拳不都喜欢冒充男的说话吗😆	Potentially
祝所有慕洋的蝈籹都能去号子里面蹲蹲捏	Potentially
真是无语，不看地区经济和女方的？拳师去刚果贫民区要求200万彩礼得了。	Potentially
你可以去看看这个索玛女王对默的评价😆	Potentially
同性恋总是爱跟异性恋比较，认为自己做的错事别人也会做所以把自己做的错事合理化，只会不断错下去乱下去。连染艾染病后也觉得跟异性恋差不多。同性恋不会正视自己跟异性恋生活上的不同之处，只会看异性恋的缺点不会看异性恋的优点	Potentially
辽宁负增长还好意思嘲笑西部。	Potentially
你逻辑有问题，只要男人下面行60岁也能找老婆生女人就不行绝经就生不了所以男人在这方面比较自由	Potentially
然而现在大多数人选择不结婚，剩下的大多数从外国娶，或者入赘外国。选择和本国人结婚的少之又少。	Potentially
我身为南方人，我觉得真的应该想一想。为什么这么多人不喜欢东北？绝对是遇到什么事情让别人觉得难以启齿了，他们才会在网络上黑的。啊，有的东北人就说这个人是不是怂了？当面不敢的，并不是当面不敢，而是说当面好好解决的时候，他那边不配合，不好好解决这种事情，我在东北读书的时候，我也一样遇到过。而且说真的。东北人和南方人的性格相差巨大。生活习惯相差也很大。我承认以前东北在富裕的时候，就是呃用自己的支援那很多省，但是这不这不代表啊，东北的人就可以拿这个作为优越感。你以为就东三省对全国有很大的贡献吗？其他省份没有贡献了吗？全国34个省，自治区，直辖市，难道一位中国一点贡献都没有了吗？不是的你现在想一想为什么啊？喷东南沿海地区的就是很少。比如说福建，广东，浙江，江苏，上海，我发现就是黑那一片地区的人就特别的少，就包括北京也很少，你是不是该想一想？真的是一些人把一个地区的风景给拉低了的，这句话绝对不是闹着玩的。	Potentially
得了吧，你们才是地域黑输出主力军吧，我们安徽人被你们黑成啥样啦🤣	Potentially
答主说的警方处理问题就跟当地人说南京话确实有问题，你可以想想当时的情境。	Potentially
我想问问，普通男生被莫名磕同性cp什么感觉?我一直以为同性恋只是小部分，但现在感觉这个队伍越来越壮大，甚至我说出讨厌同性恋的话的时候我觉得所有的人都在针对我，我无论从心理上还是生理上都很厌恶同性恋，无论男同还是女同，之前我一个女性朋友说她喜欢上了一个女孩，她借着朋友的身份跟在她身边，我觉得这样心思很不单纯，这与男女不一样，总之我很讨厌同	Potentially
猩猩发枫也是这样	Potentially
为什么舔狗如此之多可结婚率却这么低？因为舔狗，不得好死！	Potentially
😆见义勇为：南京小张。😠嫌疑人：黑龙江张某。（在南京居然还敢见义勇为也是很勇了）	Potentially
看看，就黑人这幅德行还有人给洗呢	Potentially
你对善良这个词是不是有误解？看看黑的犯罪率再说吧	Potentially
深柜里的1很多	Potentially
荷兰卫视以及那几个特斯拉车主呢？是别人黑荷兰编出来的故事吗？	Potentially
想要判断广告有没有性别歧视，最好的办法就是性别互换：把出大力的卖牲口广告换成男劳力你愿意吗？	Potentially
之前的反默老哥都转抖音了吗？半年没来一个都没了，吧不成气候，组织在哪里，我要加入组织。	Potentially
笑正常人是猪，散播同性恋美西意识不良风气，校方不会轻判	Potentially
有个地方的人戾气很重，天天埋怨郭嘉欠他什么什么，埋怨别的地方欠他什么什么，看看网上哪个地方恨国党最多就明白了。	Potentially
同感，我等不及看国钕乐子了。😆	Potentially
默就是默，喂不饱的白眼狼	Potentially
其实证明是个男的都有歪心思，跟美丑无关，找个帅哥，不然太吃亏了	Potentially
知乎好多黑人和中国女人在一起的图片能把你看吐	Potentially
老子就是种族主义者	Potentially
基佬恶心人所共知，基蛆所做人神共愤	Potentially
安徽也被黑很惨啊	Potentially
生个小孩还是黑色的，放心吧	Potentially
雄性基因是排外，雌性基因是择优，如果思想上升就不必去骂黑人，但在这个世界大染缸里，清醒的人毕竟是少数，大部分人靠本能去抉择，即使我明白我也一定排黑的，同族群能容我，而异族必不容我	Potentially
受不了了，同性恋真恶心	Potentially
先解决孩子安全问题再说吧，基佬炼铜是人尽皆知的	Potentially
蛤蚧，又替黑非洲来抢劫埃及文明啦。历史上北非文明与黑非洲不是一个体系。	Potentially
咱们就长话短说，图片里的这个吧，大家小心点，是个撑同吧！不是反同吧！请各位注意！注意！注意！	Potentially
其实全球所有国际鬼子虫类及其它们后代虫混精英其实也好不到哪里去它们在全球监狱都有不同案底档案	Potentially
我感觉大多数能跟非洲黑人在一起的女人既看不上普通国男，普通国男也看不上她。男的有意见就没必要了吧😅	Potentially
如果真的引进大猩猩，到时候你可以看到大猩猩比黑人还要受国女宠爱	Potentially
黑男生的孩子再嫁给中国人，不也能稀释干净吗，既然歧视，就一视同仁吧，嫁黑人和娶黑人，都不能接受，别人那是他们的自由	Potentially
江西 就是江西 双标	Potentially
说得对，希望你弟哥都是0，你拔拔是1	Potentially
批判谈不上 ，你喜欢黑的也好白的也好都是您的自由，你要因为逆反心理去让黑哥哥糟蹋那也是你的命！只要不是诋毁中国男性，不是拉低中国女性你爱干嘛干嘛！不过我闺女要给我找个黑女婿，大概率情况下我会帮她改变一下身高！！她妈估计会让想做她女婿的黑哥哥从生理学来说以后再也做不了任何人的女婿！	Potentially
只能说国女被宠坏了	Potentially
还说黑强壮，看看疾病横行，连简单的工作都不会干。	Potentially
笑到肚子痛了！真想问谁教养他做基佬，真丢人	Potentially
为了制止通讯录怪物们日渐增长的肆意行为，现本反同战士发起同僚招募各位有意向的反同战士私发我果体照检验是否体能合格！13天后会通知招募结果，肌肉猛男们请速速报名！	Potentially
可以接受男男的存在，但是不要出来恶心我	Potentially
我在宁波做外审，前面年末又一次去公司，一个子公司的财务向我们骂了五分钟的贵州人	Potentially
宁要从良技也不要媚外女	Potentially
最后两句骂的好！点赞转发收藏。🤣🤣。但是，人家黑giegie开过光的仙女，来找你？你普却非常自信啊？啊？😆😆😆😆😆	Potentially
你需要接盘吗？	Potentially
现在辩证的来看小胡子错就错在输了战争	Potentially
白人好一点，黑人真不能接受	Potentially
我是黑龙江人，我觉得河南和东北被黑的很大原因是口音。	Potentially
你不用难受，你喜欢的东西就不要在意别人说什么，我们宿舍也有一个同，我有时候就不由自主的说她恶心，其实我也觉得我错了，毕竟这是别人的事，我这么说会伤别人心，以后会尽力改的，我觉得双方都没有做错，只是角度不一样而已	Potentially
说白了不就是悖德感😅逆反心理你还是青春期小孩嘛😅上次在某贴吧看到有老哥教学：不要想着yue，而是去交女朋友，上完就冷处理，拿现实条件分掉😅现在明白了家人们，原来pua约p技术都是跟黑淫学的，仿生学了属于是😅	Potentially
女拳现在泛滥了，敌我难分	Potentially
把所有消费都投给那些纯男性领域，资本就会闻着味道来讨好男性了。比如游戏之类的。	Potentially
你应该看看南方人是怎么骂东北人的..	Potentially
看到这个工作人员的衣服有彩虹就知道是美西势力恶意制造的宣传。如果工作人员衣服上没有彩虹还能有一点可信！	Potentially
我看三非镇傅也懒得管，遣返要地方出经费，这是什么道理？地方把他们赶到其他地方。	Potentially
没关系把她们培养成大纱布让愿意娶的弱指去娶	Potentially
黑粪蛋脏了衣服	Potentially
图沙黑蛆是人类未来大势所趋	Potentially
Gay还会挑？	Potentially
性取向还分nm个高低贵贱，不懂就问请问这是印度吧吗恨不得给你yxl分配个婆罗门身份是吧	Potentially
滚，lkd	Potentially
哎，这种的，一看就是没点脑子的，他也来喷我了。。看样子像女权派来的。。	Potentially
我真的上大学之前都没听过 我身边的人也没人知道 直到碰到了河南室友，她跟我讲她们河南人为什么偷井盖 还开玩笑的教我们怎么偷井盖😅	Potentially
好，我看黑吹子有啥可说的	Potentially
哈哈哈哈哈笑死我了，籹拳帖子下面全是鸡或麦片的这波叫做产业集聚	Potentially
作为男人，这一点上我不双标：娶默的只要待在非洲生活，好好建设非洲，我们绝对支持，欢迎逢年过节回来谈情。对嫁默的，也一样，虽然我zzqs，但我支持真爱🐶	Potentially
谢谢你重视我，你当上小吧还要对付一个我？我只是反同中的小兵罢了，只要反同的吧主和小吧没有受伤随便你们绞杀。	Potentially
我一直奇怪为什么和黑人没有生殖隔离？谁能解释一下给我听吗？	Potentially
臭木勾sigma	Potentially
偶然看到，就评论一下。都是人类，性取向就是萝卜白菜，各有所爱，没有什么高低贵贱。只是想到男男，生理上超级排斥，也就是感觉恶心	Potentially
另外，印度高种姓女人颜值不差，就是东南亚矮小女人混血白人的，不少也不错。甚至说句不好听的，印度低种姓那是女人不化妆，郭女卸妆也是大姐二姐。郭女也就比默强	Potentially
有些人地域黑已经疯了，完全没有理智，比泼妇骂街还要可怕，	Potentially
倪哥能不能死?	Potentially
印度人体味重，让我没食欲，我是南方人，我不怕重口味，是怕重口味的人做的食物，我会心理不舒服	Potentially
对白人黑人都不喜欢，没有例外😄	Potentially
所以你现在得出结论:不要找黑人!而不是讨论什么去不去非洲，嗯，现在我们才是想法一致👍️	Potentially
推荐重庆孜孜不倦黑成都和网宣踩不停的宣传拉踩，特点就是，喜欢吹一个唱红脸一个唱黑脸，一个重庆的负责吹其它的就是哎呀不要这样我们重庆不是这样的全都在骂装出一副与世无争，结果一看拉踩言论点赞全是它们隐去点的。耿直就是它们的遮羞布	Potentially
福建人真搞笑，自己什么德行不知道？还装上台湾人了，台湾护照多少免签，还不用抽h1b。看看你们福建畜上了多少国家的黑名单了，华人的声誉就是被福清偷渡客给搞烂的。	Potentially
这其实对女权造成不了打击，因为大多数男被害人，施加犯罪的人也是男的，这样反而让人笑话，给女权钻空子	Potentially
江西不配被黑	Potentially
这些人不替自己的未来考虑，不去努力改变纠正自己以适应求生存，是世上最奇葩的一类心理障碍群体，连生存法则都得给它们让步，他们不仅是颠覆了异性相吸同性相斥的自然法则，也打破了人改变不了现实，只能去改变自己的生存法则	Potentially
如果我没记错的话这个楼猪可是大名鼎鼎跪虫圣父标到今天发了一个虫类及其它们后代虫混增长录事实没有任何问题但是经过著名大名鼎鼎跪虫圣父标发出来就有点居心叵测毕竟古人言：事出反常必有妖！	Potentially
啊哈哈哈，普信男破防了😆，当真是喜闻乐见??	Potentially
美国的忠实走狗，中国砸再多钱也喂不熟	Potentially
黑河南和北方 最严重的是西南地区及东北地区 都是一群南蛮搞的鬼 他们没什么本事 只会在网络上破坏民族团结 搞国家分裂 因为他们有着不为人知的优越感！	Potentially
男权是成不了气候的，反女权倒有可能，想要崛起还得让女权把舔狗龟男打的退无可退，事实就是男理中客舔狗龟男一抓一大把	Potentially
这是个明白人，中国社会撕裂的现状有自身的原因，但更重要的是美国在中国的狗腿子有意带的节奏！	Potentially
找代孕不香吗，干嘛找个女人收割自己	Potentially
一起来猎杀默和easy girl吧。	Potentially
对啊。如果你周围都是这样的女性，那你和那些黑人也差不到哪里去 。	Potentially
我承认，我就是种族歧视！歧视一个作奸犯科，为非作歹的人不算歧视，叫弘扬正义，	Potentially
txl喜欢乱组cp，两个关系好的朋友都要组cp，真是ex烦人！！！	Potentially
按城市算最惨还真是天津，地域黑最严重的河南东北单拿城市出来都没天津被黑这么严重，郑州洛阳开封哈尔滨大连长春沈阳都比天津口碑好，尤其哈尔滨大连长春洛阳开封比天津口碑好的多，即使口碑稍差的郑州沈阳也比天津口碑好	Potentially
在上海务工的安徽人很多，一般对安徽有地域黑，其他身份对安徽无感，谈不上黑。🤣	Potentially
buff最高的是东北满朝俄混血	Potentially
调查报告，性知识不会看吗？欧美那个是专门选大的和用医学技术填充的，没看到这么软吗？亚洲日本av文化你知道吗？就是胖子肥宅加短小，然而欧美肥胖率特别高，胖子很多	Potentially
我们遵循以前反钙吧的规定，不和贴吧或者微博乱骂人的人来往。以前弄的规定已经很好了，不要再乱改了。我们就自己搞自己的，不和那些男女厕所的人交流。	Potentially
深柜竟在反同身边	Potentially
因为黑人女孩跟黑人男孩结婚，她们不要彩礼，黑人女孩跟中国男孩结婚，她们也不要彩礼；中国女人跟中国男孩结婚，她们要大额彩礼，婚后十指不沾阳春水，中国女人找黑人男人，她们不要一分彩礼，还没结婚也可以生孩子，把黑人照顾的那叫一个舒服，外国友人都交口称赞👍	Potentially
对那种媚黑的有恶意	Potentially
幕刃真的该死	Potentially
河南人，但经常被黑偷东西。新疆人被黑偷东西的也很多。所以答主被成为河南籍新疆人！	Potentially
大哥，就几个辽宁人这样说话你就当成所有辽宁人都这样了？我们东北人到南方上学，都是最团结的。南方人对东北人的歧视是根深蒂固的。这时候就不要搞分裂了好嘛？	Potentially
我觉得中国女性媚外值得批评的是中国男性，你们看一看出轨的女人的老公一看就很软弱，而以前在社会上混的男人的老婆我没发现谁敢出轨，中国男人如果能和黑人或穆斯林男性一样暴力，那中国就没有媚外的说法。	Potentially
现在网上黑上海的都很上头。大部分人绝对是道听途说。	Potentially
可是，现在大部分女性不都说要求不婚检吗，婚检就是对我的不信任⁉	Potentially
新疆买买提过来黑你，你还敢说一个不字？？？？？你这句“最搞笑是西部城市都跑来黑。”让我深刻的明白了为什么东北人和河南人不受人待见，我差没关系。。。有人比我更差啊~~~~~	Potentially
讨厌洋垃圾，可是作者情况里的女孩确实可叹可怜，你这直接上升到基因、父母、祖宗，你太极端了。	Potentially
同性恋够低能的	Potentially
客观说，黑河南的，这几年少多了。河南经济这几年发展很快，尤其富士康在郑州设厂后，带动上下游配套厂家的发展。解决了大量就业，也使河南的出口外汇，极速大量增加。。就业多了，河南人出来少了，富裕了。被黑的也少多了。。关外三省还是长进不多，被黑的还是不少的。	Potentially
以后别抱个天生免疫缺陷的巧克力回老家上户口就行😆	Potentially
飞周多穷啊，别听她的，会后悔的。去飞周做小老婆，从她嘴里也说得出。	Potentially
极个别？？霍？去看看广州云贵川那里，再去看看大学校内，你说的极个别如果没人重视以后黄皮肤就变成黑皮肤了！这是灭种的责任	Potentially
要这么说我们苏北最惨，江浙沪被骂我们要陪绑，回头又要被你们江浙沪的黑，来回被骂，被黑两遍😆😅	Potentially
我就是杭州本地人，确实本地人对新疆歧视蛮多的，但是这种歧视怎么说吧，就是口头讲讲，涉及到实际利益的时候影响其实不大	Potentially
🙁说实话，我觉得东北被黑是最惨的，而且很持久，其他地方基本黑一下拉倒了	Potentially
就应该给媚黑的女人一耳光，这本来就是为她们好，更是为我们国家好，对待黑人，矫枉必须过正…	Potentially
因为所谓男子组比赛，实质都是普通比赛，常规比赛，并不禁止女子参与，之所以没有女的参与原因就是菜，没别的，菜到根本跟不上节奏男子与女子比赛就是专业和业余	Potentially
别跟我扯什么父系，奥黑有一半犹太人的基因，所以奥黑不能代表黑人。	Potentially
可以啊，和她签合同，钱给她，但是当一定期间内的投资回报率低于一定值直接净身出户	Potentially
黑安徽？？看来人们都是生活在自己信息茧房里。	Potentially
在easy girl眼里，这也比国男好得多	Potentially
喜欢嘻哈文化所以走到一起，想想一个国家的强盛，是靠发展这些垃圾文化吗？唱唱跳跳只会毁掉一个民族，所以黑人那种文化根本不值一提	Potentially
自己找不到女朋友，怪黑人？	Potentially
把中国当成他们的殖民地。	Potentially
你马上要被打成上海人了	Potentially
那女的应该被那个黑g的黑d透烂了，嘴也吃黑d吃烂了	Potentially
那你得问那个女主播为什么喜欢地域歧视，反正我是没看到黑龙江的负面新闻比别的地方更多，倒是那个节目报道辽宁本省的负面新闻稍多一点	Potentially
这是一个把外来入侵物种引到西欧的好机会	Potentially
纯黑都能在中国找到女人，混黑还会找不到？黑皮只会越来越多！！	Potentially
这在我们眼里是标准的帅哥，死郭楠你闭嘴吧	Potentially
——同性恋第六感的什么方面最发达？——极度的玻璃心	Potentially
综合作者所述，中国妇联官方认证了唯一一个被世界女权组织批评为媚黑、媚白、媚外的女性群休——中国女性，为官方认证的分裂势力。哎呀，我今天才知道，原来中国妇联都是男性，原来如此。	Potentially
我身边的优秀女性说没被冒犯到，看来跳脚的人应该很不如意吧	Potentially
请你去掉我们河南，改成我们东北下面的河南	Potentially
牲口都是这样的，做不了人事	Potentially
这个是杀猪盘，男的都是请来的托，装大款，骗女的交钱参加相亲	Potentially
哈哈 我在乍得 这边小黑两瓶可乐就可以给你当一早上力工	Potentially
知道民族大融合和北方南迁吗？我一个南方的汉族人莫名其妙就变南蛮了？	Potentially
这种问题我也不知道该咋说了，就像我觉的阿莱克丝塔萨漂亮，可是偏偏有人觉得浩克漂亮。。男同属于后者。。	Potentially
我感觉长三角一些媒体搞地域黑比南方周末狠多了	Potentially
各位同仁一起努力，多科普多引导多宣传，尤其向自己家族的女性和身边的朋友科普嘿仁的危害，尤其是年轻少女，三观不成熟，没有分辨是非的能力，极容易被祖坟被人刨了媚嘿和田园表所引导，大家一起加油，小弟天天科普，至少家族女性对公fufu都很反感，唯恐避之不及，大家加油	Potentially
异性恋属阳，是正常的，同性恋属阴，是不正常的	Potentially
有孩子的女人，就算以后不结婚，心里也不会慌，因为虽然你在一天天的变老，但是你的孩子也在一天天的长大，你根本不需要慌。而不婚不育的女权，你膝下无儿无女，30岁以后，你敢说你不带慌的？等你绝经了，又老又不能生，男人要你有啥用？你最后的筹码也没了	Potentially
黑命贵，黑玫瑰？	Potentially
每个种族活下来都不容易，嘿贵也有嘿贵的特长，父母的苦口婆心都没用，别说咱们旁观者了。	Potentially
这个人很早就挑拨地域对立了，别理他拉黑	Potentially
easy girl可不是国男喊的🐶	Potentially
在中国说zzqs的黑人都是居心叵测，因为zzqs的适用范围是一个国家中的各个民族之间，而我们中国和黑人根本没有任何关系。他们说我们zzqs，这就证明他们把我们中国当自己家了!大家得团结起来!	Potentially
只有妈宝女才会说别人是妈宝男，妈宝女真下头。	Potentially
堕落的媚黑奴，就算我比黑人厉害无数，我也不帮媚黑奴。这就是报应！	Potentially
我老家河南，继父新疆人，一阿姨直接来一句难怪你爸妈会离婚。。。	Potentially
现在欧美每一部电影都要有黑人，要不然就是种族歧视！现在天朝抗日剧里面开始出现黑人	Potentially
猎默人在行动，快，加入猎默的队伍吧。	Potentially
那就好 希望像你这样正常的女生对一点，某些女人已经把中国女人是名声搞臭了	Potentially
如果同性恋可以结婚，还会有人骗婚吗？如果社会接纳同性恋，还会有人隐瞒自己是同性恋然后去和异性结婚吗？	Potentially
十几年前我刚上网的时候网上东北的名声还行，最起码“东北曾经是发达地区只是现在衰落了”这种常识哪怕是再黑东北的人也不会否认，但是这几年不知道怎么了，可能是智能手机便宜了流量便宜了，很多地域黑居然张口就是东北是贫困山区一样的地方😓	Potentially
别想太多了，国男去援非，找个黑妹还凑合。“欧美高质量女性”就很难了，毕竟在她们眼中，国男多数是身材矮小，弯腰驼背，眯着眼睛神情猥琐的怪物。否则，NGO别说狗粮了，💩都没得恰啊，国内也没有打拳的空间了，eg随之销声匿迹。	Potentially
一个垫步侧踢踢废这些幕刃	Potentially
教课书一样的普信女	Potentially
是东北先挑事的	Potentially
兄弟萌快看，急死的国女出来了。😆	Potentially
我个人是不接受的和黑搞的女人。就算瞒着我，一旦被我知道，分手或者离婚🐶	Potentially
嘿玩意基因自带从小都有攻击性	Potentially
社达只能对外，不能对内。	Potentially
本山西人真的不敢歧视外地人，感觉全国就我们山西是最穷的，要是没有煤，就彻底没有上桌子的权力了😅😅😅	Potentially
河南户籍的新疆人，手动微笑，我要和他们这些地域撕逼到底。	Potentially
😆😆😆这话是事实。福建省内相互歧视的例子多了去了，我们早就习惯了。	Potentially
不出现在人类面前的哥布林才是好哥布林	Potentially
直男有几个掰弯的不过是摔锅罢了反倒是直女的很容易磨批之后拍拍屁股找直男继续吸血	Potentially
当理性判断女拳阻碍社会正常发展的时候，清算就开始了。	Potentially
女权把人变成鬼	Potentially
歧视又怎么样，我们压根不欠他们黑人什么。	Potentially
真的现在女权生亩媾横行	Potentially
嘿蛆离不开䓯品	Potentially
真就南满，不就是你这种人在招黑？说地域黑的地方还用南满这种地域黑的东西，还怪别人黑？	Potentially
河南人就是坏，我们家做生意的被河南人骗了十三万！还把钱给转到外国账户去了 警方最后只追回来三万块！河南周口这个地方专门搞电影诈骗的，还有专门的电信诈骗培训班！我说的都是事实，不是别人，就是我们家自己亲身经历的事情！！	Potentially
那些女的就是汉奸，把劣种引进中国	Potentially
这样规定，很可能会适得其反~最终会让企业和公司那些用人单位，更加不敢招女的	Potentially
看到评论。emmmmm。我其实连评论的勇气都没有，好卑微一上海人啊。	Potentially
那都是南满编的，你如果把南满当成人那是你的认知错误，南满不是人，南满是满子	Potentially
原来女人在你眼里就是个盘。。。 有本事你可以不接的嘛。	Potentially
同还是人人，黑是人兽	Potentially
个人认为穷是原罪。河南资源有限，人口一亿。每个人取得一些资源，就需要用心，弄个计谋。	Potentially
😅😅我江苏的，这边传说东莞是xx的天堂	Potentially
深柜竟是反同头子本人	Potentially
呜呜呜畒破防啦	Potentially
黑人就是犯罪分子	Potentially
这个吧说真的不否认男的会有玩玩黑人里的美女的想法，但是应该没有几个会娶黑人女的😅	Potentially
因为非洲算不上文明	Potentially
这就是玩火的后果，跪舔嘿看到后很不开心	Potentially
我一直以为东三省里都是黑辽一起黑吉林，因为我们同学有人一直把黑吉辽理解为黑及辽	Potentially
在所谓“自立自强”中走向极端，然后彻底反智。管中窥豹，略见一斑，权拳二象性实乃真知灼见PS：素材来自吧中某帖一个破防幕刃的主页，欢迎仗义之辈同去屠?	Potentially
你需要更多的黑吉拔	Potentially
这种就是典型的废物龟♂了兄弟们，大家引以为戒	Potentially
爱家乡不分男女，可江西人是为了黑而生😅	Potentially
默鱼，政治正确就是不正确	Potentially
广东那地方是人待的地方？待时间长人还不熟了？	Potentially
当你们还在讨论和黑人恋爱什么的时候，脸书已经就黑人是不是灵长类展开了讨论。	Potentially
呵呵，知道女权变成女拳之前结婚率血崩了么？涨价去库存不好用了，恼羞成怒	Potentially
“直男”这个词已经被用了好几年了，拳虱们可以骂“直男”，那我们也可以骂“歪女”，或者大家认为有更合适的词可以用来指代那些喜欢拐弯抹角、敏感多疑、热衷于勾心斗角的女的，欢迎大家留言，对于拳虱们的诽谤，我们要坚决反击。	Potentially
所以说找老婆还是处女优先，HIV 潜伏期太长了，听你的意思应该没中招，祝你今后的生活幸福美满	Potentially
对策：没错，我就是让你伺候我照顾家务当保姆，不然叫你吃干饭的？	Potentially
黑蛆靠下体不知道能不能征服世界	Potentially
同让人觉得恶心	Potentially
吧里这几个反同根本没什么能力，反同还得靠同性恋	Potentially
杀光一切基佬	Potentially
投资人造子宫，找相关从业人员发泄信誉	Potentially
同婚不能减少骗婚，基佬骗婚是因为想要繁衍后代，占两种便宜而已，不是来自社会压力，禁止同性恋繁衍后代就可以消灭骗婚。	Potentially
只要大家都敢拿前途来捍卫下一代男性的应有权利而去qj亩人，亩人除了怕，根本反抗不了。	Potentially
混血，眼睛是蓝色，混了白皮猪的血	Potentially
没有没有没有，在网上非常少见给广东的，倒是黑东北和河南的排山倒海。我也是湖北的。	Potentially
说实话，全世界觉得嫁给老黑还光荣的也就大陆妇女?那老黑是什么品种，刚从树上下来没几天，要不是跟人类没有生殖隔离，都可以定义为类人猿?咱们可是正宗智人，和欧美人种一样，基因里都是有尼安德特人的基因，杂交出来的所以及其聪敏，老黑就不一样了，基因跟咱就不是一个色?你非得嫁给动物，那也没办法?	Potentially
无所谓，吃狗肉无所谓，同性恋无所谓，恶心的是，强迫别人吃狗肉，到处宣传同性恋的人	Potentially
尤其那种总爱英雄救美，一副道德表姿态，帮女人说话的是最为可气的	Potentially
有一说一，生下外国孩子的女性绝大多数都不认为自己的孩子是中国人吧？尤其还是黑的。	Potentially
以前在国外干活用过特制套子毛妹说比老黑那还厉害👍，完全可以代替老黑。有些瘾大的女人找猩猩其实就是为了找刺激，只要她们知道有代替方法她们也不会冒艾滋风险和臭气找猩猩。	Potentially
辽宁河南安徽并不穷，有不了解经济的人以为它穷，这些地方交通发达，劳动力充足，穷不了。有次见到一个甘肃的说安徽穷，想要歧视的样子囧	Potentially
江苏教育就别碰瓷北京了，北京家庭从小在教育的投入不是江苏能比的，孩子从小受到的苦和江苏不是一个级别的。江苏确实会哭穷，自己哭就行了，别老碰瓷其他人😆	Potentially
别再问孩子的爸爸是谁，爸爸是在这个迪厅认识的，孩子是在这个迪厅怀上的，这个孩子就是大家的孩子，抓好脐带妈妈要开始蹦了……	Potentially
张口就要钱的母苟确实没教养	Potentially
男同也会喜欢熊类，男人的身体魅力好不好只有正常的女人才知道	Potentially
太对了 我也是男童 我巴不得那些恶心的男童(占大部分）都去死😢	Potentially
你好棒棒呀 知道的真多你家那片还有井盖吗	Potentially
地域黑，主要是前汪伪区前国统区的，他们和台湾亲着呢。	Potentially
总而言之，现在就是女人最好的年代，不作妖，处女，整容的能好看，找一个中产阶级以上轻轻松松。也不知道女拳哪里不满>_<，或许整容也整不出来？	Potentially
河南被黑的最惨虽然一直有人说鲁豫皖鄂豫皖，河南被全国各种黑，说起河南就是总部偷井盖逃难，以前那个省人没有逃难去	Potentially
对呀，那你干嘛什么都推到同性恋身上呢？	Potentially
希望你们都能花钱娶女同	Potentially
通讯录也不是什么好东西	Potentially
应该且必须批判。对于犹太财阀的渗透，必须坚决清理。	Potentially
家暴只是给男人定的，男人打女人那叫暴力，女人得到的是同情，男人得到的是谴责；而女打男，得到的却是掌声，男被女打，不仅得不到同情，还会被取笑鄙视。平等吗？到底在哪里？有没有平等？	Potentially
像我家里一群蟑螂，天天偷吃大米不事生产，还做很多危害秩序的事	Potentially
近代历史基本都是讲南方的，辛亥革命，清政府被推翻，两党建立，北伐军统一军阀。据我所知只有一个地方的人自卑的很，连张学良都能吹成“民族英雄”，毛和周当年最多就是看到张对党有贡献夸他一个民族英雄罢了。从人民角度来说，张在“江桥抗战”发了一个电报给马占山这个土匪自己带领的军队死守东北，自己却不支援。蒋张实属一丘之貉，一个民族罪人一个罪人	Potentially
那你没看见的大部分不喜欢黑人的女人多着是，幼稚	Potentially
他也不累的谁知道天天表面上说什么正确婚恋价值观背地里天天xingqin女儿的是不是就是他	Potentially
啧啧，现在只要在网上说同性恋一点不，就要被喷的连渣都不剩	Potentially
违背自然规律道德伦理的还是人吗？好像是人，因为动物很少有搞基的	Potentially
都该人道毁灭	Potentially
让她生下来，在分，不要说残忍，女人背着你跟别人的时候从不想这些。	Potentially
当你在明处看到了一只蟑螂，说明阴处已经挤不下了	Potentially
是的，生下来的混血在西方正经人眼里有个蔑称叫黄疽病	Potentially
变态男太恶心了	Potentially
江苏和上海能上被黑名单是我没想到的，怕不知道安徽被这两个黑的有多惨（还要加上浙，地域黑三巨头），现在神隐，加害者变被害者了属于是。	Potentially
你怕是不知道13年的“浙江滚出中国”。	Potentially
在我高中时，电视上放有关黑人的好事，具体什么我不记得了，当时我爸说了句：嘿硅，我据理力争🤣：人人平等，黑人也是人，不要偏见看待现在的我：嘿硅🤣	Potentially
你📉我好心相劝却被基佬拉黑	Potentially
看了就说我们流氓，不看就说我们是gay、xing冷淡。还不知道你怎么想的？	Potentially
说几个比较可笑的流行网络用词。1，你键盘侠。答：哦，那你怎么打字的？能脱离并且永远不用键盘吗？2，你急了急了。答：好吧，急是人类的多种情绪之一，你不会你没有，所以你不是人？3，你无能狂怒。答：哦，其实吧，狂怒是情绪，和有能无能有啥关系。你不会狂怒，所以你也不是人？4，你吃不到葡萄说葡萄酸。答：你家长辈恐怕没告诉过你，有的人不需要入口，拿起来看看闻闻就知道葡萄的好坏。先说这几个，再有再说，另外过年了，外来户是不是考虑回家探探亲，比如黑色的某些家伙，回去就别回来了。	Potentially
泼峰是一名猪种反同部队退役反同战士。	Potentially
台湾人还觉得大陆人吃不起茶叶蛋呢	Potentially
泰迪家族嘛i了i了	Potentially
“这里是你的吗？是你买的吗？这里是我的！”某默视频里这么说的😆所以没有自己的文化，怎么才能过得更好呢？当然是去吃别人碗里的😆	Potentially
没意见，顺便问一下，这个吧是反同吧吧？为什么还有通讯录山峦？	Potentially
是的，至少我的朋友圈绝对不允许有男同。	Potentially
把湖北 湖南 河南放出来吧。这三个大概率也不会愿意和西部玩的😆😆😆	Potentially
大家看到没有本吧吧宠真是能够带给我们无限乐趣原来跪虫族都是这种水平我真是太放心了	Potentially
和女生相关违法问题不是女生问题是TM谁的问题？主语都有问题还发个鸡毛声，发什么声？÷生？你一个男，怎么还性别歧视？管你你是什么玩意儿	Potentially
为什么全世界都讨厌黑，看看黑做了什么，被讨厌自己找的，没有会同情他们，只能说一句干得漂亮。🐶	Potentially
国女不值得娶和谈恋爱，只适合逢场作戏。	Potentially
江照黎明以前看来国产想离婚这下绝了看完这个女的不得弄死男的环境决定大部分婚姻观念和人性为什么没电视拍为什么要彩礼和要求的这么丧心病狂为什么很多外面都不要就国NAN要这要那	Potentially
我不想嘿河南，我确实在河南人身上吃过亏😅	Potentially
作为房东，告诉各位，这是真事儿，两个女的是最脏的，其次是一个女的	Potentially
我觉得女人也没用	Potentially
黑g还要考驾照，供非送的钱太多了吧，太恐怖了，要有猩司机了	Potentially
论经济数据，辽宁真没资格鄙视中部	Potentially
这事说开了吧，实际老华裔觉得黑黑白白花钱没数，不可靠，基本看不上白白黑黑。更不会以找黑白为荣，看不起黄男	Potentially
800的小姐能提非常高的情绪价值，买礼物反而提供负情绪价值	Potentially
只要女的嫁走，别留在中国就不歧视	Potentially
坦克女震怒	Potentially
还不是龟男不努力	Potentially
这种喜欢自称本宫的多半是有性别焦虑问题的通讯录	Potentially
急了，某些法西斯急了，还说我是黑孝zi，23333，某些fxs，够了?	Potentially
不予置评……不过你问我的话我可能给你输出racial discrimination观念。（虽然并未接触过默）	Potentially
这种没脑子的女人真的是很可爱	Potentially
就算是女的打男的，男的只要敢还一下手，那么后果就不堪设想	Potentially
又是你，这种帖子滚去女权吧	Potentially
要是哪个国女能把黑人老公真给弄成结婚登记的合法老公，还能一直呆在身边一起组织家庭，抚养后代，我还真高看那个国女一眼。。大部分媚黑女，说到底就是个几把袋子，你留得住人嘛你。😲	Potentially
中华人民共和国 快管理一些地域黑吧	Potentially
男同喜欢封面上的那种?	Potentially
安徽人我接触的比较多。江西人接触的太少了，感觉江西真的存在感高低呀，黑都想不起它来。	Potentially
是不是穷人家因为家徒四壁就不应该设置防盗门了。同性恋是贼穷人家也是人，不管怎么都应该提防变态基佬	Potentially
它不是个骗婚gay佬吗不是直男	Potentially
对不起，我这个失败者和不正经的人又来给黑人添堵了。要说黑人的所谓运动天赋，这玩意你得用在特定的环境，比如运动会的一些特定项目。黑人都不能独霸运动会所有的项目，敢妄言自己运动能力超群？别忘了脑力运动也是运动。黑人的运动天赋实在是鸡肋，有时候还不如鸡肋了。	Potentially
有些地方就是嘴贱	Potentially
肯定是西安人😓西安人优越感可太高了😓与西安邻居的省份哪个省没被西安人黑过的😆西安口气直逼北上广每天就在网络上做梦做直辖市心里一点数没有😓	Potentially
说的这么新奇，好了，我宣布，田园女拳有滥交的自由	Potentially
黑玩意抢完了结果一看这文物是现代伪造的，尴尬了	Potentially
那是你们喜欢的羊大人按给你们的，然后觉的他们说的对。从头至尾国楠都木有参与。😆😆😆	Potentially
巴基斯坦，一个半部落未开化的国家，雷探长去那里差点没回来	Potentially
没错，所以我说的也不是“种族歧视”，我更倾向“歧视黑人”。而且不是单一的外国人，有的外国人就很正常，我们从上到下也都挺照顾的。有的外国人在我们这里又偷又抢，骚扰他人，拿着十多万奖学金骗女学生感情和身体，甚至强奸杀人，然后一总结，发现绝大多数都是黑人！所以，无论是种族歧视，歧视黑人也好，厌恶恶人也罢，即便是学校偏袒或是教育b照顾，我们都要发声，让更多不知道的人认清真相，了解黑人，避免更多人受害和生命财产损失	Potentially
那天我去买塑料袋。有黄色的白色的透明的还有黑色的，我问老板，哪一种颜色的最便宜？老板说黑色的最便宜。我问为什么黑色的最便宜？老板答，因为黑色的是垃圾材料。	Potentially
不是批判女孩子，而是大家都对女孩子嫁给黑人等于明摆着往火坑里跳而感到愤怒！女人真的不能无知到那种地步！	Potentially
歧视三非黑人，素质道德低下黑人是正确的。而且即使不歧视，那作为一个普通人逃避风险是人之常情 在这样一个黑人留中背调这么不靠谱的情况下，远离他们就是普通人唯一能做的了。不认识排挤恶，那社会就没有向善的动力。	Potentially
兄弟不必回，他们说浙江是这样就这样吧，从13年的心寒被骂到现在还要被某些sb代表，咱学学隔壁上海已经佛到自黑了	Potentially
奈何广东媒体不把广东以外的中国人当人啊。特别是今年全运会广东从官媒到自媒统一口径硬生生把自己吹成奖牌榜第一。还不是被山东蝉联四届冠军打脸😂，先富不代表你就可以不要脸。	Potentially
黑人基本都没 叠的，结婚的很少	Potentially
现在才看到一年前的发言,那时并不是在阴阳,而是爱上了一个男生,但内心又不想承认自己是同,觉得男生喜欢男生是很恶心的一件事,同时也觉得自己恶心,所以看到你问题以为是同样的情况,现在看来,当时的语言确实会让你误会.从那时到现在也是一年多了,也弯了一年多了,也知道了你所认为的恶心是指性生活混乱.挺奇妙的,当初是为了他去搜的这些问题,现在回过头来看又会想起他,男生和男生的恋爱保质期真的很短,但真的很美好.世事无常,以前的我真的是纯直男,现在的我对女生没有一点欲望了.也不知道自己现在的恋爱心理是否健康.挺后悔的,后悔和他分手后没及时退圈,但不后悔和他相爱过.如果可以重来,我真的不会入这个圈子了,我想结婚生子,我想让我的父母享受天伦之乐.如果也有和我一年前是同样情况的人看到我的发言,希望你们不要好奇,不要再深入了,如果你们也是恶心男同,也有一部分可能是因为自己有那一方面的倾向,只是存在你们的潜意识中,但你从小接受的教育和你起了冲突,表现出的情况就是恶心同.最后向楼主道歉,当时真的不是阴阳你,是我没有注意措辞,对不起	Potentially
所以问题的根本在于“去非洲”还是“与非洲人恋爱甚至结婚”？一段关系在没有现实基础或者条件困难的情况下能否建立？你的故事里面一个中国女和一个非洲男恋爱，但这段感情在你看来是建立在“女方绝对不能去男方的家里，一次也不行”这种可能限制当事人意愿和自由的条件下。所以，既然在限制，为什么不在一开始就把限定条件定死了？不要跟外国人上床、恋爱甚至结婚，尤其是黑人。那么这个问题不就圆满解决了吗？如果开始没做好选择，就会有新的问题诞生。比如要考虑去不去非洲？被莫名人劝阻不要去老公家里看看？有得艾滋的风险？可能祸害一个“老实人”接盘？一辈子被别人漠视……	Potentially
长三角某些媒体带坏了风向，经常以高高在上的姿态评价外省人，这些媒体才是地域黑的源头	Potentially
好家伙同性恋养的孩子高人一等是吧平等呢自由呢？	Potentially
来康康你的嘿爹	Potentially
看看小拳书上名媛的真面目	Potentially
见过一个和默晚上在小花园“约会”的，从此看见你女的就害怕她和默“约会”过，怎么辨别一个女生是不是和默“约会”过啊？	Potentially
希望他们孩子能有父亲一起过父亲节吧😆	Potentially
腿上带黑桃的是个媚黑组织	Potentially
河南人很多，加上同文化的，有好几亿，因为一个人就贴个标签，这是一种社会戾气，表面上看仿佛只是河南人受害，其实社会中每个人都是这种戾气的受害者，这都知道社会戾气大，这没得洗吧，各地报复社会的，还不都是他们当地人	Potentially
我有被东北人喷过扬州三屠和南京大屠杀是我们活该😅那怎么说	Potentially
南大人已经开始内部瓦解了，竟然能把河南偷井盖这种锅甩给东北人，也是绝了。	Potentially
第二个是豆瓣母拳	Potentially
你评论下面看见没，张口就黑某省的，是美国的ip。讲真我作为河南人，第一次听说东北人被黑的很惨，也是从几个东北人口中抱怨得知的。身边外地人真没见过黑东北。	Potentially
这种低智商的女人多出去点才好，千万不要再回来了，不然会拉低整个民族的平均智商	Potentially
这是打算开始通过歧视光棍来试图提高结婚率了？	Potentially
它的意思ZG就该高犯罪率，黑是正常的留学生的犯罪率都很高	Potentially
我会抱狗 但是不会抱黑人	Potentially
去非洲吧，那里有很多孩子需要你给一个家	Potentially
黑人多数有犯罪前科。不是歧视，事实如此	Potentially
首先说一句，喷神可能大概也许貌似真的有点种族歧视；但我还没说完，第二条就是，我也不可能接受，我支持喷神😆说到这我直接联想到成都吴蒙	Potentially
别在同情什么非洲黑人了，想想自己同胞的处境都十分坚难！！！	Potentially
哈哈哈，虽然安徽被黑，但是合肥还是人上人啊，官媒亲自下场嘲讽邻居🥰	Potentially
这女人能活到现在也是个奇迹！	Potentially
"当面就是从贴吧开始黑河南的，我记得特清楚，什么老乡叫成""捞翔”"	Potentially
你不识字吗？郭南郭朒分不清楚	Potentially
江南三村最初是某些地方用来嘲讽江浙沪的梗。如同包邮区包邮是因为包邮区人民穷付不起邮费一样。都是某些地区嘲讽江浙沪的梗。这样的梗还有很多。[摊手]	Potentially
男的可没这么想啊，从此处可得出结论——䖡壬更恶。	Potentially
主要是被嘿嘿玩过的，那不是一般的思想，那得多么的。。。	Potentially
那下次她还得捅，搞不好所有的男司机都被她捅死了	Potentially
外籍男子醉酒闹事、公然袭警，被制服后群众纷纷拍手叫好	Potentially
境外势力再加上无知人群，太恶心了，全国制造对立，我不是河南东北这些的，但是每次看到还是很气愤，自己都活在最底层，何必这样莫须有滴黑别人呢，多去花时间赚点钱不好吗	Potentially
身为一个男同我最反感直男拿搞基击剑来开玩笑	Potentially
吧主，强烈建议去找有力的同盟，誓死守住反同恋吧	Potentially
讲真江北人自己都是被苏南歧视的人	Potentially
艾基怎么刷也澄清不了事实！	Potentially
受了犹太人思想的指使，目的是创造一个新的人种，没有思想没有文明的人，便于受犹太人控制，这个女的肯定是和犹太人有关系！	Potentially
啊这啊这，丰县事件是法制问题。男主涉嫌多项法律规定，和女权没有什么关系。这个人明显是媚女蹭热度，况且丰县事件是几乎全网一致谩骂，不存在什么男性不发言这类情况。此次事件的恶劣程度超过了性别限制，这不是女权问题是人权问题。真没必要因为关注某个问题，发表一些偏颇的见解就给自己脸上贴金。	Potentially
全世界须眉阶级联合起来	Potentially
在很多非洲部落里有着一个特别奇葩的风俗。是他们的部落认为，如果自己部落的年轻女孩结婚了，如果她们还是处女，她们会给部落带来厄运，所以每个部落都会有一位性启蒙导师代劳为女孩破处。性教育启蒙导师，顾名思义，就是为小姑娘破处。一般来说，部落中有一个单身男人作为性教育启蒙，在部落中享有特别高的地位，令人羡慕。他的主要工作是遵循当地的习俗，带走少女的除夜。当地人坚信，如果小姑娘在结婚前没有破处，那将给家庭带来厄运。于是，当小姑娘进入青春期，家长就会邀请性启蒙导师带着自己家女儿迈入成人世界。女孩们无法抗拒这种安排。破坏童贞现象的兴起根源于该地区的艾滋病毒流行。有很多性启蒙导师，自己本身被感染有传染病，疯狂让病毒传播。	Potentially
什么双马尾猩猩	Potentially
据悉，本反同剧反同大咖云集，邀请了银河系著名的反同艺人阿泼担任主演，甚至有宇宙天后淋淋加持客串撑场，将于今晚7点7分全宇宙同步上映。	Potentially
黑人专门勾搭中国妇女	Potentially
现实就是有大量国女愿意倒贴外国人🐶	Potentially
南京是因为本地人死完了好吧 三面都是安徽 移民肯定安徽江北人为主。问题在于，你有没有想过，为什么长三角唯独把安徽作为dy黑第一梯队？我跑过长三角十来个城市，基本上对湖北四川这些西边的，还有河北山东这些北边的都不怎么关心，但黑安徽河南的是最多的。	Potentially
女人不管多与少，但是使劲夸大外国的女人她们也配不上中国男人。说个很难听难听的话，中国男人只有中国人才能评论。	Potentially
别说数一数二了，数五数六都排不上。2017年包括河南在内的9省份用全国一卷，河南文科一本分数线比7省低，理科一本线也只比两省高。	Potentially
黑蛆是人类的病毒，文明的癌症，图沙黑蛆是人类未来大势所趋	Potentially
他还有某毒，你发现了之后还给他和他的姘头都治好了，把自己感动得不要不要的。干电池都比你好，电用完了至少还不得病。不过命运都是一样的，都得扔。扔的时候都不带一丝情感。自己还把自己演绎的像一个痴情女子。实际上是一个用完不要钱的奴。	Potentially
弱势群体最会用道德和素质来讲道理，这是人用来保护自己的本性，我本心就是很恶心同，影响到我我就找她们事，她们先侵犯我的感受	Potentially
什么gp女权组织？要批就批某个人，中国这么多人，这么多女性它们有什么资格评判？还拿它们的鬼话当成批判的材料吗？	Potentially
其实我觉得，真正地域歧视最严重的反而是上海的外来人口，在大城市待久了没来由的优越感，接近财富自以为拥有财富，恶臭	Potentially
师尼长技以制尼	Potentially
同性恋有害健康，吃狗肉有益健康，禁止同性恋，支持吃狗肉！	Potentially
是啊，针对中国女性。毕竟在韩国人眼里，就是因为中国女性倒贴拉低了亚裔女性的地位。😓	Potentially
正常操作，谁叫人家是小仙女啊。	Potentially
武汉小偷多	Potentially
追星加女拳，吐了	Potentially
也不能这么说吧，毕竟只是肤色不同而已。不装了，我摊牌了。我就是种族歧视了，就是看不起黑人	Potentially
记得看过一本隐喻黑人的悬疑小说，揭示了黑人的丑恶嘴脸，主角好像叫肖万来着，还是肖旺	Potentially
很民族主义的青年表示没有抨击她们外流，我很希望她们流出去，我抨击她们把黑黄后代留在中国！！！！	Potentially
在一些聊天交友软件，或者游戏里装成女的，骗舔狗的钱，这事我以前都干过发现舔狗简直精虫里没一点脑子	Potentially
批站影视区好几个吃女拳饭的，比如那个路温	Potentially
女拳自我安慰的话术罢了	Potentially
看到阿娜我就放心了	Potentially
对，这是正确的，不批评她们的对错，但是也不要回来祸害我们中国男人，别用那张ex的嘴脸来说中国男人的不是	Potentially
据说境外挂IP大多是广东上海北京这几个地址，所以妖魔鬼怪多	Potentially
这个真不用承认，种族歧视是一个国家内部的，美国可以说，中国自古以来就没有黑人在这儿繁衍生息，哪儿来的种族歧视？他们也不是中国人，咱就是看不惯也理所应当	Potentially
黑混越来越多	Potentially
我遇见的骗子都是福建的、广东、广西三省。	Potentially
主动养黑男的女人可不少，属实倒贴。	Potentially
铜真是这个世界的癌症，治不好了。要加强青少年教育	Potentially
准确来说我们并不是它/他/她们所谓口中重族歧视而我们准确来说是科学为证事实为例冷静而客观正视它们野生动物昆虫纲卵体寄生虫这一铁一样事实	Potentially
主要是吴施蒙事情出来以后，大家不信中国女人了	Potentially
只能说物以类聚吧，至少我身边的女孩子都是这样，甚至还会觉得他们（黑和白）味道很大😭	Potentially
现在好多女的都开始做处女膜修补，来欺骗男生的初恋，真可恶。所以我想国家应该让医院提供一种鉴定，女孩从青春期到结婚，每个月都去接受一次检查，看是否破裂，最后把这份鉴定当做礼物送给男生。并提倡第一次结婚的男生一定要选择一个有完整鉴定的女孩。这样这些女的就没机会骗人了。怎么样	Potentially
我在办公室倒是见过一个黑人找了个中国妹子，还生了个孩子，有一天还把孩子带办公室来了。黑皮肤小卷毛的小孩，那个中国妹子长得也不咋样。那个黑人在办公室还主动跟我们打招呼，没人搭理他，连回应都不给那种，男同事们对他满眼全是鄙视。那个嫁老黑的中国妹推车里推个孩子，也没人搭理她。	Potentially
高校教育部门那种崇洋媚外的畸形教育政策茶毒整个教育体制，导致校风败坏，以丑为美，以黑为荣，道德沦丧	Potentially
嫁鸡随鸡嫁狗随狗，嫁黑人就去非洲，别在娘家待着碍眼，碍眼不说还指手画脚，那就更讨厌了	Potentially
中国男性外娶，九成九都是东亚或者东南亚的亚裔人种。还得跟这群非洲印度来者不拒的比？？？	Potentially
使用泼图的三大好处：1.传承反同文化。2.加深反同战将之间对王的认识，提高士气，同时向基佬施压。3.每日一笑，强身健体，反同自然势在必得。	Potentially
当然是男的多。戴贞操带的男的比女的多十几倍。	Potentially
感情的本质也是等价交换，只不过不仅仅是金钱，长相身材性格学历工作等等，这些平等的才能长久，而舔狗试图通过放弃尊严来让对方喜欢，这就是蠢，交易策略讲究的是讨价还价，舔狗上来就不要钱，甚至倒贴，对方会觉得这件商品有价值吗？正常人都会警觉，觉得对方有所图，而绿茶就会榨干舔狗的价值然后扔了，舔狗跪着的样子可太可怜了。	Potentially
网上总有很多这类内容，看似段子玩笑，实则是对男性的PUA，以及告诉其他女的要这样做。久而久之这样的内容多了，当真的人也就多了，走的人多了便成了路，男人们也就真的都过世这种生活了。但还是有太多男的看不清，还在转发这样的内容，以为好玩，等到他觉得不好玩的时候也晚了。	Potentially
兄弟首先国际鬼子虫类及其它们后代在非常严格科学证明定义下它们根不算人类既然追求真理它们根本就不是人类那么何谈它们是重族呢！	Potentially
最歧视安徽的，一个是江苏，一个是上海。	Potentially
只希望她们去别的国家，不要在中国，华夏的土地不能被墨污染	Potentially
河南地域黑是最严重的	Potentially
犯罪天堂非洲，以为走好运，赌上自己的一生。天天宣传中非友谊，到自己被卖了。	Potentially
那些媚黑的女人是不会听进去的🙂🙂🙂	Potentially
正黄旗看不起人是事实吧，怎么这也叫黑	Potentially
反正我是心态变了，开除就开除吧，外地人现在我就明摆着歧视了，以前总要解释解释，现在算了，盘盘们怎么样都跟我没关系了	Potentially
以后你们的弟弟妹妹或者孩子学校有黑人教英语，大家要联合起来反对，中国人一样可以教英语，黑人外教，在孩子心理上灌输了什么思想，崇洋媚外，低人一等	Potentially
在女权眼里只有中产以上才算男人	Potentially
江西本地女的几年不结婚马上问题解决。彩礼贵不贵不都是人炒的？一边给一边骂之会越来越高	Potentially
想想都后怕，幸亏当年放弃去飞州发展，没有迈出意识层，了解黑蛆事关生死！	Potentially
反正看见黑人我肯定离得远点 不会接触 如果黑人混血我也远离 估计大部分人都不会接受吧 应该也就是个被孤立	Potentially
正常，两边倒就是黑x最喜欢干的事	Potentially
大哥😓，你的好闺蜜要嫁给默，和默私奔去非洲当妾，你他妈的不给你好闺蜜来十几个耳巴子，把她打醒？如果你说：不会，我支持她追求爱情。那当我没说，因为你们可能是塑料姐妹情	Potentially
绝对是 7年前我就遇见过有国外组织带领某些人大力黑安徽的 组织的头是个中国通的美国人 当时他住在上海 对中国文化了如指掌 中文很好还懂古诗什么的 他们假装上海人黑安徽人 带动真的网上上海人黑安徽人 后来黑完安徽又选择黑河南 原因是因为他们认为河南是华夏中心起源等等 其实我还想说更多 但是我不能 我很怕 我只能说这么多	Potentially
培养♂从小抓起	Potentially
那是嫉妒，不是黑啦，无非就是来江浙沪又挣不了多少钱，又嫉妒人家生活过得好的人。	Potentially
我没这么认为。不过黑人想尽一切办法来中国蹭我们的福利，赖着不走倒是真的。	Potentially
我真的特别看不下去广东人长相文化被黑，自己是北方人……	Potentially
黑人要在中国呆，就得把皮拔了，染成黄色的	Potentially
小红书绝逼是狗汉奸带的，★★在这就是工具	Potentially
那些人觉得认可同就是zzzq，反正我是恐同的，只能说我讨厌他们，不想和他们接触，但我也不会出言侮辱他们，不是一个世界的人，大家各活各的就行了。	Potentially
舔狗龜男比拳師更可恨	Potentially
啥都不会都比国女好，起码不要房不要车，不要彩礼。	Potentially
要是我周围朋友出现个和默交往的直接拉黑不用再见了😅毕竟我怕哪天把我也拉下水	Potentially
真好笑，她们用什么来决战?嘴?	Potentially
对高调的同性恋真的无法理解，你做的明明是为世所不能容的事，为什么不能低调点，我用回你所举的例子，一个纹身的人去当兵或报考公务员，有关机构说明规定拒绝通过，然后这个人还认为这是自己的私人问题，旁人不该抱以歧视，你本来就是少数派，是异类，你低调点别人有可能还睁一只眼闭一只眼，现在还要跳出来说纹身无罪，甚至还鼓励其他人，这不是公开找骂？我个人认为，这群人的行为首先是对天地造化，阴阳平衡的亵渎，是为不敬；其二，父母赐予生命血肉，本应薪火相传，生生不息，如此看来，是为不孝；其三，中国社会面临人口断崖危机，这类群体不但不能出一份力甚至还以同性为榜样，是为不仁；其四，他们的行为有可能给自己的授业恩师或有地位有身份的朋友亲戚带来不必要的麻烦，此为陷人于不义。这样不敬不孝不仁不义的人，人人得而诛之，痛斥其罪，已经是对他们最大的宽恕。	Potentially
当同性恋族群在努力把同性恋发现为一种政治正确的时候，他们就把什么基因论，灵魂论全部推翻了。这特么是一种政治运动啊，说是邪教也不冤枉他们。	Potentially
抛开事实不谈，新时代小仙女找个接盘的拳力都没有了？气冷抖	Potentially
我记得你是反钙吧的	Potentially
捅的好，应该虐杀幕刃	Potentially
抖音上的某几个黑人，挺EX的，说实话，直播只连女的，也就算了，还拍视频连续剧：小黑寻花记😲	Potentially
人家塌马是对象，活该被打，要是我我也不管，要不你管了之后这个表字又说你打她男朋友	Potentially
同性恋别举报，举报一次，我发一次	Potentially
你要是找个黑人我还敬你是条女孩子，结果你找个巴铁⁉	Potentially
只是觉得为其开脱的龟男实属有点逆天了😆	Potentially
朱军案子打了多少年……事业都凉透了，才坐实诬告，还有张恒案，遇到正面起诉的，这些诬告的立马怂了销号，最后只查出来注册用的手机号机主是个不知情第三人老太太	Potentially
所以同性恋都该纠正取向	Potentially
希望早日实施黑蛆清楚计划	Potentially
这人知名女拳，散了吧，不用理	Potentially
黑人打砸抢亚裔你看不到吗？黑人的暴行你看不到吗？黑人替换人种你也看不到吗？你不是看不到，你只选择你想看到的，其他的你都选择无视，你的良心不会受到谴责吗？你是哪国人？为什么来中国？	Potentially
咱吉林基本上没啥可说的，实在没啥存在感😅	Potentially
请各位新来的反同同志注意！	Potentially
真是国际母狗总是那么迷之自信	Potentially
日本的核废水正好没地方倒，都让黑蛆喝了吧	Potentially
东北感谢唐山以前说黑社会联想地名绝对是东北 现在可是唐山了	Potentially
我不支持不反对的态度是怕伤害他们而说的，但是不支持就代表我态度了，我不希望同性恋，不反对就是不想干扰。我感到恶心是生理上的，他们觉得歧视就歧视吧！他们觉得被歧视说明他们内心就是脆弱而且认为同性恋就是不对的！因为我说我感到异性恋很恶心，你们异性恋的人会不会觉得被歧视？只能说这个人真傻。他们同性恋觉得我说他们恶心是没素质，那我不想掩饰我啊！明明不喜欢却说你们要99咯？	Potentially
女权？女拳罢了，不要抹黑国际女权	Potentially
哪个西方国家有有这规定？难不成非洲小国？瞎编也得编个国家好吧	Potentially
大家请注意曾经在黑人吧著名跪虫族钓鱼狂人网名夹你又回来大家这之前的号都是像夹你这样集体跪虫族给集体举报给永久封号	Potentially
我也是南北混血，一看南方人看不起北方人，我觉得这些人莫名其妙	Potentially
我尺寸比黑人大，我还要自卑吗太大了?p站上有些黑人细成啥样了	Potentially
太棒了呀，不用被道德和素质绑架了，既然同也恶心正常人，那我恶心同就不用避讳了，舒服，大胆讨厌一些人太爽了	Potentially
我就是种族歧视，我骄傲	Potentially
😆😆😆我不着急呀，你赶紧找，我就默默看着你们使劲媚外。哈哈哈哈哈哈哈	Potentially
我所知道的黑人在国内犯的事，加起来快一万多个字了，我在尝试发但是贴吧不让发，发了就给我删除了，等到时候我编辑好了，把扣扣发上来，你们到我空间就可以看了	Potentially
只要允许有稳定的性来源，绝大多数男权都会投诚去舔！	Potentially
短跑也算吧?跑得慢都被抓了	Potentially
抱歉，第一次听江北八市，能解释一下是什么地方吗？不然江西和安徽的人民没法嘲笑啊⁉	Potentially
广西不也被黑得很惨吗	Potentially
我是个直女。我觉得同性恋是正常的，不是变态，只是性取向里的一种选择而已，应该尊重。但是我一想到女女我生理上非常排斥，觉得有点恶心。我这是不尊重女同吗🤔	Potentially
？？你确定？？我遇到的找黑人男友的女生都是恨国的😜	Potentially
这里一切地域黑一律删除。	Potentially
地域黑的是有目的性，基本都是有50W的水军在操作中。然而有几个被忽悠起来，互相怼起来，结果造成城门失火，殃及池鱼！！！😅	Potentially
唉，我现在都觉得我应该成了种族主义者了，非我族类其心必异，黑人白人都不待见！	Potentially
然而很多韩国女，在外和黑人睡，睡完说自己是中国人🤭🤭🤭，有中国游客去印尼玩，晚上去小吃街，有两个亚裔女性乱扔垃圾，游客上去制止，女的回她一句我是中国人。游客就试图用中文和她们对话，结果发现是韩国人。反正我长这么大，什么就没有见过媚黑的人，不仅不媚黑，我本人只能接受江浙沪一代的男性，超过这个地区，我管你是不是中国人，我都不接受。我只是不喜欢差异太大的人，就这样。跟别说外国人，难道不觉得白人或者黑人体味很大吗？我连有轻微的狐臭的人都接受不了。🤭	Potentially
在姬圈有个别人还觉得“和男的睡过的女的都很脏”也挺无语的	Potentially
基蛆衮出来	Potentially
人造子宫赛高	Potentially
好像很多中国男人找黑妹啊，抖音上一大把，非洲黑黄混血的孩子都数不清	Potentially
右边的小老头就是婊们口中的所谓“高端白人脸”，和我们的胡兵一比，被秒成渣渣，何况是胡兵比这个小老头还大好几岁！！！！还比他皮肤白	Potentially
那我不理解，为什么网上那么多支持外国女性进口的...	Potentially
还有我们🐶“江浙人种最高贵”（看不懂这句话语气是自黑还是嘲讽还是自以为是的就要来评论对枪的直接拉黑）	Potentially
中国在非企业都会和员工说不要和当地人多接触。希望两地都做到。	Potentially
河南真的惨，黑东北还有好多东北人来反对，黑河南真的就黑到底了	Potentially
同性恋应该选中立至少不会出来恶心人，同性恋者选中立做深柜才有可能改邪归正	Potentially
绝了，不明白为啥找黑人的女生意图是什么，那么丑图啥	Potentially
可是东北人在青岛的口碑已经差到不行了，我都躲着走	Potentially
我在想为什么不能做一个lkd鉴定APP出来呢？把之前和默一起的女的资料都上传上去。如果怀疑自己的女友有问题就到里面检索，这样对于天下的老实人而言岂不美哉？	Potentially
没办法同性恋的孩子最高学历就是高中	Potentially
女孩泛指0~18岁的女子过了18岁叫妇女，结了婚叫声阿姨女士不过分吧	Potentially
格局大点，只要是外国人，我肯定接受不了😆	Potentially
爱猩动保人士	Potentially
它要是遵纪守法也就罢了，碰见惹事的我就算蹲进去我也得给他弄个半身不遂	Potentially
再列举一个我觉得很关键的，大多国女找黑人白人结婚率并不高，往往是被玩够了分手，这些情况往往都是女的隐瞒自己的事让国男来接盘，彩礼车房一点还不少，我个人认为这个应该是最致命的，毕竟关系到每个男人的切身利益	Potentially
来中国的黑人，大概率和国女谈过恋爱，或者发生过关系，好多不止谈过一个。个人感觉，国内黑人有中国女友的概率，甚至比白人还高。	Potentially
小仙女都去非洲追求自由爱情了，你还想着要她们回来？回来干啥？回来继续PUA压榨国男？	Potentially
不喜欢黑人是正常的，很久以前连匈奴人都无法接受，不说还是皮肤颜色等外观与本民族迥异的外族了。中国不欠黑人什么，中国自古以来并没有黑人这个民族，更没有类似美国黑奴引进的历史，所以也不存在歧视黑人这个说法，只是正常的排外罢了，不仅排斥黑人，也排斥白人等异族。古时有句话，非我族类，其心必异，当中华民族势微的时候，恶果就会显现出来，君不见五胡乱华？	Potentially
早上7:00-中午12：00基本处于消失蒸发状态下午13：00开始喘气晚上18：00之后进入活跃期，特别是半夜还在游走一周只有一天时间可以全时段在线结论：超大概率保安，下了夜班整个上午在睡倒瞌睡，中午起来开始进食，晚上出门继续开启夜班之路，一周只有可怜的一天休息时间，规定太过于固定，说明它没有朋友，家人根本不管他，和它之前口诉的从小基佬以及现在和麻麻处得不好，它就是别人一家四口之外多出来的累赘	Potentially
我支持女权们不婚不育	Potentially
所以你们gay存在的意义为削减人口做贡献？	Potentially
非洲引进的“高材生”	Potentially
但也不是媚黑女的中国	Potentially
不止是白人，国女是世界少有的非洲、印度、巴基斯坦。通通咽得下去😓	Potentially
一不小心把仙女整破防了，看来网络上脾气巨大的公主基本都是这样的	Potentially
错 上海排外排的是中国人，外国人可一点也不排，全供起来舔	Potentially
那些傻卵劣信女别理它们	Potentially
不接收就对了。ZG不接受阿难民是正确选择，一帮神棍	Potentially
骂南方人马来猴子的，都是瑞典和族混血老铁。	Potentially
白人也接受不了。😄	Potentially
黑盘你都接？没女人你会死吗？尊严呢？给中华男儿蒙羞！🙂	Potentially
这种喜欢用宫妃头像的，对半是有性别焦虑问题的通讯录。	Potentially
简单地说，“我”网络上可以重拳出击，一喷喷一片，现实里面友好相处，尊重女性，如果发现身边有谁媚黑，那不好意思，一票否决	Potentially
没事干躺着刷手机时可以去溜达溜达，保准有各种发现，或者查查关键词，你就能发现玩个游戏都有那么多拳击手	Potentially
txl鼠惹	Potentially
没救了，迟早跟巴黎一个德行！	Potentially
跟审美没关系，白人一样会被慢慢疏离。彼此进入社交圈，是要承担信誉风险的，多数人懒得冒这个险。真的外嫁后还能玩得好的，就文化有共同语言的日韩、东南亚部分国家。	Potentially
女士优先绅士风度这些是从西方传进来的东西，男女平等才是国策，西方紫苯滋养了女拳	Potentially
她得艾滋了你别去碰她不就好了，得个艾滋而已总好过去非洲送死吧。再说了，她可以嫁给男艾滋病人嘛，解决中国男艾滋病人的结婚需求不是挺好？中国同胞干嘛便宜非洲佬！	Potentially
参考希拉里克林顿。。。结婚了女的姓都没了😅😅😅	Potentially
看来你就是答主说的那类人了吧，😆以后分手了再找别隐瞒你找黑人的历史哦	Potentially
快点展示你的基头	Potentially
泼妇男，你贴出我拉黑你？你怎么不贴出你持续不断满篇脏话的撒泼言语呢？嗯？那帖子还能正常回吗？嗯？下作的剑人，哈哈哈[表情]	Potentially
公开数字大概20%以上，不过看最近非洲新冠检测情况，我已经不相信非洲的任何统计数字。	Potentially
那女的作态还非常低贱，太丢人了	Potentially
舔狗太多会惯出来这样的	Potentially
没事，不是说舔狗很多吗？幕刃召唤舔狗就算了	Potentially
用歧视修正道德吧，媚黑的扭曲三观，需要歧视其，并连带歧视其家人邻居等等大范围，只有火烧到了身上，大部分人才会救火	Potentially
我们应该联系男权吧，就算大男子主义再怎么样也应该不会支持男同，更别说女同了	Potentially
中国是伪装成国家的文明，而我们的文明就是56个民族的兄弟姐妹智慧劳动的结晶，明显黑人不包含在56个民族里。而且说实话，我们也没有任何一个民族会出现如黑人一般的大多数是人渣这种情况，让黑人加入第57个民族。。。我觉得是对所有中国人的侮辱	Potentially
批评干嘛，求仁得仁又何求！求黑得黑，与黑长存嘛	Potentially
上海歧视有，但是说实话不歧视河南，受害者主要是苏北和安徽。	Potentially
基佬会吐口水	Potentially
女的对于索要彩礼有三个阶段的借口，进攻退守1.以伺候男方父母为借口。但因为现在大部分人结婚都重新买房搬离原家庭，都不和父母住的，这个借口很快被推翻。2.以伺候男方，做家务当保姆为借口。然后现在女的会做饭的还没男的多，很多家庭要么是男方做要么是点外卖，这个借口也站不住脚。3.以怀孕期间的保障为借口。因为怀孕期间没法工作，所以以此为借口索要保障资金，该拳功甚至博得很多龟男的认同，所以尚未被推翻。大家对以上三个拳法怎么看？	Potentially
垃圾人口，增加世界负担	Potentially
我媳妇也会打拳！节假日忘记买礼物她生气了，我说我生日你怎么不买给我？结果她更气了，叫我去外面问问是不是所有男的都应该给女的买！😅WTF？！	Potentially
现在被基佬删了	Potentially
必须对黑蛆实施种族灭绝！！！	Potentially
你应该说，大姐别激动，我们一般都是偷井盖，不骗人😅	Potentially
问题是这些类人猿他们繁殖速度太快，消灭不了呀！	Potentially
我在我身边 不管是学校的 工作的 家族亲戚圈或者朋友圈没有见到一位你说的那部分 倒是见过五六个一门心思娶外国女人的男性朋友😜😜你怎么看	Potentially
txl没吗	Potentially
我在想田园不是不结婚吗。。那么生孩子管她什么事。	Potentially
日本现在早就没有武士道而现在只剩宅男文化看看日本最近动作片都是龟奴把自己老婆和女朋友贡献出去这也反应最近日本一个态度	Potentially
实话实说，这些男人也太怂了	Potentially
是时候要灭绝黑人了	Potentially
像你所说的那个女的，我们能理解。不过话说回来，跟出去的外嫁女不一定丑，在中国养三非的女的真的是一个个丑上天了🤣可能就像包养小三的那种感觉吧，只不过她们是藏匿了一个外国男以及生了一堆小黑人	Potentially
是男挙定义宠女人的男人为狗，什么叫喜欢当狗。	Potentially
对啊，我长这么大压根没见到过女性和黑人在一起的，真的一个也没有，咱也不瞎不傻好吧，中国人的审美很难认为黑人帅吧	Potentially
同样女权所说的家暴男也很少😆，为什么要把部分的家暴男上升到整体？😆😆	Potentially
国女干的好事	Potentially
为了性去跪舔女人，为了性被吃干抹净，是有多可怜啊，你们是怎么克服性这个弱点的，我认为吃色普龙，还有补佳乐最好，因为，我作为药娘过来人的经验，保证吃了无欲无求，这样女人就不能利用性这个弱点了，有条件的话，最好去变个性，这样就可以挑战女人的性取向了，到时候可以扬言“有本事就百合”之类的。	Potentially
老赵，来讲讲中国原住民被大猩猩不当命的现象	Potentially
所以有公安局还是得有个熟人的，他们的网络可以有个人开房记录的信息，只要查出一次和老外的就基本否决这个女人了，现在的酒店都是需要身份证入住的，用这样的方法来筛除烂裤裆也是不错的	Potentially
部分地区穷吧，我说的部分地区这一点	Potentially
根据大数据所得，100%的女拳都是智商低劣，且具有严重基因缺陷的下等物种，来源《就你会编？》	Potentially
垃圾小仙女，不配活着	Potentially
安徽也爱黑别人	Potentially
八成以上男同骗婚，九成骗婚者家暴，一成配偶被传染性病。也许很多反感是这么来的	Potentially
阿哲，好像陈浩民张卫健吴彦祖古天乐尹正他们的帅我挺欣赏的，至于现在的娘炮，对不起那些女拳拿这些娘炮当例子还说人家嫉妒，真是笑大牙了	Potentially
中国女人是被哪个古龙迷香给控制了大脑神经和思维阿。	Potentially
反同要跟上潮流	Potentially
哈工大，真晦气🤭	Potentially
别天天说广东，你看我关注那个仙仙底下骂广东可不少🤣	Potentially
你这就错了。在你看来去非洲是好的，天龙人可不这么认为。	Potentially
跟你们基佬学的😆	Potentially
人家凭什么要这么多条件和时间去思考自己为什么接受不了同性恋，不喜欢就是不喜欢，厌恶就是厌恶。我讨厌一个事情还得事先说服自己让自己不讨厌？？？	Potentially
中国不存在种族歧视，因为在中国的原住民中没有黑种人。	Potentially
我们潮汕黑成灰了	Potentially
同恋是可以改变的	Potentially
中国也整天被世界指责环保、威胁论等问题，我们是不是要感激他们？	Potentially
这两地方有优越感那都是几十年前的事了。。。。	Potentially
女～权：男女平等。女人和男人有同样的地位。女～拳：女性要有特权。男人占女人便宜。赞同女权。让女～拳和男～拳在一起吧。	Potentially
好嘛，敢情一千大几百万外地人在上海受罪来了⁉	Potentially
你不就是个山东人吗 在那反串啥啊😓	Potentially
这慕茜丶真恶心，是个女权，支持姐姐打弟弟，不拉偏架，你就挡中间当肉盾，看孩纸打架好玩是吧？这慕茜丶个坐着看戏，先拖出去枪毙了，	Potentially
因为你公开表达对LGBT的厌恶，最有人味的反驳就是「关你什么事，吃你家大米了吗」。「收敛一些」这个说法，换个群体，就能看出逻辑链的根本性问题了	Potentially
建议废止该部法律，出台《男性权益保护法》	Potentially
我先来让她们自己去卷例假不能休然打扮和男性一样去挣一样的钱	Potentially
对啊，仔细想想得啥样的女生才能找黑人啊😅	Potentially
黑你们东北河南的是广州的广府人他们不仅仅黑你们，还黑在广东的“潮汕人”和“客家人”7000万广府人命贱欠杀的，我们8000万客家人以前在清朝把一部分广府人的土地抢过来了，很多广府人被打跑到香港或者移民到旧金山去了，TVB创始人就是和客家人有世仇的。不过已经过了100多年了，很多广府人（粤语：讲苦人）还在拿以前的“土客械斗”说话，肆图让我们客家人给他道歉？??	Potentially
上海(包括苏南浙北吴语区)喜欢排斥江淮地区，苏北和安徽中北部	Potentially
笑死了，***自己没有能力买房啊，还要靠男人，要她有什么用	Potentially
女⭕️师和泥鸽。导致艾资也不少	Potentially
这个黑犬，设置隐私了，搜不到了	Potentially
是呗，正常女哪有喜欢黑人的啊😅	Potentially
你们那算啥？凡是有东北两个字。就全网黑。你们那才几个人黑？看我们大东北。知乎一搜索东北。全是黑。自带流量光环，	Potentially
黑人太容易得到中国女生了	Potentially
关键她们别留在国内啊，等到中国遍地黑娃娃，看着就恶心，😅	Potentially
你以为她是给你们看的？给她提纯后的粉丝看的罢了“她都已经道歉了你们还想要她怎样？”，之后该赚米还是赚米	Potentially
其实那女的有可能是j，留学生有补贴，用补贴找j	Potentially
雀食男同恶心	Potentially
性少数者就没几个大脑正常的	Potentially
我觉得问题不大，国内女性都这样压迫中国男性了，我们还管她们干嘛？	Potentially
我真的太害怕江苏人了，跟他们唠两句，必提到GDP😆😆	Potentially
要是反击黑人不犯法你看敢不敢	Potentially
我现在生活很不错，但也歧视黑人和对它们有好感的easygirl,离开中国的除外。	Potentially
下贱的杂种	Potentially
真没想到我大东北有一天居然不是地域黑最惨的了	Potentially
都说，所有的女人生孩子多么多么痛、多么多么难，多么多么危险。。。。。可是，有没有听说过，拉屎，小孩生出来了吗？撒尿，小孩生出来了吗？走路，小孩生出来了吗？。。。。。真奇怪，怎么她们都是生出来了才发现是生小孩呢？比拉屎都容易，为什么不痛？谁能告诉我？？？	Potentially
哎哟，魔都在被黑你觉得上海还愁没人去？现在被黑的惨的省份，山东河南东北是人口流出（流动人员或户籍更改）大省，直接影响经济，进行恶性循环	Potentially
他一定怕他爹恨不得把他爹那啥了吧，啥帖子里都有拳师，还说不是隐藏的拳师吧？	Potentially
井盖都是俺们偷的🤔	Potentially
我知道楼主你肯定不是一般人希望可以把我的言论告诉组织别让这些黑人祸害在中国了	Potentially
我也是。我及其厌恶黑皮。与其为伍就是自甘堕落😅😅	Potentially
来看跪虫族	Potentially
为什么不支持同性恋就是束缚思想，这是道德绑架吗	Potentially
被基佬举报了	Potentially
我愿意相信答主用吃辣做对比是无意中忽略了社会现状。但是对于同性恋行为，社会不仅表现出了有形的骂而已，因为对于一些机遇，一些舆论，一些无形的利益/压力，社会在这些方面的歧视比骂这一行为的伤害更甚。	Potentially
婚前非处这一属性到底比处女好在哪里呢。本人看过很多为非处洗地的帖子，但都毫无意义。因为其中心思想无非是“处不处不重要”，只能通过削弱处女属性的价值来提高非处的相对地位，而指不出非处女的价值、相比于处女的长处。	Potentially
我厂里有个孕妇第二天去剖腹，今天都来上班，那些公主就是矫情	Potentially
当然→_→，女看男的话。。。按照上面的换着来就是了，现在的社会，男女都把性想的太过于美好了，而他们则只看到了同好的一面	Potentially
犹太狗在后面给他撑腰	Potentially
好客山东给爷爬	Potentially
他们对上海地域黑怎么黑的他们把我们做过的事都说了一遍别的不说，就爱丁堡一事，哪怕你是上海人都不该维护自己，否则就别怪别人黑	Potentially
原来沪黑都如此渺小了a	Potentially
小仙女日常精神病	Potentially
这我就不赞同了，结婚生孩子就要体验分娩？要我说舔狗约炮都必须体验分娩	Potentially
其实稍微有点脑子就应该知道这是情理之中的事情网上怎么闹无所谓 现实就会社死 谁跟她玩的近也会一并社死	Potentially
0号病人是同性恋把？同性可比异性更容易传播	Potentially
福建做的恶 真的绝不比上述被黑的地方少 不过是富裕一些罢了	Potentially
闹乱全球的始作俑者就是犹太利益集团，新一轮的青洗必先发生在美国。	Potentially
老外付1％的责任，锅女付99%责任呗，那老外1％责任在于自己掏钱买的机票，自己办的签证，而不是锅女帮他们买机票，办签证	Potentially
看见南宋人的嘴脸就可恶。	Potentially
幕刃是这样的	Potentially
当然是特例，一般偷偷摸摸最多自己组小圈子玩，大部分普通女孩生怕被误会都不敢跟这些以前的小姐妹来往。。。敢跟嘿贵一起的肯定都是为爱不顾一切的，这个跟学历无关。反而家庭条件差的会更多看中物质，流水线女工不会欣赏他的甜言蜜语，她们对能不能开车接送会更有兴趣。就是少才稀奇，竟然有为抢嘿贵在学校门口打起来的。	Potentially
这个女的可能是欲望比较强吧	Potentially
所谓“混血狗杂更好看”的论调，就是典型文化极度自卑的奴才心理。混杂后代智商低下，面貌丑陋所占比例更大。（黄白乱杂交后代依然是白人，黑皮能够同化全世界所有人类！）而鼓吹混血优越论调的，不是汉奸，就是文化自卑到骨子里的奴才，总觉得外国月亮比较圆。相同人种混血的问题不大，历史上入侵中国的外族几乎全都是黄种人，这就是华夏文明能够延续几千年的最根本，最直接原因！而四大文明古国其它三个，早就换了无数人种。南非、马达加斯加、南北美洲的广大地区，原本都是黄种人的地盘。现在百分之九十都被白黑两种生物占领。欧洲圣母鼓吹所谓“开放包容，接受移民难民”，结果现在变得又黑又绿，动荡不安，早已无回天之力！中国人再不警惕起来，下一个就是中国！	Potentially
我们首先来说国际鬼子虫类及其它们后代虫混真的比人类体育好别逗别忘了前不久欧洲杯拥有着众多国际鬼子虫类及其它们后代虫混英国队连纯白人意大利足球队都没踢赢而且再说历史上巴西足球队也有输给过纯白人足球队比如意大利和虫化前法国等等等就不举了而且体育只不过强身健体但对提升一个过家的过力完全就没有多大关系准确说来像这样体育可以说可有可无而至于国际鬼子虫类及其它们后代虫混所谓音乐根本就是黑猩猩的嚎叫	Potentially
南美棉花小黑马	Potentially
中国男人在非洲也是被非洲女人倒贴的份，津巴布韦总统以前就建议希望中国劳工出国带上自己的妻子，不要在搞他们国家的女人了，关键是还专挑好看的……，然后悄悄回国😅😅	Potentially
微博不是垃圾桶吗？你为什么要去垃圾桶逛？看到垃圾还和我们分享	Potentially
不评论，不支持是因为不可能改变同性恋很恶心这种观点。既然说了就政治不正确，还不给别人不说的权利？	Potentially
别人不能定义性少数，那同性恋有什么资格给儿童定义？	Potentially
绝大部分黄黑混血上不了高中，甚至到了初中就会辍学，反正就是街溜子预备队。	Potentially
反同的人寿命短可能因为做了同妻同夫自我了断但只是少数人会这样	Potentially
说的没错，小战士	Potentially
尊重个屁，女拳这麽不尊重男性。要特权才是真的	Potentially
河南人真不错，比我们苏北人好！再一个河南朋友能处，比地温好多了😅	Potentially
舔狗以为舔狗最后应有尽有，谁知道没人领他的情。	Potentially
笑死，这就是你们地域黑的逻辑，所以你黑别人你有理，还说别人黑你，这波贼喊捉贼有意思	Potentially
女权为什么要学我们男权反婚反育，并且要攻击辱骂男权反婚，因为女人清楚的知道反婚是打击异性权益的最好手段。男性反婚自古有之，中国几千年前最著名的哲学家老子以及他弟子创建的道教门派楼观道就是吸引教徒禁止教徒结婚，到后来的王重阳创立全真道，和弟子丘处机广泛传教宣扬不婚可长生不老，其实他们早就清楚得意识到婚姻对男性一生伤害甚大	Potentially
上海名声一直就不好好不	Potentially
不管将来谁当政参政，一定要强制给黑人黑杂做绝育，要像以色列学习	Potentially
女性和幕刃是两种生物	Potentially
都2022年了还洗女权呢，把女权所有的恶挑出来，命名为田园女权，我们女权就是圣洁无比冰清玉洁的先进思想呢	Potentially
蛤？他明明黑的是广西好吧？	Potentially
还有人说默是人？	Potentially
小红书微博第二，没有老哥冲啊	Potentially
不我就是想看她们的笑话，故意让她们胡闹，看看她们生下丑陋的哥布林。😎	Potentially
这是腐癌，跟男同群体有什么关系	Potentially
黑高犯罪率，不是歧视，在世界各地都是如此。引进中国，引进犯罪	Potentially
黑二奶带着私生子上中国大使馆找孩子爹，这个外媒都报道过，还上过一次外网热搜，中国大使馆都不理	Potentially
默😆学到了，好字	Potentially
所以地域黑的地方也是存在的啊。你家乡无非就是没上海那么有名而已。谁有空去黑一个村子？	Potentially
不会真有人想和小仙女结婚吧不会吧不会吧	Potentially
这点没得洗有时候塔利班是对的	Potentially
这么说，那就应该是所有不要外国人彩礼且结果的女生全都出国不要回来喽，可惜好像不是呢	Potentially
一眼真，也就母畜能干得出来这种事	Potentially
环保问题？你告诉我现在的环保组织谁不喷？威胁论本来就是中国的崛起威胁到了西方的利益，威胁论越疯狂，中国崛起的速度就越快。但是中国女性媚外呢？国内也不是没有例子，不用不承认了，你们就是媚外。😆	Potentially
慕勾是这样的	Potentially
说分割家产，必须平分管你男人娶不娶老婆，然后我说那女厕管你要干嘛比男厕多一平方厘米就是不公平女拳破防了，温和女拳在给我科普，再nm科普也违背了你要的绝对公平，魔怔女拳要拆男厕小便池，我说小便池关你女厕屁事，只要面积多多占你一平方厘米，你管别人装什么，真nm管的宽	Potentially
没什么好奇怪的，我生活圈子里有女人找黑人我也会疏远。我看到黑黄混血我一样会远离。说我种族歧视也没关系，我就是不希望和这个群体产生任何一丁点的来往。	Potentially
看图中这个不是反同的，同恋该时候承认是精神病了	Potentially
我去杭州玩 刚出铂丽酒店没一百米 可能因为我在和边上的同学用东北话交流 两个东北人真是罪大恶极 杭州警察立刻把我俩拦下来盘问并且要求查身份证 你要非得说没有歧视我也没招 我说的要是萧山话他会拦我们吗	Potentially
在天龙人眼里，吴签没有宁波黑人高端	Potentially
确实，上面带的节奏就是怕老婆，交工资，等到成气候了就开始鼓吹消费主义给女的洗脑，现在国内就成了逆民主义女拳横行了，还是挺有意思的，现在都恐婚了。	Potentially
但答主喷人也不违法，被喷到的人如果觉得侵犯了自己睡黑人的合法权利，或侵犯了睡黑人的自己的名誉权，可向人民法院提起诉讼。	Potentially
男生是正常人反应，女生是巨婴	Potentially
这个人哪个非洲国家的？	Potentially
说黑人是劳动力的太可笑了，殖民时代是，问题是现在还是那种传统意义上的殖民时代么？如今的时代，黑人是解放了，问题是黑人能主动依靠劳动获取报酬么？黑人和他们的副产品打着“反对种族歧”的旗号惹事，把本来平静安宁的社会搞得乌烟瘴气。解放他们有什么用？	Potentially
幕刃骂多了反而对这句话不感冒了说这么一句话本子就能治她，反观我们这里，批话更多更臭，其中还有龟男帮着一起说真不知道我们还有多长的路要走	Potentially
痛经是女性身体结构的问题，应该找女娲或者上帝打拳，而不是把这种责任扔给男人	Potentially
每天叫唤前台的姆人，送快递，寄快递，每天都要找理由骂她一顿，今天把它都给骂哭了，爽	Potentially
避害是动物的天生本能，何况人类。那些自己往艾滋堆里钻的人，应该属于“自然选择”要淘汰的那部分	Potentially
微博的小仙女都在说求你们男性都清醒，放过我们吧。	Potentially
民政局告诉结婚率血崩，小仙女们说田楠无数，谁在说慌？	Potentially
关于默，玩兽j的小仙女岂是郭楠可以高攀的😄😄😄	Potentially
站起来，慕洋舔狗	Potentially
南满不是人，南满是满子	Potentially
是呐，我一说是河南的就有人说偷井盖儿的╮（╯＿╰）╭	Potentially
北欧只不过是在性少数上做的相对比米国较好罢了	Potentially
对于左壬，除非他们自己被绿一次，否则他们不会醒悟的。这不是为了被绿而被绿，而是通过被绿认识到女人在做选择时有多么凶狠。	Potentially
我表哥96年去兰州大学读书时，他同学有甘肃的，那时候甘肃确实很多地方贫穷落后缺水，不过并非全省这样，至少河西走廊那块与刻板印象中的甘肃是不一样的	Potentially
提议女方婚前支付五年个人收入做彩礼，不然女性不懂珍惜婚姻	Potentially
又是黑人...你说这是你祖先的这就是？	Potentially
我只要求它们不要来中国就行了，至于其他地方它们有没有从来不在乎	Potentially
种族主义者又不是错的，和民主主义者是一个概念，种族主义概念的出现，不过200年，以后到太空时代也适用。	Potentially
有件事情很让人费解，难民不应该是被严格监管或者限定其活动区域么？怎么敢这样嚣张的在别人的家里大肆破坏还要这要那？而且处罚这些人好像还挺麻烦，什么时候丧家之犬都成了打不得骂不得的宝贝了？这个世界是不是三观不正？	Potentially
美国是移民国家，黑人也是他们国家的一部分，但是黑人不是中国的一部分。	Potentially
我鄙视黑人。我歧视黑人什么是鄙视。什么是歧视。什么是人😆😆😆	Potentially
别闹了，好像黑吉辽配单独提名一样🙂，那边一个多亿人都是被当做“东北”来整体进行辱骂的，是的就是辱骂🙂	Potentially
到处黑广东人长相这个真的过分……我不是广东人（北京的）也觉得好无语😅😅😅	Potentially
没有国家是以娱乐立起来的，更何况还是黑人的这种低俗恶俗的东西	Potentially
就这次郑州暴雨，百度有人提问：安徽雨也很大，为什么不像郑州这么严重？有人回应：因为安徽人不坏。真的服。	Potentially
街霸2,小日本做的	Potentially
从母人到都市丽人？	Potentially
黑人属于是自己放弃自己，和其他人没关系。我觉得应该尊重他们的选择，送他们回非洲，让他们自己折腾去。	Potentially
经典，某某地全是鸡🤣这种人什么成分不用多说	Potentially
畒🐶太多了，根本jb不过来，只能躲着	Potentially
东北被黑也挺冤，主要是东北一亿多人，其实我接触过的大部分东北人还挺友好的，相对而言比其他地方人更健谈更幽默一点，但也很友好	Potentially
那位说因果循环的，不就证实了上海被黑吗，有些人其实天生就是对上海有意见罢了	Potentially
别人的女儿跟黑人谈恋爱：支持恋爱自由，拒绝种族歧视。自己的女儿跟黑人谈恋爱：老子非要打断你的腿！	Potentially
华夏民族和非洲民族智商相差1000代人的进化（某文章上看到的），按照进化论来说，目前虽然没有进化到生殖隔离的地步，但终究有一天可能也会进化成不同的物种。就像人和猪，从一最开始，也是一样的祖先。😎	Potentially
相比较来说我觉得普信男还可以一不危害社会，还能自强不息。相反对社会危害最大的是那些既当婊子有立牌坊的人，这可不是什么荡妇羞辱，相反我对一些光明坦荡的性开放是持欣赏态度，现在某些群体又当又立的行为一直到了颠倒黑白混淆丑美的地步了。	Potentially
宁与友邦，不予家奴！	Potentially
每个在华黑人都会有3个以上的eg	Potentially
有人黑说明有存在感，山西的存在感实在是低到没人黑，悲哀	Potentially
广西盗贼多，河南安徽假僧侣多，河南乞丐多	Potentially
贴吧图片中的非洲人应该回到非洲去！！！	Potentially
在东南亚那些10几岁的嫩妹根本就花不多少钱随便玩	Potentially
所以没错为什么改？直接普信男小仙女打起来啊	Potentially
看人吧😢不正常的男童百分之99 	Potentially
你喜欢默默默？默女也是够	Potentially
正常入镜的就很好？都是一路货色。黑人有良心吗？	Potentially
新群，一起爆杀小仙女啊	Potentially
鸡就算了 带个娃的还可以接受	Potentially
可以让她生了，分月付款，生完滚蛋，给别人生去。好像也行	Potentially
男的会生孩子为啥要有女人啊，隧道矿洞核电站能用女人？	Potentially
北方人眼里，广东南蛮之夷。	Potentially
珠海市五洲花城是吧，今晚就过去刀了这幕刃?	Potentially
双标男，见的没几个，女的倒是挺多的😆	Potentially
自己过的好就行了，苏北最穷的地方能吊打中国的大部分城市这个看中国城市排名就知道，这些人再怎么地域黑，我们的生活水平也不会因此降低。过的好就是好，这要不是说没品德都不是大问题。毕竟穷富这种东西都是看个人家庭的。🤔	Potentially
请问抗战死了多少女性？😆	Potentially
如何薄纱有性别焦虑问题的通讯录？	Potentially
男人嘛，就是牲口。还没看懂?	Potentially
西戎 北狄 南蛮 东夷，没一个是好听的。只有我大中原人杰地灵??	Potentially
听见吉林同事骂她男朋友“辽宁杆子”，这才知道原来三省内部也有歧视。不过相比我们内斗省这根本不值一提。	Potentially
怕不是不知道广州一堆汉族小黑人吧🤣	Potentially
不是对黑人歧视，真的是一想到这个女人跟黑人水果，感觉好恶心，长得漂亮又怎么样，还是很恶心	Potentially
说了多少次，拳师的目标非常明确，就是把蝈腩干死，彻底的把蝈腩变成自己的血包别人说啥干啥，只要不是给蝈腩打气，她们都不会管的	Potentially
感觉你这种加上省名的也算地域黑…隐隐约约透露出“皖乃穷鬼”的气息…	Potentially
东北以前原本就喜欢地域黑啊，你拿这个做比喻没必要，十年前上网的都知道。只不过现在是自己遭重了	Potentially
努力姐专门骗中国女人嫁非洲，和蝴蝶姬一样	Potentially
前面我们说过同性恋骗婚的根本目的是出于生育的需求，所以同性恋婚姻合法化同性恋就不骗婚是个骗局。但是骗婚的同性恋只能是同性恋中的一部分，大部分同性恋都不会走这条路。其余大部分的同性恋为了自己的生育的需要会怎么做呢？无非就是领养和代孕两种，领养是其中的下策，代孕将会是他们大部分的选择。代孕是一种对女性的物化和将孩子作为商品的行为，我相信大部分人都是反对的。而当同性恋的权势大到一定程度他们势必会争取代孕这条路子，所以为了避免这种现象的出现就必须反对同性恋，降低同性恋的数量将他们扼杀在萌芽之中。	Potentially
别想多了，有多少中国女性会嫁黑人？反正我从来没遇见到过。在者，你会娶精黑女？。	Potentially
这就是你们txl的好队友吗？	Potentially
这男的也是啥pei给女的当狗活该	Potentially
又是某东北人到这里反串的吧🥰	Potentially
口气别这么大，你们别倒贴默就行了	Potentially
全国人口第一流出大省，再总骂下回不来这打工了岂不损失	Potentially
只要我的孩子不是同性恋就行，我不想断子绝孙，其他人我还管不着（我好像很自私，但请不要怪罪我）。	Potentially
哔哩哔哩上有一个女同叫饺子不爱吃皮儿，她经常弘扬搞同还有一个视频叫《女生怎么追女生》这就是明摆着要怂恿了，希望大家一起去这个视频下反对她	Potentially
其实我不关心女人找不找黑人的问题，但你随他去非洲，去美国不好吗，别留种在中国，最最起码找个白人啊，白人起码后代大概率还挺好看	Potentially
eg是白人老外起的。	Potentially
那你观察得不够了。厦门是被地域黑最严重的地方之一，原罪就是因为城市核心区在岛上	Potentially
国人挺能忍的，这要是毛子绝对打它	Potentially
如今法兰西早就是第二个南非而以后美国将是第三个而第四个必定是我过	Potentially
喜欢搞地域黑的三大区域，长三角三省市，珠三角，西部某都	Potentially
还有现在连某些央视都有嘿人节目，甚至嘿人评委，看着那血盆大嘴在那一张一张的心里就难受的慌，关键评论里没一个反感他们的。只要是老外，不管来自哪里长得如何，下面都是一股脑儿得说帅。眼瞎了么！但有没有发现东南亚的黄皮老外不在此列，相反是看不起越南缅甸柬埔寨等那旮瘩的老外的，感情它们喜欢的是外种？？？	Potentially
黑东北的往往想不到他这一黑 就是3个省再加上黑河南、新疆、潮汕好家伙 地域黑是不想祖国960万平方公里完整是吧😓有些人对湾湾都比东北热情😓	Potentially
女人说：“换了本仙女就不可能找到更好的了”。男人说：“这是编出来给?男心理安慰，好让?男去舔去接盘的”。	Potentially
男的社会价值就是比女的高啊除了生孩子女的能做的哪件事男的不能做？且做的比女的好？叔本华讲的还不透吗	Potentially
已经完全失去了对中国年轻女性的信任（35以下），反正我现在看任何一个我不是很熟的年轻女的都先贴上两个标签 女拳王 媚黑，就像女的说男的都是潜在强奸犯一样，互相戴帽子呗，两性之间的信任会越来越少，直至完全对立🤔	Potentially
肯定不能接受，我想这是男性对自己种族的保护措施吧！如果接受和黑人谈过恋爱的女人，就一定程度上等于接受黑黄混血，要不了几十年炎黄子孙就得灭绝。	Potentially
男同性恋骗婚形婚骗子宫很常见，二者都是压迫女性的行为。如果见到同性恋我不会去指责，排斥，辱骂，我只会远远的离开不和他们扯上关系	Potentially
田园女权是对真正女权最致命的打击，一旦两性关系坏了新生代男性因田园女权开始草食，那些能力弱一点的女性的噩梦就来了，会被不草食的渣男当消耗品，而这些女性面对外国男性也是弱者，不找男人要自立她们会更加困难，因为她们天生能力有部分本来就是要家庭才能发挥的，这股天生能力不能产生收益又削弱挤占了其它方面能力，女性地位糟糕了生育率也下降，所以真女权要提倡，田园女权真的是灭国之道	Potentially
他们是被国女逼的。	Potentially
基佬罪证合集	Potentially
有小腐沟帮男同宣传得好呗	Potentially
胡说，黑人各个都是王子，等着继承亿万家产，嫁去非洲就可以享受美好生活了	Potentially
😅我觉得大部分人都是图个新鲜感，甚至有些人网络上说自己支持同性恋，在大街上看到两个大叔搂搂抱抱甩出一句好恶心。😅	Potentially
男性大多都有自知之明，根本不符合“普信”。然而女性月入3000嫌弃男性月入5000很普遍，算不算普信呢？	Potentially
东北人被河南人睡 不亏	Potentially
然而黑人就像清道夫，你引进了，赶都赶不走慢慢的，整个鱼塘只剩下清道夫了	Potentially
贬低和批评中国大陆是西方国家的日常工作好吧，去看看整个东南亚那里是西方国家的的后花园！	Potentially
南大人要真有本事就把东三省独立出来，我们说不定还得好好谢谢他们。	Potentially
中国男人配不上中国女人	Potentially
黑人能有什么好事情？还在引进，作死害百姓	Potentially
你以为苏北人在面对外省的时候态度好吗？不，别人一口一个我们江苏人，欺负别人不清楚苏北苏南的区别，在外面把自己当天龙人	Potentially
呵呵，这答主气得我想笑。性教育缺失？？？？难道要在学生性知识启蒙教育的时候让他们搞同性恋？？果然帝国主义亡我中华之心不死！	Potentially
远离嘿，真爱自己	Potentially
找小姐我花钱我是大爷，给女朋友买礼物，花钱当孙子	Potentially
笑死我了，黑人之所以这么多，还不是因为国家管的不严？中国这么多黑人，你又能保证他们不接触女的？关我们diao事？	Potentially
搞清因果关系，主要问题还是在幕刃这边，打破她们的外包装现出原形就好了，比如把舔G的女神头发P光光，衣服换成男装，口红脂粉全擦掉，再看她们如何卖钱	Potentially
性骚扰，好死但我觉得女的也应该加入性骚扰罪名，靠近身边能一拳放倒，免得反过来污蔑他人	Potentially
初中一个河南同学，偷东西 偷小卖部的饮料，然后跟我炫耀，当时还有点羡慕但是我也不敢，过后一想这不就是小偷吗，他家也不缺钱开理发店的体育特长生交的训练费都不少也不缺钱，但是就是喜欢偷，毕业以后我就跟他断绝联系了，这是我认识的唯一一个偷东西的人	Potentially
这些对东北人搞地域歧视的人其实很蠢，早晚搬起石头砸自己脚。	Potentially
肩上的脚丫吧的男同性恋就是脑子长得太简单了像猪头板鱼脑，支持dy的，我看见过他们聊天，说这个无所谓，有人反驳，他们会骂人。逻辑单一，自大的要死	Potentially
对，陕西的专业黑子，这种东西都有病吧🤔	Potentially
泄洪区的安徽人民，有苦难言，总是因为个别人，而受到整体上的歧视！！	Potentially
抖音评论里说话最脏的地区，随便找个视频，一看便知。	Potentially
很多黑广东的ip也来自广东🤔	Potentially
16楼那母苟双亲私觉？	Potentially
众所周知，自然界中越低级越处于食物链下位的生物便越能靠快速且大量的繁殖来维系种族繁洐，所以上图说明了什么？	Potentially
女人愿意和她们优秀的非洲老公回非洲我都想捐路费，最怕通过女人黑下来，生窝二代，长大后来一句我是龙的传人，我的妈呀简直头皮都麻了。	Potentially
不不不 我们云南人可比黑种好看多了🤔	Potentially
挨骂需要“从自身找原因”那转你这么说 2013年余姚大水还有去年新冠爆发初期网上让浙江人滚出中国 是不是浙江人也得需要“反思”啊	Potentially
怕是生活中沒人對她說過這些話，一邊罵街一邊yy	Potentially
现在网络上有多少人都宣传自己为男性考虑，会独立思考，结果看到小作文就脑子都不要了。	Potentially
人家一句，爱情里就是能分出个高低，就是没有标准，选黑人都不选你，说明你比黑人还差😄直接给你整破防😆	Potentially
现在超多ip山东，或者自称山东人然后天天在网上骂山东的，贼不理解要是过得不舒服离开就是了，再说山东够包容了山东要是都混不好去哪都混成那逼样。以后在前面加上一句山东人是我爹才能证明他山东人的身份	Potentially
湖南由于答主口音有问题逃过一劫，甚幸!🤭🤭	Potentially
支持还有推荐这个视频，韩国女权崩塌的魔幻史，真是用魔法打败魔法，时代的魔怔：韩国女权到底有多可怕？	Potentially
看了，男拳女拳还真是旗鼓相当。	Potentially
我国不禁止种族歧视，没事的，大胆说出来就行！你是不是种族歧视！我们热爱祖国，但是我们讨厌黑人！	Potentially
欧美反智研究一边去吧，跟当年非罪化如出一辙	Potentially
反同乃大势所趋	Potentially
同性恋下地狱就属阴了	Potentially
鸡汤的作者和读者都是女人，不向着女人她们没销量	Potentially
难兄难弟谈不上，东北被黑时，山东一直是主力军，去年疫情期间全国医疗队支援武汉，每个东北医疗队的视频下面全部都是山东人在酸在骂，我觉得吧平时你怎么骂怎么黑都认了，东北医疗队你也不放过，地域黑黑到丧心病狂了	Potentially
下策囧你打草惊蛇，以后她就会隐藏喜欢黑人的想法，变成一颗诡雷[蹲]	Potentially
没辙，10个地儿10个人出一个坑货，突然发现有个地儿10个人出2个坑货，那正常人当然对这个地方的人会提高警惕，知乎说不得这个，别讲，讲就是哪里都有好的和坏的！讲就是坏的开除户籍！知乎黑东北就两点，一种就是收了钱写文章带节奏硬黑，另在一种就是确实是底层的东北人在外面的名声不咋地，让其他东北人跟着躺枪😅	Potentially
看到了那个枯寄吧的回复果然和我说的一样只会无脑谩骂果然txl没有正常人	Potentially
男权最大的错误就是现在就反击了，欲令其亡，先令其狂。大部分舔狗都绝望了才是出手时机，出手太早只会让她们温和的处于优势地位，就像房地产尾大不掉。	Potentially
安徽被黑麻木了，为黑而黑，低调成这样了还要黑	Potentially
在中国，你这种烂鲍鱼一般被人叫做普信女⁉	Potentially
猿形毕露了兄弟们，大家理解一下，这只狗狗的YD长在了猩猩身上，大家要有怜悯之心，毕竟会说话的动物很难得的，大家每天拿它娱乐娱乐多好	Potentially
关键郭朒没有啊😄	Potentially
先自己调查下好吧，南方系更多好像说的是广东，而且这也是实话，南方系媒体系统性BBC操作还少吗？你一个南方老百姓跟着他们冲锋陷阵啥？大家都是普通老百姓没必要。	Potentially
不一定……因为很多人会爱屋及乌，讨厌也同理。 比如说提起台湾你能想到周杰伦，偶像剧。提河南99%是井盖儿。。。	Potentially
初中都没上过的鬼母牛逼吹的倒是不小，是不是现在人类已经无法满足你了？	Potentially
但是很多身边的人都遇到过河南骗子，无风不起浪哦，洗不白的。	Potentially
因为畸形的人只有配上畸形的爱才会觉得正常，并称之为真爱。	Potentially
还有我们东北呢 被认为素质差 黑社会 😅	Potentially
做同性恋是病才要上药	Potentially
江西也被黑啊，彩礼就算是吧	Potentially
雇个穷的，得癌症的，去泼她一脸流酸，让她生无所恋	Potentially
长沙法院不是母系社会吗。	Potentially
对不起，我就是歧视黑人，我还歧视向你这样的媚黑人，去吧，广阔的非洲大草原需要你，我亲爱的劳动力😄	Potentially
然而我举报了，竟然说不足于封吧的地步！继续让她们闹吧！到时候都摆烂了，铁拳就知道后悔	Potentially
感觉不至于吧同的就一群乌合之众没必要浪费时间精力	Potentially
中非友谊真的很“好”	Potentially
我觉得自己长得好不好看更实在，没必要拿一个地区来给自己脸上增光，喜欢说别人丑的，建议自己先照照镜子，你邻居亲戚长得再好看和你又有关系么？人家美国各种各样的人种高矮胖瘦白黑都挺自信的，反倒是东亚人最喜欢整容，其实挺可悲的。	Potentially
舔狗的自我修养，女拳越是猖獗他们越觉得应该抓紧舔，自己卷自己了属于是	Potentially
只能说，真是有意思，为什么总有普信男颠倒是非	Potentially
田園女拳和正常女權的區別就在於前者只會在網上噴垃圾話，後者付諸實踐並證明男性能夠做到的事情女性也可以	Potentially
我宁愿当太监也不会找黑人🤔	Potentially
黑人是跪族	Potentially
😓xs国钕谈贡献就要开始弱者表演，享受好处就要平分，分到了还要和默骂无声贡献的郭楠不觉得自己很ex么？	Potentially
权利地位责任与能力必须匹配，现在女性的生产力以及其占有的生产关系远不及男性，反而追求更大的权利地位，而不想承担责任，	Potentially
基佬依然那么怂，昨天被麻了一整天，因为词汇量不及格，所以只能用禁言这招了	Potentially
如果说外国人通过枪炮瓜分中国，殖民中国，获得巨大好处，那么外国黑人是通过和中国女的结婚繁殖混血黑二代殖民中国，那么他们什么都有了！！！	Potentially
😭井盖好沉的，根本就不好偷啊😅就这一个黑了多少年了，河南的假和尚可比偷井盖的多多了	Potentially
现在美国一半的暴动就是黑人惹出来的本来世界上那有什么种族歧视，只不过就是黑人为了掩饰自己的罪恶，故意为之种族歧视是永远不会停下来的。即使社会安定，哪里有黑人的地方，就一定有暴乱因为那些黑人是江山易改本性难移，无论你再怎么尊重黑人，别人心里觉得这是理所应当的，自己犯了错反而指责别人种族歧视。想要别人尊重你，首先要先学会尊重别人。黑人也只不过只会用种族歧视的概念道德绑架你。	Potentially
真是搞不懂这种人怎么就那么想当默的配种母狗，活该	Potentially
你说的强迫认可，是有哪个同性恋逼着你搞基了？恐同们可是经常逼着同性恋结婚呢	Potentially
寄生虫啥都指望男人也配谈女权和男女平等	Potentially
好久没看贴吧，今天一看反同恋吧我还以为是不是进错吧了，沦陷的好快啊	Potentially
出身就不好，搞人种论？辽宁人都是高人一级呗	Potentially
东北三省被一同称呼，如果我们把三个省拆分来看就会发现，杀人放火、打架斗殴、洗脚城女性、海南偷菜，全都只是黑龙江而已。	Potentially
我已经举报加爆杀这母钩了	Potentially
坦率说，如果不是肤色原因，看起来还挺顺眼的。	Potentially
不止是黑人，白人也不行。	Potentially
优秀天赋的默人打赏默猩猩一发梭子弹	Potentially
黑鬼基因太强，此鬼虽然是黑杂，但看上去跟纯种黑鬼并无太大区别。中国女人的子宫，一旦被黑精灌入，所生的崽几代都是黑杂。	Potentially
恰恰相反吧 黑安徽最多的就是江苏人	Potentially
我以前号还创过同入膏肓，化同为敌，同不聊生几个吧	Potentially
歧视的不是东北这块地方，是一部分东北人吧，我认识一个山东的不喜欢东北的，我还很奇怪山东东北不是一家亲吗	Potentially
男性对女性敌意大？微博厕所白叫的吗。除了营销号有几个男的还微博说话。除非什么重大事情的时候才会去微博看看官媒发的东西	Potentially
北方人不娘，可是抗日主力是南方人。西北人爱打架，可是当年同治回乱，救他们的是湖南人左宗棠。说什么南方人娘，开国十大元帅9个南方人。南方更发达，所以南方人更文明不爱打架而已，被黑娘。我中学时，学生打架，学校直接开除，哪里会有人以打架为荣	Potentially
贵州小偷第一名，这不是地域黑，这是事实	Potentially
说起地域黑就不得不提河南省	Potentially
我要质问造物主，为什么把蝻人设计得这么贱这么恶心，却把女性设计得如此完美？是因为造物主也讨厌蝻人吗？性别歧视，是不对的	Potentially
没关系，嫁给黑人真的不在意，就是不要生活在中国，谁管你嫁给谁，还是娶谁?	Potentially
五胡乱华的刘渊、石勒、赫连勃勃香港黄秋生这些都是混血儿以及后代。同样司马绍、郑成功也是混血儿为什么区别这么大因为父系是哪里人的缘故	Potentially
你说了这么多，实际上只有河南和东北被黑的最惨，其他都是阶段性的。河南和东北是一直被黑几十年了。	Potentially
这年头，什么人都能叫直男癌，女拳就是喜欢给人乱贴标签…	Potentially
我不纠结你这个真实性。只要是收过正常教育，或者自身条件不错的头脑正常的就不会找黑人。你说的这个 找黑人是一点发现黑人出轨还不放手说明没什么原则还跑到学校门口闹还把这种事情整得人尽皆知。你觉得这种人会是收到良好教育的？头脑整正常的？	Potentially
用定时化学武器消灭黑贵人，不留一丝痕迹。	Potentially
果然靠近幕刃会变得不幸	Potentially
其实，中华男儿也开始在全世界，娶媳妇了，娶媳妇了	Potentially
山东一旦被黑就是两性问题😅	Potentially
上海上戏这几年出来的牛逼点的演员基本都是我们东北的占一大半，上海本地那男的真心不行，沪圈这几年上海本地演员能拿的出手的就一孙俪马伊琍胡歌，王自健和金星在上海台节目很火，硬是被曹可凡这个上海土著在背后搞事挤兑走了。	Potentially
炎黄领地早晚都会轮流被黑，中原，河北，东北，山东，陕西。。。	Potentially
要改变美国的种族问题，除非让那些奴隶主复活来治治默。	Potentially
你也是基佬，为什么要伤害自己人呢，不怕因果报应吗？	Potentially
为黑人生产的？低档货?	Potentially
选择性忽视男拳可还行	Potentially
是的，我是一位专业打击👊同杏恋的职业人士，我每天的工作就是观察👀谁是同杏恋，并且加以记录📝和跟踪，如果出现同杏恋有关的消息我会第一时间冲到现场，对其进行打击👊，打击你们同杏恋就是我生活的全部，我热爱我的工作，如果你们身边有同杏恋请告诉我😡我会狠狠的惩罚他们，谢谢🙏	Potentially
发了个默贴被这个，看不懂反讽的开小号玩意儿攻击了	Potentially
对你的高论真心不敢恭维！什么叫优秀的男性拿点彩礼不是问题？20来岁的孩子拿彩礼还不是跟父母要，拿男方父母的钱去保证自己的安全、减轻自己的经济压力，这是不自信也是压榨男方家的表现，还说的那么冠冕堂皇！嫁给黑人就生活压力小，就不用要彩礼，难道他们那里是天堂？被国外男人抛弃，无奈带着孩子就是伟大的母亲？被国内男人抛弃，男人就是渣男，女人就是活该？自己傻怨别人！这都什么逻辑？	Potentially
男同没皮没脸要借别人的好脸	Potentially
珍爱生命远离幕刃	Potentially
圈子太窄了吧，黑人在中国玩过的女人简直不要太多好吗？一堆黑二代😅	Potentially
打基佬=打hiv	Potentially
世界终究越来越正常，直佬们做好被强制纠正取向的准备。	Potentially
友爱也是爱，但不过以txl为荣是变态	Potentially
和黑种人结婚就是把后代变黑，黄种人白种人和黑种人结婚生下来的都是黑种人，黑种人的基因顽强是有目共睹的，多和黑种人结婚，几百年后整个地球都是黑色的	Potentially
比如说到知乎三大美食荒漠，北京人直接承认，还跟着骂，深圳外来人口多，归属感差，也不说什么。唯独杭州人那个跳，你说我们荒漠是因为你吃不起巴拉巴拉😢	Potentially
那是必然是冬天最冷夏天最热的南方某省啊，卖惨谁也比不过	Potentially
正三观，先要保命要紧，黑女一般都是乱性的。艾滋病能治好？	Potentially
这些形象就是东北人自己给人展示的 然后别人是这种映象了 然后说别人黑🤣	Potentially
结了婚的通讯录在当今社会不出瑰的几乎为零	Potentially
嫁非洲人可以，去非洲。我们不需要中非混血。更不需要嘿二代少先队员说我们是祖国的花朵。审美不符，道德情操不符，艾滋病的潜伏期太长，国人很怕当接盘侠。	Potentially
女的希望男的什么都顺从自己，又希望男的能让她百依百顺，但又想在百依百顺中让男的顺着自己。就这么矛盾。	Potentially
豫東 皖西北 蘇北 魯西南 史上稱呼 黃泛區	Potentially
幕刃讲的不是汉语是亩语	Potentially
默错过了没有奸到，恼羞成怒	Potentially
“不仇女未必能让女拳消失，但是仇女一定不能让女拳消失，甚至会反向壮大女拳”中华大地压迫了女性几千年，也没有出现过女拳这种物种，可见女拳也不是仇女壮大出来的，而是平权放任出来的	Potentially
直佬日常迫害正常人	Potentially
这娇情的小人，楼主不想理你，删你大号小号的贴是符合规则的，从他以前发贴抱怨求分享的吧友，估计是幼稚小藓女，我看就是巨婴心理，所以他的大号小号连续被拒绝了，明摆的是她的舔狗	Potentially
这女的绝对不无辜！	Potentially
上海人是超级排外，不是黑，越老越排外。	Potentially
陕西没有存在感，一边凉快去	Potentially
我一东北人从来不黑安徽反而同情。不过你们的富邻居们肯定要黑的。毕竟和东北一个地位，不压榨一下怎么行。	Potentially
差不多得了啊，你们东北人出了名的自卑。张学良都能吹成民族英雄??	Potentially
大批直男被邪恶的基佬勾引失足建议立即将他们绞杀！	Potentially
汉奸最多的不是南方么？什么汪精卫啥的	Potentially
愛死你了妹子，不管對錯，我全都服從你，你叫我往東，絕不去西，不然我就不是個男人	Potentially
我来说一点，你可能不知道的吧，觉得男同恶心的男性通常都是仇男的，这样的男性不仅觉得男同恶心，同时也把其他直男都当成敌人，其实内心里就是想其他男性都死光，然后他们能占有所有女性……	Potentially
还是缺物质的女人太多。	Potentially
这个世界上有的人认为男人离婚了还是抢手货，女人离婚了就掉价	Potentially
江南男人尖酸刻薄的样子一眼就能看出来，有人回一句就拉黑跑路，哈哈哈	Potentially
谁能证明那个机器的疼痛等级就是生孩子的疼痛等级?没准那机器比生孩子疼十倍百倍呢？让女的上去体验一下，看看她们能挺几分钟，会不会比男的挺的时间长[你懂的]还有不同女人感觉不同，有的睡着觉就把孩子生了下来。	Potentially
这一波是钓了大鱼看看她们自己这些话，直接还给他们不是爆炸?属实是没脑子，应该故意装一波这样才可以继续道德制高点贬低别人呀。	Potentially
😆奇趣蛋还是滚来滚去比较好	Potentially
可以让跪虫族好好看看它们虫爹在面对人类精英足球队根本就没有赢可能性	Potentially
你让我抱个黑娃说这是我外甥，我没这个脸	Potentially
男的多事，让这个女的被骗个精光不好吗，惹得一身骚	Potentially
上小网站看看视频。黑男黄女一大堆，铺天盖地。但是黄男黑女你能找到吗！你喜欢玩人猿泰山是你的事！别扯那么远好吗！	Potentially
就好比小仙女总觉得自己应该被舔、自信的仙女最美丽，自信的男人普信男。总觉得龟男如果不要自己就再也找不到更好的	Potentially
远离黑鬼，	Potentially
你是女权吧派过来搞事的吧？作为一个成熟的男人别那么幼稚好吗	Potentially
谁会觉得非洲黑人高人一等？中国女孩找非洲黑人做男朋友的原因不用分析，都是成年人难道她们不知道非洲人艾滋病携带者比例有多高？难道她们不知道非洲男朋友找她们只是为了排解寂寞？难道她们不知道即使跟她们结婚是为了拿居住权？她们很清楚。看看那些找非洲男朋友的女孩有几个是被中国男孩看上眼的，人家也有情感和生理上的需求好吗。至于那些所谓被骗p，染病，单亲女孩来说，大家看到几个来控诉的？没违法没道德败坏的何来批判之说。别拿黑人前男友感染艾滋病又传染给中国丈夫和孩子的例子说事儿，那种愚蠢的男女还是很少的。欧洲有些国家的女性倒是不鸟这些黑人和中东移民、难民结果这些国家被qj的女性直线上升。弄得当地ZF各种宣传教他们怎么跟当地女孩发生性关系。说到中国女孩找非洲男朋友为其他女同胞挡了多少伤害。所以批判是不存在的最好防护措施就好了。	Potentially
你们基佬要觉得你们基佬是有素质教养，你们基佬就应该阻止某个基佬让基佬们丢脸的事情否则就是同流合污	Potentially
对黑人无感，不是我喜欢的颜，白净的不香吗	Potentially
龟仙人只会舔	Potentially
你说对了，我就是歧视黑皮啊✌️	Potentially
成都吴施蒙事件自己去搜搜，又是新时代女性干的好事?	Potentially
南方互相之间地域黑这么厉害，我都不好意思说，还全国公投你寄吧谁啊	Potentially
"""非洲人口最多的6个国家(尼日利亚,埃塞俄比亚,乌干达,民主刚果共和国,坦桑尼亚,尼日尔)将会有总人口94.5亿..平均每个国家拥有15.8亿人口网站是:依非洲黑人的繁殖力，迟早把非洲挤爆，然后他们就到处扩张......大家拼命计划生育，为非洲黑人腾出生存空间。为了非洲黑人的幸福和生产，大家都少生孩子，腾出宝贵的生存空间让给非洲黑人。让非洲黑人给中国人改良种族。你我少生一个，未来就可以腾出安置3个非洲黑人的生存空间，让非洲黑人移民在我中华大地享受现代文明"""	Potentially
男人冲过来，我一个滑铲从他身下滑过。并用刀子把他肚子划开。内脏掉一地。或者直接原地后仰，把手里的长棍尖头朝上抵住地面，男人飞扑直接落地戳死	Potentially
下次女拳骂你不尊重女性，你就回她，「该尊重的女性我就会尊重」!!	Potentially
地域黑就是明明视频里的人的口音就不是河南的，新闻标题非要扣到河南头上😭见过太多次了	Potentially
我们没有义务要从一堆坏豆子里甄选那百分之一的良豆，更没有必要为了这百分之一的良豆而放任那百分之九十九的坏豆子烂豆子在我们地上肆意疯长，扰乱秩序，挤占我们的生存空间。	Potentially
上海那边也黑河南，蜜汁优越。。	Potentially
我觉得还行啊 黑妹有些挺漂亮的 皮肤好 靠欧洲地区 那边也挺接近黄种人的 反正玩玩就行了 大不了不要了 国内再来一个 👍️👍️	Potentially
中国传统文化就是婚嫁随男方，女性不属于原生家庭，加上一些重男轻女的传统文化，所以对家族很难有归属感，别怪谁。我对我爸村里整个家族没归属感，对我的姓没归属感，家里一切都是我哥的，我没结婚的时候就不是我家了，回去就是做客，还要自己干活，走礼走最重礼的客人。我妈死了我不能去坟里上坟的。我老家和我老公家相差千里，我也不熟，但是以后会去我老公那边养老，我老家的地房都是我哥的，我在老家没有容身之处。网友会说我这种没有领地意识吗？怪谁呢？	Potentially
那应该去日本生活了吧，可嫁内个的却喜欢赖在中国，这就是差距	Potentially
笑死 黑上海都变成政治正确了 怎么就稍作讨论了？	Potentially
喷神，你这是在歧视女性，号不想要了🙂	Potentially
国男和我说话！完了，我不干净了！	Potentially
那些重口味人的菜让我没食欲比如印度泰国非洲。。之类	Potentially
以后这么跟别人说:讲个笑话，二本女生值100w	Potentially
不过我没想到相亲遇到的那么多都是劣质资源。你也没必要花那么多钱买那帮澜裤裆	Potentially
👍️可能我也不是厌恶同性恋，而是厌恶那些跟风的同还有喜欢直的同，还有传播同性恋的同	Potentially
我就是南方人 我就揍过英国佬😠	Potentially
看到都在喷幕刃我就放心了	Potentially
杀了这头母狗	Potentially
你是河南人被人偷了手机不假，但偷你手机的人说不定就是你老乡，要不你们那里怎么会有：老乡见老乡·背后捅一刀这个梗，在别的地方如长三角珠三角这样的梗就绝对不会出现。	Potentially
你们江北不也说安徽，江西。只准你们讲别人，别人说你们就成地域黑	Potentially
女人本质更阴脸，男人本质更冲动	Potentially
男人有理想，敢于面对现实，说他不知几斤几两。男人没理想，又说他没有志气，这样的男人没有用。请问女人自己除了子宫，还有什么用啊。	Potentially
支持，同性恋是不正常的，应该纠正他们的取向	Potentially
厉害了，慕🐶	Potentially
东北就类似于美国的新泽西州吧东北是中国长子，新泽西州是美国建国前成立的第一个州。结果天天被黑	Potentially
这种龟男是真的可怕，离婚抢不到孩子就净身出户，要是搁了我怎么也要扛到浦乳期过了吧孩子抢过来要是抢不到孩子房车一个我都不会给他，什么狗屁父母逼的，父母叫你去死你是不是也要去死，这样在女方家庭长大的孩子想都能知道在每日挑唆下会对男方有多大的恨意，这男的以后结局就是一个人死在出租屋里了把，奉劝广大龟男多学习女人，遇事多想想自己，不要整天就是为家庭为孩子当一个atm，整天就是大度，好男不和女斗，一位忍让只会让幕刃更加猖獗婚恋市场更加不平衡，有一说一，她男闺蜜这种龟男毫不值得同情，对这种人现在的下场我只会说一句好死	Potentially
完全赞同，会地域歧视的人要么是loser，要么是带着指标的，只有这两种情况。	Potentially
你说的应该是那个货极其跪舔虫类那货看过它所谓言论完全就是典型断章取义	Potentially
基生唯一一份奖状	Potentially
别黑河南了 黑我吧 只要大家开心 全世界的井盖都是我一个刚成年的河南小妮偷的👍️👍️👍️👍️👍️	Potentially
其实大街上偶尔看到黑人白人都很正常，但主要黑黄混血，看到了就觉得恶心，不伦不类的😷	Potentially
其实你会发现，素质最差被黑的最厉害的，往往在南北交界处，苏北，安徽，河南等	Potentially
你这是打拳吗？不是，你这是在追求男女平等。	Potentially
所以说正因为国际鬼子虫类及其它们后代虫混从它们再地球诞生到现在根本就没有什么文明而且它们这种自卑性是发自骨髓基因绝对自卑所以在面对人类任何文明时就是盗窃与抢劫说白了国际鬼子虫类及其它们后代虫混这已经构成盗取人类文明罪	Potentially
其实没必要歧视，只要跟黑男换国籍就行了	Potentially
汶川地震一样被黑也是一样的话甚至更甚，地域黑这种东西一代一代的	Potentially
炫耀找黑媳妇的都基本上没见过什么世面，我想想咱们大部分中国男人的眼光	Potentially
嘿蛆族永远都是J生虫	Potentially
我评论长沙女拳之都就破防了，你说你咋那么怂，怕我看见你是大肥🐷吗？都是现实里没人看得上	Potentially
确实如此 宁要小姐从良，不要媚外ez	Potentially
对，团结起来，赶走黑人。👍️	Potentially
不能，想让男人装上子宫，做梦	Potentially
黑人是外来物种，应该回到非洲去，因为本来就生长在非洲，从哪里来回哪里去！！！	Potentially
国女来了😆	Potentially
那是福建的，偷渡诈骗大省了，国外那些杀猪盘都是福建人搞得	Potentially
这肥猪幕刃，怎么从屠宰场跑出来了	Potentially
这帖子妙啊！找黑黑的，jn都不接的客你接了！???	Potentially
你们同性恋是说不过异性恋说不过这个现实世界。同性相斥，异性相吸才是正常是永恒不变的真理。	Potentially
一群母狗什么事做不出来	Potentially
hhhh百分之99的男童都挺不正常 集齐了所有缺点 我就是那百分之一 我也是男童 没遇到我 有空可以和我聊聊 可以多多少少颠覆你认知	Potentially
引入黑人，只会引发黑命贵运动，引起激烈的种族冲突。犹太人凯乐奇计划就是要中国引入其他种族，制造新的种族，灭绝中华民族、中华文化。	Potentially
默这种东西还是在自己的虫穴待着好，别来中国传播艾滋梅毒。希望中国也多点肖万这样的英雄，少一点努力大姐这种默的舔🐶xing奴。要舔你腻哥跌的黑棒就gun去非洲，最好被一群默轮女干感染ai资分尸吃掉	Potentially
朒说明钕人只剩下肉了	Potentially
富人那么舔的么	Potentially
少部分的同性恋不变态，大部分的比较变态🤣	Potentially
高中沐勾可不少，我学校就有好多	Potentially
四年级的时候我就问过我妈为啥男女平等还会有女士优先这句话出现[表情]四年级的幼年拳皇差点被班主任扼杀在摇篮[表情]不过我挺住了现在依旧站在打拳第一线！	Potentially
可能不过多久，就又会有收小丨唇手术或漂白水漂白肤色之类的产品上市了。女人生意真的好做。	Potentially
快进到学韩国男人摆烂	Potentially
上海北京被黑和别的地方有本质不同，这两个地方被黑主要在于这两个地方对其他地方自然不自然的优越感甚至歧视，别人黑它只是一种反弹	Potentially
去求吧，就像几兄弟总得有个垫背的。大家都黑你，自己做点坏事也扣你头上，反正你都这么黑了，继续背锅吧。时间久了大家都让你背锅，你再也反抗不了了，久而久之外界认为你就是坏蛋远离你。就是这样	Potentially
黑人自己放弃了自己，怨不得别人。	Potentially
果然河北最没有存在感	Potentially
我在这里骂txl没码，各位没有意见吧！	Potentially
这个我还真不知道，但是有那种基因的人挺矛盾的，他既能繁衍又不想繁衍，最有趣的是，这种人的基因竟然还能世代流传直到现在，说明还有很多这样的人没被掰弯，细思极恐。	Potentially
基佬真不是一般的恶心。	Potentially
扔辽宁菜的时候可不是这么可怜巴巴的。新鲜菜冷运进上海就坏了，看来是大上海的水土养菜，到地方就坏。	Potentially
这就是蝈籹的丑态	Potentially
在中国，进入初中后，学业会立即加重，所学内容也会比小学难上很多，黑小子极有可能初中会就辍学，成为街溜子预备队。加上到了十多岁孩子性意识萌发，就会开始骚扰异性。。。然后发生什么，大家想想也能猜到。	Potentially
b站都变味哈样了，女✊一路打到这，看番软件没好番，天天打✊，还有就这种打拳学历能高？太瞧不起博士了吧	Potentially
你可以去哔哩哔哩搜一下非洲媳妇有关的视频，真的有，底下评论还有不少男人觉得很好，不要彩礼又能干😅😅😅	Potentially
不奇怪，只有这种人设才配得上国铝，国铝都觉得自己配得上这种人，不上当才怪了	Potentially
母狗是这样的	Potentially
我的意思是为什么大家不骂黑人，不骂那些为了钱去找黑人的女的，而是要骂所以女的？难不成天底下下所有人都喜欢黑人？在座的各位的妈妈也喜欢黑人？哈哈哈，搞笑	Potentially
重点是那些喜欢黑的自己为什么不美黑，其实仔细分析她们喜欢上的玩意就会发现长的像一种动物，大黑狗。也就是他们那些人不是真正人类间相互爱慕而是他们把对方当成了宠物的一种爱欲。	Potentially
你们的教授三观还是蛮正的，不像某些推崇非洲文化的叫兽	Potentially
国男睡过外国女人不也得意洋洋，国内也有例子。一天到晚日本女人贤惠，印度女人给嫁妆，美国女人随夫姓，穆斯林女人贞洁，俄罗斯乌克兰女人漂亮，非洲女人身材好，论起崇洋媚外男人不比女人差。	Potentially
手机上有豆瓣soul陌陌的必女权，要彩礼还不随嫁妆的必女权，公务员十个有九个女权，没正经工作还喜欢打扮得花里胡哨的十个有二十个女权	Potentially
如果真的是男的，则废物测试没通过	Potentially
黑蛆也吃蛆	Potentially
这个 口音太重了确实很容易区分 所以福建被黑我觉得挺正常的😅	Potentially
女人因为生理因素比男人劣等，什么时候她们才能接受这一点看看残酷的现实吧	Potentially
其实我本来不是很反感同性恋，把它当做很普通的事对待，毕竟人人都有追求自由和向往爱情的权利嘛，但到后来我发现我必须随着时代必须说我支持同性恋，否则就会被骂。天天身边把同性恋当做潮流就有点反感了	Potentially
微博女厕所不是很正常吗	Potentially
你们这些从心理到生理都变态点玩意儿有资格说患者，真是恶心呀，你们自己搞搞就算了，还要骚扰身边的人甚至未成年，你们这些变态不灭何来太平	Potentially
蚌埠住了 塘沽是穷山恶水😆	Potentially
对 那种感觉是个人……大部分纯黑卷毛的 感觉跟没开化似的😅	Potentially
哈，你意思发达国家的黑也是缺少教育？还有他们教育的代价凭什么要我们去付？我们欠他的？	Potentially
同性恋只会害了下一代	Potentially
黑人重大发明《爸爸去哪儿》	Potentially
小姐姐如果不胖的话还是挺瘦的	Potentially
飞周只会万简单的乐器，稍微复杂一点的玩不来。人家要花很久时间才能学会，飞周人没有勤奋的心，水平很低	Potentially
阳光彩虹小黑马摘完棉花吃西瓜	Potentially
水文是水文，我又不是没把国内女权的德行放出来。你也不用来扣帽子。😆	Potentially
只有以自己血统和文化为傲的人才会有歧视。那些喊着不歧视的人其实没有自我认同	Potentially
好美的一出婊戏，闹事闹到985大学真是笑掉大牙不知道这位🐷精是哪个技校出身啊	Potentially
歧视了又咋滴？甚至希望他们能被德国落榜美术生同等手段对待	Potentially
知乎早就失守了，仲裁官几乎被女拳占领了	Potentially
浙江人在全世界被歧视 集体驱逐不是新闻，只是国内不报道	Potentially
可怕的是、明明两个上海人在公司用上海话聊天、会被其他人举报说这两个人在偷偷骂他。	Potentially
不反对她们找黑人，但是结婚以后一定要和老公孩子待在非洲不要回来。	Potentially
地域黑最惨的真轮不到天津🤔	Potentially
异性恋一样有骗婚，一样有仇女，直男的大男子主义盛行更导致女性地位下降??	Potentially
支持支持支持，女拳成了全女社区，更支持	Potentially
因为东北人没他们老家人那么狭隘，当年东北人三线建设全国，现在也是。在东北人的眼里，不管在哪都是在建设中国，只有他们那边人才喜欢搞地域、搞歧视、搞分裂。	Potentially
我裂开了，🤣🤣🤣，都2022年了还有地域歧视还在这无脑黑，生为河南人感到难过，生为中国人感到悲哀	Potentially
我也不是黑你，安徽这个地方存在感不高啊	Potentially
黑性旺盛，完全不讲道义，坏人一个	Potentially
这个才是真相啊。我这里有个和印度人结婚的女的，上海的，以前的圈子里慢慢就没有她了，后来华人圈子里也没有她了。	Potentially
东北佬真不错，我爷爷抗日的时候 你们东北在干嘛，直接投降是吧	Potentially
是hei人的默	Potentially
小仙女上辈子这么过来的	Potentially
女的啊，那没事了	Potentially
是的，现在上海的一些媒体人也是喜欢黑安徽。一天不被黑反而不习惯了	Potentially
打拳的都是底层的蛆罢了，被上面的人当猪宰，还主动替主子说话，但凡有点脑子的根本不会去打拳	Potentially
未来世界主流就是潳嘿！只要种群铁律恒定，痛苦总量不变，人形畜狌的本能还在释放，人类没有四觉，那就一定会桖洗嘿枸。	Potentially
小红书上面的女的，基本一个比一个丑。全是p图到极致那种。我半眼就知道假。	Potentially
挺你，默只要不来中国，就是好默	Potentially
刷个抖音都有傻B女⭕️	Potentially
记得前些年有个黑杂在抖音拍南京大屠杀纪念日	Potentially
我没说跟黑人女性结婚的中国男性也应该去非洲吗？还是你觉得跟黑人女性结婚的中国男性已经在非洲了不行。得让他们回中国一趟再回去？🤔	Potentially
看来你在家长的管教下压抑太久了。至少错过了10年的性开发机会。在外国人的调教下，你解锁了各种技能。可喜可贺。只是国男现在仍然比较保守，他们跟你不是一路人。包括你的父亲，你的兄弟。所以你只好把这一段美好的回忆压在心底。我建议。你去日本表演表演。能够获得从经济到精神的双丰收。	Potentially
黑人都是灾祸的根源、明明就是进化失败的猩猩、这些脑残女都是秀逗了	Potentially
是同又怎么样？？天天歧视同性恋你还很有脸吗？？以多欺少算什么本事？？😆要不把我们杀了吧？？你有这本事吗？	Potentially
大家都误会了，这不是卖衣服的，这卖的是小黑奴，一万多一个，	Potentially
我在非洲十年。有个别人不负责任，但极少。审美观决定的，愿意冒着艾滋等风险搞黑妞，还是少，一般是劳务队伍，国企有红线，而且传出去是不光彩的。黑人正好相反，搞上中国EZ GIRL恨不得人尽皆知	Potentially
很喜欢东北人，因为热情，东北人扶起跌倒老人的概率，或许是全大陆最高的。和我青梅竹马的妹子是东北人，恩师也是东北人。以前快手爆火的时候，几乎全网批判东北人，我就发现很不对劲，因为这些都和我在现实中所经历的不一样。随着从各地老人的叙述中，了解到到许多书本没有的历史，也逐渐搞懂了很多事。对此产生了许多无奈的思绪，毕竟很多都是不可能公开说的。也是尝试过帮东北人说话，无论是现实中还是网络上，都没有任何作用。导人向善的速度，始终赶不上魔化的速度…………	Potentially
如果说要反对黑人留在中国，必须真实点赞率必须超过4.7亿人，也就是总人口的1/3以上！！！	Potentially
哪天第三次世界大战，或地球毁灭了，一定是舔狗害的。	Potentially
我就很想问同性恋一句，为什么你们大多数需要腐女来支持同性恋平等而不是你们自己来呢（我承认确实有勇敢的人在站出来发声，但比起腐女来说就太少了）	Potentially
河南人不仅黑湖北，还黑陕西	Potentially
北非和欧洲地中海有联系，人种也混了西亚和南欧的人，中非南非都很荒蛮	Potentially
排外也是排你这种人吧？	Potentially
我在外地被黑龙江所谓“老乡”背了多少黑锅？关起门来自己人说说。但是外面人分不清辽宁黑龙江！南方收保护费，打手，是不是黑龙江人最多？还有青岛为什么房子都不爱给东北人？你们黑龙江人干的好事	Potentially
这头发真的不会长虱子吗？	Potentially
上海歧视北京23333	Potentially
韩国把全职太太叫妈虫	Potentially
廯籹本来就是和蟑螂一样的生物，不奇怪	Potentially
木有进化动物这样生存	Potentially
蛛女是这样的	Potentially
她们不是单纯，是真的蠢	Potentially
女权=女拳=汉奸反动派=邪教=敌人✌️✌️❤️❤️	Potentially
阿泼的脸顿时因为怒色而扭曲。	Potentially
怎么我看到的基本上没有说天津好的，但凡有一个人说也会被喷成是排外，自大，懒惰，喷天津是没有后劲，谁也比不上的垃圾城市	Potentially
网络上的东北人是不是有被迫害妄想症啊？天天就是南方所有媒体都针对东北，不然就是各种软件限流东北，收收味行不行。	Potentially
真无语，不相信就不相信吧，找你幻想中的外国美妞去🤭	Potentially
😆😆😆大部分谈外国男朋友的都是找的那种在国外考不上好大学才来中国的渣渣，这种别说男人接受不了，我是女的我都接受不了，这智商以后生孩子直接拉低国民素质。你找个品学兼优的是ok的，b站阿福就是中国女婿，留在中国没回德国，一个标准肥宅，经过努力一年瘦了一百多斤😜这种阳光向上的外国人到哪个国家都会受欢迎，不论找哪里的对象，放第一位都是人品。我们要打击劣质外国人，难免要无差别打击正常人，切癌细胞难免带点正常细胞，我留言是希望你别和其他知友吵起来，现在是统一思想的时候。	Potentially
我至今忘不掉在网上被人追着问的那几个问题。他问我东北有电吗？东北有超市吗？囧我大概是靠着意念连接的网络吧?	Potentially
果然是人才，红毛鬼子婊子都不接	Potentially
反正基佬不敢实名见人见光，应该送去唐山处理掉	Potentially
我是同 我觉得这些g就是有病觉得	Potentially
想想北师大的拳师是什么货色，你就知道下一代已经没有免遭女权规训的希望了。	Potentially
坚决抵制中非混血	Potentially
感觉这种女人生出的小孩都脏掉了	Potentially
哈萨克人更是骗子和小偷啊，，。	Potentially
算了算了，你跟这种人是说不明白理的，他们只是想让河南人闭嘴，默默种粮食给他们吃，不能反驳，回怼了就是“你们河南人怎么这么敏感”“你们被黑不是没有原因的”，体谅一下他们吧，他们需要这种卑鄙的歧视来满足他们可悲的优越感。	Potentially
女人那么好，牛顿为啥不娶一个？	Potentially
别说得好像中国男人很负责一样。忽悠自己是最大的傻	Potentially
其实同性恋中大多数德行好不好真的是很难说的一个问题，有些确实嘴碎、娘等，但有些也确实只是天生的、想正常生活的，我们所能做的也就是不要乱贴标签，尊重彼此不存恶意好好生活吧	Potentially
魔都+帝都从人人清北复交，到著名的排外说，再到男人没男子气概，女人跪舔老外，再到小市民精打细算小家子气斤斤计较，我真的不想列举了	Potentially
可见上海人比广东人素质高多少😆	Potentially
你见过有几个国家的女人嫁了人不去男方那里的？嫁出去的你见有人搭理么？还带着生的串儿在中国混谁不讨厌啊	Potentially
版本答案籹拳铁拳	Potentially
你以后把那些辱骂同性恋的东西代入到自己视角里，你就知道大家为啥要喷了。在这点上，大家都是人，谁喜欢被无缘无故地骂。	Potentially
是的，娶还是嫁，孩子都是混的，都别留最好。	Potentially
所以说出轨搞出私生子，抛弃私生子的，叫“道德高尚呗”你们可是吹国男道德品质世界第一呢	Potentially
江西：入籍韩国	Potentially
这叫识时务者为俊杰，因为全国到处是黑人，当然我必须拍黑人的马屁！	Potentially
小仙女捅你是看得起你，你看她不嫁给你，外面多少人排着队求捅呢	Potentially
微博就是女fen坑，也不用。但是影响力还是有的。	Potentially
我有过法国前任啊，但是黑人白人的体味确实不是一般人受得了的，所以分了。我们中国男性跟你们不一样，我们受不了半夜被狐臭熏醒的感觉。所以中国男性外娶，九成都是东亚、东南亚的黄色人种。反倒是国女，狐臭对你们来说不是啥问题嘛，毕竟是洋大人对吧。	Potentially
春日祭幕刃嗎玩就拉黑，也不知道她幕就是个揉遍器祭♀	Potentially
苏南浙北还能算闺蜜上海可不能说是闺蜜了，那是爹	Potentially
谁说只有男的会骗婚的？？	Potentially
"""1,本地白人，他们大多数是loser，其中不缺乏富裕家庭，欧美法律父母赡养允许只到18岁，到了18岁允许赶出家门。平时父母工作忙，没有时间管教，加上欧美不允许打骂教育，学校快乐教育的放松，刚踏入社会的他们更容易学坏，更可怕的是欧美对于毐品管控不严，抽麻叶都还是小事，而吸食咳卡茵，海螺音，冰犊，就像是吃饭一样平常。2,黑人，绝大多数醉犯大多数来自贫民窟，十个有九个不知道父亲是谁，教育可想而知，长大以后几乎是监狱的常客。3,中东移民，国土上的石油和在现代战争的他们几乎是牺牲品，从以色列和阿拉伯人的中东战争开始，到现在的利比亚战争，叙利亚战争，无数中东难民涌进欧洲，而经济萧条的欧洲等于是雪上加霜。居民安全可以说是如同虚设。4,吉普赛人，在欧洲流浪千年历史，不喜欢打工。喜欢坑蒙拐骗。在欧洲习惯了别人的施舍。"""	Potentially
接下来的语句要求全文背诵，我会抽查的。跟着我念：人工子宫技术已经研发出来了。骨髓干细胞（多功能干细胞）转化实验早就成功了。我国的农村小伙都娶上俄罗斯妹子了。婚介所得男人家的门槛都被踩烂了。所谓的“普信男”其实长的都很帅，因为丑的被她们叫“迪奥s”我不挑食，什么都吃，就是不吃亏。你说吃亏是福，那我就一直让你吃亏，我看看你有什么福。	Potentially
有时候说自己不喜欢同性恋就要被骂，又没碍着他们，非要所有人都举双手双脚支持是不是？是不是连自己的思想自由都没有了？	Potentially
河南的标签:骗钱，穷，偷井盖	Potentially
当个txl还光荣起来了，一边喊别歧视，一边四处发情。。你们不到别人的圈子发癫，人家会理你？	Potentially
法国都成高卢乌鸡了	Potentially
法国就是前车之鉴	Potentially
韩国邦子还是牛13的。。。君不见在美丽国的韩国人都敢开战，xx之围。🤔	Potentially
上去打死这些默	Potentially
东北人巩汉林捏着嗓子黑上海人，后来为了来上海捞钱还给上海人道歉，说当年演的小男人不是上海人。	Potentially
杨圣母出来恶心全体男性的时候怎么看不到它站出来	Potentially
为什么每次出现个厉害点的女的，就会有人说她能秒杀百分之多少多少的男性？那些人就那么喜欢针对男性吗？	Potentially
舔狗龟男大多十分固执，不愿醒悟，他们其实没有能力当我们的队友。	Potentially
所以说这年头男的想结婚不是脑子有病就是脑子进水了，有钱干点啥不好，没钱干点啥不行	Potentially
是真的排外，他们只是有礼貌，很多人内心深处还是排外，看不起外地来的人，最开始我刚来上海上学的时候也是觉得上海并不排外，但是和上海人做朋友之后恋爱之后才明白，即是那些上海的成功人士和富贵人家，内心深处还是排外，只是用素养包裹住歧视的内心，真的熟了之后他们就会开始直接说出歧视的话，说完之后加上一句不包括你???	Potentially
这是一个光荣的事情，请大胆的向你的家人，同学，朋友告知，并且通过微信、微博、抖音宣传，让他们都知道你有个黑色的玩伴！	Potentially
又发黑人丑照，滚滚滚	Potentially
这波自杀真亏，为啥没把那个评论区的那几个女权们带走。	Potentially
毕竟喊着普信男的大人教出来的哈哈	Potentially
还有俩男的争一个，当街打架扇嘴巴，当街舔，真恶心	Potentially
最多的还是东北，什么口音都甩锅给东北，就像唐山打人，明明没有东北人偏说是东北人。而且这种现象不是一次两次了。	Potentially
已经拿普信酒砸陌生女大学生了	Potentially
只是发图片要钱，给你们看看这些媚黑女，推特一大堆，国内也有，啥玩意儿	Potentially
她们才是普信女	Potentially
为什么要怕被喷，自己怎么想的都怎么说，择偶都有选择权，不能接受就是不能接受，如果我相亲遇到这种，我肯定就会直说：你什么都很好，就是和黑人谈过我不能接受，就这样，拜拜。	Potentially
这些媚外女极其自私自利到令人发指的地步！看不起国男，喜欢找外国人只要离开中国，没人拦着！但自己浪够了想收心了或被甩了想找国男当接盘侠就不要指望国人同情你、收留你。这是你们自己咎由自取！	Potentially
洋人从中国公司赚的越多内心里越反华。	Potentially
是上海，上海暴雨这种条都能上微博热搜，下面高赞评论淹死上海人❤️	Potentially
可是上海被黑的最惨🤔	Potentially
人造子宫技术己进入适应阶段，距离社会推广将成现实，一个卵子，繁殖后代，女性的价值将被取代。女性的基本价值将得到贬值。一个没有生育权的女性。不如一个你实体娃娃。	Potentially
你这个人不是反对地域歧视而是反对自己被歧视，如果你的广西经济但凡好一点你歧视起别人来比谁都严重。	Potentially
你们异性恋为什么来同性恋吧发反对同性恋的东西	Potentially
"但是，最重要的一点在于，我国男性不能因为女性的堕落而毁掉五千年的文化。我认为在这一点上，我与大多数男性的想法是相同的。我们态度可以用丘吉尔式的态度来回应她们:You ask ""what is our policy? I will say ""to wage the war ，with all our might and all the strebgth the God can give us,to fight against the enemy"	Potentially
看这个基佬的头像就知道这个怪物不敢说不需要孩子想要孩子了，如果他老年没有孩子会怎样了，可能他会想繁殖恋，他会后悔自己不做正常人。	Potentially
每一个黑人的居留都是一粒黑色的种子，撒如我华夏大地便如鱼得水，看似微不足道却不可小觑，来势不息连绵不绝10年20年50年后呢？有一天法国那样的人种构成悲剧就会成为锐不可当之势横扫中国这片我们繁衍生息了7000年的古老大地，真如此的悲剧到来后人必会骂今时代的无所作为者姑息纵容者！防范黑人的人种侵入必须像防范洪水猛兽一般的重视甚至要有过之而无不及！蝼蚁之穴溃堤千里不要因其初步的微小而漫不经心无关痛痒！！防微杜渐未雨绸缪绝不姑息！中国这片我们民族繁衍生息的土地绝不能成为黑人特别是非洲黑人向往的人生乐园！！！作者为大！我认同您的观点！大家必须团结起来共同驱逐人形黑猩猩出中国！	Potentially
上海人给丈母娘洗内裤🥺🥺老北京通天纹人上人🤭🤭🤭	Potentially
🤣🤣有理。主要某些人跪的比老百姓还快还彻底。治不了洋人还治不了你？	Potentially
你不说了嘛，男人是“娶”，女人是“搞”	Potentially
这是阿娜吗？长得像卖瓜的水果摊老板似的。🔪	Potentially
你这样说让那些标榜找个外国对象倍有面的人还怎么装b😆	Potentially
我还真的信，河南那一圈，因为河南黄河被绝口，河南人四面都有逃难，所以，陕西河北山东山西都有黑，现在陕西是主力了，因为两省利益问题，河北和河南口音不仔细注意着，可能分不清，就像我以前一直以为王宝强是我们河南的😅，山西以前也是有钱，现在老实了，山东和河南关系一直说还行吧，现在经济北方老大和老二，安徽关系算是最好，特别是皖北，湖北因为两个省会原因，也是互骂的厉害	Potentially
都说底层男人娶不到处女，为什么现在底层男人都要求另一半是处？	Potentially
最高赞也是一种刻板印象，以偏概全，模仿一下，其实我也可以这么说：男的普遍不爱夸人没有女的那么虚伪	Potentially
赶走黑gou，复兴中华！	Potentially
原来大国气度是接盘😄	Potentially
还什么房子将来孩子结婚用，你孩子结婚起码还得将近20年，也不动脑子想想现在房子的质量20年后女人还能看得上吗纯纯就是一个懦弱又自我感动的大**	Potentially
我本来不厌恶男同，直到看到他们骗婚，妈的，自己结婚，伴郎全自己炮友，结婚前一晚酒店还来一炮的那种，还想让人尊重，笑死	Potentially
上海人比温州人还排外😂😂👍👍	Potentially
歪瓜裂枣嫁白男其实真可能，毕竟白男对黄女审美观就是猎奇。不信你看美国选的亚裔美女什么德行就知道了	Potentially
到時我們像法國一樣被黑化就你就知錯了，我們就是擔心這個。你還別說，我們思想還真有些血統論	Potentially
当然是东北啦，整个知乎地域黑大v最多的地方，没有之一	Potentially
我觉得南京环境方面是不行，我在南京念书，家在常州这边，灰挺多的	Potentially
这种龟男必须抵制	Potentially
中国基数大，自己素质低的国民本来就很多，再引进一个种族炸弹那不是疯了吗	Potentially
山西拉了拉陕西:兄弟，你社(说)要不给他打一顿，拉到黑煤窑里？	Potentially
这瞎娘们要做历史罪人吗？滚去非洲。这黑还得了便宜卖乖	Potentially
又不喜欢小黑来国内。	Potentially
如果黑人多了，一定闹分裂了	Potentially
得了吧，他们如果分的清两广江浙沪也不至于对着江浙沪开喷南方系了。	Potentially
这只是普遍存在的世俗眼光的问题。 好比刑满释放人员一辈子遭人诟病一样，你说合理吗？不合理！但是在强大的世俗观念里，这就是合情，这就是正确，这就是无可厚非。 为什么黑人被唾弃鄙夷？很简单，因为世俗的观念就是:人种有高低贵贱之分，而正常人只能人往高处走。🙏🙏🙏	Potentially
1000克的衣服收你邮政平邮50元邮费。还打着新疆就这样的借口恶心你～我在乌鲁木齐，所有快递均可正常收，碰到这种商家怎么办？果断收货打差评，不打出三百字图文并茂的差评都对不起自己。	Potentially
短视频不少公的黑人跟中国女孩交往的人啊爆出来的新闻也很多啊	Potentially
作为一个青海人，我想说青海人也会歧视所有外地人，除了甘肃人，我想是因为甘肃方言和青海方言还有生活习惯很像吧，我们一般叫甘肃人“老甘”	Potentially
你为哪个组织工作？跟默睡过的，你还要她们留在中国，是希望中国男人给默接盘吗？中国男人哪里得罪你了，要遭这份罪。人家女人爱黑人就跟着回非洲呗，你急什么？	Potentially
哎 我东北人嫁到唐山 感觉一段时间这个地域歧视都少不了 哎还有问我是不是天天被家暴我真是无语。。。	Potentially
看到你这帖子，确定你就是***媚嘿奴隶了	Potentially
现在批站拳师确实越来越多了，md昨天看个冷门动漫弹幕里都有拳尸恶心人	Potentially
男人不过是最开始的“原型机”，上帝做完男人再做女人，本来想做改进版本，增加怀孕的能力。可惜做女性的时候材料严重不够了，所以女性的体型和脑子才比男人缩水一大截，除了怀孕，没有其他长处。	Potentially
贴吧的审核要是没有慕刃，我把手机吃下去	Potentially
你可真会抬杠。纳粹是剥夺他人生命，侵犯他人权益，同性恋侵犯你啥了？拉黑不送。	Potentially
那么小号来来好好过来看你们国际鬼子虫类及其它们后代虫混的翻身做所谓人类又是怎样面貌	Potentially
你们同性恋又幻想对方是0，真是饥不择食，也不好好评分1-10	Potentially
你难道不是？凭什么你的身边就是身边，我的身边就是假的？你怎么证明那些跟小黑交往的女生是我们985的？	Potentially
反同没理也要搅三分，顺什么有反同基因？同性恋是自己的事，你反同是干涉别人的事。你有啥基因只要不涉及别人都可以，但是你有杀人基因暴力基因虐待基因所有对别人造成伤害的就不行	Potentially
他下再多都行, 只要不把孩子带回来.	Potentially
我可以再说一百遍 知乎上黑江浙沪的少？	Potentially
很多基佬也弯变直跟异性结婚了，每个基佬都跟异性结婚变回正常就没有必要宣传同性恋。没有同性恋出现，世界更美好。基佬反正都一定需要像蚊子一样找异性吸血结婚繁殖所以应该专心治好病传宗接代孝顺父母	Potentially
普信女真下头	Potentially
借楼提醒一下男性粉刷墙们。发问题时首先自己立场搞清楚哦，本身就站在男权立场的，是没有资格讨论这些的。包括男性家暴法，毕竟中立男性说了，他们也是男权的受害者，先搞清楚自己的立场再来搞笑。	Potentially
法国已经遍地都是hei鬼了🤔	Potentially
一句“带孩子的女的不叫女孩，就叫女的”给不知道多少小仙女整破防了呢，嘿嘿嘿	Potentially
差评都是女拳反串男的在刷，经典第一句就是“我是男的”	Potentially
你怎么骂基佬我也不生气我也不是男的我还有男朋友	Potentially
这个问题得和社会资源充不充足来配套看，社会资源充足就导致个体女人产生了不需要个体男人的错觉，社会资源不充足（贫困战乱时期）大家都顾着自己呢，谁在乎女人咋样。温饱思淫欲，动保环保女权这类东西的发展，必须建立在一个稳定/处于上升期的社会	Potentially
黑孩一点也不可爱，是小色狼	Potentially
看到一些男的动不动就：我是男的，不觉得杨笠在侮辱。这些人真是麻木	Potentially
到时候一离婚，债都判给你，钱都判给她	Potentially
黑你们就觉得被骂了，黑河南就觉得只是玩梗🙄 大家都这么嗨的黑河南，那我们井盖手艺都是炎黄传下来的，大家一个祖先，黑呗！	Potentially
这个帖子写的是男朋友顺着它不跟它讲道理哄了它，然后它还不允许人家跟别人诉诉苦了，属实培养奴性	Potentially
只要她们跟着去非洲一律送祝福	Potentially
分娩体验就是女性对男性的道德绑架	Potentially
数百年后，一黑色皮肤小孩指着照片对爸爸说“我听说黄色皮肤才是正宗的中国人”，男子听了后笑了笑道:“黑皮肤，卷头发，黑眼睛”才是正宗华夏人，小孩听后，笑了笑道“哦，原来那些黄皮肤才是异种啊，我长大一定要把他们驱赶出我们的国家”，男子会心一笑“好孩子”。😭	Potentially
幕刃已经很可怜了，色情上服务男性，穿暴露会被指点，婚前破了是没贞操，力气小，参政更少，孩子还大部分跟男方姓	Potentially
你们安徽皖南的都看不上皖北的，真是服气。	Potentially
正解，她现在跑抖音秀了，真的是够够的，秀恩爱正常，但是说实话她是抖音上秀的最露骨的，就差脱光了直播了，各种隐私都在抖音上说，我要是她妈，打死她了！找个黑人男友就算了，秀恩爱也就算了，穿的漏的跟什么一样也就算了，妈的穿情趣内衣挑逗男朋友还发网上，真的是没脸没皮	Potentially
像郑若璘和潘庆林和吴宗宪等等等一大批非常多民族豪杰都在反国际鬼子虫类及其它们后代虫混这些入寝社会的入寝者可是这些人在跪虫族眼里基本上都是键盘侠	Potentially
为什么心灵鸡汤总是向着女性说话？	Potentially
我不认为，小仙女，老仙女能做得来，每天不但要搬重，还要晒太阳，对于小仙女来说，工资还不够买防晒霜	Potentially
评论区更恶心，女权真是吃人不吐骨头！	Potentially
不是北上广被黑的最严重嘛	Potentially
偷井盖这真不是黑，现在招工还有不要河南人的，河南人太奸，还喜欢报团，坏心思多。东北才是被黑的最惨的，我希望有个东北哥们而不是河南	Potentially
中国并非是伪装成国家的文明，当然，这样理解也可以。你应该说中国是炎黄子孙的国度，会出现这个说法用四个字概括，那就是传承不息，本质是同化能力强，可惜，再怎么强，也同化不了肤色，况且还有客观素质问题，所以无论从哪方面看，黑皮的融合都只会破坏民族凝聚力，破坏社会稳定	Potentially
国人为什么崇洋媚外？因为我们从小就被这样教育的，外国人比中国人好，比中国人强。而小学女生比男生学习更好，学的更深入。哪里见了外国人不去死贴啊？结果黑人也是外国人，国人都想去做朋友，结果男的被骗钱，女的被艾滋加骗钱。	Potentially
哈哈哈，小仙女的事要你们管	Potentially
男的不傻！你以为他们是舔，他们其实是故意这样的！有那啥上啊！就只是为了这个罢了！大多数是丑男，缺女人缘！帅的有本事的不需要这样！这是他们唯一获得女性亲睐的机会，能懂了吧！	Potentially
男女都多高？现实里见到的矮丑女生对高个子男人都是无条件倒贴的，无论高个子丑男还是高个子黑人	Potentially
有一个香喷喷的批	Potentially
拳是起软怕硬	Potentially
罪不至此，女人趴在我们身上我们也要可以无规则杀死	Potentially
什么母狗，洗衣机她家的？	Potentially
txl414哦	Potentially
亲人们，我发现两个好地方，是反女✊的上佳首选。一个是今日头条，一个是百度app，那里影响力更大	Potentially
错别字好多啊，这就是世界第一优秀的国女吗？家暴、吸毒、酗酒的黑人，在国女嘴里是wild man。不家暴、不吸毒、不酗酒的中国男人在国女嘴里是xdz、茶壶嘴、金针菇。反正中国男性这么垃圾，你就让我们老老实实“媚外”呗。我们都外娶了，你们就不用接触到我们这些xdz、茶壶嘴、金针菇了。大把大把的wild man等着你们。这不就是国女最想的吗？😆	Potentially
白人歧视我，我在中国吃香喝辣无所谓；默来了是真的要提高中国犯罪率，到时候城市一片混乱，南非就是下场。	Potentially
广东就别说了，黑河南、黑北方的总部就是广州	Potentially
很多人都说性别矛盾的本质是阶级矛盾。资本是俗世的王，女权是宗教的王。中世纪国王和教皇究竟谁更厉害？教皇可以加冕国王，国王不能加冕教皇。这就是女权和资本的关系。不是资本利用女权，而是资本家也必须对女权跪伏，否则下场参考俞敏洪。即使你是马云你也是郭楠也得赎罪。比尔盖茨大手一挥十个亿，马云大手一挥一万亿。保护这个性别的权益还是本NATION的最高意志。真不知道郭楠到底哪里错了？为什么另外一个性别那么高贵？虽然我知道换个别的资本家也一样给女权进贡，但是这个人确实不咋地。	Potentially
别跟我在这整些有的没得 言论自由 思想自由 你可以是同性恋 我可以觉得同性恋恶心 咱谁也别膈应谁 不用再回我 不想跟你们这类人沟通	Potentially
底层女就算不愿嫁底层男，也嫁不了中层男	Potentially
《西瓜汁分尼一半》怎么唱来着	Potentially
地域黑怎么也避免不了，我一个从小从苏南去东北生活的人说是哪儿的都不合适🥺，黑去呗。	Potentially
txl去死	Potentially
这绝对是好消息，经过本吧正常人苦口婆心的治疗，性取向异常患者终于意识到性取向疾病的可怕。虽然它还没有彻底被治愈，但很多时候就差最后一步是需要我们正常人助力那么一下下：比如在医院指出他的病因，一针见血揭穿它的性取向。大病还是得下猛药才行。所以说本吧做的是社会两性公益，救治一个病人就是挽救一个无辜的家庭，让一个失足病人回归正常人的社会	Potentially
凡阳光企及的地方，都不该存在黑蛆的气息	Potentially
基佬应该感谢自己没被吊死在树上	Potentially
很多工厂不招贵州人是真怕了贵州人了。	Potentially
确实男人结婚离婚都是扒一层皮女人结婚离婚都有钱赚能过得不好吗？拿着男人的钱可不舒服吗	Potentially
我认识一个包邮区农村的小伙（此处农村非歧视，只是如实描述），他们和附近几个村都挺富裕的，他们就歧视一切外地人（此处本地就是指他们村和附近几个村，其他全是外地），他跟我说如果谁家娶个媳妇（嫁个老公）是外地的，亲朋好友们都会鄙视得不行，我问如果是大城市呢比如北上广？他斩钉截铁滴说只要是外地都不行！	Potentially
我超，男同！	Potentially
关键在国外主流国家，中国男人性吸引力都是最低的，尤其在欧美国家，不光中国人，亚裔地位都最低😅😅	Potentially
应该宣传防治中国被黑化，这样比较好，或者说黑人被歧视，生的孩子一辈子也会被歧视。这样宣传效果更好	Potentially
你把生活区ban了就不会碰见女👊了	Potentially
飞机大炮你想要也得给你呗，一炮给你轰印度打拳去	Potentially
喜欢黑，就一直黑下去，千万别回头，国人不接盘。	Potentially
我本来对同性恋没什么反感的想法，直到看到她们在地铁上不正常的表现，我立马想吐，恶心到我的人我也会反击	Potentially
惯的，用电炮和飞脚跟女人沟通，你会发现她们变得很讲理	Potentially
远离默默默默，抵制串串🤣	Potentially
非处：老娘补膜+紧缩术+整容，安能辨我是雄雌😆	Potentially
笑死了，eg的名头是老外安上去，关中国人什么事	Potentially
黑龙江人天天东北东北，都忘了自己叫黑龙江了吧。拉着辽吉和你一起背锅？	Potentially
说实话，马丁路德金很伟大，他的梦想实现了，全世界的兄弟们都以人品来看待别人，以及铌铬，想想什么人会77%没有父亲吧	Potentially
支持黑叔叔大骂织女	Potentially
都一样，不把黑人画在择偶范围内😅	Potentially
张华考上了北京大学，李萍进了中等技术学校，猩猩被引进了国内高端大学，他们都有光明的未来[拥抱]🐶	Potentially
有很多种原因，黑河南、黑北方的都是南满	Potentially
果然猩猩去到哪都一样	Potentially
我都算比较宅的了，这几年我都看到三次黑人和中国妻子在街上走，而且是带小孩的那种。具体哪个地方不说了。	Potentially
和黑人结婚生的杂种都应该灭杀掉	Potentially
这种东西都能照做的不知道是没脊椎还是没脑子，不怕一万就怕万一，万一老婆是个仙女....	Potentially
就像你说的你因为腐癌对txl略感不适，因为了解不全所以才对txl抱有厌恶感不是吗？	Potentially
哪里都有好人坏人，两三千万出几个坏人很正常。然后作者说不喜欢天津以北的，一下讨厌了好几亿。嗯，你把信息简历发我，我给你推CNN去。🤭🤭🤭🤭	Potentially
舔狗也本来不是结婚去的，骗炮的，骗钱的，女拳自己都知道不靠谱	Potentially
少点宏大叙事，国男还是想想怎么让自己不接盘更实际	Potentially
男人都去工地煤矿，太危险了，女人坐办公室	Potentially
新闻报导黑人男人单枪匹马在广州地铁徒手当众暴揍南方男人，一车南方男人没一人帮忙，新闻常报导东北人在海南街头当众暴揍海南男人，满街海南男人看着海南同胞被外地人当众痛打没一人帮忙	Potentially
80后剩女好气啊	Potentially
好真实呢，第一次的男人得到最大的好处拍拍屁股走了，最后老实人不但要给大量钱，很可能面临离婚分财产扶贫的任务，而且女方lkd，艾疣梅事都可能上门，简直是对勤勤恳恳辛苦工作的老实人最大的恶意，最后可能婚后一地鸡毛还有个泼皮祖宗站在老实人头大拉屎撒尿。	Potentially
不过一般像他们这种婚姻长久不了大部分过几年就离婚了。因为中国女人其实一般都没法忍受黑人社会的滥交，艾滋及其他传染流行，还有她一个人赚钱养活整个家族的“传统”，我见过几对离婚的，然后中国女人把黑小孩带回国内给娘家带着，自己跑另外一个城市从新开始。你有时在国内一些小区突然发现冒出了一个黑人小孩，就是这么来的。	Potentially
我是广东人但生活中真没有遇到提黑龙江如何如何的，被黑的最惨的是河南，很多招工的直接写不要河南人，现在人员紧缺这几年也没有啦，那几年歧视河南人好像是他们抱团经常打架。	Potentially
以前在学校里黑人很捣蛋，说你们中国的女生都不行，不禁日，一会就不行了。	Potentially
世界第二大经济体的年轻女生就这种素质，太悲哀了。	Potentially
高中都这么多拳师了	Potentially
吃狗肉随意，恶心的是狗奴，txl必须清除干净，不然美国大使馆天天宣传什么骄傲月，国内txl直接帮美国搞颜革	Potentially
多健身，看到嗨👻欺负同胞就直接上去重拳出击。	Potentially
那胸不大的女人没有人权？	Potentially
被答主这样的国女喷下线了，	Potentially
兄弟们我上条冲错了，牛头怪是自己人，其他三个是真默🐶，冲另外三个默孝子	Potentially
西方通过洗脑女人，达到殖民侵略的目的。洗脑的工具：NBA、欧冠、好莱坞、美国神剧、尬舞⋯	Potentially
我遇到的东北人的确有这样的，有事的时候和你称兄道弟，一没事了就不把你当回事。你不理他他还说你不把他当兄弟。真是受够了	Potentially
你不说我就认为湖南人把你家端了，还把你老婆带走了啊😓	Potentially
这女的纯纯穆🐶，这男的也是若志	Potentially
不是说黑人饿死不种地渴死不挖井吗？咋会加班呢	Potentially
成都黑帽门确实大开眼界😅那黑人甚至用女方结婚照作黄网头像，各种羞辱。就是不知道那女的后续咋样了	Potentially
说实话我最近对陕西的印象急速滑坡😅我还是陕西某“兄弟省份”的人呢	Potentially
女权得寸进尺了	Potentially
B站女拳，说着说着自己玻璃心把我拉黑了	Potentially
我是一个直男，和一楼一样，生理上厌恶同性恋，我的看法是，我不希望我的生活里出现同性恋，如果出现我会避而远之，我不支持同性恋，反对的声音留在心里，不说出来，因为说出来会被喷，我不会去尊重同性恋，因为我不会去和他们说话，也就不会有尊不尊重一说了。所以，我的观点总结:别人同性恋是别人的事，我只管保护好我自己的处境。但是，如果同性恋强迫我尊重、重视他们，我会立马反对他们	Potentially
东北被黑是因为这个地域三个省，而且是捆绑东北这个词。不像甘肃宁夏之类的，上来我就西北人。不是说东北不好，而是说三个省的人一起捆绑这个词，被黑的几率肯定是别的地域的三倍以上。😅	Potentially
河南井盖新疆切糕这俩算是最初成体系的地域黑了吧，之后就是东北，现在有点往山东来的意思了	Potentially
应该要求女的出示处女证	Potentially
国家为什么禁止耽美文化没点数吗？	Potentially
黑东北是有人有目的的制造矛盾	Potentially
妈宝♂不行妈宝♀行	Potentially
然后有个叫黄巢的人从唐代穿越来进了了一波收割挽狂澜于既倒，扶大厦之将倾，再次净化华夏血统。	Potentially
我觉得应该是，黑人女性受成长环境影响，更能干，更听丈夫的话。黑人男性受成长环境影响大多会觉得打女人，三妻四妾天经地义，坏习惯一箩筐。所以黑人女性比黑人男性受欢迎。🤔	Potentially
你这样人的人真的很讨厌 张口闭口南大人 或许就是网络上你这样的人很多 才引起了对立 我自己在东北读的书 同学朋友 大都是东北人 其实大家生活里都很友好 但是就是极少部分人在网络上 上跳下窜的 导致很重的戾气	Potentially
嫁到非洲真的是垃圾至极的电视剧，之前央视八套还有一个一家人好几个孩子嫁日韩嫁欧美娶日韩的，弄得一家跟鸡窝似的	Potentially
看见杨笠这司马脸就觉得恶心	Potentially
爱上同性后悔莫及	Potentially
反铜头子忏悔记，震惊出贵	Potentially
？？电影里不是帅哥？你换成孙笑川的样子女生只会报警，谢谢	Potentially
女性找黑人结婚和我半点事都关不上，但问题是很多女的找h人之后还要贬低一把国男，我知道的就有一个之前在b站被欧洲男人搞大了肚子人家直接跑了，这女的就带着私生子到b站各种炫耀，然后又跑到微博去了	Potentially
我记得前几年我在一聊天App聊的一个女的，开始聊的不错，后边她试探问我，她以前老公是黑人，有一孩子，我直接骂了一顿，拉黑了，其实我挺想约见她的，但是她说了以后我整个看见她照片恶心加反胃！	Potentially
仙女的盘谁敢接	Potentially
是啊！那个都有这些脑瘫奇人跪虫族	Potentially
以后拳师让舔狗买车给她们开就行了，货拉拉顺风车什么的一概不接女乘客	Potentially
女生打人的时候，男生不能还手，体育考试要求还比男生少一半	Potentially
原来女性的地位由男同决定?你这个思想属实搞笑，对于男同仇女确实有，但是我觉得大多数不会，还有你不会以为抵制男同就没有男同了吧，男同事基因，不是后天学习，打压男同只会有更多的男同因为社会压力骗婚，这道理都不懂。	Potentially
吧里不婚不育的女权出来吱一声？	Potentially
真晦气你还是回你的非洲吧	Potentially
有兴趣再收复一下反同恋吧吗，那个地方已经被彻底占领了，我真是服了	Potentially
拿着一张p的图在这里意淫，通讯录是不是都有臆想症。	Potentially
江苏一些媒体专门报道负面新闻，比如江苏城市频道和江苏公共频道，先报道省内负面新闻，再报道外地的。我记得江苏新闻台曾经报道南京的理发店问题时就对开理发店安徽人苏北人搞歧视	Potentially
说真的。现在的中国女性找黑人男性，那要的能叫彩礼？怕不是婚后要还回去顺便在倒贴个十几万？中国女性管中国男性要十几万甚至几十万，管黑人要个几万就撑破天了好么。	Potentially
青菜萝卜各有所爱，有人爱吃煤，就不难理解了	Potentially
很多男的无感，我老公就是对同志无感，而且他还有一个同事一个战友是同，他们玩的都挺好的。但是他说他在部队，有个男的加他，要给他k，他不同意，然后那个男的说闭上眼睛享受就行了，结果我老公把他拉黑了。今年我不知道啥事问他，他才告诉我的，他说就是很奇怪，为啥会有男的要给他k🤔，神经病么。。。他们直男都不了解为什么同会这样，都觉得很奇怪。其实很多直男对同都是无感的	Potentially
女权吧的人看到会不会说:孩子不是你的就不爱我了？渣男!	Potentially
你想多了，不要这么自卑，大多数女生喜欢白白嫩嫩大小适中的。没人喜欢身经百战的黑杰宝	Potentially
四：被愚弄及不明真相的女拳这类女人其实是最可怜的，没得到利益还被女拳连带受害了。但是她们无辜吗？其实并不无辜，每一个成年人都必须要为自己的行为付出代价。有的责任不是无辜、装可怜就能躲过去的，何况他们每个人都或多或少吃到了女拳带来的带血的红利。目的：无目标，纯粹发泄。	Potentially
假的，只要威逼利诱一下，先找当地黑人威胁一下，再给钱赎人就能救回来，就是两个孩子可能带不回来，看舍不舍的了🐶	Potentially
人家是真的敢办事儿的，裸体游行、终身不婚、单亲养子。国内的女拳拿啥跟她们比？?	Potentially
有一说一抖友还是能处的很多爆杀畒的都是抖友	Potentially
可以说这个华裔警察和肖万简直就是人类的英雄	Potentially
舔狗赶紧去死吧	Potentially
拳师不打洋拳	Potentially
本来就是宿舍的规定，楠拳自己不遵守，这下北师大已经把2、3楼层设置不可按，2、3楼都没得坐了。	Potentially
腐癌说的不是txl呀😆😆😆	Potentially
先把人拉黑，害怕被关爱，只有把它的基头蒙上独自表白	Potentially
找黑人作男朋友的女生真的应该好好调查，踩雷机会太大，珍惜自己，善待亲人。	Potentially
不和你争了。但是有一点你百度一下，艾滋病在潜伏期是可以查出来的，安慰了黑人之后，去医院查一下，不要害人。	Potentially
二：纯粹女拳这类女拳比上一类更纯粹，上一类主要为了利益服务，这里才是最为纯粹的女拳，也是女拳最为中坚的力量。女人因为生理和心理结构，很容易走极端和情绪化，把自己所受到的不幸归责于他人，特别是年龄大的女拳手，大龄剩女和大龄离婚女性就是女拳最独特的温床，因为这类女性基本翻身无望，但是作为女性她们希望有人比她们过得更惨才能衬托她们不是那么惨，从而得到一点点可怜的慰藉。所以她们不遗余力蛊惑年轻女性走上女拳的道路，用女拳给年轻女性洗脑。这类女拳还喜欢打着名义上为女人争取利益的名头打劫男性，主要是为了争取更大的不对称利益、用争取到的不对称利益蛊惑更多的女性加入女拳壮大团队。殊不知所有的利益都不是凭空生成的，有人受益就有人受损，不对称的利益不能长久，长此以往也容易遭到反噬。但是这类女拳是不会在乎那么多，毕竟有这么多的女人垫背，也值了。目的：安慰自己、发泄自己的不满	Potentially
拳师的台词我都预备好了：歧视，歧视，还是歧视😜	Potentially
再举个例子吧，一家公司要招50个大货车司机，有60个女的和60个男人应聘。这家公司将能拿出一百个理由，最终全部招了50个男的	Potentially
难道上次我去重大被我吓得不敢出门的就是这个小基	Potentially
这就是剩女被剩下来的原因，都去竞争那2%的	Potentially
我没咋见过黑甘肃的，西北被黑的省多了，见过好多装河南人装甘肃人的南方人黑陕西	Potentially
女人一思考，上帝会发笑，逻辑是所有女人的硬伤	Potentially
我怀疑你还活在梦里全世界著名的公交车eglkd还以为自己受欢迎有人高价接盘现在是你们想嫁都没愿意娶的	Potentially
你们上海人黑白完人的时候也没见你们心疼白完人啊。搁这装什么小白兔😂	Potentially
你们媚外的才多吧？一堆喜欢新鲜感的媚外女性，我都看到过，承认不丢人，真的。况且，我不极端，并不是所有中国女人都这样，可你也不能反驳这样的人很多。	Potentially
你这条没火 火了估计会有很多txl过来说 你特么污蔑 我们怎么怎么不正常了 还有一个话题 还有的娘炮txl会说 男人担当不在于娘不娘炮 八卦不八卦 化不化妆 在于内心 平时有担当就行了 但是他们平时也没担当啊 做人也挺loser的 挺恶心的	Potentially
不是，就觉得恶心，洋垃圾不要我凭什么要，要是easy girl骗我接盘，让我发现不会放过这个婊子	Potentially
祖籍河南宁夏人，从小就被叫河南蛋，河南大裤裆之类?	Potentially
三万人民币都够黑人在那盖个豪宅，娶好几个老婆的了	Potentially
我不是因为网上说的他们没素质，或者是有性病而歧视他们，我只是发自内心的，作为一个直男的，生理上的排斥，真的恶心，之前学专业的机构让看电影，月光男孩，看完回宿舍趴马桶上哇哇的吐	Potentially
有些直男只是单纯恶心 男同do爱吧	Potentially
就算她不拿刀你就能打得过180斤起步的母坦克?	Potentially
？？？有人造子宫我家众筹一个孩子就行了，要这种幕刃给我添堵吗？？	Potentially
日本人就是拎屌入住，有啥风险大的。国人房子、车、彩礼、婚礼等把全部家当都搭上了。	Potentially
去非洲永远别回来才好	Potentially
现在外来的多了，刚波宁比例有所上升	Potentially
其实京津才是东北黑的大本营，东北在广东没啥存在感。	Potentially
喜欢黑女的很少很少，你说得绝对是极极个例。	Potentially
找了个帅的白人，再找个丑的国人。然后放在一起比较，说中国男人就是比欧美男人丑，有意思吗？	Potentially
你说的对，我们不是虚伪的白左，不喜欢黑人就是不喜欢黑人	Potentially
大家反同的原因是什么捏？㈡①通讯录教唆未成年人②社会不稳定因素，情绪不稳定③自认为通讯录高于yxl，自我宣传的同时贬低yxl④X行为对身体可能有不良影响⑤就是厌恶，认为不符合自然规律以上加上上一贴共十点，其实很多txl并没有这么夸张并歇斯底里，大家都是接受过九年义务教育的人，我不相信只是因为txl就会变成那种妖魔化的样子，我本人其实也极度反感反异人群，抵制男女恋爱在我眼里可笑至极，我不认为谁比谁高级或是优越，希望大家不要因为部分在网上激进的txl疯子对这个群体有太多恶意，最后强调那种反男女的都是疯子，二球，傻*，更多的txl群体只是安静、正常、阳光的活着，不是每个人都是疯子问题:如果所有txl不张扬、不蓝交、不反异、安静平和的活着，大家还会厌恶txl吗？	Potentially
舔狗不得**舔狗不得**	Potentially
字太多不想看我只想说一句女人垃圾	Potentially
为啥？就是因为现在中国女人地位高到离谱，男人任劳任怨还被女性瞧不起。破坏人类的根本原则	Potentially
还有人说我们甘肃人一辈子洗三次澡，出生结婚死亡?这都是谁发明的??	Potentially
hello nigger	Potentially
河南表示：这个资本家还不配让爷去🙂	Potentially
其实广西都是外地人在搞传销，结果广西居然自己也认了，现在官方发声明也不管用了，人不信了	Potentially
一是怕有病，万一………………二是你主动靠到高富帅我还明白，主动靠近默，还倒贴………	Potentially
我在苏州待过几年，“江南三村”不是自嘲吗？并没有外地人用这个来歧视当地。上海人对外地人的歧视是客观存在的，这个洗不了，但上海人并不是很歧视北方，他们只是歧视外地。	Potentially
同河南籍新疆人，大家问我是哪里人的时候我都不知道该怎么说，刚上大一，男同学问我哪里人，我说新疆，他突然来了句那你怎么来的学校，我觉得不对劲我又说我是河南转学到新疆，他直接说:那个偷井盖的地方是吧	Potentially
😅我和同学合租的时候 旁边那个步行街全是北方人大半夜搞直播 大喊大叫 说实话 很难不讨厌但都是为了赚钱 也没有办法 我们湖南90年代找不到工作去广东搞飞车党的也很多	Potentially
我是湖北襄阳人，和南阳交界，我记得零几年每到过年前期会过来很多河南那边人过来溜达，小偷很多，还有很多卖东西的，每到过年前期，我家人让我少出去玩，过年10年后基本没有了，之前名声确实差！特别我老一辈不怎么喜欢河南那边，我爷爷那个时候去卖米，去村里卖，那边一个村里人围上来，说尝尝这米怎么样，我爷也让拿一点尝，后面就一帮人，拿瓢往袋子里装，完全拦不住，一车米也没有剩多少，之后我爷再也不去那边卖米了，家里发生事！	Potentially
因为女人大脑感性部位发达，喜欢引起情感共鸣的，撩动情绪的。而短板是大局观较差，比较好下手，怎么舒服怎么活，开心就好。不管会对人类群体会产生哪些负面。只看见面前的东西，比较好忽悠。	Potentially
反正前妻也再婚了，再生小孩就不会对孩子好了，不如dao了这个老娘们和她父母，一命抵三命值得了，看来是城市人，城市80.90后基本都没兄弟姐妹，然后她家财产都是自己孩子的了，孩子由爷爷奶奶带大，将来也不会对爷爷奶奶无情。	Potentially
男性被害一般上不了微博热搜，女性被害才有更高的流量，媒体热衷于报道。	Potentially
因为上海人瞧不起外地人，所以被黑，不冤	Potentially
楼主你不懂有些跪虫族就喜欢这些像黑猩猩式唱唱跳跳所谓比如就像众跪虫族就喜欢类似文化可见精神世界到底有溃乏	Potentially
每个eg背后也有3个黑人呢，集合	Potentially
因为讥讽、耍笑河南是历史传统啊！是一种流传了2000多年的风俗习惯! 看看春秋时代老祖宗留下的成语吧: 郑人买履，买椟还珠，拔苗助长，叶公好龙，杞人忧天，守株待兔，郑卫之声……反正就是一种传统。🤝🤝	Potentially
这幕刃就是个xn装s，说的话不明不白，偷换概念，初中没毕业，彩礼就是在物化女性，	Potentially
果然虫混奴隶大蛆就是虫混奴隶大蛆连最基本说话都不会说	Potentially
当🐔更赚钱，一次五百，一年365天就是几十万	Potentially
如果没记错，在河北人印象里，最差的是北京人（滑头吹牛逼），其次天津人（骗子多），再次是安徽人（小南蛮子），最后才是河南人（偷井盖），奇怪的是，河北人对山东人的评价最高，其次是东北人。	Potentially
男的再落魄也不可能看上黑女吧。。	Potentially
拼生孩子还真拼不过，国男喜欢养孩子，默从来不养，怀了就跑路，	Potentially
多去江浙一带广东一带转转你会找到答案的， 与其问为什么，何不问下在外的老乡这么惹人讨厌😅	Potentially
引进就是恶毒的诅咒	Potentially
人形畜狌只有本能，除了寄声就是寝犯。	Potentially
小女孩都吓哭了，放着畜牲来干嘛呢？回非洲好好待着去	Potentially
当时，一个反同者炫耀自己骗了一位同性恋，内容就在图里，其行为之恶劣令人发指。居然强行为反同者开脱，并且随意污蔑这位受害者，试问哪个有良心的人能干得出来？	Potentially
好家伙，你今天敢叫“女人”明天就敢叫“妇女”！你真是好big胆！叫《女王》《小仙女》《新时代独立女性》！	Potentially
结果那个泼男就是他们另外反同吧的吧主？哎哟，我都兴奋了！打的就是你们窝里的老杂毛！把话带到，我回重庆的时候约他不要怂	Potentially
反女拳是因为：他们并非善类，绞尽脑汁把广大女性作为工具，来发泄他们对夫权和父权的仇恨。（对女性也没有善意，一旦女性有不同观点不同价值观，也同样会被他们攻击辱骂）	Potentially
感觉你见到的是特例。我是四川的大学黑人不少根据本人实地考察，和黑人待在一起的女生几乎没见过更别说情侣了，什么让黑人选谁的那更是不可能。时代变了，能考上大学的多少都是有脑子的。找黑人图啥？长相和女生审美背道而驰，智商更不能比，文化差异巨大。。。。	Potentially
有这好了，不去让他们去采摘园真是可惜了	Potentially
你这个南满，大凉山欢迎你	Potentially
法国不是法国人的法国	Potentially
Txl真恶心	Potentially
以前有一部分女权还没那么极端，而且喜欢骂男同，所以合作的吗？	Potentially
女人不懂，还会说不就一个游戏嘛…听到这话就想抽她。	Potentially
不会停下脚步，直到业火将华夏血脉的黑色荡尽	Potentially
我就是生理排斥 但有些人奥 尤其是女生 自己不是同性恋天天TM在那磕别的男的 明明我和我好兄弟是兄弟情 他非得在那脑补那种东西 你说恶心不恶心 你反驳她 他就说你歧视同性恋 我是真不懂了	Potentially
生化危机5也不错的，控制主角在非洲屠杀变异的黑鬼	Potentially
我见过很多贵州人说东北贫（穷的意思） 我就奇怪了论省经济你个倒数第二的笑话人家倒数第一的？	Potentially
你们黑北京的时候可欢了 这点刺激就受不了？	Potentially
“粪城”“贼都”“xa人都死绝了才好”类似这话我在知乎微博看了不下一百遍。挺好的，原来不是说大家都是中国人就是同胞的，原来有人真的恨不得把西安开除国籍的，那以后咱们各自安好。🙂	Potentially
这是把男人默认摆在强者的位置上，是对女性的歧视，我要求你立刻道歉	Potentially
我们浙江不服，天天被骂	Potentially
支持答主，再瞎的人看评论区各地的表演应该也看得懂谁是弱势谁被黑了	Potentially
舍得吗，把她v信告诉我，我来治治她	Potentially
除了吓得删回复，就是对着自己咬，基佬果然是同类相食的怪物	Potentially
是被阿娜夺舍了吗我寻思着就阿娜这个水平应该也学不会盗号啊	Potentially
这我倒没话说，看起来那些双标的男人好多了	Potentially
pc都不能接受外国人上过的，😄	Potentially
你说的对，不过数量相比仍旧是少数。 不过举报三非 我赞成。	Potentially
该🔪的女⭕成事不足败事有余的fw	Potentially
你说的很对物已类聚，人已群分。相差很多的两个群体没必要产生多少联系，我觉得那些撑同的人尤其是女性，就是站着说话不腰疼。既然她们喜欢那就不可能真正的公正看待。。	Potentially
跟河南人在一起就是这种后果	Potentially
香港也有异曲同工的叫法：“北姑”	Potentially
顶啊！低等的黑杂种！滚出中国！	Potentially
嫁娶低物种不划算，生出来的小孩属于低物种，拉低智商而且很黑，不符合审美，是倒退，是没有完全进化，文明会倒退，消失掉！！！	Potentially
好一个能让郭南自由发言的平台是必要的！	Potentially
白黑都歧视黄	Potentially
民族问题可以谈，物种问题没得谈。	Potentially
可能自己思想太传统吧，实在难以忍受那种矫揉造作娘里娘气的男人	Potentially
摩洛哥不知什么人种，好像穆斯林吧，从摩洛哥带了混血宝宝回来，唉，不知道她后面还能找到老公么	Potentially
奸**人的迷香就是古龙水，就是非洲黑人或者美洲黑人使用来奸淫中国女人的那种身上的香水味道，是一种迷香，对女人特别有效。	Potentially
不错，看来我大中国同胞对黑人还是有客观认识的。	Potentially
感觉黑人给ysl丢脸	Potentially
四川啊，经常被黑	Potentially
屠杀黑人屠杀犹太人	Potentially
比不过比不过，你们北方实在是太厉害了，个个都是人上人。不过奇怪的是，北方人上人既然认为南方人是野蛮人，却还有那么多北方人上人跑来野蛮之地给野蛮人打工也太让人疑惑了🤔	Potentially
有几个东北人吹张是英雄的😓😓至于你这么黑吗😓😓	Potentially
你这和在网上看了点男人家暴出轨新闻就宣称不婚不育保平安的女拳有啥区别😅	Potentially
我可没那么大大局观跟你讲民族大义，就希望那些找黑人的女的别在这呆着了，还有如果散伙了请不要找国男了，也不要隐瞒，大家平等嘛，你男朋友有权知道你的过去	Potentially
依然有歧视。我是河北的，2019年去北京当保安挣学费，人家说：你是河南人？（我家是河北南部邢台的，所以说话接近河南口音）我说不是，但是有什么关系呢。公司人事对我说：早些年只要是河南的，都不要。我年龄也不大，我估计就是早期带头黑河南的，然后慢慢形成固有认知了，其实都是空穴来风。	Potentially
可算有人发现问题的实质了，我们这些国楠才是真的惨。还好现在我国整体经济实力慢慢上来了，也逐步更开放了，个人再努努力，我相信还是有机会争取到其他选项的。共勉～	Potentially
女👊配黑🐶不是绝配吗？别呆在国内就行	Potentially
这里面女⭕️师也不少	Potentially
以为黄白混就好？愿意混的都是比较差的，长相好的极个别	Potentially
我觉得一定是安徽人装上海人的原因🤣	Potentially
我是河南人，我在河南活了二十多年没被偷被抢，在外地上学第二年手机就被偷了……还有次打车回学校，司机知道我是河南的后还说“唉你们河南人是不是特别拐啊”，我说你去过河南么？河南人挺好的啊，你来就知道了。那司机说“我没去过，反正我不用去你们河南人就拐。”？？？我跟他说了不下三次你不信可以来我们河南看一下再下结论，他一直咬定我们河南人不好，我当时真的是又生气又委屈	Potentially
而同性恋滥交和传播艾滋造成的苦果，也需要社会上的每个人自己承担，滥交导致的艾滋和性病传播会增加社会的医疗负担，减少每个人得到的社会福利，因此向社会传播txl的恶行而导致txl社会认同度低的话其实会变相减少自己得到的社会福利，简称自食恶果。	Potentially
这个也就对应了国际鬼子黑猩猩及其它们后代猩混间野生动物猩猩之间它们自己生物物种间的自己物种歧视。	Potentially
蓝鸟上骚女和菩萨被开除女籍了	Potentially
兄弟你不知道再那个小強loveyu眼里你这些都是键盘侠比如你举那个现实当中做的列子就比如房东也开始不租房子给虫类了，或者直接以租房子的名义看虫类护照，没有？直接拿起电话拨打。在那个小強loveyu眼里你也是键盘侠	Potentially
不然幕刃是怎么诞生的？	Potentially
难不成我还非得接受同性恋？	Potentially
在这跳的这帮同脑子都不太对劲	Potentially
郭女颜值不高，又不肯去做性价比高的整容，化妆邪术毁皮肤，卸妆如同恐怖片。我是佩服成天郭女推土机为荣的，牙口真好	Potentially
出狱了记得带着你的小二嗨一起滚回飞舟	Potentially
女人越老越贬值，越老越不能生，这是事实吧？有的女权要问了，我为什么非要生孩子，问得好	Potentially
黑人就喜欢免费的、原汁原味的叫花鸡。	Potentially
连这个是转发贴都看不出来只要有人骂他他就说人家是基佬嘞	Potentially
是的，反黑不要一上来就骂，会引起反感的	Potentially
靠 在非洲时 黑人银行女 酒吧女 微信附近女这么热情就不敢尝试，一个那个味道受不了，其二艾滋病占到全国百分之六七十以上，还有中国妹妹在那边洗脚您懂的，都不敢接黑人活	Potentially
捏哥在豺那一年白拿二十万，这是凭什么？	Potentially
女性在这个世界上除了繁衍能力之外，对文明的推动几乎没有一点贡献，如果男性解决了困扰自身的繁衍能力后，女性会不会沦为交易的货物，或者奴隶呢？本来现在女性的社会地位的提高，就是男性对女性最大的宽容了，如果女性仍旧对现在自身的地位不满，那女性的末日就会很快来到！	Potentially
有道理，国内歧视这么严重，确实不应该冒险。就跟当年老人们教诲不要找南方矮矬子，外地土老帽一样，都是经验的传承，对吧。	Potentially
国家重拳出击，不合格的直接遣返，差别对待外来物种低人一等。	Potentially
有多少男性因为自己的思维方式，行为方式或者兴趣爱好的不同而被嘲笑辱骂甚至摊上暴力！我斗胆直言，男性是舆论的弱势群体，男性才是被各种事物绑架的奴隶！如果我们的权利在得不到保障，我们何必拼命维护男性的文化约束	Potentially
打弟弟要趁早，这句话不知道是哪个幕刃说出来的	Potentially
不可能害怕，只是想让她们玩的高兴点，她们去非洲生活难道不比在中国更好？	Potentially
看到黑人就很憎恶，为什么？	Potentially
跪族篮孩居然歧视黑人，好奇怪的现象。	Potentially
黑人吧早被我们反黑站了，你还洗	Potentially
经常听男的回家跪搓衣板，就说“正常啊，这不挺正常的吗？”，没听说过女的跪，如果跪搓衣板了，就“这是在家暴啊”，以前古代任意朝代都没有这样的哦	Potentially
嫁黑人的我不反对，我只歧视。最好出中国永远别回来了。	Potentially
呃……上海经济好吧，还不是照样黑	Potentially
智商70数理化再学也是0分，但人家是世界殖民亚军，天生能扣篮，倍受中国球迷敬仰崇拜	Potentially
山东人口碑不错吧，被黑的最惨的还是河南人🐶	Potentially
我是黑人有很多漂亮的985/211中国女友	Potentially
同性恋又不像异性恋一样是一直被人接受的😄你有必要这样说嘛🤔	Potentially
本来直男也就是个不褒不贬的词汇，在现在女权横行的环境下，变味了，只要不理解，不赞同女性的观点，或是不符合部分女性的价值观，很容易被扣上直男的帽子（往往被歧视为不懂女人，没见过女人的人）这个词现在也变成了带有贬义的嘲讽词汇	Potentially
白人应该不算寄生虫毕竟最初期白人创造无数科学发明和自己打造领土的罗马和希腊而且最初期根本就没有吸食咳卡茵，海螺音，冰犊而且现在三观传统正确白人也没有吸食咳卡茵，海螺音，冰犊而现在贩读和吸读的第一大户是拉美裔和拉美人而第二大户则是国际鬼子虫类及其它们后代虫混而全球著名贩读和吸读大户基本上没有白人而全球所有国际鬼子虫类及其它们后代虫混除了中高底层它们是入寝人类各国寄生虫同时别忘了拥有和个别拥有良好家庭和受过高等教育中高层国际鬼子虫类及其它们后代虫混所谓国际鬼子虫类及其它们后代虫混所谓精英和它们有极个别经过努力能成为但是往往全球所有国际鬼子虫类及其它们后代虫混但是天生基因和大脑和它们百分之99野生动物大脑不如和它们虫类基因和人类和百分之99野生动物的最大差距所以不光它们怎么努力都达不到百分之99野生动物高度所以才有политическаякорректность虫命贵而它们从底层到高层所谓精英无不贪而这个贪基本就是它们基因重要一部分而纵观全球所有国际鬼子虫类及其它们后代虫混精英基本上个个都是犯罪分子的冰山一角的马丁路德金和毁掉南非曼德拉和阿明和博卡萨。	Potentially
哈哈，金庸的文字真是绝了。媚外女还不如丽春院的	Potentially
本人胖子一枚，不久以后会去埃塞为期一年的外派工作。到时候实时分享一些黑人的真实生活情况让圈内朋友知道什么叫做黑色癌症	Potentially
黑人反对歧视。其实那本质是只允许他歧视别人，不允许别人歧视他。	Potentially
9.9看畒苟破防超值	Potentially
太多辣鸡媒体宣传默默卖蠢和苦难来博取国人尤其是女性共情～	Potentially
男人只会和男拳战斗，好男不和女斗。	Potentially
知道nv拳最大的敌人是谁吗？是亲子鉴定，是基因技术，建议打拳的认准敌人。	Potentially
滴滴司机请不要接单身女性的订单！为了自身的安全！	Potentially
防火防盗防黑人，黑人之害远甚于其他	Potentially
你的新闻说明东北人敢暴打欧美人，而且在南方地区暴打欧美人的同样是东北人而不是南方本地男人😲更说明南方人面对黑白人唯唯诺诺不敢出手，看到南方同胞被黑人在广州地铁当众暴打没一人帮忙的民族性	Potentially
凭什么男的不生，不公平！	Potentially
超过西周？？？我说是放P。西周早就发明文字了，黑人什么时候有过文字？到现在还有原始社会。	Potentially
兄弟你这么才知道它们有这种绝技在暂时没有**人类与它们交配情况下它们是可以见到一个洞都能交配比如汽车排气口和众多大自然野生动物也是它们交配目标这些都是因为基因与大脑和历史长期就注定的事	Potentially
什么女厕所	Potentially
不在中国地盘繁殖混种默，一切都好	Potentially
政治正确这个词用的好，现在接受同性恋居然变成了主流，对同性恋稍微表示恶心居然就成为了反面派	Potentially
自作自受 回来让老实人买单？ 你同情她们 谁特么同情老实人？	Potentially
装成女人来骗那群龟男来舔啊，这就是最简单的方法了	Potentially
你不会是怕将来你妻子告你强奸罪吧！你放心这项罪名很难取证的，女的一告就众叛亲离被人嘲笑，女的还怎么在家里呆下去，还不如直接告离婚	Potentially
黑人暴力基因占百分之84白人和黄人分别是51和13黑人暴力是基因层面的，可以通过后天教育改变但是很难。	Potentially
扯淡，找黑的比失足女差远了，失足女都有措施的，染病几率都没有那些女人高，黑人在大学约妹子从没有措施的。	Potentially
苏北人歧视起其他省份一样厉害的	Potentially
又瞎说，阿拉上海不歧视河南的好哇，我们最排斥的是皖北地区😅	Potentially
是啊，我上次遇到一个恶臭直男，真的，他一直三句话不离同志是变态，最后在我把很多论据给他看的时候，他还嘴硬，这些论据都是假的宁愿自己看几千年前的小破书，也不愿看看现在的论据。眼看说不过，就发各种表情来阴阳怪气。🤣大半夜的，差点没把我笑死。	Potentially
人人平等，为什么你眼中你黑爹就高人一等？	Potentially
确实看见过“江苏这挨屠的地方就该全部死光”的说法😓	Potentially
小孩都怕黑砸	Potentially
不用干活，直接每年20万，奴隶爼极力推荐。	Potentially
很多人对上海的刻板印象太严重	Potentially
找黑人的大部分都是追求性自由的，但她们不懂黑人文化，黑人没有责任感一说。他们才从部落文化中进化而来，他们与草原动物无异，都是雌性负责养育下一代，雄性只负责到处播撒种子。	Potentially
这是歧视，QJ是非洲文化，把非洲文化引进到国内	Potentially
东北人才是最喜欢黑别人的，我就评论了一下，就被追着骂了	Potentially
再说了，神学学位算个鸟，迷信和宗教在中国人看来就是个屁。你让马丁路德金去考一考数学试试	Potentially
江浙可是被搞得方言都讲不了了，嗯，这叫有话语权	Potentially
阿三不比黑哥干净多了？🤔	Potentially
祝福这两个人不得好死兄弟们记好了这个慕勾防止接盘	Potentially
因为你们这些无脑舔黑的人，才导致国人恶心他们，	Potentially
好多人说他们女人不能上桌吃饭🤣🤣男的大男子主义严重。😅😅反正都能找出来点黑	Potentially
我认为的偏见是指在还不了解真实情况或者了解不全的的时候就对某一件事情带有明显的情绪化和极端的观点，例如山西都是挖煤的，上海男人说话都是娘娘腔这种就是很明显的地域偏见，我认为你的好恶只是说你不喜欢txl，可我没说你是偏见。你的好恶是自由的，但偏见不是。	Potentially
不管是什么原因交往的黑人，都绝不接受	Potentially
地方电视台，听不懂换台呗，上海人在上海跟上海人讲上海话，关你个外地人什么事?入乡随俗不知道啊?	Potentially
呵呵，反正你们这些夸黑人的人，遇到的黑人不是家里是酋长就是家里有矿，好家伙，黑人人均瓦坎达王子是吧？	Potentially
老乡，井盖要吗？一个大胡子满脸堆笑看着你。	Potentially
黑河南的很多、其他的都不是一个量级的、不要带入其他省、原因是什么、谁知道	Potentially
你厌女，你是天才吗哈哈哈哈哈哈哈哈哈哈哈哈	Potentially
不同人种之间存在智商差异是科学事实，科学真理不因谎言而改变。	Potentially
视频我去看了，怎么从上到下都有一种被害妄想证。巴不得美国从地球上消失的样子。	Potentially
是，虽然消息被和谐了，但那三个默应该会被判刑法十到二十年左右	Potentially
我大学也没见过学生找黑人的，很多黑人的对象是社会上的ji婆	Potentially
女人经常利用男人的性，把男人死死的拿捏，但是遇到我这个药娘，她们还是蔫了，女人pua男人那套对药娘无效，这又是为什么呢？	Potentially
不了了之了。有些水军，还说自己错怪的宁波猩猩学院。	Potentially
重点是又不是她们取得的成就，照她们这么说，男的牛逼的那么多那我也很牛逼，真的是明明那么普通却那么自信，别人努力的成果，她们在这里意淫打拳	Potentially
这个视频里就是一个男的在吃酒席时和另外一个男的起了冲突，周围人在拉架，这个完全不沾边的亩?就拍了下来发空间，不知如何评价	Potentially
而新移民甚至留学生，easyg天下文明，就是为了骗美国国籍的，当然以和白白黑黑一起为荣了。	Potentially
确实，不是专门拉外国人皮条的窑姐，人家都不接黑人的客🥰	Potentially
所有的地域黑都离不开媒体、平台的无耻	Potentially
上海歧视北京很严重的呀我每次看戏吃瓜都笑不行	Potentially
猩球崛起，黑猩猩会成为世界的统治者	Potentially
这个垃圾，绝对是黑杂子	Potentially
说得对，我们没法分辨谁是烂裤裆，那只能摆烂或者先自己变成烂裤裆了😄	Potentially
不要看到几个就觉得霉黑很严重，反正我见不少黑人，只看到一个体重两百斤的没黑女和黑人在一起	Potentially
5毛呢，怎么不去把黑鬼都灭了	Potentially
黑人也有好人，不能一棒子打死，建议多打几棒	Potentially
这层主明显是东北，明知道你说的是东北，故意转移到西安，企图挑起矛盾。	Potentially
明明是江浙沪被黑的最惨吧	Potentially
这种男人可能心不坏，但是实在是很令人讨厌，往往把自己看得很高，虽然普通和自信是两个褒义词，但是这种情况下就变成了贬义，虽然呼吁大多数人都要普通且自信，但是这种男人并不仅仅是自信了，而是骄傲自负，自信过头了，是非常不好的一种行为。	Potentially
春晚喜欢黑南方人娘娘腔	Potentially
资本主义的阴谋，女人购买商品的欲望强，这个社会早就在偏向女性了，我们只是争取我们男性本来该有的地位而已。	Potentially
截图说的确实有道理，商女不知亡国恨，民族复兴，冲锋陷阵，难道靠你们女人嘴皮吗？健壮青年却每年都在减少，说实话，参军人数并不太理想，真以为世界是和平？	Potentially
习惯就好小仙女都这样抬高自己贬低他人	Potentially
异性恋里不也一大堆普信男😅😅😅	Potentially
这种女的就是以后说儿媳妇的人	Potentially
搞半天，她也是个普通人。结果自己不把自己当人	Potentially
你这个广东满子，黑河南、黑北方的总部是广州，核心地带是从上海到广州的整个东南沿海，范围是整个南方	Potentially
在女权眼中，男人没有存在的必要	Potentially
湖北不会有男铜的，因为都被我绞嘞	Potentially
要换男的，下面就不会这么祥和了，得被骂得满脸血	Potentially
国际除虫人人有责	Potentially
支持。反同迫在眉睫	Potentially
我也不看白色区，不看棕色区，更别说黑色区。还是日韩好看😊	Potentially
一口一个普信男，你是微博里的普信女还是烂裤裆	Potentially
？基佬对社会的贡献远不如一个长相不佳的直男工程师	Potentially
我一说是安徽人就说我小偷小摸	Potentially
你急什么啊？好国男自然配好国女，你竞争不过好国男，又不想找eg，最后找了个越南🐵，还在这同情好国男呢？好国男表示，你谁啊？可别代表我，我手里没香蕉。哈哈哈。	Potentially
以前男人还留长发，穿裙子……来来来搞起来，男拳师复兴起来	Potentially
“中国特色地域歧视”，河南和东北数一数二严重的吧，基本是被压着骂，你有一个反击十个人骂回来，真的羡慕互黑的。。。	Potentially
便宜好女孩就嗯造??	Potentially
可以考虑去东南亚国家，比如菲律宾 那里的女孩真的没那么多要求	Potentially
杨笠们嘴里的普却信❤️❤️❤️	Potentially
你把舔狗龟男放到这个行列里可还行，自娱自乐真好玩	Potentially
微博发声的最大声是女拳，讲道理女拳如果不是说那些骇人听闻的反人类的言论，而是正能量的讲这么改变，谁喷你可能还成为主流思想呢，毕竟在中国女性在言论上还是受保护的。打嘴炮那些不算呀，如果硬要算那么低端我也没话说。是女性自己不争取正确价值观，让女拳这样妖魔橫行，而女拳要的条件是政府和人类不可能接受的，也就是说不会改变什么，占着位置不做事。	Potentially
垃圾：黑同，同意的顶。颠覆国人的三观，棒垃圾当宝贝。	Potentially
最近黑上海的超过了黑北京的😅以前看黑上海的都会黑北京，好歹觉得公平😅现在黑上海的规模碾压北京👍😎😅	Potentially
我们人人祖传18代偷井盖，上古时期就开始了，井盖都是我们发明的，不然不好解释怎么上古时期开始的。	Potentially
什么上海？那不是叫爱丁堡吗？	Potentially
感谢lz的社会实验证明小仙女就是想做	Potentially
逆向民族主义者😆😆😆	Potentially
这么优秀的黑人找个这么丑陋的国女 不信 感觉严重造谣	Potentially
通讯录就是一群反人类的异类。	Potentially
也不一定，我有次在知乎评论区看了一个男的和黑人裸上身合影，应该是同，但是太不挑了😅	Potentially
虽然不合理，但对黑人，咱们是物种歧视😅	Potentially
她不要脸，我们家人还要脸的。她不要回本地生活，我们还要的。	Potentially
看了那么多回答，没看到因为说害怕艾滋，搞不懂，男人娶黑女白女好像他们就没啥意见了，女人搞黑哥白男，他们反应好大，看不懂	Potentially
广州小北路。治安乱吧？隔不远就有警C观景车。	Potentially
跪族篮是很少数	Potentially
不会氙钕怕事情败露自己删了吧	Potentially
猩猩是人的话，那猪早就是了	Potentially
16楼是个基佬。	Potentially
他们没有智商	Potentially
人家说娇滴滴的时候 主要是说长江沿线 广东被说长得丑和东北被形容粗鲁声音难听😅	Potentially
你河南的？那我只能说你又拉低了河南人在我心中的印象	Potentially
问:如何对上海地域黑?答:把它做过的再说一遍😆	Potentially
同是病，得治	Potentially
我在南方，这边人也不喜欢你们，好像。多从自身找原因，我在抖音聊天室，骂人最狠的就是东北人。。。。火药味十足的聊天氛围。。。。	Potentially
貌似青海是被黑得最少的，主要原因是存在感太低	Potentially
楼主圈子太小，可以去南京或者广州，武汉或者成都酒吧一条街和大学附近看看，现实会告诉你答案。武汉女大学生被黑人感染艾滋病，自己百度一下，你就知道了。😅🤣😆🐶	Potentially
黑人为什么出不了科学家？因为黑人没有进化完全，四肢发达，头脑简单。科学这种高大上的东西，他们理解不了。	Potentially
既然她们真的想跟男人比拼一番，那就随她们去吧。看来她们真的是以为男人活得很轻松。_x000D_7楼如果你真的变成男人，你就知道做一个无忧无虑的小女人找个男人依靠是一件多么幸福的事了。如果有下辈子我还想做女人呢_x000D_男人征服世界靠的是流血流汗，女人只需要征服男人就可以享受一切成果，多么轻而易举啊_x000D_但是，如果你想做一个爱逃避责任的小男人那自然会比女人还轻松快乐	Potentially
接盘侠太好了，帮我们排雷烂裤裆	Potentially
你以为同性恋都很帅吗？就跟一个丑男想要美女要看自己配不配一样，一个丑的要命的同性恋能找着一个帅哥爱上你？	Potentially
女生要求高唉?	Potentially
既得利益者可真是笑死我了，得利的也就少数上流社会，底层打工人过得还不如卖啤的女的	Potentially
如果说要反对嘿人留在中国，必须真实点赞率必须超过4.7亿人，也就是总人口的1/3以上！！！	Potentially
郭楠不配，还是乌干达适合你~	Potentially
因为黑人好色，所以只要是是美人计就来者不拒，再说它们智商很低	Potentially
哈哈哈，上海被黑了开始反对地狱嗨了是吧？可是之前那些地方基本都被上海壬嗨过啊😅	Potentially
应该说是，很多男人对供养者有误解。供养者对应的是女人三从四德。只要男人不外边有孩子了，彩旗飘飘都很正常	Potentially
还别说，有句话我挺支持你，中国男人那么多，为啥要找外国人？就像，中国女人那么多，非要找外国人，一个道理，尤其是黑人。虽然，黑人有好的，但抱歉，针对黑人这个群体，我真的受不了。	Potentially
它背后跟畒是一个爹，一家人亲兄弟	Potentially
还要排出云南和广西，毕竟云南都是悍匪，广西都是鬼火少年。🐶	Potentially
什么男奴隶	Potentially
和杨笠宣扬的正好相反，大部分男性尤其是底层男性非常自卑，这也是舔?的成因。自信的男人只会靠自己的魅力吸引女性，而不会当舔狗	Potentially
如果你有数据就拿出数据说明是大多数，不要在这里'…吧'。简单说几点，艾滋病保密原则，留学生特权，以及各种各样的负面新闻（面对宁波工程学院的事，残忍虐杀，为什么不是立即绳之以法，要考虑他是外国人的身份，这也是特权)，中国人建立的国度，让外国人享受特权这是什么道理。三非黑人为什么不立即驱逐出境。凭什么入境不能查艾滋病？	Potentially
还有什么奔现的，基本都是男的舔狗才能找到那的女的，说的自己不是网恋游戏，去区服情缘贴看看，那是多少搞网恋找情缘的	Potentially
😭黑不溜秋怎么有人喜欢。	Potentially
日本女人贤不贤惠我不太在乎，反正中国女人已经跟贤妻良母不沾边了。穆斯林女人贞不贞洁也不是我关心的，反正中国女人不太贞洁了。俄罗斯乌克兰女人漂不漂亮也就那么回事儿，反正中国女人已经靠着美颜、化妆变成世界第一了。非洲女人身材好不好我是没注意过，反正中国女人就算身材不好也是“仙女”。😆	Potentially
河南有个屁的存在感	Potentially
那些嚷嚷着女权的，不如你直接来当个男人好了，你当吗	Potentially
只能说地域黑这种东西 是常态 改变不了的 和他们对峙也没有用 没素质的人哪里都有 以偏概全也不是啥聪明人	Potentially
这能挑起男女矛盾吗？不能啊，所以为什么女拳要冲它？	Potentially
这个没事，只要她还想和我走下去的话一概不究，但不能怀哥布林，不能藏匿超级病毒。	Potentially
不想一棍子打死车、房、彩礼你们倒是一视同仁啊😆	Potentially
出来引战就别怕被骂啊母狗	Potentially
有过-同居史-的-女孩-能-娶-吗？其中有效名词是同居史、女孩、娶按当前常见价值观，同居史和女孩显然不是不友善，所以不友善的是娶。破案了，不婚保平安	Potentially
基佬太恶心了蕾丝边也恶心	Potentially
去理性，你去非洲跟黑人去说理性去	Potentially
慕√口嗨习惯了，都快忘了自己什么pi样了	Potentially
我觉得很奇怪啊，我从来没歧视过外地人，我同学也不歧视外地人，怎么网上都在说排外，搞得我现在真的排外了😅	Potentially
我可没认可答主啊，我只是说女👊	Potentially
你说的很对。大部分找黑人的女人，其实分不清美国黑人，法国黑人，东非的还是西非的，总结起来，就是一无所知，完全不清楚这种文化差别会带来多少灾难，对于中国人，就要摸清楚脾气秉性，文化背景，对于外国人则毫不了解也行。这就是外国崇拜。	Potentially
早该抓了，女拳遭到报应。	Potentially
不要脸的女人	Potentially
最开始的我:我不是种族主义者。我只是怕三非外国人让中国移动治安变的很糟糕。我支持高素质移民现在的我:老子就是种族主义者!	Potentially
突然想起以前看到的，好些中国男的去非洲援建，然后在当地留下了大量混血儿跑路，不知道这些男的回来会不会也有艾滋……	Potentially
哎?别吵了你们，去做变性手术一切不都OK了，爱当男的当男的去，爱当女的当女的去。当然你也可以选择不男不女，如春哥，他（她）兼具了男人的阳刚和女人阴柔，男权女权都快活，活的多滋润呀。	Potentially
只有一部分，知乎这话题底下大部分都是和男生抬杠的，装理中客的。	Potentially
陆续有无辜路人被烧晕，情况十分紧危机，人们正迫切地需要着反同战士的登场。	Potentially
需要那么多嘴炮政客？还是黑皮。	Potentially
南方人的祖先从我们河南逃过去，这叫保存实力，东北不抵抗，就是没有血性，我寻思着有血性的也不会逃到南方吧	Potentially
我中国人，你喜欢黑人麻烦你走😠😠😠	Potentially
还扯什么传播成本，那我是不是可以说男人更不挑，是女的都上，更可能因为滥交传染给女人，女人的性需求根本没有男人这么旺盛，所以一个男艾滋病人的杀伤力比女人强。	Potentially
黑就黑吧，心放宽点，不要跟地域黑较劲，离远点就行了	Potentially
你看你看，天天都是你没看过。中国女性连印度、非洲都来着不拒。还穷地方向富裕地方？中国女性在香港叫北姑，在台湾叫大陆妹，在马来叫小龙女，在欧美叫Eg。你以为中国女性比那群东南亚的好多少？人家收钱，你们倒贴，这就是区别。	Potentially
拆除国内的倭狗街和倭狗学校！！！！倭狗日杂必须灭绝！！！！	Potentially
黑的暴行实在太多了，看到这些黑的所作所为还有人要为黑打抱不平吗？要是还有的话你的良心不会痛吗	Potentially
顶，气抖冷，剁jojo，男人什么时候才能站起来，男权的兄弟们呢，顶起来啊	Potentially
外国老头都能找年轻的？	Potentially
黑人是弱势群体是我听到的又一个笑话	Potentially
江西女的虚伪到了极致，接触过就知道	Potentially
缺乏父爱，或母爱容易扭曲，反对同性癖才是正道	Potentially
给中国女孩按eg的是那些外国人🤣🤣怎么又是我们背锅了🤣🤣太牛了	Potentially
不只是彩礼，一说到赣派建筑、江西文化、赣语、婺源，很多人就急着否定，说江西人自吹自擂，说我们跟韩国人一样	Potentially
男的还是女的失业抑郁？男的话太惨了，女的话真是活该	Potentially
这个题主是个反串女，你睁大母眼看看好不	Potentially
怎么都是中国出的事啊？中国人咋这么能出事呢🐶🐶🐶	Potentially
姆蛆好不容易才找到的	Potentially
跟女权废什么话，徒增流量，直接举报啊	Potentially
。。虽然我对这个答案也挺迷惑但是基佬就没工作就不能有工程师了？?	Potentially
浩克傻东被歧视被人人喊打还得碰瓷一下东北😓	Potentially
女人嘛，很宝贵的，以前的社会结构下，男的结不起婚就是不行，就会成为老无所依的老光棍汉，现在农村养老院里住的可不都是老光棍，至于未来是什么样，我不知道，女权们也不知道，但一些人觉得可能和今天一样，所以她们继续自己的战斗，反抗能反抗的，占领能占领的，抛弃一切想抛弃的。	Potentially
嘿蛆应该被从地球上抹掉	Potentially
怎么又是东北人，你这样跟关里那帮有啥区别，那我还要说下次辽宁有事别带大连呢	Potentially
江西存在感低，想不起黑。安徽还好，但是，上海好南京好多人都歧视安徽人，这是我安徽朋友说的	Potentially
南满正在修沈白高铁。	Potentially
很快就能解封的，性取向变态患者搞得鬼	Potentially
共产主义点源头是哪里，不是西方吗？源自西方就是西方思想，早晚应该放弃的，只是需要前后顺序而已	Potentially
同性恋没有正常人，低龄非主流觉得有和别人与众不同的思想很突出自己的高尚，就算有真正相爱的同性恋也是心理疾病，同时明明知道会遭到议论和歧视又改变不了，还是要为了自己的爱情把家人置于其他人歧视中的小丑，总结一下捏，同性恋是个自私而且低能，说理说不过又只会无脑的谩骂的低龄心理变态人群，同性恋这辈子就这样了	Potentially
同性恋当然不是病啊.清除放射沾染，拿高压水雾往他身上冲一冲就掉了，而完全治理逆转录病毒，除了嘿嘿嘿嘿没有第二种选择.为了让某些猪队友不至于摇摆不定负加成，我非常非常赞成同性恋不算病	Potentially
男拳和女腿，骚林捂裆功😠	Potentially
我认同你的观点，就我而言来说，我是无法接受同性恋的，当然，我家人更不可能会支持	Potentially
现在的女的真可怕。自私恶质，对男人来说就是祸害等级	Potentially
因为你关注广东所以推送给你的都是广东，我关注东北推送我的全是黑东北的，那天我心思搜搜河南啥样，然后又天天推送黑河南的😅	Potentially
南满:我们南方才不吃你们北方的粮食，我们吃的都是南方的粮食。北方人:断粮。南满:oh,no!米怎么这么少了，怎么买不来米了，面根本没有卖的。	Potentially
在路上遇到黑人 他们看中国女生的眼神都很恐怖 仿佛就是行走的生殖器 有些黑人甚至会来和你搭讪 我遇到过这样的情况 非常想骂他甚至想打他 但是我不敢 我只能快点走掉 为什么呢 因为我觉得他们可能会有艾滋 真的看到这种人 是从心理到生理上的恶心	Potentially
娶黑人的也会被骂	Potentially
看看基佬的恶行就知	Potentially
居然只是不能接受被黑人睡过，你这要求也太卑微了吧🙄	Potentially
一般这种男的最后都会被绿。	Potentially
东北都被黑成瑞典了。。。就这样还有人说是东北挑起的地域黑	Potentially
很多时候不是恶性男同本身，而是恶心他们的是，这个圈子很乱，乱交得病的骚扰直男的占比很高，他们一定程度上吸引了社会注意力。然后他们被人家反感了又跳出来说歧视，然后普通人懒得和他们解释谁管你？！这种态度将错就错长此以往！	Potentially
慈溪这边很多厂子都不招贵州人，不过现在好多了	Potentially
为什么这年头大家都默认男性不能为女性发声？	Potentially
这可咋整。反对种族歧视的没有几个（至少我没看见几个）替受害的中国人说话的。倒是一帮替黑乐色洗白的。这是反对哪门子种族歧视？这不就是他们抨击的以貌取人吗？自己就是种族主义者，还逆向的。跟我这反对种族歧视，别跟我胡说了行么？	Potentially
很多跨性别这一辈子都想当女人。就开始学一些女人的特征，开始假装自己是一个女人。想了半天女人的特征到底是什么呢？没有想到自信没有想到包容没有想到善良也没有想到温柔，却学到了泼妇的刻薄。以及淫妇的放纵。	Potentially
日韩好啊，跪着让你伺候	Potentially
找黑男的也可能是要不到中国男，不要以为在中国男的多就容易找对象	Potentially
这女的啥意思啊是自己烧还是被ai换脸了	Potentially
国内有些女人跟非洲男人玩大了，然后生了小黑孩后，非洲男人跑了，一个人带着小黑孩。这样的女人你愿意娶了和她一起抚养那个小黑孩吗？	Potentially
北方人不是讨厌地域黑, 他们只是讨厌自己被黑而已, 这点和黑人出奇的一致.	Potentially
仇视国男的一般就西方国家和汉奸	Potentially
wb懂的都懂，纯杀软	Potentially
看她会不会用一些女权最喜欢用的词，下头直男癌之类的	Potentially
现实中没遇到过母狗，这些母狗在现实中太怂了，不然杀几个玩玩	Potentially
除黑的到时也会打死你！	Potentially
能被这种破戒指骗到的，怕是属于自然淘汰的吧	Potentially
某个博主被埃塞俄比亚入境官员收取四千多块的所谓相机税，说真的，比越南人还黑，至少他们只收几十块到一百块。	Potentially
你要坚持自己的想法，因为我也觉得同性恋很恶心，永远都不可能改变，太恶心了	Potentially
反同赶紧领盒饭吧，嘻嘻	Potentially
什么是快乐猩球？	Potentially
在上海，最被歧视的是上海人	Potentially
人家写明了妇女，男人还想有权益？	Potentially
总之，去了非洲基本上就完了，别说非洲了。看过人民的名义吧，一个副市长去的还是美国，结果过的什么日子？	Potentially
要不怎么说，中国女拳被全世界女拳圈鄙视是有道理的。美国女拳那是真牛逼，实打实。高中找帅哥就一帮人跳帅哥。中国女拳磨磨唧唧的，天知道帅不帅，就知道吹牛逼。美国女拳上大学没钱直接就糖爹。中国女拳磨磨唧唧说是男朋友。美国女拳喜欢黑色神族，人家是真的当单亲妈妈，中国女拳动不动就流流。美国女拳人家结婚就直说我是lkd，你不是lkd就是书呆子。中国女拳成天满嘴前男友渣男，张嘴闭嘴要求男人婚恋清白	Potentially
私以为只有自身的素质、能力以及平和的心态才让人骄傲，新时代原来一省gdp也能令人狂妄，我在深圳生活时也没见到这高高在上的江北思想啊😓	Potentially
不喜欢就是不喜欢呗，哪个正常女的会喜欢黑人，怎么答主一说你们就跳脚了，非得逼女的喜欢黑人？	Potentially
本来我的回复只针对层主我不知道你无缘无故来插一脚干嘛？只准层主地域黑，不准别人反击是吗？何况我的回复跟层主的回复比起来简直就是小巫见打大巫了好吧。层主讲述他们北方那边有根深蒂固的地域歧视，只要见到南方人尤其是讲粤语跟闽南语的，就会叫他们蛮子？认真的吗？现在中国最发达的就是讲粤语的香港跟讲闽南话的台湾了，说这话未免太自大太无知了。还说是由于现在南方发展好经济上来了，北方才没有歧视南方。哈？一边说自己是古代的文化中心，一边却什么都用钱衡量，也太好笑了吧。北方叫南方蛮子，南方叫北方什么了？南方对北方有过什么歧视性称呼吗？北方一天天在网上说被南方黑，殊不知最喜欢搞地域黑的是他们自己	Potentially
非洲能跟中国比吗😅	Potentially
河南人偷井盖	Potentially
请问你走路漏屎吗	Potentially
对啊我个人就抵制男同了咋滴啦	Potentially
补充一下，不只是黑人，只要是找过外国人的我都不能接受	Potentially
本贴已上首页，奉劝看到此贴的基佬都去看心理医生纠正取向，做个正常人。	Potentially
为了钱倒是觉得可以理解，我这个回复意思是黑人太黑了，大家不太喜欢，但其他外嫁挺常见的，嫁个人实现阶级跨越不要太爽。	Potentially
黑犯罪率高，还好人？劣质人种	Potentially
国女不也一样xdz、金针菇、茶壶嘴嘛。	Potentially
🤔当然要去非洲啊，可以当大酋长夫人，多好啊。	Potentially
姐姐你的圈子有点小啊，我就见过黑白在学校门口扭打（女的撕打，嘿人被打），女的带着哭腔质问“选我还是选她”？。。。平时不知道用啥语言沟通，这句倒是字正腔圆的京片子。	Potentially
和那群基佬一样，安能辩它是雄雌	Potentially
交往过的，不管睡没睡过我都不会要，当普通朋友都不可能。	Potentially
所以，需要广大男同胞发声，多搜集一下男性遭到家暴的例子，然后大规模宣传，深入人心	Potentially
你玩的默都玩腻了，你没玩过的默也先玩了🤭	Potentially
她们跟谁结婚我们不在意，只要婚后别赖在娘家就行，孩子国籍只要不是中国就好	Potentially
还是太惯着了，才会给她一种自己是美女的错觉	Potentially
男權社會：會出現很多優待女人的行為，甚至女性特權女權社會：只會一味女性特權，打壓男性	Potentially
黑东北的百分之九十是“好客山洞” 见不得中国好的是美国佬小日本 见不得东北好的是好客山洞	Potentially
原来是个臭gay	Potentially
有时候我觉得自己很矛盾。我知道这是别人的取向，他们很勇敢，人也很好，我很祝福。但内心还是不适的，排斥同性对自己的表白。	Potentially
别被带了节奏，国内网上很多越南人觊觎两广，想挑拨粤和内地的关系，反 送 中就有很多越南人的影子，油管推特越南人的言论我看了不少，大致是想曲线“收复”。当然还有一部分高贵中原人跟着黑，转身捅自己人，那就是蠢了	Potentially
在新疆工作过两年，本地汉族很排外，问题是他们老家也是内地。	Potentially
你说的方面都是无关紧要的，河南才是真正悲惨	Potentially
哎，我就不一样了，是外来入侵人我就歧视	Potentially
记着有对上海夫妻，老婆生了个黑人小孩，这种才是被批判的。	Potentially
有个个张口“普信男”的微博在，小孩怎能不有样学样。	Potentially
额，我想问下你们这些吧都有什么活动来反同，如果只是说说我觉得……没啥意思	Potentially
亚非拉◎◎◎不要说我无情	Potentially
内卷是有底线的，你本科毕业再怎么卷，即使在家待业也不会去扫大街。那个男的接这盘，一辈子抬不起头。	Potentially
你信不信很多女人连巴基斯坦、伊拉克、埃及在哪都不知道？还分清美国黑人和非洲黑人？想太多了吧。	Potentially
莆田系医院难道不是骗？哦，莆田系医院不是骗，是杀人，莆田鞋难道不是假？	Potentially
不用太担心，喜欢黑人的很少，说句不好听的现实中女生都多多少少有点歧视黑人。主要网上那帮挑搞男女对立的渲染的太严重了，很容易让人跌进愤怒的漩涡。	Potentially
扯吧，微博豆瓣小红书哪个不是女性的天下	Potentially
今天我在浦东新区某镇看见一个身材高大肌肉壮硕的黑人和身材矮小的中国女子在一起，去一家洗浴洗脚中心里面去了，真是没办法！我十分反感中国女子嫁黑人！	Potentially
对啊，我也是这样，看到我喜欢的画手是同，就接受不了，可是他的画风我真的好喜欢啊	Potentially
当当当，请问毫无存在感的吉林可以说话吗？	Potentially
想下一杯水滴上滴墨水，还它嘛好看，还它嘛不黑，黑人总是美化自我，抬高自身，只懂得向欧美索取对于先辈的赔偿，却永不感恩如果不是欧美亚人类，非洲还是石器时代！	Potentially
想想外国怎么黑中国的，掌握媒体话语权的都喜欢抹黑别人，因为自己没啥优点只能用过抹黑别人来显得自己有优点。	Potentially
你知道和狗狗吗？这就很容易解释郭南为什么觉得默过的女人很恶心了。	Potentially
骂河南人是关内 逼的那位老铁的家乡啊😆	Potentially
上海人路过，我有时候特地喷喷这种有问题的人发泄一下垃圾情绪，上海是风口浪尖的地域黑这种事从来不缺席🤔	Potentially
这不慕勾阿娜么	Potentially
如果不驱除这黑虫到时候全是这样的小黑虫说自己是汉人是华夏子孙	Potentially
啊对对对，众所周知：河南，河北是不存在同性恋的。🤣	Potentially
见到黑人就应该上去群殴他们	Potentially
害，现在不管怎样都能搞歧视经济发达地区就说你搞小资，什么精致利己主义😅	Potentially
这种太恶心了，弄不好国内的接盘侠感染艾滋病了，所以对那些来路不明的女的，一定要搞清楚来历啊。	Potentially
就不该让这些家伙离开非洲	Potentially
传统以来的观念：男人就该让着女的，她骂你忍着，她打你身受着，男人不能反抗的。不懂有这样观念的社会为什么是父权社会。	Potentially
男权：我们反女拳不是反女性。女权：所有的男人都没一个好东西。	Potentially
去这个索玛女王微博看了一下，全是女拳，大家去看一看，我真叫恶心着了	Potentially
我有个发现，大部分反对同性恋的人很少有支持吃狗肉的，可能它们觉得一边反对同性恋一边支持吃狗肉显得很分裂。可我不同，我觉得同性恋很恶心，但支持吃狗肉。	Potentially
我在湖南黑车基本都被打烂了 初到黑龙江 ✌️一口南方口音被坑了不少钱 难怪叫黑龙江	Potentially
没见过，只是他说“朋友说新疆人拿刀砍人很正常”我就回了这么一句	Potentially
母人进来啦	Potentially
有孩子的父母最明白这一点，对智力还没有像正常人一样高的同恋，始终要有一点耐心处理，所以希望同恋能明白父母含辛茹苦的养育之恩，知道自己孩子是同恋就像长不大的孩子对父母来说真的是很痛苦的。	Potentially
在东北上学的人表示，他们一部分人，直球直起来很离谱，很自私，就是说的话完全不考虑别人想法，但凡一点不顺心就咋咋呼呼的，这种个例占比虽然也不多，但碰上了真是恶心得够呛	Potentially
明天这里会不会有黑小子来？	Potentially
你踏嘛的是不是觉得你的白叠就应该理所当然的在那	Potentially
前男友是黑人，就跟孩子不是自己一样，没人能接受，能接受的都是有绿帽癖的男人，喜欢看别人干自己老婆，	Potentially
狗带风向是一回事，女性群体中一部分跟狗走那是另一回事🤔你觉得呢	Potentially
人跟动物就不能混在一起。	Potentially
洗头佬罪不至此	Potentially
或者说的明白一点，要男人买房买车高额彩礼，就要婚前处女，三从四德。你要结婚前花花，那么结婚也得AA现在的问题是女拳要婚前花花，还得男人买房买车，高额彩礼。男人不同意就舆论打压。不让说话就用脚投票吧，现在结婚率不就是明摆着的么？	Potentially
它和广大女醛全体紫砂估计大伙就能原谅它们了	Potentially
犯罪的小仙女都有病捏	Potentially
原来是睾贵的八旗老百京王爷啊？那没事了????	Potentially
现在的男权吧，已越来越不像男权吧了，貌似已逐渐在女性化，被女性占据	Potentially
跟后天的教育有关，但是吧，非洲包括西方世界里的黑人，有受教育这一说？	Potentially
艾滋病不在我的关注范围内。我只在乎黑人基因会不会留在国内。你要反对艾滋病是你的自由，但与我无关。	Potentially
这事必须闹到外地审判才有可能翻案反正湖女省的司法机关真不好说钕拳之都	Potentially
嘿人删我贴就是**子！	Potentially
老乡鸡，只做最纯正的乡批	Potentially
easy girl懂？无缘无故扣这个帽子？崇媚洋外中国好像很普遍，某些大学一年十几万几十万请连汉字都不认识多少的“高材生”？国内211随便挑几个会比这种人差？	Potentially
我要是这男的，看见她拍照片就一盆洗脚水泼她脸上了	Potentially
南非被黑人接管以后大把的社会资源和教育资源落在黑人手里，然而呢	Potentially
犯我河南者，有井无盖	Potentially
在网络地域黑眼里，穷是原罪?	Potentially
洋人真高贵，放个屁都是对的，你是站不起来了	Potentially
你可能看不到黑人对你女友玩得有多花	Potentially
现在情况是黑帽门，媚黑，ez群体已经把中国女性污名化，中国男性不再信任中国女性了。信誉受损这种事情很难恢复。	Potentially
是默不是嘿😆	Potentially
提到骗还有福建😅十个福建九个骗说的也不少	Potentially
兄弟们，它们拉黑我了	Potentially
现在的问题是，中国男人要求做供养者，还要作为爱情提供者，这就离谱了，离大谱	Potentially
基佬大多数只会骂一两句就不回，这就是纯种懦夫的表现，赞成？赞成	Potentially
普信奇趣蛋也就能想想了	Potentially
你圈a准一点，我这差点出南拳了	Potentially
人家不就说了个普信男吗，又没扫射全部男性，可就是架不住有些人着急对号入座😄	Potentially
中国男人不配我们中国女人🙂	Potentially
多少真实案例，，她们还不吸取教训？她父母也是失职！不好好教育闺女，养个女儿让人玩，让人骗	Potentially
恶心，同性恋怎么没有问题？当然有问题了！	Potentially
肯定是女滴先打的，弄不好连婆婆都骂了或打了！男人再不打它，如何做人？？？女的肯定骑脖拉屎太过份了	Potentially
默默太恶心了，受不了😱	Potentially
这要再加上在山大当过学伴，buff就叠满了	Potentially
就算黑人不肯结婚 她也不会分手你信不信 她在利用黑人赚取流量	Potentially
确实在骗你，在美利坚亚裔男的地位最低，内个在那里比亚裔男对异性的吸引力都要高不少。当然意识形态在他们那里确实影响不小	Potentially
不按照母拳预定的轨迹和套路行事，大概率被母拳成为普信	Potentially
怪不得女的一嫁给外国人，屁股都变成那个国家的了，原来是因为跟这边断了，接受的信息都是另一方了。	Potentially
直男天生就有暴力基因，得不到就毁掉，对喜欢的女孩表白被拒就女干杀的犯罪行为数不胜数，可怜的花季少女就这样殒命男人的手里，因此支持所有女同胞和我起仇直男，恐直男，直男都应该去死。	Potentially
哈哈，作者外国男朋友的特征，如果出现在国男身上，就不是优点了，毕竟这些特征那么普通又那么自信。	Potentially
青海人少，没存在感，，，	Potentially
恐怕从这个尼从出生到现在都没洗过头吧！太恶心人了！光看到就反胃！这女的居然不嫌弃，看来是真爱了	Potentially
哎就算没有亚裔他们也还是社会的底层	Potentially
我怀疑你在侮辱窑姐，即使窑姐接了还挣钱的呢，她们白给甚至倒贴🤔	Potentially
关键是这些女的喜欢留学生也就罢了，能从一而终不负初心也是好的，但实际上大部分最后浪完回头找国内的，当初是自由快乐我的身体我做主，后面是严防死守拼命隐瞒感情史，防不胜防啊	Potentially
我也感觉...其实现在表面上多少人接受同性恋，就是跟风而已，跟风瞎yy别人的人更恶心我觉得，就拿我同学的例子来说，别人以为她是同多少想远离她，哪像网上说那么好听	Potentially
🐮人口多嘛 不过很多把潮汕当靶子 也有把潮汕切割出去的🤣	Potentially
牛马男人做，上层女人做。然后满嘴都是男权社会。	Potentially
把个人资料公开下以后男性司机全部拉黑她就行了	Potentially
作为一个女生，我也看不惯和黑人交往的女孩子，反正不知道为啥，就是对黑人有点莫名其妙，心理上的厌恶，我觉得男孩子不肯接受这种和黑人交往过的女孩也是很正常的，不过嘛，毕竟那也是人家的自由，我觉得难受，我觉得不舒服，我躲远点就好了，反正我是不会出言诋毁😅希望男孩子也可以这样，大家知道他是什么样的人就好了嘛，不能接受就不要接受，不过进行辱骂就有点过了😅万一对方的法律意识有点强，被警察叫过去要求道歉也挺难受的🍉	Potentially
这倒不是，广州在知乎只有吹捧没有黑。很多北方人以为南方系媒体吹江浙沪，实际上南方系既黑北方也黑江浙沪，最擅长的是挑拨北方和长江流域互撕。	Potentially
吴施蒙事件，她前夫张哥也不知道是祖上造了什么孽，好好的结个婚，就一顶顶黑帽戴得天下皆知，闻名遐迩。最后离婚了失业了抑郁了	Potentially
不不不，视频中只有一个小孩，另一个黑色的是动物	Potentially
esgirl👍️	Potentially
到什么山上唱什么歌！身为中国男人，该负的责任就得负，不能跟黑人一样！	Potentially
什么垃圾昂撒	Potentially
我真的非常害怕浙江人 点开主页清一色滤镜和戴妃包迪士尼纯欲妆岁月安好 一开口吓死人了	Potentially
我不会表现出歧视你，我只会远离你，你嫁给什么人都行，只要别被抛弃了又找国人接盘，嫁给洋人也别留在中国，我就是民族主义者。徒增笑料罢了。	Potentially
本人男，被女友戴了贞操带，女友不戴。我听说有好几个女的给男友戴贞操带，没听说过男的给女友戴贞操带。	Potentially
这能叫歧视吗？我在自己的国家，自己的土地上排斥外来种族，这能叫歧视吗？我这叫保家卫国	Potentially
微博女权现实中被曝光已经结婚,有老公在网上发反婚反育忽悠其他女人不要结婚	Potentially
大家知道怎么让人没法关注我吗？有个叫蒋仁贵的黑咋种老是要关注我，也是无语了！	Potentially
这就是批判婚姻制度的♀⭕️	Potentially
为啥总有虾爬子一样的二极管？正常化就正常化呗，非要跳出来表示同性恋就是高贵就是先进就是现代化吗？扯犊子	Potentially
通讯录就是素质感人捏珞复读和被害妄想症已经算轻的啦	Potentially
但是上海确实排外歧视很严重啊:-|	Potentially
我倒是不歧视有过黑人男朋友的女性。因为这属实光宗耀祖了，还敢歧视！	Potentially
曾经我反对人种歧视，如今除了黑人	Potentially
主页整天搁那和不同的白楠yy，就算你真的那么有钱也不妨碍你lkd	Potentially
有人以生混血儿为荣，部分女生想生混血儿，我真是佛了[吐]，几乎在全世界所有国家，混血儿都等于**，是不被主流社群待见的，饱受排挤的，而有些女生，竟然不为本民族的血脉感到骄傲，不可理解！痛心！	Potentially
好了，这都成东北圣经了。东北人把两家媒体的报道拼接起来，就来骂别人双标？！😆	Potentially
在上海，当地的大爷大妈会时时刻刻提醒你是乡下拧🤭	Potentially
天天有人惦记你的屁眼子很高兴，兄弟你是真不挑食呀。	Potentially
他们会很巧妙的在任何讨论和争执中把自己伪装成一个受害者的形象，正常人只要表露出一丁点的对同性恋不支持的态度，就会立刻被扣上无数的帽子口诛笔伐，好像同性恋才是唯一正确的生活方式一样。然后借同性恋与主流不符的这个特性，在天性喜爱叛逆的未成年人群体中大肆宣扬，潜移默化的改变正常未成年人对性的认知，让未成年人认为同性恋是酷的，很帅气的，很另类的。以此达到壮大自身队伍的目的。	Potentially
黑人自己喜欢到处移民去享受别人创造的生活条件。为什么只有黑人一再喜欢强调我是中国人，我是法国人。我是英国人美国人。但是这些国家除了美国之外其他国家的原住民根本不会认同它们是同族的	Potentially
凭那句你您不好看，女拳就已经炸了，直接拿出包里的刀开始暴金币了	Potentially
上帝的伊甸园里牧狗是骨头变得	Potentially
老黑一直都是边说人家歧视他边做伤天害理的事。	Potentially
台湾有一款蔬菜，形容大陆女人的廉价，为了嫁到台湾无底线，那种蔬菜就叫大陆妹	Potentially
小仙女根本不怕你们躺平而是外娶	Potentially
外国媳妇的话，日韩越的还能接受，至少同人种。	Potentially
所谓“男人比较邋遢，女人爱干净”的刻板印象是咋出来的	Potentially
是啊，现在贴吧没人看了，我们都转战抖音了，抖音现在是默默的重灾区	Potentially
他们就是典型的欺软怕硬的，又没自理能力的一族	Potentially
现在不是已经有了吗？那个中非爱情故事的邱昱不就是。马丁路德金只是为黑人争取权利而已。并没有为美国争取利益。时间会证明一切。马丁路德金其实是个罪人	Potentially
那基佬敢在部队里承认自己是同的身份吗？	Potentially
幕刃瘠薄又逮着“理”了	Potentially
这种人就纯粹是同性恋里的败类，人们对同性恋不好的印象几乎都是这些人搞得。	Potentially
黑人可是有共妻的习惯的，想找黑人的人，好好想想吧🤔🤔	Potentially
有人为了骂原，甚至会和女拳站一边吗？	Potentially
说实话，网上挑起性别对立的基本都是猪精，正常人都忙着生活忙着工作以及同闺蜜逛街这些不比打拳有意思，这些人怕不是被同性异性都孤立的存在	Potentially
你们东北人最自卑了	Potentially
幕刃应该把他自己和女性割裂开	Potentially
？？？？？？？为什么这么拐弯抹角的给自己长脸？？？？？不懂～～～感觉江苏在外面得瑟自己“十三太保”是挺丢人的，摆明了不团结，结果还这样美化自己。另外，歧视江苏浙江的人很少的，人家歧视也是歧视上海啊，关江苏浙江屁事，还轮不到江苏浙江拐弯抹角的给自己长脸吧？	Potentially
你在知乎和今日头条多搜搜河南为什么被黑这类问题，然后就会给你推荐类似问题。然后你就不会觉得委屈了😂😂😂！河南仍然是地域黑的最大目标！	Potentially
我一直厌女但这样的话太直接了只要表现出自己一点厌女就会被女的集火攻击不管上到40多还是下到13~4的那种逮着你就咬一点人简乐趣都体验不到后来我就隐藏了起来比如搞妞妹儿的时候我什么也不表现后来我就又成了她们嘴里的老（渣）鼠（男）人呜呜呜呜呜	Potentially
不能带走孩（串）子（串）😆，这难道不是好事嘛	Potentially
东北医疗、教育、住房、养老金都是全国顶流，经济仅是不及东南沿海。鄙视不存在的，部分人敌视倒贴边，据说是历史上被揍怕了。	Potentially
黑人的好人大多在电影里，坏人在现实中。	Potentially
努力蛆被嘿玩意骗后，身染艾病，疯狂报复同胞，看到嘿玩意犯罪强力证据后经常装瞎，一有说嘿玩意不好的就神经错乱强行狡辩，吧友从没把它当回事	Potentially
原来美国佬想把中国分裂成几部分，从而抑制中国的发展，首先它们就想把东三省分裂出去，这样粮食和重工业就与国家分离了	Potentially
我之前一直感觉没人黑安徽都是黑河南后来浙江和上海的朋友告诉我他们那边对河南的歧视反而不如安徽我也不是很懂为啥😅	Potentially
请搞清楚不负责和戴绿帽的区别，黑是拔屌无情不负责，帽控是生下来我养跟他姓，老贼是别有用心的生下来看性别决定干什么😆	Potentially
在这事上真应该参考日本的做法，限制黑人进入国门，真不知道引黑人来中国到底有什么贡献	Potentially
母朱的兄长似乎出现了	Potentially
还赶不上失足妇女，失足都不接默	Potentially
禁止种族歧视，吧内话题:亚楠为何这么丑	Potentially
这个仙女其实就是女权定义里的女强人	Potentially
哈哈哈哈还不快去把肖万救出来，那是世界英雄！	Potentially
行行行，女的都是八婆，男的从不八卦，男的看娱乐新闻都会立刻去世，不死就是没有男子气概😄普信男值得骄傲，值得赞扬，您满意了吗😄	Potentially
美国嘿人马丁路德金嫖娼考第一	Potentially
女权发展一百多年，也变味了(悲)	Potentially
然而事实是男同和女同为了过上正常人一样的生活 往往比普通人更加优秀 尤其是没有退路 不优秀就要去结婚的女同 比普通女生努力不是一星半点	Potentially
拿就业来说吧~企业或公司，肯定只能追求利润。因为那样才能生存下去~这类规定实际上只能起反作用，让用人单位更加千方百计地不接收女的	Potentially
我看各种车祸事件也怕肇事车主是女司机，不然也是群嘲，异曲同工啊😅	Potentially
这酒十分地珍贵，应该让小仙女先喝。	Potentially
我这个失败者都能让黑小子和他们的黑爹如临大敌坐立不安，仅仅是我一个而已，可见所谓的“成功人士”是多么的心虚。	Potentially
黑人会吹牛，个个黑人都是牛津大学的博士，黑人他爸爸是剑桥大学的博士。有妹子就是因为这个被骗了。	Potentially
江南对北方并不是很歧视，相反川渝很歧视北方，也是带节奏带最狠的，我去川渝就经常有人跟我说“你们北方人抗日不抵抗，我们川军……”“东北衰落，西南崛起”	Potentially
这不光是黑人的问题，哪怕是白人也不行，甚至，哪怕同样是黄种人，别的国家的也不行。你中国人不找，找个日本人韩国人，我也是膈应的。	Potentially
不喜欢黑小孩加中国国籍留中国	Potentially
这里面这两货虫类把它们野生动物生物物种形容成狗类这简直就是狗最大羞辱它们野生动物生物物种在严格科学研究定义与众多证明下给出答案它们野生动物生物物种是属于昆虫纲最低等卵体寄生虫。	Potentially
这关普信男什么事呢？	Potentially
少说什么，黑人也有好人跟坏人，日本人还有好人跟坏人呢？日本人还有共产主义者呢！有如此的胸怀广阔，选择帮理不帮亲，劝大家后退一步海阔天空，那我也劝大家不要再跟美国人竞争了，美国人科技先进文明发展一统全球文成武功天下盖世，让它们统治全球肯定天下太平？🐶	Potentially
黑江西的也不少，都成正确了	Potentially
是的，通常只求这样的男女跟黑人出国，不乱生垃圾丢在国内污染环境，其他一点不在乎，毕竟是自然选择，智力水平也般配	Potentially
孩子生下来黑猩猩就跑路了	Potentially
中国男权一盘散沙，现实都是各舔各的，只会在网络上口嗨	Potentially
找乌克兰的还好理解，找黑的真想不到在别人眼里他的下一代和国女生的黑孩没啥差别吗？😅😅	Potentially
这个吧被女⭕️审核24小时看着呢，大伙散了吧！	Potentially
非洲人以家暴为荣，女人地位比驴都低，婚外约pao，养不起家的就直接跑路，艾滋率1/3。在漂亮国黑人人口占15%，却贡献了55%的犯罪事件。这种高级人才才配得上那些小仙女，而且我们没有嫁了人还留娘家的习惯，快去非洲追求真爱吧	Potentially
女生本来就比男的懒这是常识好吧	Potentially
光天化日之下黑哥居然就这样	Potentially
西安人死绝🙂	Potentially
而且，据我所知 ，有一部分女的是被黑人包养，就算她们不喜欢黑人，看在钱的份上也会忍着	Potentially
舔狗不得**	Potentially
泼图的意义？以诙谐、从容的形式让同性恋们认知到我们处于优势地位的事实	Potentially
总结：存在感太低的地方，黑都懒得黑😅	Potentially
我就是想证明她们也是哥布林，不是什么体面的圣母，我在想真正抵御哥布林的方式是从我做起，积极的和愚的，黑的，挫的划清界限。积极引进可爱清秀的，聪明伶俐的来升级我们的基因，要明白咱们和她们不是一个物种，千万年后咱们的后代进化成长的甜美身材匀称的天使精灵，她们的后代退化成各种怪物，到时候咱们的后代就可以玩刷怪游戏了。	Potentially
囧我就直接了 歧视白人和黑人	Potentially
女生跑大城市的才多把，男生要考虑房子车子（车牌车位），学区房一堆东西。女生靠比入住就行了	Potentially
这很niggeг	Potentially
广东本地人说方言被骂有优越感的表示不想说话🙂	Potentially
为什么一定要找国内躺平键盘男，靠女孩子养吗？	Potentially
因为某些上海人排外带来的，这不叫歧视了叫反歧视😄	Potentially
祖籍河北 现居河南 另外你是西安人吧。你资料里都是关于地域黑 西安 郑州 洛阳这类问题的点赞以及回复。我还没准备和你唠唠呢，你就急着关评论，拉黑我😅😅😅 心中有鬼啊。	Potentially
这样的我真不反对，反对的是那些提裤子走人的。黑人干这事太熟练了	Potentially
在王者开个变声器打打辅助取个软甜仙女名，舔狗和米分分钟来，数麻了	Potentially
中国女性就是亚洲女性，东亚女权本就是一丘之貉	Potentially
貌似成都被黑的排第一	Potentially
我觉得地域歧视的前提是你和被你歧视的对象有共同的认同。你自认为中国人，人家呢？😆	Potentially
两岸比讨好黑人	Potentially
聪明的已经留种跑路了。而愚笨的还在接盘养别人的孩。	Potentially
经统计黑人艾滋率，暴力犯罪率，没爹率都出奇的高，所以其实他们是对我自身生命安全的负责。假如你遇到一片雷区，然后心想我们不能种族歧视，雷区和马路耕地都必须一样，然后大胆的踩过去，那我也很支持你。😆	Potentially
那些人利女病发作呗	Potentially
女权背后打拳替美国佬办事的狗东西可不少，把黑人娶进来的咋不说呢	Potentially
3楼基佬，艾滋病的传染概率，女传男概率比男传男概率低多了，低个几十倍吧。	Potentially
萨沙这种优秀男士，非常了解中国国情。可能真的看不上国内eg,中国的脸面让中国eg丢尽了	Potentially
宁可认滤了几代的旧宫家养子,也不认可血统纯正的女性为皇族继承人	Potentially
这事要怪美国日本，他们一直宣扬暴力血腥的动漫、游戏，帝国zy亡我之心不死。	Potentially
无意刷到个视频，视频中女方找男方要彩礼，男方认为有些多，女方就说自己出彩礼，但有要求男方什么都要听自己的，我就在下面评论女方给彩礼向男方提要求，那男方给彩礼是不是也可以提要求？结果没想到回复那么多，大多数讨论还是平和的，只有下图这个小仙女，我就回复她女性嫁给普通人就是吃亏，那就放开一夫多妻，让有钱人多娶，让女性嫁人不吃亏。我为女性考虑，结果还是被骂。我也没有说要废除彩礼，也没有说彩礼要少些，支持婚姻自由，过不下去那就离，男人真是太难了	Potentially
可别了，正常女的也会恶心女👊的，起码我身边受过高等教育的女性都觉得女👊傻逼	Potentially
还有百度，男女3:7，女拳特别多	Potentially
已经连续给我推荐快5天了！这会中文的黑猩猩在我国神马地方？？！！	Potentially
可能要等大家忘得差不多了，才弄。最大可能是偏袒黑。	Potentially
没有任何一个舔狗值得可怜	Potentially
河南是中原，华夏之源，我觉得挺好一地方，郑州洪水里人也很热情善良，为什么被黑啊?	Potentially
我看抖音，有个男的在非洲有了好几个黑小孩。底下的评论让他多下点种😄	Potentially
巴黎人到上海都是横行霸道的	Potentially
生为国南，我很抱歉😑	Potentially
管她们呢，让她们和劫匪一起死不好吗？	Potentially
你以为国女她们不知道这些吗？	Potentially
中国男性就是被五千年的文化糟粕绊住了手脚。你看女拳一点儿传统不讲。凭啥男人还要跟她们讲传统？负责任？养家？彩礼？不，这一点儿都不国际化。😆	Potentially
几千年人类历史都非常在意血统，杂种无论中西方从来是不好的词。你仔细想想	Potentially
哪敢歧视魔都天龙人😆	Potentially
但是现实中你吃榴莲如果在寝室或者教室别人都不喜欢那肯定会说你啊，跟吃螺蛳粉一样啊，但是现实中那些最会道德绑架别人的人就是那些高调出柜秀恩爱，或者乱搞传播艾滋啥的（同性恋艾滋有多少不用多说了吧），一般同性恋都不告诉你。	Potentially
人类基因本身就和野生动物和昆虫纲基因就不一样这是科学上早就是铁论和无数实证都证明了	Potentially
饭桶皆深柜，不敢直面自己的内心	Potentially
生而为蝻，我很抱歉这种牧人代表十成是觉得仙女们要彩礼要车要房不愿生孩子还动不动生孩子警告跟你争冠性权的行为很合理吧？？？？？？？？？劳资改个屁的择偶观	Potentially
她自己的混杂	Potentially
她们有找黑人的自由，我也有不接受她们作女友的自由呀。	Potentially
和黑种人结婚就是把后代变黑，黄种人白种人和黑种人结婚生下来的都是黑种人，黑种人的基因顽强是有目共睹的，多和黑种人结婚，几百年后整个地球都是黑色的，在法国黑人的数量已经占据总人数的百分之八，我就不信当国家都开始变色的时候，那些极端种族主义分子还会手下留情，白人可不是善茬	Potentially
给大伙辟辟，也许有些人的女神背后就是这种模样	Potentially
我空间加了一个号以为是发搞笑说说的结果天天打钕拳我直接把她删了	Potentially
寒国割裂的今天、我们最需要团结和理解。没人想成为西八那样（笑）	Potentially
黑人不去建设非洲而非要跑来中国享受生活这是怎么回事？难道我们中国人一边要帮黑人建设非洲，一边还要帮黑人养黑人?	Potentially
黑人里面所谓的聪明的人的比例太少了	Potentially
支持正义执行！txl再不管管，气候变暖又要加重了。	Potentially
在吾看来，非洲人妖也好过非洲男人至少非洲人妖不会随意侵犯女性	Potentially
这要换昭和时期的日本人不得一刀刺过去？	Potentially
彩礼？屁礼！大清亡了，还搁这儿彩礼呢，结婚，爱情不是交易，不是买卖，也就明码标价的买卖，还不是真买到手。	Potentially
来不及了，女拳小队轨道空投仓先来一波	Potentially
黑玩意臭不可闻	Potentially
变态同性恋，用词精准	Potentially
山东人路过，个人感觉，说山东土不算地域歧视，确实土了一些。	Potentially
吧主你们打算怎么反同	Potentially
婚姻是女人的必需品。男人可以一辈子不结婚，女人不能！现实中无数的男人却比女人还积极，为了娶妻生子不惜掏空家底当舔狗，真是无语。	Potentially
我很讨厌这种女人 就是因为有部分媚黑女的存在 大街上见到黑人 他敢肆无忌惮的跟你搭讪 在你透露出嫌弃恶心的表情 他还能淫荡的看着你笑 我觉得不被尊重 很想打他 但是我不敢 我觉得他有艾滋 而造成这种情况的 我认为所谓的媚黑女有一定“推动力量”	Potentially
两广要特别突出一个：潮汕地区，被黑太惨	Potentially
干嘛一视同仁，男人都是潜在的qj犯，黑男更是不同人种男性犯罪率最高的，女人则很珍贵，黑女犯罪率低，受教育程度更高，黑男跑了往往是黑女带孩子养家，怎么看黑男和黑女都不能相提并论	Potentially
喜欢黑人请去你男人国家，赖在中国就不要怪别人骂了，动手都是应该的	Potentially
我将来都不会跟非裔结婚	Potentially
接受她，只要她别嫁给我们中国男人🐶	Potentially
我这么说吧，哪里都被黑过😓就没有他们不黑的时候	Potentially
这烂B在古代会被凌迟处死	Potentially
不尊重女性？它们值得尊敬？中国女人的名声在国际上都烂透了，老外们流传着这样一句话“想玩女人，去中国”只要你不是亚洲脸，它们都爱你。	Potentially
本人山东的回族，也是被黑的挺惨的	Potentially
知乎里的中国女人是不可以有优点的，真的是硬生生按着普通女人的头，让她们承认，反驳这个称号的说明知道羞耻心，不明白为什么一些男人一定要这样对自己同胞，要他们不要内讧，他们说这是洋人给的，一起认同洋垃圾，可笑，自己喜欢外国女人就是为国争光，女人就是比男人多了贞洁感，在男人眼里睡女人还是被女人睡永远是赚了，挨骂的永远是女人	Potentially
看了几天微博我总结到一个规律：只要是离婚的，男性都是罪大恶极的，女性都是无辜的。	Potentially
安徽也就只能用这种方法找存在感了	Potentially
我也觉得恶心，我超级不理解那些腐女乱磕cp，两个普通兄弟被磕cp我不知道当事人什么想法。不知道这个队伍怎么壮大起来的，以前我也不讨厌，可是后来泛滥了，一百个男的里有四十多都是男同，就开始厌恶了，我也不太相信他们天生取向有问题，大概我是烦那些传播同性恋的人	Potentially
好像基督教徒没有童姓恋的	Potentially
哈哈哈，别自欺欺人了四川的黑帽门了解一下	Potentially
最离谱的是冒着风险跟他媳妇儿pp还生孩子了他是什么nt这跟医院检查有什么关系他在不确定风险的情况下跟媳妇儿pp不就是对他媳妇儿的不尊重吗也没给他媳妇儿当个人啊他媳妇儿不过是个繁衍工具罢了吧不先想想能不能对得起媳妇儿紧着转移话题赶紧离了得了	Potentially
我刚看完一个截图，让东北人全去死的😠	Potentially
这。。。。其实最歧视安徽省的，一个是江苏，一个是上海。我扬州的，靠安徽，扬州市各个房地产商都说西边那里房子差、不能买，安徽人多，素质差……平时听到安徽就说人家侉子，高考结束报志愿我们班好几个人坚决不报安徽的大学，问他们为啥，他们就一脸鄙夷…………	Potentially
同性恋是一种疾病，同性恋患者不必恐惧，现在医学科技发达，是有设备齐全和医员专业的矫正中心的。及时到相关设施就医进行治疗矫正，早日康复回归正常生活。	Potentially
小仙女得从小培养	Potentially
母狗冲进来啦	Potentially
？你想表达什么？身边是男娶黑女，于是全国就都是这样？我的态度是，无论男女，生黑混血都不对。全国各大平台数据，本来就是媚黑女远大于媚黑男。如果你不知道BBC 黑桃q组织 可以自己搜搜	Potentially
黑龙江最穷？我一直的感官是东三省吉林最穷	Potentially
这女的也太肤浅了	Potentially
我敢说楼主是光说不做，因为别说去“关爱”女性了，光靠近都常常被当做骚扰。楼主现在还没呗投诉骚扰或者挂墙上，说明它根本就没做到“关爱”女性	Potentially
批价都是舔狗舔上去的	Potentially
是的，我还搜过好多黑黄大战的自拍，基本都是不带套那种，那些女人真是勇敢，生怕得不上病😆	Potentially
普信幕刃罢了	Potentially
你去帮你的嘿嘿打工吧	Potentially
蛮夷之辈罢了，天生的生物武器最佳选择	Potentially
如果你是黑人的敌人，你活下来的概率较大；如果你和黑人是朋友，恕我直言，你恐怕已经被生死簿勾了名了。所以拒绝黑人就是真爱生命。	Potentially
一生要强的南大人🙏	Potentially
楼主啊！我记得这是某位普信女写的关于男性的条件吧，改的好，还有，您的帖子里面有条目🐶，赶紧置顶羞辱	Potentially
因为媚外是表象，借媚外打压锅男才是女拳的目的，反媚外就是反拳，逻辑没问题。	Potentially
2021年，西北某211大学，大三，如此受过高等教育的学生，我竟然还有两个舍友组团黑河南，还是那种理智分析地黑，麻了😅	Potentially
打人的悲伤蛙？拿来吧你🤣	Potentially
建议建立网络档案，大家把自己晓得的黑人女陪读都共享名字	Potentially
好家伙，整活老哥把女拳的活性转然后买抖+推给女拳粉丝炸鱼	Potentially
可否封了这个索玛女王并立案调查？	Potentially
没交集当然不过问啊，我兄弟要是喜欢鸡，我肯定也会劝啊，他要是喜欢黑人女，我肯定也要劝他三思啊，你打的比方不是不愿作为的意思吗？我问的也是如果你闺蜜喜欢上了，你还是不作为？	Potentially
同性恋也是正常的，你们这群人也就会以多欺少，不过同性恋依然过得好好的。😆。天天就只会歧视，迫害。以强凌弱。但愿未来遇到比你更强的人你不会被打死。	Potentially
为什么我觉得，以前黑河南的是全国，现在黑河南的只有西安人，而黑西安的是全国人民。	Potentially
这幕刃真的是欠剐	Potentially
说的对，普信男都是这样低下	Potentially
海南最没存在感了😂	Potentially
以偏概全了，什么叫底层人的思维，地位低就必须鼠目寸光吗。就是剥削者，小老板 一样有地域偏见的。嘲讽别人的刻板印象自己却也在偏见，我还见过读过大学的老人一样在捡垃圾呢。什么样的思维看人的想思不是看地位。	Potentially
昨天某音一个热搜，河北沧州偷玉米被抓，偷玉米的都承认是隔壁村的人，下边一个安徽IP热评：听口音这么像河南人，然后三千+赞同的。现在去某音应该还能刷到这个视频和评论。真该算算全中国到底有多少中原口音的人。以我的认知里不算河南人另外最少有一亿人是中原口音。出了事全算河南人头上，有点可悲。	Potentially
呵呵，荷兰人总是说是别人祖宗，可惜非洲人还是全世界祖宗呢，不照样讨人嫌？更何况你荷兰什么名声自己心里没点数！	Potentially
每一个在华黑人背后起码有3个eg，你觉有没有	Potentially
其他男人我不知道，反正我是接受不了，我宁愿娶个三婚带二孩也接受不了黑女。	Potentially
广府人黑潮汕呢你咋说😆	Potentially
玩网游时确实被河南小朋友骗过	Potentially
😅我也实在不明白，有些人玩个游戏都要捏个光头黑人。	Potentially
现实就骂丑逼了，幕刃在打拳方面是比男人团结的，中国龟男舔狗太多了，她们一到能和男人吵吵的环节就会无比团结，其实到了微博里就是饭圈撕逼最狠的一群人了	Potentially
默吸毒不是常识吗⁉	Potentially
我是高贵的黑人哥哥，讨厌郭某楠，请联系我👍️	Potentially
这个不是有视频吗，再怎么样黑黑在中国打中国女人那两个男的不出手说不过去，如果在非洲中国人打黑女人估计命都不保	Potentially
我是四川人，当初我的舍友怀疑我是小偷	Potentially
哈哈哈，没想到现在妹子都挺聪明，也知道嘿人那些手段了	Potentially
看来同性恋只知道污蔑他人了	Potentially
喜欢找黑人pa不是喜欢找黑人结婚呐??这些女的pa累了还得找一个老实人接盘顺便传染下艾滋	Potentially
哭她娘滴个鄙！宁可留下猫，把这小表砸一刀一刀宰了	Potentially
我记得同性恋都比较喜欢肌肉猛男啊，觉得伪娘这种和女人没有什么区别啊	Potentially
确实啊 我之前说恶心同性恋 她说我不尊重别人 我都语塞了😭	Potentially
吧友们帮我骂个慕女狗，打女拳的狗男硬是想被幕刃当狗玩，真丢脸	Potentially
为什么，女生总把问题归为男生呢1.当你不爱说话的时候，说你不理她。2.当你提出相反观点时，她又不乐意。3.当你提出问题时，她又嫌弃你不懂(=_=)。总结，跟女人打交道真难，人不能不理，话不能不轻，还不能提问	Potentially
换成男性起码判四年	Potentially
古代青楼都瞧不起外夷?	Potentially
嘿人删我贴真讨厌！	Potentially
学伴难道不是慰安妇吗	Potentially
河南驻马店人，被所有驻马店以外的河南人歧视	Potentially
可以这么说白皮是普遍性都长得很丑只有极个别长得还算中规中距而黄种人可以说基本上百分之90都长得非常不错而且黄种人也是极不显老的人种	Potentially
小黑砸很死皮赖脸的，很难搞。老是相同几句不停地回复我。有一个老是拿恶心话回复。我猜想他们认为这样就能赶走我	Potentially
嫁就算了嘛，但你嫁了就别拖家带口地留在中国	Potentially
我家有个日货电器，当时听人说好没看牌子就买了，花了一万两千块钱，攒钱攒了很久，没舍得砸，你们反同的“爱郭人士”有哪位给出一万就行，我砸掉	Potentially
人在非洲黑又贫，黄昏饿晕到天明。一朝登临济南府，大明湖畔四人行。😆😆	Potentially
很简单这个事，出台法律只有中国男人的孩子才有中国国籍，中国女人和外国人生的没有中国籍。直接解决问题	Potentially
同性恋就是哗众取宠的小丑，低龄非主流觉得有和别人与众不同的思想很突出自己的高尚，就算有真正相爱的同性也是心理疾病，同时明明知道会遭到议论和歧视又改变不了，还是要为了自己的爱情把家人置于其他人歧视中的小丑，总结一下捏，txl是个自私而且低能，说理说不过又只会无脑的谩骂的低龄心理变态人群，txl这辈子就这样了	Potentially
性格善良，指美国黑人犯罪率远高于其他种族	Potentially
其实根本不用那么难，韩女喜欢南亚男性荷尔蒙！但是想控制韩女的自由是不可能是，那些个大胡子也不会威逼，知道得了便宜差不多得了！	Potentially
对的这群败类真是浪费我过粮食资源其实对于它们最好结果就是跟着到地狱十八层当中无间地狱受刑才是对它们最好归宿	Potentially
谁闲着无聊黑江浙啊。。。。。不是一直沪黑全国么	Potentially
舔狗让他死就行了，杀鸡儆猴么，一个舔狗不死，其他舔狗怎么觉醒？	Potentially
囧南方人揍黑人白人也很多好吧 你什么时候看见南方人不敢揍了 南方人就低人一等了？	Potentially
个人认为可以用歪女这个词来指那些多疑、热衷于勾心斗角的女的，虽然在我们传统文化的词汇里面有类似的词语或句子，比如说三个nr一台戏，但是个人认为应该造一个词来反击拳虱的诬蔑	Potentially
我被楼里那个，被我疑问句问破防的大男权主义分子拉黑了。所以我建个新楼回复在那个楼回复我的人。	Potentially
正确的通讯录素这样的	Potentially
和平精英的网络公主也没这么女拳啊，鸡疯子还是比农批高一等级的	Potentially
这货应该是虫混而且她基因就是虫混而且一看它用修图功能把它的绵羊卷毛头发修成直发而且还把它的黑咖啡色皮肤修成暗黄皮肤。	Potentially
真正歧视外地人的都是新上海人 在上海待个几年觉自己身份证就是310000开头了	Potentially
女拳真是典中典?	Potentially
《嫁到非洲》是什么风气？	Potentially
直男最擅长的不就是双标吗😆所以现在很多时候我已经懒得讲道理，看见nt直接骂就好了😆	Potentially
北京👴不是地域黑？	Potentially
白女对黑人的同情和包容我也是看得无奈	Potentially
外国人犯罪三年以下有期徒刑的不追究了解一下，他们背后有我们强大的祖国，你去碰一下试试？	Potentially
看了几个小品，天天喊着结婚生娃，能不能关注一下别的，默不要出现在春晚行不	Potentially
你去广州看看，广坎达可不是空喊的	Potentially
??????太过分了，她说疫情最好传入河南，诅咒河南人都去死。其心可诛啊。有一说一，我湖北的几个同学确实都比较聪明，也确实都擅长做生意，但是人品很好。	Potentially
这种男的就活该被戴绿帽	Potentially
豆瓣，男女势力基本是1：99。除了看剧外我基本不用。就感情小组就很多，那些女的不管真假就一个事B，你就算中立也会被秒删。而且豆瓣小组是可以报团的。这点知乎和抖音虽然表面上男性占优，但是不方便报团，威力还是不如豆瓣	Potentially
畒是这样的	Potentially
嗯。。确实。。看到男同觉不得什么，但是看片的时候不小心看到男男了就有种搅屎棍的感觉，同样男女这种方式也一样	Potentially
就是 国外的都是好的 连家暴都是对的	Potentially
txl能不能滚出反同吧，你们没有自己的吧吗？	Potentially
你还真不要小看舆论的力量，有很多事情都是迫于舆论的压力才得以解决，如果大家都保持沉默，那才不是个好现象，不光要反对三非，还要反对在国内的所有洋垃圾，还国人一片净土	Potentially
第一条已经把位置局限到北方省份了😅南方智慧人怎么会被黑呢，对吧。	Potentially
盲猜你把他掰弯了（）	Potentially
南京人民表示，用历史来嘲讽南京人民的不在少数，最近这事也一样。而且说的都是胡扯的。	Potentially
中国你觉得在养一个亲华的势力实际上是养了一堆白眼狼黑人很歧视华人知道嘛？	Potentially
吧主是重庆的啊，你们那儿也算是重灾区了吧	Potentially
因为不是蝻人拍的，拳尸选择性忽略	Potentially
某些评论是被戳到g点了吧	Potentially
这仗已经输掉，男的全成舔狗。何时打个翻身仗啊？	Potentially
这个基佬人面兽心还叫帅天理何在！	Potentially
北方的东北河南山东，现在也开始搞陕西了。网上都觉得只有南方一片向好	Potentially
和黑种人结婚就是把后代变黑，黄种人白种人和黑种人结婚生下来的都是黑种人，黑种人的基因顽强是有目共睹的，多和黑种人结婚，几百年后整个地球都是黑色的，有的人真的就不担心吗？	Potentially
主要是他们张口闭口说只有同性才是真爱	Potentially
说真的找个黑人男朋友，不是你很难找非黑人男朋友了，而是你很难有同性朋友了，大家都会远离你，然后等着看你的笑话	Potentially
东北人表示去新疆都被说东北黑暗	Potentially
这个吧里都是**有个女的喷我然后让我教育了自己外地的去新一线然后瞧不起我大连土著说我是18线小县城的房子不稀罕殊不知她连户口都没落自称当地人	Potentially
应该不仅仅停留在批判，应该竭尽所能去歧视，特别是他们的下的黑皮崽。	Potentially
我们公司老总找了一个克罗地亚的，男33，女24，婚前体检是处女，亲子鉴定毫无不满。那容貌秒杀95%以上国女。一口气生了三个孩子，亲妈照顾。除了需要天天洗澡避免体味以外，你以为有多少郭女比得上？	Potentially
😅😅被黑人搞过的有几种，一种是人傻媚外的，不能要。一种是性瘾大喜欢大家伙的，也不能要。	Potentially
问题是菲律宾这样国家的女孩已经不是烂裤裆的问题了，而是都没裤裆了	Potentially
反正基佬来山东河南河北 只敢学艺术文科	Potentially
B站绝对下一个微博。女的势力绝对有8成左右	Potentially
主要你说的是结婚，给黑人白嫖拿爸爸的钱养黑人男友的eg不要太多	Potentially
我承认，我宁愿孤独终老，也不会接受一个和黑人嘿咻嘿咻过的女的。我不歧视黑人，我知道人类起源于非洲，我知道人类从生理到智商大家都是平等的，谁也不比谁差，黑人现在落后是历史的罪过，他们运气不好离欧洲太近了，如果历史可以重来，说不定他们的文明是全世界最先进的最强大的。但我还是不能接受，这跟先进还是落后无关，再次重申，我不是种族主义者，但我好像明白了种族主义为什么在全世界根深蒂固，不能终结的原因	Potentially
俄罗斯？常见个锤子😅俄罗斯嘿人几乎绝了😅	Potentially
不是一个物种，毛主席时代和改革开放年代的女人跟现在的女人是两个物种，讨论归讨论，难道我也要带上你的父母回复你，你很开心？	Potentially
现实中不敢跟黑人硬碰硬，网络上还收拾不了本国人？😆	Potentially
真的一上知乎全都是骂的，从女权骂到了女性，然而在现实生活中根本见不着，是我层次太低？	Potentially
东北人真的很讨厌阿	Potentially
普信男：都怪老师太漂亮穿的裙子太短！	Potentially
黑人哪来回哪去是最好的，这个办法可以避免“种族歧视”，我就问你在非洲别出来谁歧视你。所以别去人家国家宣传垃圾，没人听的。什么官方？摆脱，官方是官方，民间是民间。我tm一老百姓就不合作就不帮助“国际友人”谁管的着我	Potentially
我没有老攻🌚🌚🌚	Potentially
另外想补充一点，香和台被黑其实也不冤。想想这几十年来内地被黑了多少。我们从小看的TVb，电影，随便扒扒都有一箩筐。特别是香的粤语原声电影😅这几年新闻自由，港台不好的一面我们都能看到，想想内地人民地域黑早已进入了固化阶段，没有了新意。突然来个新的港台，那怎能不兴奋一阵？前年的事件更是将黑港台从发展阶段进入到了成熟阶段，达到了巅峰。看几年前打出的旗子，尚可理解为内部矛盾。但当满机场飘扬的盎克鲁撒克逊民族的旗子，实在是让人恶心。	Potentially
直佬的瓜真是太香了哦，吃不完了	Potentially
黑人五千年祖先都是灵长类动物	Potentially
狗肉香喷喷，同性恋臭烘烘！狗肉还能做成脆皮狗肉吃呢，同性恋这么恶心连狗都不如！	Potentially
四川媒体黑其他地方也不少	Potentially
男明星是哪种群体的追捧对象你自己不清楚吗？到底该怪谁？	Potentially
媒体从大到小，好事就算东北人做的只提发生地点（南方），坏事就算南方人在东北做的也只提东北，这都是老传统艺能了😄😄😊	Potentially
你不后悔就好，如果他确实洁身自好品学兼优问题不大。不过你既然说出来了，少不得要有人评论，比如我思想上就接受不了这种事（虽然这是种族歧视，但是我确实歧视有狐臭的人，价值观定型了改不了的，仍然庆幸自己没被公知洗脑觉得外国更好，宁可做一个种族歧视者😅）你不用管评论里说什么，没有狐臭长得好品学兼优的外国人是可以谈恋爱的，但社会到了一个关键节点，迫切需要破除迷信权威，就比如今天拜登拉稀这件事，真假不重要，让美利坚成为笑话，挖苦他在金毛面前标记领地的行为，可以破除人们思想上的枷锁。如果不是激烈的反对劣质外国人，公知的声音就会占领舆论😆你要谈个小李子或者孔雀那个颜值的外国人，评论区将铺满酸柠檬并祝贺你为国争光，	Potentially
潳沙它们，嘿蛆跑走就会嗐仁了	Potentially
我们同性恋真是太正确了	Potentially
果然吗？北欧，可是北欧是一群炼铜海盗哦	Potentially
中国男性配不上中国女性	Potentially
有一说一真的不会有审美隔离吗，例如黑人白人看我们都是黄皮，我们也分不太清黑人白人的样貌，甚至觉得黑人严重不符合我的审美	Potentially
尊重？很多男同性恋都是在涉世不深时被忽悠甚至被骗的。	Potentially
又是个黒杂	Potentially
你这个喃蛮编的故事挺好的	Potentially
举报和点踩，这个人就是吃女拳这碗饭的，建议每个视频都这样骂只会给他流量	Potentially
老鼠乌托邦实验，黑人不攻自破	Potentially
人人高人一等，但我们能和猩猩平等吗？	Potentially
说得不错真的害怕，显性基因洗不掉的等我们黑混成规模了整个国家会不可避免黑化下去，造成很严重的社会问题，想想子孙后代都被染黑的时候，这片土地还是炎黄子孙吗	Potentially
他是说黑人器大活好，没说rap，那里越黑和粗越会让女性产生原始冲动🤭	Potentially
黑人的感觉丑臭脏黑。给黑人睡过的女人就是被弄的臭脏黑一样。男人也爱干净。	Potentially
额正常中国男人会跟黑人女性交往吗…	Potentially
江浙沪黑安徽是最凶的🤣🤣	Potentially
上海某些媒体黑北方可是很严重	Potentially
妇联不管？也确实，妇联不管男性儿童被性侵的案子，也不管男性被家暴的案子。你们就是一群分裂势力，别把自己抬的太高。	Potentially
黑河南、黑北方的都是南满，黑河南、黑北方的总部是广州，核心地带是从上海到广州的整个东南沿海，范围是整个南方	Potentially
我批评坐地上看戏的，她就阴阳怪气了	Potentially
某些地区能够负重前行，那是因为有别的地区在为他们风花雪月	Potentially
中国人，只有家的概念，没有国的概念，你看沈阳市大连市互相考的上吗？你看沈阳市里人郊区人互相看得上吗？你看你家小区住洋房的，高层的互相看得上吗？	Potentially
如果黑人搞过的女人骗炮呢	Potentially
黑就算了，还长得那么猥琐。不知女生喜欢他们什么？	Potentially
不知道你反驳的点在哪，答主也从没说过没有，只是一个小范围。你还要怎么样呢？一定要举各种例子来证明国女的肤浅🐛茧方能显现出你的优越感吗？说国女都爱黑，你们要假惺惺地说也不是全部人都这样，说不是全部人都这样，你们又要跳着脚宣扬周围各种事件。你们要怎么样呢？你们想要我们怎么说呢？	Potentially
嫁印度人怎么说？五等吗🐶	Potentially
哈哈哈哈哈哈，笑死我了，真会诡辩；这么理性的你不应该嫁鸡随鸡，嫁狗随狗？地球这么大，他能跑出地球？哪怕天涯海角、倾尽一生的时间找到你口中负心汉，用你无限爱与被爱的力量感动曾经与你共度的黑人，书写一段可歌可泣跨国恋情，如果你连这点都不敢尝试，你这三言两语叫我很难相信你啊，很难办事啊。	Potentially
我一直在鼓励国男外娶或者不婚，去规避越来越高的接国际盘的风险，我担心个啥🤣	Potentially
黑子们四五月份骂上海，六月份骂唐山，七月份骂南京，八月份喷海南，	Potentially
我们上海最近很红，毕竟黑红也算红嘛，让他们多骂两句多黑黑也无所谓了，浙江和江苏就低调发展闷声不响发大财吧，发展才是硬道理。我们上海就当仁不让的抢个2022最不受欢迎地区吧😄	Potentially
这也造成女性权益运动更为世人所同情，而男性权益则被嗤之以鼻。因此，他们认为：即使是在男性掌控社会地位和权力的社会，仍然在运行女本位主义，以不断牺牲男子利益的方式来保全女性。	Potentially
针对女拳而已，😆应该还有些好点的女人	Potentially
所以别人歧视我们也是说的那么难听，一口一个人中国人怎样怎样…甚至出国别人都对中国人有不好的印象，现在所做的行为不是跟他们之前歧视中国一样嘛… 虽然这么讲有点圣母…对于正常恋爱我觉得没问题吧…至于洋垃圾和eg确实该喷…	Potentially
你们同性恋为什么不收敛一点，我们看着觉得恶心	Potentially
那我就实话实说了吧。🐶从我们童年时代开始，安徽那边过来的就是乞丐，捡破烂，穷苦农民工，你说让我们没点看法那道德要求也太高了🐶根本没有黑过。要想改观，等历史翻篇吧。	Potentially
多数女的，所以，维小人与女子不可教，古人早料到	Potentially
13襄金边了是吧？	Potentially
山东黑别人挺厉害的	Potentially
你确定电信诈骗不是广东福建地区口音？？	Potentially
就是嘛，都说了 不喜欢黑人，一个个的还在哔哔赖赖，那你要我怎样？啊，广州就是有很多黑人呐，难不成我看见黑人就要立马钻到地底下？😠	Potentially
东北人热情好客，讲义气，热心肠，天下皆知，某些人见不得人家好，特别是两广一带，心里不平衡，酸呗	Potentially
潮汕人？你们的刻板印象不是钱多吗🥺	Potentially
针对的是基的智商问题不是善恶的问题	Potentially
有黑人终成眷属，祝福吧能找到自己的爱情也是一种美好的诉求，爱情永不落幕，可否不分肤色的界限，在这土地里你我不分高低，黑色肌肤给他的意义是一生奉献，肤色斗争中	Potentially
可有我大南京文明？	Potentially
有钱的蛮夷自然惹人记恨	Potentially
它只有大量繁殖才能保证种族延续。世界乞丐，不是吹的	Potentially
我觉得这才是真实情况，大部分人不论男女避之不及。也只有被洗脑的那一小部分会贴上去。正常人应该都知道大多数黑人的秉性。	Potentially
人造子宫出来了要她们何用	Potentially
对我们这些不外娶不外嫁的人而言，黑人、白人有什么区别？就是个人种不同、文化背景不同、过往历史不详的陌生人。我们又不混外企圈，为什么要在社交圈子里引入这些只有风险、没有收益的陌生人？这是个理性选择，不是种族偏好的问题。	Potentially
我并不歧视同性恋，因为我知道，这个世界大了，什么都有，没必要搞什么歧视，说实话，我只是单纯的反感而已，某些杠精请不要把反感和歧视混为一谈	Potentially
只要记住一个原则，黑蛆是动物，所有的谜团现象就能解开。	Potentially
我也觉得👍️和外国人谈过恋爱的男人很脏	Potentially
我不会选撑同弱智	Potentially
人和人当然平等，人和猩猩平等？	Potentially
要不要一起组队猎杀默和easygirl	Potentially
所有的地域刻板印象都low到家了	Potentially
那是他们搞错了，江浙人民黑啥东北，南方系要的就是挑起地域间的矛盾，他们被带了节奏。	Potentially
房子和车不是钱？彩礼现在10万都是少的了，30万也不新鲜。	Potentially
这难道不是传说中的警察大战黑猩猩？	Potentially
河南逃难那时候主要还是逃到陕西，河北，山东，所以给别人带来很多麻烦😅	Potentially
不应该让他们加入中国籍，中国籍没有黑人！	Potentially
回去看看你们中部城市建设和生活水平吧。	Potentially
真相了，就像我喜欢黑江浙沪焊奸多	Potentially
我觉得很恶心啊，这是心里表现，但是我不会侮辱他们啊，但是我会侮辱宣传txl的，而且是狠狠的侮辱😄	Potentially
我现在在每一条地域黑回答下面都能看见浙江人，黑山东，山西，广东，湖北，东北，都是浙江人，我是真的理解不了，浙江人是不是除了自己谁都看不起啊😅	Potentially
还“龙阳之好断袖之癖”...可见普通人都已经深深被撑同言论所洗脑，说起这堆东西还让人听了感觉似是美谈一样!你去历史学者那里看看真正的历史:“龙阳之好断袖之癖”的都是些什么东西?亡国之君!为什么正史中从不提及?因为肮脏淫秽!因为他怪癖、脏癖、恶癖!中国历史上的皇帝多了去了，难免有那么几个荒淫无耻下流的(所以国都亡了)就被撑同的提出来万般歌颂美化蒙骗无知大众!你相信当然就是无可救药的愚蠢。从这点也深深可以看出撑同的是些什么东西了:要说皇帝，中国历史上多少勤政爱民的好皇帝，他们提出来的那都是些什么荒淫无耻之君?足可见全是辣鸡臭味相投!	Potentially
看样子，我给小孩的分配条件里面要加强一条了🤔。1.当兵的多拿两层。2.找黑人处对象的鸟毛不给，滚出户。	Potentially
以我的经验，女性多的大学或者专业要小心，工作接触老外比较多的要小心，实在不行就找体制内的，毕竟国家已经帮你审核过了。	Potentially
反过来，女性提高家庭地位的方法：工资上缴	Potentially
对于它们必定最后结果就是疯狂零元购	Potentially
所谓的渣男只是回归天性罢了！中国男人被责任的枷锁，束缚的太久了，把枷锁当精美的首饰，这是个错误，老黑身上唯一值得学习的地方就是他们没有家庭观念	Potentially
我也是念书的时候才知道江苏这档子事的，以前我从来没觉得苏北南有这么大隔阂，我看地图都以为江苏所有人说差不多的方言（即使现在，我也觉得吴语区和淮语其实有很多相似的地方），最奇葩的是竟然有泰州的歧视盐城的，而且是在老乡互相介绍时，那泰州的冒出一句：原来苏北的。他俩从此有仇	Potentially
我猜想，大概率是南方系媒体作祟，小概率是国外势力	Potentially
这就是典型的国籹罢了	Potentially
楼主别理会亩刃	Potentially
能否尽灭默妖，关乎人类之存亡，文明之延续，责任艰巨，意义重大！	Potentially
一群披着人皮的炼钢售，躲在人群里，难以分辨，基本没机会面对面KO[表情]	Potentially
河南人对陕西可没有成组织的黑，本人生在河南，在西安上学，每次亲戚问到西安都会翘起大拇指，说句好地方!舍友是个陕西人，真是黑河南有种被洗脑了的感觉，受了三年高等教育了，还拿他的亲戚给他从小传输的那些知识说事，什么“河南蛋”，什么河南“小偷多” ，还有他们村里那个“上门女婿”是河南的等等，我给他解释，他也听不进去，然后沉默一会又冷静地说“河南人确实素质不高”，关键他连河南都没去过，麻了😅，一句一句无不是带着极大的偏见，仿佛陕西人在河南人面前就带着天生的优越感。河南人对陕西可是带着极大的尊重，我们只是单方面被黑，用“有组织地互黑”不合适。	Potentially
别这么感性，男人都这么没逻辑性吗？这个真辟谣了。	Potentially
不希望以后中国遍地都是黑人小孩，怕但是治安社会矛盾突出，大家过都过不好，大家都是中国人，感觉大家还是不一样的…没有那么懒，没有那么多政治正确，没有那么多暴力和低素质，5000年的道德约束还是有的	Potentially
这个母🐶没了男的也买不起车啊有个批没了男的也没地方卖啊	Potentially
白人妇女生小孩后，臃肿不能直视	Potentially
楼上就有一个感觉他们两广被黑了，很委屈。然后黑河南就觉得大家只是玩梗~玩梗～还要劝河南人别玩不起🙄	Potentially
埃及文明至今还没有盖馆定论，目前还没有任何一种观点是所有考古学家认同的，楼主发的论点具有争议性并不可取。文明的发展和传承需要长时间的积累。非洲黑人如果经历过璀璨的文明的话，不至于落到现在的境地。	Potentially
2.一方面说同性恋是天生的，在人口中比例是固定的，说同性恋不能被矫正，直男也没法转同。另一方面却常为直男被“掰弯”成同性恋沾沾自喜，面对成功被矫正的同性恋案例却视而不见。----直男扳弯和所谓矫正同性恋一样，都不过是城乡故事，并没有任何医疗临床证实。相反，全世界医疗界反复验证了性倾向无法改变。所以在论坛上说些斗不过是私人观点斗嘴，毫无意义。	Potentially
什么硅南，能不能死一死？	Potentially
普信男破防实录了，属于是🤭🤭	Potentially
关键是黄精灵是真的摘不到蓝精灵一样多的果子啊	Potentially
我不歧视黑人，但我不接受有过黑人前女友的男生，我这样想是不是虚伪？但这的确是我的真实想法	Potentially
去B站看看，小仙女诬陷好人猥亵，黑框眼镜小仙男替小仙女出头，远离诬女，今日朱军，明日诸君	Potentially
武侠火那时候全是龟男道德观，自然衍生出这种作品	Potentially
我已经累了，也懒得讲道理了，爱咋咋地吧，ez和默关我什么事啊，总有一天中国要整出个右翼分子	Potentially
十二生肖里没黑人	Potentially
女的都这种玩意儿真以为男的想结婚？当然，舔狗不算人	Potentially
我是ftm我该死吗	Potentially
宁愿小鸡守活寡🤣 也不想小鸡沾粑粑😅	Potentially
大家可以多混混黑界和喷系，学学滚刀词汇，练练打字速度。也最好多了解学习一下语言学，逻辑学，辩论学，这些可以帮助大家出征仇男雌教魔怔教徒更添一笔整体战斗力和攻击值！	Potentially
LGBT：我不听我不听我不听	Potentially
西南地区也普遍看不起贵州人，喜欢搬弄是非地域黑，你上面那个就是地域黑，反正就是说贵州它们就说其它地方才是，老🐶了	Potentially
上面什么时候宣传过这个风气？一直宣传的是女强人，妇女能顶半边天的正常女权，每年评感动人物的也都是无私奉献，舍小我成大家的雷锋精神，什么时候怕老婆成为'上面'鼓吹的精神了？若上面真是用这种方式刺激消费，那锤子镰刀还是尽早换了吧。一直是所谓的'民族资本家'为了利益，鼓吹这种风气来刺激女性消费市场的。这些'资本家'能代表上面？他能高我们一等？	Potentially
支持憨色正义破女权防	Potentially
这楼里的同性恋者真可怕 就是因为有你们这样的人 同性恋才会被误解	Potentially
上个回答下面就有一个河南人在骂东北人😆👍	Potentially
哪都有骗子，骗子最多的城市应该是温州	Potentially
现在有些女O确实有点过份	Potentially
所以要反对同性恋，那才是骗婚主力	Potentially
果然答主是日本血统，日裔遗孤，挑起省际矛盾，居心叵测	Potentially
这幕刃直接经典我一男的	Potentially
男人荷尔蒙比女人高，所以发生这种案件时常会有的	Potentially
主要是下手狠，一个黑龙江人，一个辽宁人，必须打一个，我肯定打辽宁的，因为黑龙江的能玩命，豆豆鞋，紧身裤一看就肝颤.....下限低，上限高，有位兄弟说的没错，一小撮黑龙江人，尤其是年轻人，素质极高，彬彬有礼。但关键是不能赌啊.....还是发展不平衡，导致差距太大	Potentially
又是你这个高贵的殖蝻啊	Potentially
一群站街女！看来可以说是免费鸡院	Potentially
以后出门逛街遇到这种满脸都是妆的我大家伙得离远点，不知道卸完妆是什么贵物	Potentially
就这母猪****，老子真想一拳把她这张烂坯脸打成稀泥	Potentially
一元购真是这帮东西的天性	Potentially
男的娶了外国女人，滚出中国。女的嫁了外国男人，滚出中国。交往过外国人的，都不要留在中国	Potentially
毕竟人家是高贵的异性恋男性呢😆想什么都是对的，一个个都能自己做大科学家，能自己给txl群体下定义呢😆一个个都是大哲学家，贯彻了形而上的思想方法，将以少见多的理念发挥得淋漓尽致呢😆	Potentially
自己可以查查黑人比例，好像有些地方黑人有50%的比例了，黑人平均好像是10%还是20%。反正就是一个离谱，离大谱，而且很多是有其他各种病的	Potentially
国男只能通过婚姻获得性？？？？我是不是听错了？你骗骗国外无知少女还可以，用来骗国女，合适么？	Potentially
哈哈，lgbt是这样的，他们觉得自己才是先进的，不支持lgbt的都是愚昧无知的，不先进的，崆峒的直接就是还未开化的。而自己作为lgbt群体则是代表了西方先进的文化和思想，觉得异性恋都是缺少性教育导致的。lgbt群体，他们永远高高在上，他们永远都在叫喊着让大众包容他们，喜欢他们，允许他们的存在，确容不得别人不喜欢他们，无法接受他们的存在，简直是赤裸裸的双标。	Potentially
中国男人死光了🤣🤣	Potentially
应该把你这种黄皮黑比物理阉割	Potentially
那些亩狗，纯纯畜生，这个词作为PUA男性的东西，解释权只能在小仙女手上。	Potentially
谁喜欢小黑啊，黑不拉几的看一眼都嫌脏，也就某些连汽车排气口都不放过的男人会喜欢黑妞	Potentially
我也是给国男提建议 提升自己的素质不要不尊重女性 每个人都有自己的选择 无论合不合你的心意 不要给中国女孩儿按头eg了	Potentially
它们只会骂中国男性，🐑跌跪舔还来不及呢	Potentially
广东人跟广西人长相有什么区别？本来就同为珠江流域人，语言风俗长相文化都相似，从南越国到交州到岭南道都是同一个行政区，广东人以为攻击广西自己就不东南亚了？	Potentially
我上大学的时候，被河南人骗了400块钱。。。	Potentially
这年头某些烂裤裆都这么明目张胆了？	Potentially
黑蛆经济来源分为寄声，帮派，?品，奖学金。	Potentially
同性恋也能用同志？简直就是笑话，让同志一词的脸往哪放	Potentially
果子狸前几年很嚣张举报都没用。现在微博好像看不到了。	Potentially
为啥济宁会被黑	Potentially
至于黑蛆是不是“人”，至今还存在很大的争议	Potentially
这正是这样不会把自己人推到对立面，要知道许多媚黑只是排黑目光的产物，她们其实和默没爱情，如果真有的话她们为什么不美黑呢一个个妆化的那么白。	Potentially
性本身就是有自主权的啊，这个不分男女，很多男的天天yy女的怎么怎么yindang，其实基本上是自己自作多情罢了，或者说一厢情愿。无性恋比例百分之2，即使是直人，性也和激素有很大关系，雌性激素越多（越有女人特征的）性欲越低，雄性激素才是掌管性欲的东西。况且女人也是人，除了性还有别的追求好吧？	Potentially
你气炸了的部分原因也有物化女性的成分吧？认为中国女性是中国男性的伴侣，但是这不是印度，女性也能顶半边天。女性和黑人和老外谈恋爱我觉得不要去管那么多，但是如果存在烂交群P等事情，发现一个公布一个，毕竟违法了。	Potentially
撑同的:你们不是口口声声讲“科学”吗?出来走两步?放着正常器官不用，非要狂搞人体有害细菌最多、最为肮脏的排泄器官?以至于基佬们都弄得年纪不大各种肛肠疾病缠身、身兜尿不湿这就是你们鼓吹的“科学”?“文明与科学”怎么会产生这样的结果？？？	Potentially
lgbtq可不可以理解为垃圾边态群体	Potentially
东北我觉得还可以啊，该被黑的还是上海本地人，让人呕吐	Potentially
喷吧普遍男性反串带节奏，故意说一些反动的话让更多不知情的男生变成所谓男拳来无差别攻击全体女性	Potentially
对待黑蛆直接清空弹夹完事	Potentially
从小偷井盖，攒钱卖羊肉串，来人问你这串保熟不？你拿着切糕的刀给他砍了。	Potentially
是啊，为啥歪过男性可以团结起来格了正服还有各种干什么，过男不行，基因不行，所以说过男都是下头男！	Potentially
这只是猩猩同类之间的交配而已	Potentially
别惯着她，不然以后有你难受的	Potentially
我新疆的回族也算被黑惨了，虽然一部分确实有错但是不至于上升整个地域	Potentially
😅😅😅你是把出差一夜情当恋爱玩呢？这跟黑人不黑人都没关系了😅😅😅正常男人也接受不了啊😅😅😅	Potentially
谁也别说谁。现在有些苏北人在网上对江西的态度跟仇敌一样，已经见怪不怪了，有些甚至直接私信辱骂，还没见过地域黑能到这种程度的	Potentially
人均寿命黑人第一	Potentially
母√是这样的	Potentially
我是想说那他们提出的人造子宫不能解决因为需要子宫而不得不听女人的话的问题吗	Potentially
相比直男，gay对女性要友好得多了	Potentially
那几年河南人在新疆很猛啊，淘金的那几年，河南人在新疆抢金骗金事情不少。	Potentially
男性需要思想解放，钱都给女的了，她们还不满足。	Potentially
死掉的嗨人是好人	Potentially
天机预言，后世潳嘿	Potentially
唐山打人事件，第一时间，就有人说：东北人干的。	Potentially
你看看河北😜啥也没有	Potentially
主要是那些黑人在中国都不负责任，非洲还有很多的传染病。	Potentially
没有，商丘表示黑的是整个河南，也就洛阳好一点	Potentially
一代又一代的先贤以及列祖列宗将中华民族最优秀的基因传递我们这里，而一些“女人”却在用自己的身体通过与黑人、白人媾和，污染着最优秀的基因传承。这是她们父母的悲哀、祖宗的不幸，整个民族该唾弃之，让她们如过街老鼠一样，不能在阳光下立足。	Potentially
女人的属性 生理特征就决定了女人不可能有所谓爱国情怀，有这种情感的女人早就在战乱年代被淘汰灭绝了，我不是针对哪一个女人，只是女人这个物种就是这样的	Potentially
咱不说舔狗和理中客的问题，就说这组织力，就不一样，这次的立法可见一斑。举个例子，去年二月，女拳集体冲霹雳霹雳（B站）那次，组织力度之强，声势浩大，都没见过，而且从各方面下手懂得冲合作方，懂得影响股市、带动舆论。而起因仅仅是B站为了平息风波，各打五十大板，既下架了那部动画，又封了那个舔饭圈和女拳的LexBurner，就被骂“辱女”了。它们的口号：LexBurner可以因为辱女被封，但是不能因为舔它们被封。与之相比，微博上连“鲨光男人”都说得出来，别说冲了，骂都没几个人骂过。所以，短时间内，男性会被女性压着，直到在忍耐中爆发	Potentially
同性恋本身就是自然界的一部分，有没有危害看同性恋的所思所行，以及和异性恋对比下对社会的价值影响，研究这么多年浪费多少钱和人力了?最后得出个是个人都知道同性恋不是病的结论，，，，，	Potentially
为什么国男喜欢跟饭圈一块玩	Potentially
还是不一样的。首先，在非洲的中国人几乎都算当地土豪，土豪享有优先交配权很正常，国内土豪也没少玩。其次，那帮渣男不会因为有个非洲对象就有优越感，更不会因此贬低国内女人。相反，有国外对象的女人明里暗里秀优越，贬国男，甚至当二鬼子的可太多了。	Potentially
跟过黑人的女人兄弟盟接不起这个婚，都嫁给你，没别的，慷慨🤭	Potentially
来了，基蛆无非就是在网上吠而已现实生活中谁都知道这是不健康不正常的	Potentially
民主党搞的和平演变路线，说白了就是葵花宝典，美国国内现在也是一堆这些破事儿，把自己切了让别人死。典型的又蠢又坏。	Potentially
您嫁出去没事，您找个中国国籍的黑人也没事，但是你不能再你的黑人老公被遣返或者回国过后还留在中国啊！国家政策是谁污染谁治理，而且看您这么有爱心，肯定不会让你的孩子没有爸爸吧！去非洲参加活动-爸爸去哪儿了？[蹲]	Potentially
那不是老实人，那是愚蠢	Potentially
这籹的打个手游还打出优越了	Potentially
所以嘛，不计较，欢送，把她们送回现代人发源的土地去	Potentially
钕人是地雷是吧全身都是雷区要狠狠的打	Potentially
他说的这句话是反驳 那些让同性恋收敛一些的言论，事实上只要不违法不破坏公德，没有人需要为了别人而收敛自己的本性	Potentially
我一个上海人考到外地 周围同学天天看到我就开玩笑说 上海人牛逼 上海人都很有钱的 我直接emo了一个学期	Potentially
贵州才是吧，不是我们穷就是说素质差😅	Potentially
拳师正在反思中……	Potentially
话说回来你又能拿同性恋怎么样呢？？有本事就弄死他们啊。几千万个，慢慢来。反正对于你这种以强凌弱的，也就这些本事这种心胸了。	Potentially
以我过往有限的生活经验来说，如果认识黑龙江的新朋友，还是提高下警惕比较好😅，越是底层的越要小心，下限比其他地儿更低，其余和其他地儿差不多，甚至上限更高	Potentially
其实不用管这些人的，正好崇洋媚外的都走最好	Potentially
在中国这种男多女少的社会，但凡女孩子温柔体贴善解人意一些，即便样貌欠佳也根本不愁嫁好吧😓😓只能说嫁给老外的女生本身就有媚外的属性罢了😕😕	Potentially
我怎么看是你们在歧视上海吧…	Potentially
极生期快，新城代谢快，生存环境差，卫生习惯差，繁殖旺盛，极衰期快…嘿畜狌就是动物	Potentially
只要秉持反黑。都可以	Potentially
所以说到底他不还是个大猪0吗失足我都想象出来那个画面了他艮个脖儿在那🔒	Potentially
这下姆蛆help姆蛆了	Potentially
说不定这男的是个同性恋，被女友发现了，然后杀人灭口	Potentially
人形畜狌只有本能除了寄声就是寝犯种群铁律亘古不变真理只在射程之内	Potentially
在今日头条新闻里，一个自称中国精英女写文章说嫁给了尼日利亚的商人，在中国结的婚，声称黑黄混血后代已经深入到中国的各行各业发展！！！	Potentially
直接举报这个黑比，	Potentially
黑人都是默默默默默默默默默默默	Potentially
抖音上陕西骂洛阳的，比洛阳骂西安的多的多	Potentially
哈哈哈杨笠就是个丑女拳	Potentially
这种人三观一般都是有问题的，娶回家就等着鸡犬不宁吧，更别说再遇到老外，戴绿帽的几率无限大😓	Potentially
往哪里跑都无所谓，要清楚为什么往外跑，谁把自己害成这样的都不知道，看黑龙江跟南方人哭诉的样子真可笑	Potentially
所以对立场偏向母畜方的小作文，我现在是一概不信?	Potentially
算了，老实说河南人被黑还是因为太善良，这样一个假装河南人，故意引战全国的匿名回答，不少人一看是以为是老乡居然也来支持。大家仔细想想，这样的人是什么居心？一边说别人地域黑，一边黑别的地域，这不是故意给河南人招黑嘛！	Potentially
在80年代以前，黑人还没有现在那么嚣张，反而对白人卑躬屈膝的，一被欺负都不敢反抗。无论是马丁路德金还是曼德拉都是救不了黑人。现在黑人嚣张程度到了好莱坞主角第一，还有反派不能用黑人，蝙蝠侠超人都得黑人演，不喜欢还可以按自己想法改戏，一不小心就是歧视。以前的欧美是权大于钱，现在是钱大于权。其实造就这样的局面，还是资本的力量，而不是民权运动胜利的结果。主要还是以前白人保守势力太强大，如果资本不注意权衡各种力量的分化，早晚自己会被吃的连骨头都不剩。因为资本不允许一方力量一家独大，这样对他们没有好处，只能培养各种竞争对手。与其说是黑人地位不断提升，不如说是资本力量对他们控制厉害，在欧美，大多数警队都不敢在贫民窟执行任务，除了害怕打黑枪，也害怕各种口水淹死。所以贫民窟基本上是国中之国的三不管地带。本来那些走投无路的西药房和火力强大的烧火棍就多，很多不正规的交易就在贫民窟完成，现在不正规的交易都被洗白。	Potentially
说实在的大连市的几个区还要比来比去的，看不起甘井子区，不知道从何而来的优越感。	Potentially
对女性共情就是一种错误，真正的平等是不能够共情的	Potentially
还没等我来得及发表意见 有黑人男友的女孩已经先开始喷人了	Potentially
我也歧视默啊，咋滴	Potentially
我觉得你根本就没有仔细看我说什么。我强调了，不接受同性恋很正常。	Potentially
我最讨厌两种人，一种是种族歧视的人，一种是黑人🥺🥺🥺	Potentially
对，没有基佬基因。基佬们都说它们从小就喜欢同性，这个居然也能被它们拿来证明自己是天生的同性恋？请问：哪个小男孩从小不喜欢跟男孩子们一起玩？？长大后正常男性称这种喜欢为友情，而基佬因为各种在外因素变.态后称这种喜欢为爱情？？	Potentially
对，所以我从小教育我女儿不管什么时候，都离黑人远一点，大部分来中国的黑人喜欢做坏事，还喜欢带着身边人做坏事，然后会被警察抓去坐牢。牢记一点，远离黑人，幸福平安。	Potentially
舔狗基数太多了什么时候舔狗没了才会改变局势	Potentially
黑东北的广东第一名	Potentially
骂棒畜是一回事，骂幕刃又是另一回事	Potentially
不就是因为觉得自己恶心吗？什么撞号，分出个1啊，0啊的，简直是笑话。自己歧视自己的群体，应该是个垃圾群体吧。你们谈恋爱有多少人能超过三个月？嗯？不肯一起努力，捡现成，摆烂，物质主义，为了金钱抛弃爱情是你们这个群体的永远主旋律，像张国荣，图灵那样优秀的能有几个？恐怕优秀的人才是你们这个群体的少数派吧，不然你们怎么会经常性恋爱，每一段恋爱都逐渐使你们走向孤独终老的最终归宿。哦，我忘了，你们大多数人压根就没有老的机会，这个群体提倡的主要生活方式同样糟糕，你们真的觉得自己能活过五十？好了，我说的应该都是事实吧，死基佬们应该哑口无言了吧。	Potentially
基佬纪实啊.	Potentially
真羡慕你们这些还对母拳抱希望的人	Potentially
谷爱凌这波风头，有没有可能是老美反向宣传？趁着跌停的出生率，鼓励外嫁！或者宣传白人至上？刚才还有个小仙女怼我呢，说我影响人家改良中国人基因了，说我酸黄瓜酸死了我让她找她爸去了！	Potentially
重点是视频里还不是同一个默囧	Potentially
千万不要找大龄，尤其是从大城市回来的大龄剩女	Potentially
女拳急了，他急了他急了	Potentially
此女为海牙蝴蝶姬第二！	Potentially
什么叫本地人干的坏事全赖到外地人头上，法制节目里犯罪的基本都是苏北安徽的，身边但凡有点坏事都是外地人干的，吴语区本地人就极少有干坏事的人	Potentially
这黑人应该回非洲去	Potentially
为了生混血孩子是咋想的🤔	Potentially
陕西关中人和陕南人黑陕北人好像是因为陕北有钱来着（煤老板暴发户太多）	Potentially
要想彻底解决歪国敌特和网特分裂势力，就要彻底与那些歪门邪道者绝缘，除了科普日常的爱国教育和正确思想价值观的公益广告，还要限制歪国来华的留学生和外来移民问题。	Potentially
还有一种不容易被发现的方法，买个探伤机用里面的辐射源做成定向能武器。在大街上看见黑人就对着他照就行一时半会没啥症状。等到送医院发现也找不到源头了。	Potentially
反正我也是认可同性恋的，但是总会有那么一些异性的瞧不起同性恋😠	Potentially
渣的人不分性别不分人种，犯罪就是犯罪，就事论事，上升到群体就不好了，还有黑女受教育程度高这个不准确吧，重男轻女男尊女卑严重的地方女性就是生育价值啊	Potentially
孩子本来就是她老了以后的保障，问问她为什么还要和男人要保障，这种两头抓不可取啊	Potentially
“每个节日都会有精心准备的小礼物，有各种小贺卡和手工艺品”花这么点就有个两年的伴侣，这待遇郭楠可以有吗？	Potentially
有几个女的跑网约车？都是男人在跑，他们还得顾家赚钱，哪像这种幕刃除了比必啥都不会？	Potentially
大风起兮云飞扬，安得猛士兮守四方，嘿畜，任何时候都要剿，不剿不行	Potentially
女拳是伞兵，不是说女性是伞兵。虽然很多时候区分不出来吧。	Potentially
怎么会批判呢？她们爱谁我管不着，我只有一个要求：嫁出去的女儿泼出去的水，既然已经泼到非洲 了就别收回中国就行。	Potentially
我二弟又被屏蔽了，你去别的地方发，这里的AI可是芭芭拉小魔仙的存在	Potentially
女性在非洲地位很低	Potentially
老照片：日据时期的广东，汉奸横行，满城尽是日华亲善	Potentially
经济水平在某个阶段，当地人的素质也会在相应阶段。这不是地域问题，这是经济问题。延伸到印度非洲，我也是这个看法	Potentially
已经输了，新生儿60%是黑人。以后的法国是一个黑人国家。。大概就是20年后。。	Potentially
不是你们在那碰瓷江苏人会理你们?	Potentially
那我们也有鄙视的自由啊，可以鄙视xx癖就不能鄙视媚黑癖吗	Potentially
上个帖子被贴吧破防的幕刃举报没了，后面我看重新申请回来	Potentially
这里说没啥用，重口味的女人不会出现在这里	Potentially
是这群人没有良好的审美，我们反同人士都喜欢秃头油腻大叔，这才叫帅，有男人味。	Potentially
还没阵亡女人就已经去舔羊带人默带人了	Potentially
黑人有中秋节吗？	Potentially
反正只要争辩起来就会 安啦上海银。。。。🙄	Potentially
差不多，小学的时候班主任也是打拳的，男的打女的抄课文，女的打男的p事没有，结果最后一个学期快结束了全班男生起义	Potentially
我是平等的物化男女性，不是性别歧视，男的	Potentially
答主，你真的是一个善良而理性的人。对于gay恶心是本能的生理反应，这是很难克服也无需去克服的。但是你能理解性取向和身高长相那样不是自己能控制的，就像长得高的不会看不起长得矮的那样，作为异性恋你也平等地看待同性恋，谢谢你的理性和善良。	Potentially
你歧视男的，打女拳？就你们女的能扭？	Potentially
我一直觉得，绿帽宝要是能做出来，市值肯定超过阿里	Potentially
是媚黑后被中国人集体排离了，没人愿意跟她有交集了，慢慢的时间长了精神就不正常了	Potentially
你们北方发展不起来是有原因的，南方比你们发达咋滴？	Potentially
寄声虫是骂不走的，只能拔除，如果拔不动，那就弄断再拔。	Potentially
我们班的上海人都是拿鼻孔看人的（生理意义上） 别的省份和别的省份玩的到一起 上海人永远只和上海人玩	Potentially
广西人有东南亚爪哇矮黑人特征，扁鼻子大鼻孔凸嘴+个子矮小，反正不喜欢东南亚人	Potentially
大致意思是有人开始用黑人的办法对付黑人？	Potentially
黑命贵祸害原住民是事实	Potentially
跟无限索取，整天无下限PUA男人的黑洞确实幼稚。为啥男人不会跟大部分女人样去无下限PUA女人呢？	Potentially
请像楼上这种恶熏的怪物停止进直男反同帖贩剑，否则进淋β反应！	Potentially
成都被黑 四川重庆可是吹的飞起 造谣川军350万	Potentially
歧视别人就有被骂的可能，这是相互的啊。不过被骂就被骂就是，不影响我歧视同性恋🤣	Potentially
道德绑架够溜 你没有反对我们不喜欢同性恋的权利 正如你没有反对地球是圆的权利 这些必须就这样 不然你就是双标	Potentially
现实生活中对东北无感，倒是网络上老铁不停的找存在感	Potentially
歧视这个词不太好，太过了。但确实，很多txl给人的观感并不好，我觉得，这个网络也对人有太多影响，短视频里那些娘里娘气的、装疯卖傻的，让人反感，给孩子们不好的教育示范。	Potentially
大胆！南大人能叫心机吗？那叫聪明，叫智慧，叫见识	Potentially
梅人尼-因爱滋生祸端	Potentially
人家把你弄舒服了你还告他，这750万就当作营养费	Potentially
女人为什么以为自己值得男人为她花两万？重点是要让女人意识到这点	Potentially
是的，我一个福建的同学跟我说，他爸爸说安徽人都是小偷。我很生气的他说，对我就是小偷，别再跟我说话了。他一脸尴尬的道了歉🙁	Potentially
从某种意义上来讲，在座各位都要感谢杨笠，她把大部分小仙女心声说了出来	Potentially
找鸡还是太亏了	Potentially
挺好的，我建议它和世界上所有的物种还有灭绝生物的DNA融合，看看能不能生出个单细胞，直接起源了。	Potentially
"看到网上有一个母亲教育女儿说不要和黑人交往，不要和陌生人交往。这样不对，但是看到黑人看到视频发评论说，大家的大砍刀准备好了吗？🤔🤔🤔这样对吗？自己心里怎么想，有时候在公众场合还是不要表达或者表示出来，做一个谦虚但心里利益分明的""虚伪""百姓不好吗？🤔🤔🤔🤔"	Potentially
劣信幕刃真下头	Potentially
最多外来人口 有多少是外国人🤔上海人对黑大人白大人的忍让成都 和对国人歧视侮辱程度真就是天差地别	Potentially
和黑人那也配叫爱情？😆	Potentially
不专拉外国人皮条的窑姐，人家都不感接黑人的客	Potentially
是的，要西方的开放独立权利，不要西方的责任均摊。要古代的卖人?，还要人身自由独立。我也发了个差不多的帖子，不过我没有考虑到她们还想要西方权利。结婚是真不想结。	Potentially
这男的的确是个情商很高的人而且很有责任担当但是根据这个女人的描述她自己就是个five自己的事情自己没法负责行动能力和婴儿一般据她描述她父亲已经很注意教育她自己的事自己解决了结果被她认为是冷漠如果她已经成年了还这么蠢那真是太好了！	Potentially
知乎很多东北人喜欢代表北方，挑起南北对立，把东北出现的负面新闻甩锅给南方人或南方系，总之不夸东北（黑龙江）的就是南大人，就是南方系媒体，赢麻了	Potentially
原文章主要是反外，而且嘛，核心还是反白。让那帮子跪洋的咋活？😆	Potentially
我在很多平台看到江苏人仗着gdp高，到处骂人，就好像有杀父之仇一样，已经魔障了，他们自己省份内斗就算了，还要扯上无辜的人，真的服了😓	Potentially
我们小区里有一混血小黑 3.4岁 天天出来遛弯别的小孩都不带搭理他的	Potentially
y基因没了，女的x基因可还留下了，说不定因为默默特别喜欢生娃跑路，反而壮大了好几倍呢😄	Potentially
害，事实就要正视。中国女权还在2017年被中国妇联判定为分裂势力呢。你们该打的拳还是照打不误啊。😆	Potentially
肛门出来的黑粪球又丑又臭	Potentially
北方人被南方人叫侉子	Potentially
我觉得答主没必要黑皮黑皮的叫他们，咱们国人在非洲也没少玩黑女，这些中国女孩找黑人都是自愿的。这些女孩追求爱情也好追求感官刺激也罢，客观上都安慰了黑人，黑人受到慰籍就不会伤害其他女孩。对这些女孩应该宣传的是如何防护艾滋病，高校艾滋病增长过猛有黑人的功劳。潜伏期6-8年，病毒携带者根本查不出来，所以有些有过黑人男友的中国女性传染给了中国丈夫和他们的孩子。所以个人认为女孩找不找黑人不值得讨论，艾滋病防护才是该让其知晓的。	Potentially
因为电脑不会生孩子警告，也不会要这要那还说你坏话	Potentially
你们以一个小群体的行为，来攻击全国女性，就站得住脚了？	Potentially
这患者是黑砸，思维错乱不奇怪。	Potentially
真没必要这样说她们，等下你违背妇女意愿了	Potentially
中国人在中国歧视中国人⁉	Potentially
女权不是指女性权益吗？怎么还蹬鼻子上脸了？	Potentially
加速是好事，而且别人本来就没打算征求你的意见。把女的捧得越高越好，特权群体越是会被讨厌，舔狗那么多还没清醒过来呢。	Potentially
然后你们就在那瞧不起安徽人，是吗？在你们江浙沪的人眼中，安徽的不是挖煤的就是要饭的，剩下的都是黑社会，是吗？	Potentially
基佬破防了，急得大号和小号说话	Potentially
苏北人说我们江西是韩国人😓，礼貌吗	Potentially
除了东北上海河南其他地方真不叫黑	Potentially
江西彩礼真的是高的吓人	Potentially
人还是高级动物。集体意识强。女人找过黑人男友，本能觉得女人是背叛集体的存在，心里膈应。有一种“外人”的感觉。	Potentially
去了以后，万一后悔了，咋回来？就国内大山里都还有买卖媳妇的情况。真要是去了非洲，人生地不熟，说话也听不懂。还不是任人鱼肉了？一到非洲直接就qj，把你搞怀孕，你也拿他没办法啊！	Potentially
“你竟然和女孩子计较，你还是不是男人”	Potentially
老家浙江的我哪敢说 说了就是明明是我们歧视外地人😆	Potentially
知乎官方本来就偏向女拳立场，知乎现在的舆论形势是用户包围官方。	Potentially
下半身动物的帽子早就从男人身上剥离了，这句话其实是用来形容女人的，只是被女权利用栽赃给扣在了男人身上，男人出轨天天的性那都是假象，女人嫌男人不行，天天抱怨没有性生活这才是真相	Potentially
现在全国基本都是达成共识的反黑情绪😆你说啥时候人民这么统一，难道不是因为被折腾久了	Potentially
一有精神小伙要么扣东北的帽子，要么扣广西的帽子	Potentially
哎！中国怎么那么重视黑鬼。	Potentially
仙女在世界第一女拳国享有犯罪豁免权，二等男人就别叽叽歪歪了。女拳国怎么可能有公平的法律。	Potentially
幕刃罢了，你不娶，我不娶，连20块钱都不值	Potentially
容易失足就表示西方思想浸入我国严重，更加证明了反同的重要	Potentially
看来某些家伙忘了他们当年骂江浙人（此处的江浙指的是苏南浙江上海）是猴子的时候了，黑江浙人小气，黑江浙人娘娘腔，黑江浙人窝囊，都不叫地域黑，毕竟当年没有地域黑这个名词哦，不去想想当年春晚上那些个小品，都是怎么黑上海的，现在换成他们被人黑了，就接受不了了，还搞出了个地域黑的名词出来，声称自己才是被地域黑的第一批受害者，他们骂江浙都是因为江浙先黑的他们的，我是服咯，啧啧啧。	Potentially
对邻国的复仇情节，让日本饮鸩止渴，甚至让默代表日本人，打破了日本保持民族纯洁性的最后一点自尊打破了印象中日本对于默严格管控的神话泡沫归根结底是怕邻国报复的自我矮化心理	Potentially
看来还真是真可见全球所有世纪传染病传播源头都来自它们	Potentially
无良账号又来骗流量的吧。媚外本质是所有穷地方的人向往富裕地区的人，泰国越南妹就像商品一样被西方人挑选，租妻盛行，还不够媚外？！我反正没见过中国女性这么样的，倒是不是贫困地区的男性娶黑女。	Potentially
理智的gay一般都反感直男，因为三观大概率是不合的😆	Potentially
太形象了，碰到好几个这样的了，一说浙江不太好的地方，立马涌过来说你一定是嫉妒，外地人一定多么多么羡慕他们的😅，甚至上升到人种优越论	Potentially
我之前大学时候，宿舍苏北人特别歧视我是四川人。不是因为我素质低，就是因为我是四川人。但其实我家从爷爷一代就在银行工作，他家就基层老师。毕业后我收入是他十倍不止。我常常后悔当初不善人际，害怕和室友闹掰所以没打他脸。	Potentially
别说黑人男了，要是有个找个黑人媳妇的，我也会直接断了联系。不为啥，看着膈应人。🤣选择都是自己做的，你有找内个的权利，我有拒绝你的权利。	Potentially
永远都对泛交女性说No	Potentially
她从中国公司赚取的钱越多，她的跨种族跨文化优越感就会变得越充实，就会越相信黑人的社会文化。这简直是养虎为患。	Potentially
综上所述，以后想起来会补充，同性恋就纯纯懦夫	Potentially
山东女人不上桌的应该不少吧😅	Potentially
黑人的所谓运动天赋是不值一提的，特殊领域表演项目用得到。日常生活。。还是算了吧。正经人谁没事大马路上窜下跳啊	Potentially
Y吧呗，那里每天反同的人挺多的	Potentially
哎，奈何默数量越来越多好多。	Potentially
说什么喊麦，烧烤啥的我感觉无所谓，什么一枪不开，日本人后代我就想给他的祖坟刨了，问问他家先人怎么教育自己家的后代的	Potentially
女拳都是自私的逐利者。她们为了获取利益，打起拳来可以无视性别。	Potentially
没有真正的女权，女权的本质就是打压男性，外国的女权更霸道	Potentially
是的，现实里，男生遇到渣男排挤有限，女生是真的排挤渣女。网络上，男人对渣男渣女都骂，部分女性为渣女洗涤。很多男性眼里的女性就是那些女拳。	Potentially
是的，二鬼子征的女大学生慰安妇。牺牲一代妇女，振兴?	Potentially
其他的人种不知道，但是白腩的浪漫有情趣绝对是因为他们普遍30岁左右就萎掉了，所以诗酒趁年华🤣。至于南亚非洲那些乞丐地区，饭都吃不饱，我也想象不出来能有多浪漫。🤣	Potentially
女子被骗5万，还坚称骗子是“富二代”，男接盘侠报警，竟还自愿为其筹5万。	Potentially
一定是因为偷窥男子的妻子是骗婚女同他才会这样的	Potentially
事实就是这样，很多女人天天被家暴，被揍得鼻青脸肿什么似的，到处抱怨自己的不幸，但就是不离婚，反过来被男的捧在手心娇着惯着的每天就各种不满说男的不好动不动闹离婚还对男的上演家庭暴力。这就是?	Potentially
他不是江南人，绝对不是，江南人讲话口吻脾气秉性不是这样的。他是明显的假冒魔都人有种现象很有趣，就是低温人假冒京人某些人假冒魔都人尤其这些年，去魔都的人各地都有，比之前杂多了，不少人，您比如假名媛吧，某些柴火妞就是中专没毕业到魔都钓个老头过两月出门就说自己魔都人😅我真不相信他是上海人	Potentially
这个吧里的臭亩钩聚一起能凑出个完整的月莫吗？	Potentially
他们就是这样，一脸饥渴样，完全想不明白有的女人能接受，我不说别的，不嫌弃丑吗？	Potentially
所以你要不要看看，这个问题问的是什么？我回答的是什么？另外，中国男性与黑人女性的婚姻问题，2018年的统计是九千多例，不到一万例。且大多是在非洲当地登记的。这跟把黑男人留着中国，把黑娃娃入籍中国的媚外女们不一样吧。	Potentially
我只知道扔菜那事儿气的我肝儿疼，对上海再无好感	Potentially
为什么不找外星优质男人呢，人家有太空战舰呢	Potentially
河南人其实还好，就是洛阳人讨厌。上次和沈阳兄弟一起讨论西安和沈阳的没落呢，结果我被洛阳人骂了，没想到东北兄弟的战力好强，直接把洛阳人给喷跑了🤣🤣	Potentially
说白了就是一群男的，事业上失败，生活上受了打击，本来智商就不高，又普信，找不到女朋友就开始仇视女性	Potentially
能接受的只有一种情况，他祖上也被默过	Potentially
上海确实是很歧视外地人	Potentially
我恶心的是有些同性恋以为全世界都是同性恋，无底线的试探自己喜欢的同性，超级恶心！	Potentially
体制内的打拳的最多了，优越感很多很强的	Potentially
军阀割据占领华夏，分别是：北方人（一般北方人、辽宁、黑龙江）、南方人（被地狱狗蔑称为南大人）。北方分裂，南方人赢一局。	Potentially
但是国女愿意倒贴钱找外国男人🐶	Potentially
哈哈哈嘿畜就是一群没有脑子的寄生虫	Potentially
不不不 咱们是排外	Potentially
别搞新纳粹，只反三非就行	Potentially
黑人也有好人，不能一棒子打死。因为人家身体素质好，一棒子多半打不死，建议多来几棒。	Potentially
开场就一个黑人，占领中国全靠生	Potentially
这个人也不能算地域黑，只是侧面反应了广东人，尤其70后（现在高考学生父母应该是70后）那一代南方人学历和认知水平的低下。也可以说他们基本属于土包子。可能家里因为拆迁恶分了房可以每个月去收租，但是从文化、见识各个方面其实都是土老帽儿	Potentially
说了半天，你都没说中最大的要害。黑河南的主要是南方系媒体，南方系媒体总部在哪你去查一下。你说的这几个除了西安都不叫地域黑，只能叫地域矛盾。	Potentially
河南的盖盖呗，还能有谁	Potentially
这是好事啊，女人破事多企业不敢要，就只能提供男员工地位婚姻女人便宜多，男人就同居呗怕什么？	Potentially
敌在本能寺	Potentially
那为啥你认为不是黑人的背叛而是我们的背叛呢？	Potentially
丰县丢尽了江苏的脸，丰县是苏北的不？你不会说丰县是山东的吧🤣	Potentially
我记得小时候常放日本动画片，现在一些孩子更是被日本的动漫洗脑精日媚日，反正我是讨厌日本的还有黑，我们是几千年的文明古国，中国有很优秀的文化传统，一些人反而说喜欢日本的文化，我想说的是他们所谓的文化传统很多都来自中国，而一些人把自己国家的文化当成别国的，很可悲	Potentially
你一个女号回我男的这句话感觉有点好笑...	Potentially
嘿枸浑身弥漫着低劣程度的气息，天生令人厌恶，源于基因记忆！无法容忍嘿枸做饿，其实是生态地位的颠复，开启人类基因防御应激。	Potentially
你说的这个例子不一样吧，毕竟不是黑人。至少，金发碧眼一般是西方白人，比黑人智商更高，就是更开化一点什么的。皮肤白色，很多中国的美女也是皮肤白色的。但是非洲，则一般智商平均水平偏低，并且黑色的皮肤也往往不受人喜欢。	Potentially
东北人是这样的，自己被黑还喜欢黑别人，所以不值得同情	Potentially
好多买媳妇都是东南亚和朝鲜的吧，最起码不是黑人	Potentially
新疆河南人很多的，只不过这两个身份都比较容易被歧视，深有体会	Potentially
当然不是，它们穷是他们自己懒惰，要是把非洲给我华人早就打造成一个大国了	Potentially
慰安妇是被强迫的，eg是自愿的，eg真正的应该算是汉奸的老婆	Potentially
今天去钓鱼，结果钓的全是清道夫。又黑，骨头又多，又不好吃，繁殖速度又快，还会吃光本土鱼的卵，对鱼业一点贡献都没有。简直就是一群没有用的垃圾。还挤压了本土鱼的生存空间。真不知道当初引进来放到河里的人脑子是不是装的垃圾。以前根本没有这么多，但当地没人注意到没有天敌的清道夫大量繁殖所带来的危害。导致现在一条河里全是清道夫，本土鱼都灭绝了。水还被这些吃垃圾的清道夫搞的又脏又臭，当年出了名的好山，好水，鱼肥，现在却变成了臭水沟。清道夫作为一种观赏鱼，喜欢的话放在自己家养着就行了。干嘛还扔到河里来威胁本士鱼的生存？作为一个钓鱼爱好者我是十分不能忍受这件事的！如果可能，我真希望把这些清道夫全部弄死。本来还想着钓几条鱼回去烧烤的，却被这些清道夫坏了心情。	Potentially
关键是那么丑那么穷的h人，某些人还跪舔倒贴，这就是人的问题了，我们男的又不是sb！	Potentially
那些嫁给默的国女能自愿放弃中国国籍，绝对值得立牌坊。	Potentially
然后本民族的基因在未来可以通过考古来发现	Potentially
有的女的真的是嘴贱，随时随地张口就对男性下定义，女性凝视和偏见，普信女真下头。	Potentially
美国太乱了，警察都不管	Potentially
你们同性恋同婚有什么用。你们就是爱快乐地互相伤害互相传播疾病的怪物。同性伴侣都是短命，因艾滋死了又换另一个伴侣，只会不断离离结结进行没有意义的婚姻	Potentially
本可是一名坚决的饭桶斗士惹	Potentially
我真的麻烦你们女生找黑人的时候，能不能找个看起来长相还可以的？真的不要找那些又丑又怪的，不是说不找黑人，我们嫌弃的是：那么丑的黑人为什么你还看得起？	Potentially
知足吧，爱丁堡不比井盖、山越猴、京巴、九头鸟、东百太君、白完、胡建、陕蛋蛋、响马听起来洋气？	Potentially
不是已经入狱了吗，话说回来，我心中反黑领导人是快手发展黑人祝福起家，领导一群肌肉黑人喃小弟的壮硕中国男人。当地黑社会一霸，并且每个黑人工资一个月只有一千块人民币。真正实现了心理生理双重奴役黑人喃。	Potentially
不能因为有一两个正常的黑人，而引狼入室。让一颗老鼠屎坏了一锅汤。	Potentially
找白人的女人也一个德行，虚伪至极，一边说着自己爱国一边找白人，这是什么操作，b站就有	Potentially
当你产生与黒入恋爱的想法时，你的性格畸形，并且潜意识里有**的性癖好	Potentially
有些gay努力奋斗却依然挣扎在追求自己美好生活的路上，为了顾及多病的父母，用终身不婚的单身贵族形象搪塞了家人，为了找到愿意安安稳稳过日子的那个他，从不约p，被同为gay的圈内人说成是表面圣母白莲花私底下放荡的伪纯洁，被异性恋朋友说成长不大要求高不现实的大龄单身狗，我们活着好难，这时候如果有一个人跟我说朋友我不反对你找同性，但是我恶心你们，我可能不会多生你的气，但我肯定高兴不到哪儿去。	Potentially
那我在网上遇到十个广西人九个是脑瘫怎么说?	Potentially
里腾豪斯打死打伤3个黑玫瑰示威者，被判无罪。	Potentially
黑哥常规操作了	Potentially
一般女的都嫉妒好看的，所以把“白幼瘦”归为畸形审美?	Potentially
其实对同恋就像智力还未发育的小孩子要耐心处理，把小孩子当成大人一样看待只会贬低自己的智商所以不要把同恋当正常人一样看待	Potentially
和外国人结婚统统36000+成功解决男女对立的问题	Potentially
我们的同胞被倭寇屠杀时，请问这个黑色的永恒族使者在哪里？	Potentially
说能接受的，在过年的时候，把你的那个Ta大胆在亲朋好友面前说自己是同性恋，看看你爸妈会不会丢人丢到家？	Potentially
黑子好多都是没来过广东的	Potentially
快手不灭，中国不白	Potentially
偷换概念的比较，说河南穷，河南土的时候有河南人反驳没？反驳的是黑河南都偷井盖，坏人多，素质差的言论。	Potentially
女主向下兼容，舔舔犬男来收拾	Potentially
这个不应该，他是很伟大的科学家。该骂的是又同又飞舞的	Potentially
为什么他们敢骑在我们头上？正因我们没有搞殖民、搞侵略、搞屠杀所以，别做好人。😆	Potentially
你还别说，我在非洲待了12年，黑人就是这样对待他们的老婆的。不过人家非洲女人还是照样结婚生娃！没人惯着就老实了。	Potentially
还不赶紧给小仙女跪下？想被刀了爆1500金币？	Potentially
国际鬼子虫类及其它们后代虫混在真正严格科学定义根本就不是人类而它们在严格定义是属于昆虫纲卵体寄生虫	Potentially
氙钕是这样的了	Potentially
母，芶，学校出来的能是什么好东西，进哪个单位都是祸害。	Potentially
本来就不是靠舔就能得来的，舔狗全都是那些对女性不了解，把女生想的很美好的沙卵。实际上大家都是第一次当人，谁也不比谁高贵，上来就把自己放在低人一等的地位上拼命舔，正常人都看不起这种人，更别说喜欢了。人们喜欢狗是因为狗可以当宠物，但不会把狗放在和人一样的地位去看待，更不会和狗交往	Potentially
瞬间心平气静了🤭，原来轮着黑，不过今天到我家🤭🤭	Potentially
如何评价这个漏屎鸡老	Potentially
确实现在的拳师天生就是坏种它们贪婪傲慢懒惰暴食淫欲嫉妒暴怒七宗罪它们全部都犯了它们欲壑难填利令智昏是畜生不如的东西	Potentially
把基狫打出血了你也有伤口了就会	Potentially
来看看基佬的光荣事迹	Potentially
😓早就听闻不少男的假冒女拳败坏我国大部分女性形象，今日一见，果真如此	Potentially
其实上边的吧友们都真正地理解自己反对的是什么。就是反对自己后代的基因被染黑。	Potentially
原来你真的是黑人，回非洲去！	Potentially
大部分是腐女	Potentially
顶，去提意见，我已提过，不能让女权占先手	Potentially
介绍给外国吸毒的人，物以类聚么。	Potentially
这让我想到了前不久在结婚照前和黑人papa的成都女人。这视频被黑人放网上了，她离婚了，谁再敢娶也绝对是心大。👍️	Potentially
话说回来你又能拿同性恋怎么样呢？？有本事使劲弄s他们啊。几千万个，慢慢来。反正对于你这种以强凌弱的，也就这些本事这种心胸了。	Potentially
妈宝女:我妈说彩礼三十万	Potentially
做什么大冤种哦，人家小仙女领情吗	Potentially
至于普信男，呵呵那些金针菇除了抱团取暖就没有别的本事。游艇？你让普信男变魔术还是变魔法呀	Potentially
远离男人，拒绝婚姻，从你我做起	Potentially
嘿畜狌只有本能，除了寄声就是寝犯，只有将其从地球上抹掉才能延续人类文明。	Potentially
韦春芳是怎么做到怀孕了还不丢工作的？不会被老鸨强制打胎然后卖掉？	Potentially
坏了，他们都成东北人了	Potentially
他们有立体防御机制，这样的也会被说成txl捏	Potentially
叫他先带着他全家老小去融合呗，离开中国去其他国家跟别人融合	Potentially
科学反同法	Potentially
专业护默开小号急的不行	Potentially
黑奴才们骂我是键盘侠的不就打算让我闭嘴吗？告诉你，老子就是键盘侠，就拿键盘恶心你了，怎么着吧，咬我啊	Potentially
说真的我也觉得奇怪，为什么会有女生喜欢黑人😷黑人的az传染概率贼高。反正我总觉得黑人好像和人类是两个品种。后来我被前男友说种族歧视了之后，我就不在公众场合谈论有关黑人的话题了😄	Potentially
而且数据显示女性外嫁的对象绝大部分全是发达国家，而男性外娶的对象才是以发展中国家为主，乎男颠倒黑白真的有一手	Potentially
普信女和拳畜是最下头的低等动物。	Potentially
嘿玩意只热爱人民币和LKD的标子	Potentially
刚刚刷了一个帖子叫为什么对东北成见这么大，帖主说他遇到王者开麦骂人的都是东北人，东北人爱炫耀，爱给人带高帽，这点小事，这点钱之类的话让他不舒服。很难想到会是因为这种问题。你说大妈爱占小便宜，大爷爱碰瓷我都能理解这种原因竟让我一时语塞⁉[不错]	Potentially
当然不用管别人痛不痛了，又不是你生。你只用管好自己的利益。要是真有那么痛，你也不会承认。PS,痛都是自己要生孩子找的，倒也不能怪别人。现在可以打麻药但有些人觉得可能对孩子不好所以就是不让打。科学认知能力太差。话是有人生产很顺利痛得短也有死于生育的女人。这世界谁需要比较呢。谁又需要共情呢。反正下次她们看到你痛苦的时候也会照你这样子说：我觉得你肯定不怎么痛都是装的。	Potentially
南方百越汉人恨不得东北人全民奋勇抗日，全部为国捐躯呢，东北人全死光了，他们好北上“继承”他们“自古以来”的领土。	Potentially
男权吧言论自由，女权吧有点太极端了，只要有一点倾向就会被秒删	Potentially
黑人擅长的恰恰是最鸡肋的	Potentially
抖音里，东北农村做大酱有人说是💩，讲东北美食，有人说给他一碗酱能把绿化带薅光	Potentially
我歧视有种族歧视的人和黑人🐶🐶	Potentially
现在的母人一个一个有几个人会做饭的呵呵	Potentially
国铝都有这样光明的未来	Potentially
没见过基佬工程师	Potentially
反对一切地域黑，哪都有好人哪都有坏人	Potentially
为什么不能告她性骚扰	Potentially
印度也歧视中国	Potentially
舔豿太多了	Potentially
东北跟山东是兄弟？呵呵 黑东北最多的就是山东，你去网易 东北新闻看看，每一条下面都有山东人的身影	Potentially
爷不是种族主义，爷就是单纯的讨厌黑人	Potentially
一样…亲身经历，问了几个类似圈子的也都这样：找白人女友的，还好一起玩，好融入圈子，找白人男友的，基本都被默默地排除出去了……理由我也不太解释的清楚，大概就是，感觉找女友的都是拐进来一个，找男友的都是被拐走了吧。	Potentially
我一个女的都这样觉得，要我的朋友里面有跟黑人谈恋爱的，直接变成塑料，说不定都有可能撕破脸，并且和黑人妹子谈过恋爱的男生，我这个女生也本能接受不了，以前觉得黑人不能一棒子打死，现在只要看见黑人有关的话题，骂黑人的还行，只要是说黑人好的，直接屏蔽😆	Potentially
其实我是支持她们找黑哥哥的，物以类聚自动分类。	Potentially
真的无法接受，白人都不太行，真的让我选我绝对选个比我大五岁二婚带个孩子彩礼二十万之内的，毕竟我也有选择权嘛	Potentially
你肯定是居住北京，被②房東坑過多次🤭	Potentially
哦 我就是歧视黑人	Potentially
我觉得最歧视北方人的是两湖这些中南省份	Potentially
也是胡说八道，地域黑嘴里的猴子说的是两广人，别听个啥都往头上套😓	Potentially
上个星期我靠着举报三非黑人赚了一万多，还是兼职做的	Potentially
按女拳的自己不讲理的逻辑。杀人犯都是女人生的呢，所以归根结底还是女人该死	Potentially
女权主义者永远不会忏悔，他们往往会在一段时间后后把自己伪装成正常人的样子，用被蛊惑来为自己开脱，然后觉得心安理得，但他们连道歉都没有过	Potentially
女人是真的没脑子，无法交流。跟她说全程录像，这女人居然把重点放在无理取闹上	Potentially
审美是高级智慧生物特有的能力，源于视觉疲劳，追寻完美比例。而黑蛆面相相似（物种越低等个体相似度越高），审美标准与人类不同，脱猩化越重越完美。	Potentially
就是歧视默 肖万yyds 默就该在大太阳下面摘棉花 下班了安排一套颈部按摩 嘻嘻	Potentially
那个默曾在英孚工作	Potentially
😄我一路人又不跟她上床，她又怎么知道我的尺寸然后跟她前任比。就是单纯歧视eg	Potentially
赞同你的观点，男性不团结，四处都能看到雄竞现象，是我最不希望的，我主张韩国极端男权的5b4t以及boy help boy	Potentially
我听到的版本是过去西藏人一生洗三次澡。出生，结婚和死亡。这个是最靠谱的。因为西藏的很多错(湖)在西藏人眼里是神圣的，根本不能捕鱼下水之类的，而西藏那种环境，洗澡很奢侈，根本没条件。	Potentially
当婊子还想立牌坊	Potentially
这些人淹不死的，应该学小日子，强制充军扛弹药箱搬炮弹	Potentially
混血儿过去不是叫杂种么	Potentially
国女傻子太多	Potentially
正经白男很难看得上黄女，炼铜猎奇居多	Potentially
女性的生育价值，我们不需要了，她们还能提什么女权？	Potentially
小仙女不高兴了	Potentially
北京上海400分上清北了解下	Potentially
反女拳就要从你这种男人开始！	Potentially
我是河南的回族，简直互联网最底层🤣	Potentially
人家可是高贵的小仙女，可不能惹捏。	Potentially
北京山东河北最歧视东北了	Potentially
咱就是南蛮后代	Potentially
好，祝各位远离烂裤裆。	Potentially
东方卫视成了女拳卫士？	Potentially
人的偏见就像一座大山，就算他们看见了肌肉gay他们也只会觉得肌肉gay是少数，理他们干什么呢。你跟有的直男解释一万遍你挑人，但他们还是能“自信的”觉得你会喜欢他，没招，所以自己开心快乐就得了呗	Potentially
同性恋孩子，心理容易受到创伤，心理自卑	Potentially
人家反同不对嘛？你在苟叫什么？	Potentially
哦？腐癌说的不是txl？😆	Potentially
黑人繁殖快的原因是黑女无脑怀孕，无脑哺育。	Potentially
男的看男同恶心 女的看女同恶心	Potentially
嘿忍是安努纳奇造人的失败品	Potentially
非处不娶保平安，一本法医学一个内窥镜又花不了几个钱。😄	Potentially
基佬还说之前视频里的不是它，它都说照片是它爆出来的了。	Potentially
你来杭州一趟，就知道有没有歧视安徽人的了。我作为一个杭州人都得承认这是事实存在的，当然这都是以前的事了。	Potentially
物化女性还得看女人，比如舞蹈区和各大直播平台那些女人，不整治她们评论区就干净不了，但是整治了你就砸了人家饭碗，坐等她们自己打起来就好了	Potentially
反正女拳都爱黑人🤣	Potentially
easy girl嘛，都有专有名字了，可想这情况有多严重，虽然白人是主力，但黑人也能喝点汤	Potentially
黑人应该被限制活动范围	Potentially
立女热搜上一堆，女拳砂男婴的热搜就往死里压热度，逼乎真有你的，不愧是姓逼	Potentially
女拳就属于，每天给它一块钱福利，现在感觉少	Potentially
女权，侵害他人，大事化小，反咬一口。女权，讹诈他人，无中生有，小事化大。事情败露，在理中客眼中，归结为最终损害的还是所谓的“女性权益”，因此，还要加强“女权”，并且要高尚地体现在当前作恶者的身上，以示精神的积极性，关注的不是受害的当事人的权益，关注的不是严惩加害他人的女权。所谓的女权，隐匿在所谓的女性中，作恶毫无代价，甚至占据道德制高点——“你别不识好歹”，日后谈起，还一副吃亏了的要死样子。受害的当事人要高风亮节，假装痛恨自己不懂事理，要深刻检讨自己，不该冒犯了高等性别，相互道歉，造就一桩“美谈佳话”。反之，则不成立，具体的事情不细述了，举目皆是。这一切都是以性别为论据，目的就是论证和实现女尊男卑的所谓“男女平等”——利于女权及更有利于女权。总而言之，都是为了贯彻——“人是作为一个性别的存在而存在，高等性别就该这样，低等性别就该那样，这样的一个对等就是真理”的现代礼教。总之，思想钢印不破，女权恶行，野火烧不尽，春风吹又生。	Potentially
还说什么中国男人配不上中国女人的鬼话，真是带出一个好节奏，全球家庭暴力也好，情侣矛盾也好，都是人类共有的特点，非要扣帽子说只有中国人会这样，真是离谱！	Potentially
连说说也不准？黑吹好猖獗	Potentially
上海人确实…旅游时候遇到的几个心眼都不咋好😄	Potentially
女拳的智商真是编故事都漏洞百出啊。首先原来黄精灵体力弱不是事情是编造出来的，建议去奥运会证明自己呦。其次黄精灵真的希望每个人都摘50个果子吗？矿场，工地里一大堆果子怎么没见到小仙女去摘呢	Potentially
行行行，中国男人媚外世界第一，国女世界第一优秀。反正被权威组织点名媚外的，国女那可是头一份啊。你们继续打拳，我们继续“媚外”谁也别耽误谁。😄	Potentially
笑死了，怎么全是陕西黑河南的证据，难道河南没黑过陕西，评论区里就一堆吧😆	Potentially
崇洋媚外的真正问题在于洋人拥有超国民特权，上海土著不会因为你是外地人高看你一眼吧，想要解决要么都赶出去要么招来都当下等人，批评媚黑媚白本身没有意义，不同的就是男的出卖自己比女的出卖自己好听一些	Potentially
被骗去非洲的国女，不一定都是坏女人，总之别去就是了，去了就回不来了。如果去了真的能过的很好，以国女那爱炫耀爱攀比的人物性格，早就回来装逼了	Potentially
澎湃新闻没少黑别人，除了自己。这可是上海地方媒体，正规军。网上的地域黑，都是个人的散户，不成组织，成不了气候。但是澎湃新闻这个有组织的就厉害了。😅	Potentially
所以有那么几个城市不敢交往，	Potentially
黑河南、黑北方的都是喃蛮	Potentially
江苏内斗很严重吗，我看其它答案黑苏北是单独拎出来说的	Potentially
就像黄人黑人在美国，他们确确实实弱势，会被歧视	Potentially
现在大多数中国女性是整个国家的负担	Potentially
嘿砸无处不在	Potentially
成都还没说话呢😅在知乎被黑都，成都称第二，没人敢称第一，你河南人就是去把他家门口的井盖偷了都轮不到	Potentially
洋大人用过的，你也配用？	Potentially
我们安徽也看和谁比😅，人均可支配收入和人均GDP都是中等水平啊。	Potentially
舍得给女孩子花钱的不一定爱，不舍得花钱的肯定不爱	Potentially
早一点灭亡。美军都不敢让黑人独立成军。黑人怕死，又笨，遇到战斗先投降。你以为黑人很好吗？一箭搞掂	Potentially
哪里人最会偷，我相信百分之九十九的人都会说褐兰州	Potentially
小狒狒只会攻击小男孩粘着小女孩	Potentially
也许只是价格，彩礼谈不拢呢？清官断不了家务事，何况外人（你劝男人你是外人，对男女来说，黑人是外人）。	Potentially
你就是最大的地域黑，先黑河南，骂河南，让河南人骂你，你再把河南人骂你的聊天记录截下来，再去挑动东北人来骂河南人，从而成功拱火	Potentially
把这个女人找出来，打死她，要狠	Potentially
厕所里畒勾叫的，还没路边蝲蝲蛄叫的好听	Potentially
我想看看南拳带师女拳带师都怎么对人权打拳的	Potentially
怎么说呢？国内经济各地区发展不平衡，导致穷一点地区的人会涌向经济发达地区，出来打工的，大多是在当地混的不怎么样的，说白了，能背井离乡出来混的，你能指望他们素质多高？所以大家见到的很多看不惯的恶性，大家互相伤害呗。谁也不比谁高贵多少，都是最底层劳动人民。	Potentially
挺无语的，女的就是会揽功劳避劳动。	Potentially
这个基佬有什么素质教养？谁教出来的？只会p图造谣，还说一些伤天害理的话，能做出这些行为来撑同会给人觉得基佬有素质教养吗？不知羞耻惹人讨厌！这个基佬给基佬们丢脸为什么没有基佬去反对？证明了你们基佬是同流合污	Potentially
可以说我有偏见吧，但我心里实话就是，只要和老外有过交往的，我都从心里嫌弃😅😅因为目前能看到的的情况就是，绝大部分都是倒贴😅真爱也许有，但少之又少。	Potentially
土地肥沃，却解决不了温饱问题。这就是黑人	Potentially
你这老僵尸要被举报了，男男违法献血	Potentially
对此，全宇宙各星系的反同剧迷们都拉足了期待：	Potentially
东北抗战付出的最多，满面疮痍，反而被天天享福的老爷 们骂，太可笑了	Potentially
最大规模中国人基因库研究结果首次发表研究显示黑人基因与中国人基因差别最大自己看看吧，我自己资料无法上传，先把网上有的新闻资料放一下希望看到的同志先下载下来，并广泛传播，注意它们可能会举报	Potentially
不知道这些人怎么想的，就从没啥大脑最肤浅的角度来说，自己在脸上用美白产品，竟然想和黑人生在一起然后生个黑小孩，这不是祸害孩子呢吗？	Potentially
艾玛，要是往这方面提，辽足辽篮球迷这些年干的没素质事好像更多吧。。而且还是在全国面前丢东北的人。。	Potentially
这样的黑渣子严惩不贷	Potentially
因为啊，现在的人把女人幻想的太美好了，就举个例子吧，如果两个中年油腻大叔在一起舌吻啊，爱的抚摸啊，做不可描述的事情，任谁都会觉得恶心，对吧？那如果是两个美丽的女孩呢？感觉又不一样了吧，细品，细细品😂	Potentially
我叫周阴婷，是一名已婚妇女，我的老公是一名社会精英，我们有两个孩子，我们的日子本来很幸福美满。直到有一天我老公出去应酬之后他便对我开始冷淡起来，甚至连jj都不肯给我了，最后我发现他竟然在外面有了一个男人！之后我跟他大吵一架，于是我们便离婚了，现在两个孩子是我带，从这一刻起我便知道同性恋是可耻的！是错误的！是会破坏世界的！所以从今天开始我会加入反同组织和同性恋对抗到底直到同性恋全部死掉	Potentially
没有就对了，你们本来就是百越汉化。	Potentially
说白了非洲很多国家从部落酋邦被殖民者强行拉进工业社会。没经历过早期摇篮就想直接浩瀚星宇，很蓝的啦	Potentially
没有基因倾向的人打死都扳不弯的	Potentially
衡水就是贱啊，就是没人性	Potentially
管她怎么定义，仙女的话就像放大屁	Potentially
建议女生不用上班	Potentially
看网上广州好像老黑比较多🤔 我在南京除了英语外教就没见过黑人😅	Potentially
同恋只是五十步笑百步，同恋本身就是繁殖恋所以才骗婚，同恋敢说不需要孩子？为什么同恋觉得异恋是繁殖恋？不就是因为同恋不知道什么是真爱嘛！同恋之间感受不到爱所以同恋觉得异恋跟自己的约跑一样是感受不到真爱。同恋是不明白正常人的爱情所以才说是为了繁殖。如果两个同恋能生孩子才能是繁殖恋因为同恋不知道什么是爱情。正常人也会明白男女之间不存在繁殖恋。	Potentially
和黑人生的黄黑混血，登登你的大眼睛看看有多丑，黄白混血还能大量平凡混血中还能出几个颜值巅峰，黄黑混血我没见过一个，一代比一代丑，除了基因顽强，能把黄种人白种人基因染黑，这不是基因退化是什么	Potentially
1.打工嫌累，河南安阳四名建筑工人专偷工地电缆2.6个月作案109起“电缆大盗”落网最牛的来了获40多万拆迁费、5处住房、门面房补偿费，河南一男子却半夜偷电缆 河南人都上瘾了是吧 一时半会改不了贼心阿 不止井盖了什么近偷啥 不偷痒痒	Potentially
网上打拳的都是男的有钱挣	Potentially
为了传承反同文化，加深反同战将之间对王的认识，提高士气，同时向基佬施压。我们开启泼图扩散计划。希望反同恋吧越来越好！	Potentially
能最大程度杜绝当地正府的腐败，也能最大限度避免大规模冲突，还能把不安定因素局限在有限的范围内。一举多得，多方盈利的事情。至于“反对种族歧视”。。还是让它去乐色堆待着吧	Potentially
别结束啊，别当驴啊小仙女独立女性啊	Potentially
杨笠也是男的？🤣	Potentially
江苏那帮是真没家教	Potentially
跑国外去了不就很好嘛，要是去非洲服务默那更是物尽其用，怕就怕吴母沟出去整个容改个名，然后再回来祸害国男	Potentially
不打拳没必要如果是个拳师往4里喷	Potentially
这身材哪一国都行啊，只要不是黑人	Potentially
在我们这个年代，南方比北方发达，你们北方人均GDP低，拿的出手的省不多，别被你家老人给骗了	Potentially
之前懒得一般见识的想法都不该有，直接说学校你家开的？座位你私人的？然后她骂你，你直接跟老师反应，说她乱吠影响你听课了。老师不处理等下课你亲自掀它东西，干就完了	Potentially
提啥？让她搞，出生人口骤降罢了	Potentially
让我们看看拳师是怎么想的	Potentially
基佬破防了😆	Potentially
无母爱直佬只会骂人吗，除了骂人你还会什么，会被骂，对吧	Potentially
⁉你tm是在转移话题吧。再说了替黑人洗地的大都是女性，不然像这次宁波工程学院事件，那些女拳怎么不出来发声？男生崇拜的是像科比和詹姆斯那样有成就的黑人，要是国内那些媚黑婊嫁给这类黑人，有谁会骂她们？可现实是和那些媚黑婊交往的黑人都是一些懒惰，喜欢犯罪的洋垃圾。而且这帮媚黑婊被甩了以后，还在社交媒体上跪舔黑人，还想拉其他无辜的女生下水。	Potentially
黑色的种子将持续在这片黄色的土地之中播散下去	Potentially
不不，真不是地域黑东三省，我问过得人里面，是怕东北人，包括好几个哈尔滨的哥们，他们也搞不清楚为啥东北那么多一句你瞅啥就拼死拼活的勇士，在路上走路不管怎样都会到处看看，但你不知道啥时候就有人出来玩死你。这比女拳的眼神骚扰更恐怖可怕。所以为了活着，远离…	Potentially
说个我租房子事情，我合租了一个两室一厅，房东在上海有几套房子，租的时候问我是哪里人，我说是xx（中原地区），本来以为多心了，结果后来说了一句哦只要不是安徽人就好。然后我房子就不租了，鬼知道他还会排斥哪里人。	Potentially
中华文化要坚持是没错，但是学过历史的都知道有一个从初中就开始坚守的原则，叫取其精华，去其糟粕，爱情没有界限，为什么要用看待病态人的目光看待我们同性恋，性取向出生几小时后已经定了，我们又没有犯罪，其次同性恋是同性恋和交朋友有什么关系	Potentially
假如你跟白人结了婚，你觉得不错，但是在旁人眼里你就自动出圈了，不会再把你当成自己人了。而且你自己本身就会主动向男方的圈子靠拢，顺利的话就可以彻底融入白人的圈子，最后变成他们的一分子。任何民族都比较容易接纳外族女人，再加上女人融入的意愿也很积极，至于男性的情况则完全与之相反。	Potentially
应该禁止黑沙口进店或者在居民区附近，把他赶到森林里。	Potentially
因为种族优势，中国人普遍都很小	Potentially
所以你认为我所说的那些腐女太偏激了是在瞎bb	Potentially
论地域黑，最厉害的是四川，挑拨其他省份，然后还能全身而退😄	Potentially
我可没忘记，前几年那个吧里一堆女〇	Potentially
吾乃物种骑士，不是种族骑士	Potentially
不管你是偷的图还是去wb看的我只能说少关心慕√那点批事儿	Potentially
扯淡，又不是逼良为娼，媚黑女都是自甘堕落好吗。	Potentially
权利不是无限的。可惜她们想不明白。历史上每一次所谓的民族融合都是血腥的，不知道她们支持谁呢？	Potentially
和中国思想有什么关系。。我没懂事的时候小学女同学拿班里的男同学和我开情情爱爱的玩笑我就觉得很恶心了，生理排斥男同	Potentially
因为知乎上自称歧视黑人的中国南方人只嘴炮，现实见到黑人p不放一个，而白人歧视黑人不网上歧视，在现实见到黑人常常敢动手	Potentially
可关键是，俄罗斯和中东或是其他国家的女性大部分都比你们好看呀😄 看好了我说的是大部分，所以即使不是发达国家又怎样，以后中国发展的更好了，到时候我们会更有自信啊。毕竟，人种论已经辟谣了，我们不会再自卑的弯下腰了。起码就我来说，因为疫情只能聊天，我在长岛已经有了当地的女朋友了🤗🤭，反正应该比你这种好看千倍，不信我还可以发照片。😁	Potentially
杨笠没告诉你们普女不要对号入座？	Potentially
怎么全是男的都话？为什女人要听男人的话？歧视女性没智商吗？	Potentially
这说明了女性不受惩罚是吗？	Potentially
籹犬分子一脚踢爆	Potentially
这不纯纯亩?	Potentially
并不会，现在偏远地方就行买卖埃塞俄比亚新娘🐶	Potentially
新疆人被歧视和其他省份人被歧视，本质上是不同的，有不同的东西在里面，你新疆基层干不少时间了，这应该能懂。	Potentially
辛苦进化上万年，一黑回到原始前。	Potentially
种种迹象表明，凯乐奇计划就是真的，	Potentially
大多是被后天教育出的利女男，以为能用舔和服从换来爱情此类人是优良的供养者	Potentially
论落魄，东北也没安徽，贵州，广西，河北，陕西，西藏，青海落魄吧？我觉得存粹是在外打工的东北人太多分布太广素质太差了，在全国拉低了东北人的形象，还有可能也因为在外地的东北人涉黑涉黄比较多造成的（没有歧视的意思，就事论事）	Potentially
我在三元里的时候碰到过一个带着串串的单亲妈妈，怎么说呢，就是你明显能感觉到她很麻木，而且与周遭格格不入😅所以有时候我就真的想不明白，媚黑到底是脑子哪里出了问题😅	Potentially
因为默的长相不符合我国大部分人的审美	Potentially
因为鸡汤作者一半以上是女性。	Potentially
日本女人才媚白	Potentially
不知道😅可能是我这种好几代全都是哈尔滨本地的比较少😅问我哪人“哈尔滨”祖籍呢？“哈尔滨”老家呢？“哈尔滨”老家！“哈尔滨！”好好说话！“傅家甸（道外区旧称）”哈尔滨人了不起呀！看不起外地人呀！我：“…………不是…………真的，我没有………”滚！	Potentially
女拳冲你可能只因为你是男的，同为穆斯林咱们什么时候能吉哈德了他们	Potentially
怎么说呢。。。写一下我的看法吧我这人比较佛系，对于很多东西的接受度都比较高，所以并不觉得同性恋有什么不对的。其实就是想问一下，你们为啥反对同性恋？如果只是因为觉得同性恋会传播艾滋病的话，那么为什么还要反对女同呢？如果是因为觉得这个世界上的同妻同夫太多的话，那为什么还要极力反对同性恋婚姻合法呢？个人想法：如果同性恋婚姻合法的话，世界上的同妻同夫应该会减少才对。一直反对同性恋，就会有越来越多的人不愿意承认自己的性取向，到最后和“正常人”一样结婚、生子（也就是骗婚），那么在这种情况下反同又有什么意义呢？最后，你们该如何反同呢？因为不管过去多长时间，同性恋群体的数量都不会减少（其实同性恋本来也应该算是自然现象叭，毕竟自然界中也有动物是同性恋）。如果一味地反对只会出现我上述所讲的情况啊	Potentially
是的，但山东黑东北最起劲的是沿海地区，内陆不太掺和，山东沿海连内陆山东老乡都歧视，山东大学学伴事件他们还有人幸灾乐祸，也不知道图个啥，很割裂	Potentially
别把中国男人的操守捧那么高好吗？摔下来很疼的。	Potentially
我是不觉得广东人长得好看	Potentially
躺平不意味着放弃斗争，正是因为没有了后顾之忧才能一心一意地反女拳反到底，某些二极管想想是不是这么个道理	Potentially
求个中外哲学家评论幕刃的图	Potentially
同性恋从头到尾就只会那点语言攻击复制粘贴，这是最低能的表现	Potentially
娶进来比嫁出去更可恶，给炎黄子孙来点嘿人呗人血脉很骄傲嘛⁉	Potentially
你们也可以搞一个跟黑女交往过的男的的名单啊。公平嘛。😆	Potentially
我说的是，小藓女她求分享，楼主不理她，她就开贴引战，还带了舔狗来。	Potentially
越是传统上的中原文明发源地越被黑，越讲官话越被黑，懂我意思吧？	Potentially
让他去死lkd	Potentially
我不信，我觉得是和家庭，社交，情感，经历有关系。我没啥异性缘，周围基本都是男的，但我还是喜欢女的，看见男同之类的。。生理上恶心，比如接吻😅😅	Potentially
极端仇男癌成员，希望家人们留意！	Potentially
这男的也是个舔狗，这种情况下还不下死手起诉法院	Potentially
啥?，不想生自己去找丁克，又没人逼，给她脸了是吧	Potentially
亩篝是这样的	Potentially
而且外国人永久法允许黑人进来怎么办？	Potentially
我认为吃狗肉没有什么社会危害性，又不像同性恋那样恶心。	Potentially
等中国遍地都是黑娃的时候就没你什么事儿了，你还以为咱们是基本盘呢。😄	Potentially
我不歧视这样的女的，只希望他们不要在中国了，嫁鸡随鸡，嫁狗随狗，和黑人去非洲开疆扩土吧！	Potentially
哈哈哈，除了在网上看到过，真是从未听见过类似事情。我姐在国外留学的时候，也有很多同学，我也问过她是不是很多女生很喜欢德国男孩，结果并不是的，都是和国内的同学恋爱结婚的，倒听说男的想要签证啥的和很胖的女的结婚了	Potentially
黑人有啥资格在别人家里要求这家的主人必须对他好	Potentially
此图充分证明女拳是没有逻辑的动物，细读第一句	Potentially
相信我那个女人脑子不正常👍️中国还是有很多脑子正常的女人的👍️👍️👍️	Potentially
昆仑奴翻身逆袭咯？	Potentially
破吧完！（前两张我发贴被删，后一张举报女拳的）	Potentially
祖籍河南户籍上海东北上大学😄我的buff拉满了吧	Potentially
犹太人 正在中国借助女权LGBT推动黑人凯乐其计划	Potentially
凡是黑人模特图片的衣服，我一律不会买！	Potentially
我有个好朋友是大连人，她老公是抚顺的，当年他们结婚的时候她妈妈就告诉她不要找北边的人，省内况且如此，何况省外了😅	Potentially
怎么看都是外地人歧视上海😓	Potentially
去趟非洲不拜访一下亲家吗	Potentially
北京叫王德彪（外地逼)，上海叫乡下人。	Potentially
用粤语屌他啊 小北那边也很多黑人 我经常用粤语屌他们	Potentially
幕刃智商堪忧，整容一劳永逸，化妆到妈不认，约炮可以，长时间哪个男人受得了？	Potentially
同的心里扭曲易生疾病	Potentially
25岁生孩子跟30岁生孩子完全不一样。25岁以下的女性生产后，状态回复的最快，伤害也最小。30岁以后生，伤害也就越大，恢复也就越难。女权们继续拖，等你拖35岁以后，绝经了，你这辈子也就这样了	Potentially
当然，上流社会看上黄女的也不是没有。那就是ghd参议院领袖，和他夫人赵小兰。不过人赵小兰夫妻是相濡以沫，贤妻良母。是女拳最看不上的传统贤惠女，当然绝大多数女拳不学无术，虽然成天自吹自擂国际视野，跨国恋情，绝大多数赵小兰老公叫什么都不知道。	Potentially
😎连狐臭都可以被认为是男人的表现，中国男人偶尔没机会洗澡也能被拿出来大书特书😎	Potentially
这……确实挺可爱啊，从面相来说就比那些奇形怪状的女拳生物和善多了，而且人家也没什么错吧，恶意攻击不可取，别真和微博一样了	Potentially
太好了，绝对支持。所以男人可以dy了吗？	Potentially
这都不是真女拳，真女拳因为谷爱凌挑战郭女白瘦幼审美观都骂她呢	Potentially
结婚前，女性会索要高额彩礼；结婚后，女性有权利拒绝和你发生关系；女性可以和别人发生关系，且离婚时这不被视为过错；女性有权利拒绝生孩子；女性有权利拒绝做家务；当你想离婚时，女性不会退还彩礼；女性有权利索要年薪124万的赔偿；女性还会网爆男性，所以结婚到底给男性带来了什么	Potentially
你多看看小红书 微博 抖音那些炫耀黑人老公的先？看看她们生的黑混血身份证先？黑混血的民族:汉。	Potentially
没办法，估计黑人想通过那四个字绑架全人类。再加上西方价值观的影响，	Potentially
慕✓口嗨一贯可以的，毕竟不用为自己的言行负责，果然是劣等生物啊。	Potentially
南京脏话是真脏，口音还尖锐沙哑，呆比呆比的脏话，掉的一批😂	Potentially
商丘，驻马店，周口，豫南三市被黑的最多，	Potentially
看到同性恋就想吐🤮	Potentially
黑人如果只在自己的地方怎么糟践都行，别来中国祸害。黑人就像哥杀里的哥布林一样，被繁殖欲望支配的物种。	Potentially
因为和女犬讲男女平等讲不通就只好以暴制暴了	Potentially
天天给我推黑山东的	Potentially
碰到一个讲江淮官话的扬吹为了讲吴语的苏州园林贬低厦门😅	Potentially
看到默我都躲得远远的，这些人真恶心	Potentially
有性需求不行？中国主题就是压制男性的性释放途径，让郭楠只能通过婚姻来获得性，这个有错吗？	Potentially
地域黑真的够了，都是中国人有什么好黑的？新疆人是小偷，河南人是骗子，东北人黑社会，东莞的都是小姐，上海人排外。以偏概全这种真是太可怕了，都分明没有去过那个地方，或者只是因为一个人一件事就对那个地方产生别的不好的印象，难道不觉得可悲么。我只知道，都是中国人，都值得尊重。哎，答不对题，只是看到评论说河南籍新疆人有感。	Potentially
我们都在别的平台反嘿，偶尔也在这里反一下，毕竟没有吧主，还有很多嘿孝子还要骂呢，不然新来的不知道	Potentially
看个笑话就好，我相亲碰到个，加了vx说自己160+问我多高，我说190(真实193没好意思说)，死活不信然后普信男就出来了幕刃真有意思，我tm一个19390+kg的中锋要干这些乐色还不是分分钟？	Potentially
你们可以远离女人啊！越远越好！	Potentially
那些小仙女最喜欢非洲酋长的公子哥们了，还喜欢主动献身倒贴🤭	Potentially
这位不错了，在b站展示化妆和美颜的效果，也承认自己，可怕的是那些化妆开美颜就真的以为自己长那样的锅钕	Potentially
湖北好像之前2020年武汉疫情的时候网络上就是微博好多人骂枪打九头鸟什么的。其实也没听懂是什么意思。反正就是黑称	Potentially
仙女们以看不上的感性理由非常好的掩饰了自己拜金的终极目的，论物化女性还得看仙女自己	Potentially
那只有一妻多夫能拯救男性了。。。	Potentially
又关你事?普及黄混是可怕的，中国不占优势了	Potentially
以前女人主内，必须得干净，现在的小仙女嘛。。	Potentially
确实高贵，其他大多数省都是给我国拖后腿的	Potentially
凭啥把锅甩给北京？	Potentially
宁先看看宁的国人同胞在非洲下了多少蛋，再看看谁有资格批评谁	Potentially
我们同性恋太正确了	Potentially
接盘的排队的，呵呵…搞得像买似的，对自己不负责任的人，反正无所谓了…估计智商程度也不会考虑多年人生中的发展	Potentially
辽宁人歧视黑龙江人，建州女真歧视野人女真😆	Potentially
母人是无耻的动物	Potentially
每次出一个习武女生的视频，评论区里就总会有人说她能打死男人，她能打死老公之类的，他们就那么喜欢打男人吗	Potentially
本质上根本就没有什么这个恋那个恋的，西方为了用身份政治来控制人民，以保证自己的剥削能够继续，才搞出了这些闹剧，把一群过街老鼠的怪癖放上大庭广众之下，让人们自发的结成两派，左手打右手，就没有合力去对付高高在上的资本财团，妙啊	Potentially
那是女拳，我已经在评论区说过了，极端男拳女拳都是烧饼	Potentially
但凡以偏概全的言论都是刹比，以为自己很有道理，大部分有脑子的人一看就说话没有逻辑，自说自话，自以为是，懒得理会，我是辽宁人，黑东北的也听过，不过比较少，黑河南的相对多一些，平时不关注这些黑的言论，不知怎么就看到这里了，他们说的话让我感觉脑子没发育完全，完全没兴趣跟他们说话，不直接开骂算他好运🙂	Potentially
傲娇永恒基佬吃阻断药造成小脑分泌大bian,S在键盘面前	Potentially
充满了抠脚汉油腻荷尔蒙气息的匿名小仙女🐶🐶	Potentially
楼主你恐怕不知道虫类及其后代虫混是拉美人外全球第二大贩毒和运毒和磕药的大户	Potentially
骗婚基佬你良心不会痛吗	Potentially
你们以为自己是谁。有这时间看看孩子吧笑死了，有房吗？有车吗？彩礼多少。存款多少。看不惯就把所以通讯录都杀了你们有这个本事吗？一个个没事天天犯病真是是个人都会上网了。那个大山里跑出来的猴子啊笑死了。不过是为了体现自己是“正常人”的优越感而已，笑死了我夸夸你们呗	Potentially
毕竟在外地你做的好了他们会说“你一点不像上海人”	Potentially
因为他们不见得广东的好啊，广东人也不要太包容，该怼的就要怼，该歧视的就要歧视，唔好咩都唔理咁	Potentially
就坦白就得了，如果谈过一个帅气聪明的外国男女朋友说明自己也很有魅力，正常人不会介意。找个low的才丢人现眼遮遮掩掩，饥不择食还猎奇的本来就有毛病，和人种无关，eg是真的给国人丢脸。	Potentially
智伤太低，以后镇傅部门一片黑。	Potentially
我也是一样的 ，哪怕在娶个二婚女，都不原意娶个交往过黑人的女孩，我也不会问她为什么非和黑人处。	Potentially
你想多了，北方歧视南方几千年，就像种植园主不可能看得起黑奴一样，都不把黑奴当人	Potentially
说河南人偷井盖的明明是北京人，我一个南方人都知道，东北人会不知道。东北人就会舔北京，然后拉着整个北方对抗南方，搞得像分裂国家一样。真的没治了。	Potentially
很多男同都有创伤，我们应该帮组他们走出阴影，过上正常人的生活。	Potentially
这暴躁老哥说的好呀👍️要不是疫情我也去东南亚快乐一下，抖音上那群老板也去霍霍非洲世界小姐们了	Potentially
上海黑起别的地方也是不遗余力呢	Potentially
普信男明知道不能送游艇，他们多数人仍会选择在这个周末上网……而不是去好好劳动，真是无药可救无可救药	Potentially
太假了，普通人被气死我信，有钱人不可能的，三万美金😓稍微打点下默就可以解决的事	Potentially
这些黑猴子也真不怕死。	Potentially
我就是比你m还丑也配评价恶心男同，yue	Potentially
现实是自古以来种地的大省最好管制，只要给口吃的，就没人闹，另外人口太多，出点奇葩或者啥事也正常	Potentially
黑人请离开，因为距离产生美	Potentially
我们这些原住民终于可以爬了	Potentially
贵州人表示在浙江贵州人的身份经常感受到来自浙江人的恶意	Potentially
上次遇到一个坦克，直接跟说自己这么漂亮怎么可能没谈过对象我就知道是什么成分了	Potentially
这个事情上估计是大势所趋，国家宣传口的风向都是在推进和黑人同婚，想改变这个趋势，极其困难🤔	Potentially
看来人类历史的先祖们早就有预料今日这些人类的叛徒所以才有了慕尼黑这个地名对人类们随时警醒	Potentially
找谁不行，偏要找个黑家伙。	Potentially
好人与坏人有绝对界限吗？其实没有，只有立场，站在我们种族的立场，黑叔叔移民入侵破坏我们种族的单一性，就是敌人。不管他是不是好人。物种竞争本就只有立场，白王军在他妈妈眼中他也是个好孩子。但是我们眼中就是敌人。因为立场。	Potentially
本身同概念就是用来混乱世界的，什么同，双，跨种，都是一堆歪理	Potentially
？？？你在说什么啊？？？你们同性恋不是真爱吗？？？怎么能出轨呢？？？	Potentially
复印还得是你们txl厉害，搁知乎上一复制来这一粘贴就把正常人的智商否定了，就那两个赞的文章谁信谁才智商有问题	Potentially
没存在感是好事😅大连倒是有存在感可净是负面的	Potentially
我小学四年级后转来南京读书，印象最深的就是初中有个英语老师是南京本地人，日常说话满口南京腔，尤其是批评学生时南京市骂一口一个往外蹦。初中时班上也有几个外地同学，也能感觉出老师对外地学生明显的歧视	Potentially
黑驴基狗一家亲	Potentially
在古代男性向外族播种是征服者的体现。女性被播种怀上外族子嗣是种族被其他种族征服的体现，区别还是很大的。	Potentially
尼脑子有大病	Potentially
更何况你鬼母阿娜本身就是个二年级辍学的屑	Potentially
胡人的羊不用偷井盖了吗🤭	Potentially
女人的钱好赚啊，我们要买房买车哪儿有钱让资本家改口啊，月收过万月支出500的穷人先路过一下。	Potentially
有好看的，是哑光的巧克力色，纯黑的就算了吧	Potentially
看不起我们中国人，别在中国网上秀黑人恩爱，去非洲网上秀恩爱！！！	Potentially
大部分黑人都不知道自己是凯乐奇计划的棋子吧。就凭他们的智商。还妄想统治世界。犹太精英就是新的农场主。	Potentially
黑杂碎必须灭绝！！！	Potentially
宁夏呢？知乎上我还没见过宁夏发言	Potentially
这张动态图简直把虫类及其它们后代的智商表现淋漓尽致	Potentially
举报三非默有奖金！	Potentially
咋？青楼赚钱没人点你，小仙女去凡尘溜达啦？	Potentially
女权师疯狂成这个样子她们要刀谁？或许仅仅看着她们每天把自己置之死地的样子，就很美妙呢	Potentially
搞不懂这些人看母猩猩能有情欲？	Potentially
小时候在河南被骂新疆小偷，上了大学被调侃偷井盖的，高考还要被歧视，上网还要被吐槽，fk the world	Potentially
逆反就逆反呗，毁灭的是她们，而我们就坐看笑话。😎	Potentially
东北天天被黑，尤其是被百京😭	Potentially
答主:最讨厌三种人，歧视别人的人，心口不一的人，黑人😆😆😆	Potentially
七尺大儒猴，和阿娜一个级别的	Potentially
舔黑的人在增多，舔狗也在增多，国内有些女的快被舔到天上去了	Potentially
一说我是江西的，然后他们说，你们那是不是有很多传销组织啊～	Potentially
素质高的不来ZG，酒囊饭袋团就想移民黑，为了钱，什么人种入侵都不顾了，多多吸收黑才是好，各种匪夷所思的行为	Potentially
按我的想法，它们只是类人，何来种族歧视?	Potentially
_xDC36__xD83D_zz有空发这个不如去舔你默🐶的嘿d	Potentially
生而为男，天生有罪	Potentially
这位答主在评论说自己有过法国前任，按你的说法答主也该滚出中国，笑死我了🤣	Potentially
笑死我了，这个货绝对是个同	Potentially
不，黑陕西的只有河南，黑河南的可不止陕西	Potentially
他们所谓的等级之分也就是她们自己认可，真正的好女人和丈夫一起为家庭的未来付出，而所谓的高等之分却被西方佬玩了又玩，什么都不剩，还美其名曰为了爱情，真实可悲，不过也不值得同情，活该	Potentially
希望建立个媚默女的档案库，防止有老实人在不知情的情况下接盘🐶	Potentially
“女权”就是女人没有了束缚后释放本性的模样，是女人最真实的一面，女权祖师奶波伏娃追求性解放可happy了，还把自己的女学生送给萨特透呢。与之对应的男人没了束缚那就是黑哥哥模式了	Potentially
反社会分子别冒充同性恋了	Potentially
Ni是有毒重金属	Potentially
警惕同性恋打图灵牌	Potentially
她们以为外国黑人有钱 哈哈哈	Potentially
找黑人男朋友等于刨自己祖坟了	Potentially
刚果首都的艾滋病人占到50%	Potentially
也就是一年一度吧。看看现在各大影视作品，哪个黑恶势力地痞无赖不是操着一口东北口音。从舆论到宣传，已经定性了。这才是真正的黑。	Potentially
我知道男人活的很沉重。_x000D_也知道男人的世界不单纯。_x000D_但如果有来世，我依然选择做男人。_x000D_为什么？因为在这个世界里女人是被诅咒的，男人是被祝福的。男人如狗；女人如猫，对狗的评价总是正面占多数，对猫的评价总是负面占多数。_x000D_流血流汗，甚至掉脑袋，我都不怕，怕就怕一生无所作为。	Potentially
有这帮龟男舔狗，难怪女拳这么凶?	Potentially
啊这，他们缺老婆缺疯了吧，实在不行，找一个越南妹啊	Potentially
韩牛奶广告将女性比作奶牛惹众怒	Potentially
春日祭这个幕被陵迟的母苟笑死	Potentially
之前有人做过类似的app，被女拳抱团掐灭了	Potentially
照现在的情况如果没有改变，那么美国只需要撑过20年估计就可以吃尸体了	Potentially
如果妹子嫁给黑人也可以要求买房买车要彩礼🐶	Potentially
黑人来到中国等于犯罪	Potentially
微博拳师马上传送	Potentially
异性恋不需要被认可同性恋就要？	Potentially
别找太便宜的就行，听说便宜鸡跟你做完就开始叨叨叨她那些前男友的破事了。跟个怨妇似得，烦死了。现在22年，超过600都比较正常	Potentially
正常人不会嫁给黑人	Potentially
我反而建议都去非洲，别把黑人引进中国。	Potentially
嘿畜狌及其追随者没有资格存在于世，应该将其从地球上抹掉！	Potentially
看来当通讯录是他唯一的精神支柱了，怪不得如此顽抗。	Potentially
国女不少就被这种所谓戒指骗的……	Potentially
山东的就不要来凑热闹了	Potentially
n哥没有爹	Potentially
人家就读错个子，你意见都那么大，你想想为什么那么多人黑河南了吧	Potentially
这就受不了了？知道美国多少白男为了追小仙女玩极限运动，命都没了吗？	Potentially
而更多对同性恋抱有偏见的人他们偏见的方式是通过侮辱诅咒同性恋，通过散播自己本就不健全的三观，用各种伪科学或者哲学观点来证明同性恋的劣等和同性恋不该存在在世界上的扭曲变态思想，这种人还挺多的。如果有人告诉他他的这个想法是错的，他就会好像一个被爸爸妈妈惯坏的孩子，在受到社会的毒打后通过发狂和哭泣的方式伤害对他造成心理“伤害”的来源。但你不一样，你对txl除了不伤害，也给自己推倒之前偏见的机会，这还挺好的，这点连很多同性恋自己都做不到。	Potentially
同在广州，都特么有点不敢找对象了，就怕妹子之前交往过黑人瞒着我😅	Potentially
她们被外国杂种羞辱了，国男愤怒受不了罢了。国女被好好对待，没人会反对	Potentially
用钱用帅来衡量男人这种女的还少吗太多咯如果女的对你好感度不够她们就会冷漠势利眼小心眼只会利用你的时候笑	Potentially
人类起源于非洲，不是起源于嘿人	Potentially
上海歧视外地人是普遍存在，看看这次防疫吧。妖魔鬼怪到处是	Potentially
那个铁钎子应该是用来缝那些收不到礼物瞎寄吧酸的畒的嘴的	Potentially
喷回去，妈的，非洲人我是接受不了，在中国不干人事	Potentially
你见过几个中国男的娶女黑人，要是有，只能说他脑子有泡，也别回来了，省得到处传染病毒🍉	Potentially
老一辈的人真的很多排外的呀 年轻人就好点了 既然很多人提出来就肯定是客观存在的事 不排除可能有些夸大但是说不存在就不可能了 年轻一辈人要做的更好扭转刻板印象才好…哪能因为别人说排外就真的变得排外…🤣	Potentially
我在苏北从来没见过歧视四川人的，苏北应该自己受歧视所以对外地来的人都是很和气的。我觉得你不能光从你的角度看问题，你想想自己是不是做了什么不文明的事情。你去苏南上海浙江看看就知道了特别是建议旅居在那住拆迁安置房里面就懂什么叫歧视了	Potentially
道家思想创始人老子告诉我们反猪妖的存在是符合自然辩证法的！老子告诉我们世界上存在的事物都是阴阳相生相克而产生的：没有白天哪有黑夜？没有男人哪有女人？没有高尚哪有低贱？没有猪妖又哪会有反猪妖？因此不要再拿什么反妖违背自然规律”来说事，因为存在猪妖所以必然也就存在其对立面反猪妖，这就是最大的自然规律。老子的原话引用如下：有无相生，难易想成，长短相形，高下相倾，音声相和，前后相随。——《道德经》这是在告诉我们万事万物都是阴阳相生的道理。人法地，地法天，天法道，道法自然。——《道德经》这是在告诉我们万事万物都有它本身的自然规律，人只能顺应规律，违背规律做事最终会受到自然的惩罚。反猪妖现象是客观存在的现象，人们想通过人为的方式去诋毁遏制甚至消灭它注定是归于失败！最终会受到自然规律的惩罚。	Potentially
我总觉得东部沿海对西部内陆有很深的恶意……跟你差不了多少。很多人可能觉得我们老实好欺负吧	Potentially
黑人跑的快---天生抢劫犯	Potentially
基佬被碰一下直接发廊	Potentially
把女人关起来当生育工具啊，恶心死人。这种又蠢又贱的生物根本不配把她当人看。	Potentially
你发正常的帖子是钓不到同性异蛆的	Potentially
您就是在地域黑	Potentially
🐶🐶肯定是国楠自己造成的呀，国楠不配娶她们	Potentially
见到皮肤比较黑的人员，选择与它们相反的方向行走就对了！	Potentially
谁想买黑人爆改二手越野车谁就买吧，反正我心胸狭隘种族歧视，我就是不买，略略略	Potentially
3.推动色情产业发展。非处不一定是鸡，但鸡一定是非处。像性交易、成人录像这些色情产业简直是非处的天下，原因有二，一是保守的处女不会为了钱被陌生男人破，二是即便有处女投身于色情业，在第一次交易时就已经成为非处。没有非处，就没有色情产业。	Potentially
实话讲玩网游的时候连麦 最怕碰到江浙的，我说话有点口音，他们就学我说话😅，跟他们说还不承认自己学了... 总之就是特别有优越感，也不知道哪里来的. 当然，不是全部人，有那么一小部分因为江浙一带的经济环境有了优越感，但是跟他们没太大关系啊😲	Potentially
而现在最多的是台湾网特	Potentially
黑南通都是自取其辱	Potentially
所以还是生男好，汉奸几率低👍有民族血性👍	Potentially
当然是一些半调子地区啦，北上广深这四个一线他还真不地域歧视，他们是所有外地的都觉得没他们好，这个优越正常	Potentially
答主把自己反同性恋，歧视同性恋的倾向换一种说法说得如此清新脱俗也是醉了。	Potentially
甘肃人真的没有存在感😢	Potentially
不知道为什么他还有脸自诩阳光惹，一个大学生不随便见一群陌生中年人很奇怪吗。以及我们的主任怎么还没来联系我啊，我还想听听你是怎么跟他说的呢，说你们学校有个txl，请你配合我们深入调查吗	Potentially
什么女用洗衣机，这就把我的臭袜子塞进去	Potentially
编谁不会编，我前两天还看到一个新闻说女性出轨率已打80%。	Potentially
虽然说是地域黑，但是确实前几年发生过🤣大概是刻板印象吧，时代变了谁还偷井盖啊，那么沉	Potentially
你这。。。上边说郭楠在无能狂怒，下边说郭楠没有	Potentially
这个也和曾经香港人骂大陆客“蝗虫” 台湾人骂大陆人“zhina人”有关🤔台湾名嘴每天上节目就希望三峡大坝崩溃，淹死三亿大陆人。去年疫情刚开始，台湾名嘴对大陆疫情幸灾乐祸哈哈大笑。还有台湾“海巡署”经常在厦门附近抓大陆渔民，船被罚没，还要交赎金。类似的事情还有很多，两岸关系逐步走向敌对。。。	Potentially
女权还说亲兄妹父女啪啪啪只要不怀孕，不产生后代就不算违反人类道德！！！也算一种娱乐。	Potentially
那果子狸是男的吗？给这个人点赞的都是男的嘛？😄知乎b站微博里面的女拳师都是男的？	Potentially
男男是普遍乱，女女才是少部分乱，	Potentially
自嗨型基佬，嗨出优越，嗨出高潮	Potentially
基佬都很变态	Potentially
感觉现在女性的择偶标准都是“三无四有”了啊	Potentially
你愿意跟一个被猴子睡过的女人结婚吗？而且她还跟你要房要车要彩礼。	Potentially
比如说他说基佬都是没素质，没教养的人，我告诉他什么图灵之类的基佬，都是有学识，有文化，有教养的人，这时候他突然又跟你扯起对不起父母之类的，就很令人抓狂你知道吧	Potentially
直接去银行投诉她	Potentially
这些南满估计连河南人都没见过就开始变着法的黑河南、黑北方了	Potentially
黑南方临海地区长相的都是低端下人，就你长的像欧美人？	Potentially
个人觉得这种媒体的源头主要在江苏，10多年前江苏电视台的一系列新闻节目就专门报道各种负面新闻，先播报江苏省内的再报道周边安徽浙江山东的消息，我记得南京有一条马路很破烂，而江苏台却用了一周时间去详细报道它。而且这类节目的受众以中老年人为主，恰恰江浙沪的老年人地域观念很重非常排外，二者结合加深了这些人的地域歧视思想	Potentially
对非正常的女性毫不同情，毫不留情，毫不共情，从日常做起。	Potentially
还有“中国女孩找非洲黑人作为男友还要掉过头来说中国男人配不上中国女人”	Potentially
你想多了，倒贴，媚黑女倒贴😆	Potentially
对有些女人来说，离婚是生财的手段。	Potentially
同志？你们也配？	Potentially
国女都是一群情绪化的**，觉得全世界都得让着她不能惹她	Potentially
所以这个和狭隘没关系，就是看前任是个什么样的人，黑人的话九成九有问题，基本都有狐臭，得饥渴成啥样才找这个（没味儿学习好的比较少），得形成舆论共识，防止那些为了人口数据好看想引入黑人的XX专家的提案通过，过几年再讨论种族歧视对不对的问题	Potentially
女的在闻狐臭，别戴口罩啊	Potentially
你一个烧鸡在这挑拨男女对立？？？***眼	Potentially
这个就如同古代宠妾灭妻的这种法律一样，基本摆着看的，作为深受儒家父系大男人小女人几千年刻板印象洗脑的地方。基本实际都是女性单方面忍耐这个的。不论对方是否人渣。婚姻完整残害了许多女性身心健康。	Potentially
网上被黑的最惨的几个地方:河南，东北地区，广西。一般惨的:北京，山东，安徽，山西。剩下的就是比较少的，我也有看到内蒙，新疆，西藏，湖北，湖南，陕西，甘肃，海南，贵州被黑，其他地方没看到过🍉	Potentially
小仙女：为了孩子将就一下吧	Potentially
这几个地方的鸟人优越感贼强 其实鸟本事都没有，就一张鸟嘴乱叫	Potentially
默多默多😆	Potentially
仙女本性难移	Potentially
泥革能算是人？？	Potentially
说上海不排外的都是没去过上海或者没生活经验的	Potentially
不过是活不下去了而已，黑人其实不反对种族歧视。你看他们歧视亚裔的样子就知道了	Potentially
一个山东的哥们说了，山东最魔幻现实主义。他还说，中国基本上也是😄	Potentially
但是默我真的很讨厌	Potentially
我能说我最喜欢的NBA球员是个白人小角色么😅真不是人人都喜欢黑人球星，更不存在崇拜，只是觉得他们球打的好	Potentially
嘿畜狌没有资格扮演人鱼，要演也是清道夫。	Potentially
我们来这里反同，首先要避免和基佬对麻，那是下策中的下策，我们要明白基佬最怕什么，答案就是现实生活的阳光，别看基佬一只只在贴吧跳得高，但是大家想想，拔掉插头，关掉电源之后再它们的父母面前，它们敢承认自己的真实身份吗？它们哪个不是在现实生活中只能躲起来冒充直男的肺五	Potentially
你想多了，要不是你们知乎一些吃饱了撑的到处举报三非黑人，被遣返回国，人家日子过得爽着呢	Potentially
这种人就是觉得男性特征都是不好的，你还理她干嘛呢	Potentially
黑河南都是偷抢啥的，黑东北直接开除国籍，什么鞑子日本后代啥的，这是有本质区别的。	Potentially
寄生虫只会吸食，繁殖，破坏	Potentially
别吹嘘自己了，没有用的，你是那样鬼母的阿娜，不管在什么地方，就好像臭水沟里的苍蝇一样，那样的肮脏，那样的恶臭，你的气味，过于馊	Potentially
艹，b站女拳集中营啊，评论区	Potentially
黑浑身都是臭的	Potentially
谦虚点，我们蝈腩😆	Potentially
非洲佬跟你结婚吗⁉	Potentially
我的一个朋友在非洲工作过三年，他说只要是女的嫁给默，基本劝她辞职，要不就拿默的工资，一两千，没有回国假期，不报销任何费用，没假期，	Potentially
伪腐是真的没法讲道理，我是同，我跟一个女生说说不要见了两个男的磕，她说，你懂啥呀？这叫CP自由，虽然她是在开玩笑，但是肯定世界上有很多人已经根深蒂固了这个思想	Potentially
说明现在相亲市场上男的看身家女的看姿色	Potentially
差不多得了，大多数江浙沪的人优越感不少是真的😓	Potentially
最近贴吧搜索不出女权相关贴吧了，不能让女权就此沉寂，要利用女权让男性团结一致，不管什么方法，女权就是一个靶子，让男性团结的靶子，继续让女权疯狂吧。	Potentially
不要太想当然了，各大平台炫耀黑人伴侣的，99以上是女的，80以上赖在娘家。	Potentially
所以如果一天醒来发现你以为的好的女性朋友在刚你，就不会厌恶了吗？	Potentially
我知道有不少黑乐色的奴才们举报我，这是他们的特点，因为耍刘忙遇到硬茬子了，耍不过了，开始寻求所谓的合理手段了	Potentially
嘴上说女权但对男性崇拜不已的人，我能有什么看法？当然是喜欢这种小傻瓜啦	Potentially
我人在欧洲，我跟你说，那些黑皮专门抢偷杀奸中国人	Potentially
学习韩国人偷东西吗	Potentially
都是极端男权家暴打孩子我们温和男权不干这种事	Potentially
发达地区上海被黑的多惨，北京澳门香港广州都还好	Potentially
我讨厌，并且如果有男同试图在我面前秀恩爱的时候我会给出警告，比如告诉他们我觉得他们这样很恶心，可不可以不要在我的面前亲热，如果他们不听，我会直接动手	Potentially
其实觉得吉林真的没啥存在感，在外地也很少遇到吉林人?	Potentially
嘿砸肿本身就不该存在	Potentially
孙吧不是一天两天被女权围攻了，慌什么	Potentially
这些女人给黑人下崽，不知道也是害了自己的孩子。她们找黑人男友也是为了显示自己的与众不同能谈朋友谈到国际上的与众不同的优越感而已。她们内心自己也知道中国社会是不会认同它们的同族的。她们的孩子在中国生活在这个跟它们外表就不一样的中国孩子的生活空间中，只会遭到所有人的孤立与歧视而且随着黑人越来越多，也随之而来社会问题越来越多，更多的人已经看清了这个种族好吃懒做的真面目只会让更多中国人对这个种族厌恶的人也越来越多。所以它们的崽子只会在排挤中成长。	Potentially
那为什么知乎上总有北方人说什么“江南系资本、江南系媒体”黑东北？ [瑟瑟发抖]	Potentially
中国56族5000年都一个祖先，黑人是哪个啊？	Potentially
要不是亲眼所见，我也不相信，这还得从我在十一点吃烧烤，看见一个黑人搂两个妹子说起…………	Potentially
看到你把国外贬低中国女性的水文当成圣经，应该有很多人也就放心了😆	Potentially
黑命也是命，问题是黑人有没有把亚洲人的命当命看？	Potentially
对对对 你们就是道德模范人上人 梅毒传播率最高就是你们这帮同性恋你们的存在的目的就是削减中国的人口对吧？ 	Potentially
想给阿娜上坟捏	Potentially
黑蛆无孔不入。只等潳令。	Potentially
你得知道，杨笠作为一个公众人物，最重要的不是她说的话的本意是什么，而是被大潮流理解成了什么。如果杨笠和你现在做的一样，也出来大力解释的话，毫无疑问回挽回她在男性心目中的形象一点点，但是热度会骤降，钱会少挣，所以为了挣大钱她也不会出来解释，更有可能的是她故意用这种模棱两可的话来又当又立。所以，没什么好洗的，她自己就是想让自己的话被那么认为，还让人觉得不是她的本意，否则现在这种话就不至于被用得着么广泛了	Potentially
想问一下你这个找黑人的室友好看吗？人正常吗	Potentially
既然你们这么厉害，先把在南方打工数不胜数的北方人都请回北方去吧，别留在南蛮之地委屈了自己又为南方人贡献经济了😄	Potentially
很多同性恋，特别是母零。这一辈子都想当女人。就开始学一些女人的特征，开始假装自己是一个女王。想了半天女人的特征到底是什么呢？没有想到自信没有想到包容没有想到善良也没有想到温柔，却学到了泼妇的刻薄。以及淫妇的放纵。	Potentially
欧美主体民族基本没多少了，现在都是混血民族了，这都是拜女拳的服，现在他们只不过想让我们也一样而已。	Potentially
他们爆发力确实厉害，但世界不需要那么多运动员。而且以后也不徒手格斗（他们用冷兵器也不占优）他们的优点反而更易犯罪	Potentially
谈恋爱也就算了，找老婆还找强势脾气的纯属自杀	Potentially
很好的解释了为什么会出现那么多eg的原因，兄弟们怎么看	Potentially
霓虹也就80年代初对默有强力管制，现在也不行了，你看奥运会旗手都有默了	Potentially
匈奴汉国的刘渊。也是一个汉化之人。他的继任者骨子里改不掉。	Potentially
上海是唯一一个本地人在本地说本地话，要被说排外的城市，❤️❤️❤️	Potentially
西安，武汉，江苏人家之间都好着，就喜欢黑你河南是吧😄	Potentially
所以你就黑上海😅	Potentially
easy罢了	Potentially
并且照你这样说，剩下的女人全都是不爱国的，那你为何不说剩下的男人呢？知乎唯一让人讨厌的大概就是男权主义太重吧！	Potentially
所以上海是穷山恶水？？？？	Potentially
接盘二字就涉及性别歧视了，不要这么说好不好	Potentially
我们不是种族歧视，是种族鄙视。我们不歧视他们，就像我不会歧视猫狗一样，不歧视不等于和其性交，如果不歧视成了一定要和其恋爱结婚生子，那我们穷光棍就太高兴了，可没有一位体面的小姐愿意嫁给我们，看来按某些人的逻辑歧视穷人是真歧视，比歧视黑人都歧视。	Potentially
谁要跟她们摆烂？我之前的回答呼吁外娶。国女都把我私信炸了。外娶啊！外娶！划重点！	Potentially
我见过无数的江苏人默认自己是日本的，不搞个夏日祭浑身不舒服😄	Potentially
主要是杨笠这伙人搞性别对立，然后就是twitter上easy girl 等等，值得引起重视，黑人实在没法吐槽，广州地铁乌压压一片😄😄😄	Potentially
有这东西还要女人干嘛，现在的女人都不听话了，生了孩子都不负起一个做母亲的责任	Potentially
这人真逗儿，把安徽都分成两半儿了，什么都是皖北的锅	Potentially
这些坏事都是广东人干的！	Potentially
外表可以。黑真是太丑	Potentially
其实韩国人。。。娘炮。。。😄😄😄	Potentially
呵，黑安徽江西最严重的也是你们那吧🤣那就不要怪别人反击	Potentially
又一个LKD	Potentially
你以为非洲人来中国，都是非洲酋长？？？酋长很高大上？？相对于中国来说，酋长就是中国的村长，多的不说，很多非洲人在中国，都是靠着中国留学金才来的	Potentially
哈哈哈 你是揣着明白装糊涂吗 有不少媚黑女嘲笑国男几把小呢	Potentially
非洲黑人的后代都回非洲去	Potentially
喝多了会谈一下，正常社交应该不会。可就那么一下的谈论就可以导致她们社死了	Potentially
2.好玩。非处在性方面懂的比处女多，也比处女放得开，更熟练或更乐意学各种不同姿势和玩法。一个字：爽	Potentially
你说得河南人偷井盖才是无关紧要的，都带调侃的味道，但广东是在文化种族等方面被黑，你别混淆视听	Potentially
长三角内部互黑很多年了，几年前刚来知乎时，南京和苏州和杭州吵得非常凶	Potentially
唉，但nq觉得自己不能共情任何男性很棒。。。	Potentially
开始打男拳了，理中客就出来了	Potentially
拳师攻占大学，目的是把男性排挤出高等教育，从而坐稳高位	Potentially
其实种族歧视是要连接到利益的，美国是个移民国家，黑人也美国国家内部的人民，而种族歧视的核心是对于同工同酬的双标问题，是否有工作，同样的工作量是否拿同样的钱，而不是光怎么看待怎么看待这种虚空之中而不连接到现实生活中的东西，别人只是怎么看他真对他有什么影响吗，别人还不能有自己的看法了，一个外国人在中国打工能同工同酬付同样的钱能买到同样的商品怎么能算是种族歧视呢，更何况中国是个原住民国家本来就没有黑人这个种族，本来就不是中国国家内部的自己人算什么种族歧视啊？他们只是来中国赚钱淘金的？中国内部的所有社会福利待遇都是中国人民支持政府反哺出来的凭什么要求在中国得到与中国人民一样的待遇享受？	Potentially
楼主说的那种东西真是不言而喻当然指的就是虫族	Potentially
那既然有这么多优秀人才，黑人为主的国家为什么没有一个强国？😆	Potentially
搞得中国人没有似的，说不喜欢黑人啥的都理解，你说这话你觉得你好意思吗？中国有多少啊！	Potentially
趁早纠正取向是最好的出路，直佬们	Potentially
为什么楼主全部引用男性说的话？是歧视女性话语权吗？	Potentially
你们同性恋说爱是不分性别，性取向是可以变化的，所以同性恋不正常可以变成正常的异性恋。你们说同性恋存在即合理所以反同存在即合理，你们要反同包容同性恋，你们同性恋也要包容反同。	Potentially
但是有一说一，我从事旅游行业，在青岛，我们这对东北人的看法非常统一大家都挺反感他们的，发生矛盾也几乎都是跟东北人有些人是非常不讲理还感觉自己很有理，这不是少数现象，10次吵架8次东北的。所以我打心底里反感东北人，但是也有好的10个里面可能有两个	Potentially
上海这种客观存在的东西也算黑吗？我倒是觉得是全国人民被上海各种瞧不起以后总结出来的结论罢了。	Potentially
确实，这点得学着人家小棒子	Potentially
这种÷剩都懒得说它们省的龌蹉事	Potentially
太可怕了，永远反黑👍️	Potentially
小红书什么东西懂的都懂	Potentially
都是些矮矬穷们发泄情绪而已。本身地图炮就是很丢自己的脸的，如今各大平台ip地址开放，他们也会丢了自己省份的脸！	Potentially
之前在哪听过一嘴，说杂交的不如纯种的好，还会弄出很多奇怪的病，智商还会迭代变低，这是真的吗？？	Potentially
被默光顾过就让默带走啊，留下来祸害同胞？	Potentially
又是个体推及全体，以及双标。所以应证了上海被排外多么严重啊	Potentially
祸害天下苍生，罪孽深重，黑人多了闹事，到时候谁也跑不了	Potentially
现在没证据只要女的说有就有	Potentially
这些黑人崇拜者为黑人做了大量正面宣传。应该占据了国内所有渠道对黑人的正面宣传的99%以上吧。而且是完全自愿，义务，积极，和免费的。宣传多了，那么自然就会有越来越多的女孩倒贴黑人。	Potentially
这才是真正的反黑英雄	Potentially
找黑哥哥可以，别留在中国就行，别让中国成为移民国家，乱得跟美国似的	Potentially
异性恋敢组织love don’t is love活动吗	Potentially
男人穿什么裙子，很变态	Potentially
异性恋比同性恋多好几万倍，肯定异性恋高。很多恶心的既同性又异性恋的，把病菌感染给自己的异性恋伴侣关键这病毒根源就是同性恋	Potentially
问题是如果一个男的老光棍，别人又会认为是身心不正常的，反正怎么做都是错	Potentially
更不要说很多时候所谓的“东北人”就是东北唐山，东北福建，东北江苏的东北人。难蔓分不清除自己村以外的其他地区，一律归为东北人，反正东北这种舆论失势地区泼他什么脏水都是有人信的。	Potentially
就像动物园里你放走了一群猴，它们在笼子里能产生GDp和门票，释放了以后能干啥	Potentially
讲个笑话，这边有人讨外地媳妇，四川的都没人说什么，安徽的背地里要被冷嘲热讽死	Potentially
这评论里面就有天天念叨一枪不放丢东北的	Potentially
深圳最歧视湖南湖北&成都女性。	Potentially
我对你说的串串表示强烈谴责，哈哈哈哈哈哈	Potentially
我可以接受非处，但是绝对不能接受跟黑人搞过对象的，更不能接受黑人女孩，哪怕是处都不行	Potentially
作为从来没想过找外国人的女生来说，我觉得吧还是提升洋垃圾来中国的门槛吧… 对于那些找优秀老外因为爱的女生我觉得可以理解吧 不能一杆子打死，那些上赶着的eg当然批判我觉得没问题	Potentially
好家伙，直接开地图炮，你自己不在地域黑？	Potentially
佳木斯贼城全国有名	Potentially
有没有这么一种可能 台湾跳反是真的🤔	Potentially
为什么图里的有智慧的人全是男性？	Potentially
看最后一张图，她们只是单纯呗犹太宣传，洗脑了而已。	Potentially
有三个豪爽的地方很特别，与众不同。可以黑别人，别人不能说它们。😆	Potentially
问为什么反？凭什么支持？反男同不反女同？太可笑了，原来撑同也带性别节奏，你这种“高尚”的人还要搞性别歧视哦？同恋婚姻不合法是因为涉及其他相关婚恋的法条都要修改甚至变成危害社会的bug，法律是需要兼顾多个情况而不是像你这种**自私自利	Potentially
好神奇啊。我们学校也有黑人，但大家都表示很害怕😅我周围都没见过和他们玩的好的，更别提谈婚论嫁了。	Potentially
你发这种跟那些幕刃有什么区别？不穿靴子只是不适合男人而已，而且我想大多数男人也并不想穿靴子，你要是喜欢穿那也是你的自由，你穿就完事了	Potentially
爱因斯坦是个玩女的渣男所以有几次婚姻	Potentially
黑人犯罪率远远大于其他肤色人种虽然有很多普通人，但是这个危险的概率太高了	Potentially
lz你没看完原贴，原贴还说这女的有精神类疾病。判四个月，这会儿已经放出来继续祸害了	Potentially
退役后，泼峰一直以廉价的体力劳作换取微博的反同资金。	Potentially
默就是默，非我中华民族必为异类，畏威不畏德。	Potentially
会员服务，难道是可以帮她找到不介意离异带孩子的优质男？	Potentially
黑人的舔狗其实比黑人更可恨	Potentially
真名媛会打扮的像🐔	Potentially
看看能不能等选举时重新投一位反同性恋的吧主吧，鸠占鹊巢又开始了	Potentially
MB关键是有的gay他还骚扰你，他妈的刚刚差点让一个gay亲了，再有下次老子打掉他满嘴牙，我这不是恶心，是唾弃	Potentially
虽然我没有看不惯黑人，但要给我个黑种女人，维秘上的我都不敢要🤣	Potentially
你还是带着你媳妇一家回你的国家吧，华夏大地是我们先人用智慧和无数先烈的生命换来的，说白了你们其实就是想要污染华夏血脉，鸠占鹊巢，真是用心险恶	Potentially
他觉得很奇怪，去他同学家她同学女朋友在那玩手机，每天都是她男朋友做饭。我说这在中国很正常，他说西班牙他爸爸只有周末才会做饭。然后又说有个女生希望她男朋友180帅气多金体贴，西班牙留学生直接说这是在你的梦里吗，中国女拳扬名世界被看笑话。	Potentially
说真的，没害怕，只有痛心，我伤心自己的同胞走上了这样一条路，我替她惋惜，我觉得自己对每一个同胞都是有责任的，她们自甘堕落带给我的只有怒其不争的悲伤	Potentially
很美的非洲，非洲人回自己的祖国去吧！	Potentially
希望以后发生卢旺达华强买瓜事件的时候这些人还能笑得出来。	Potentially
国内的女拳忽悠别人终身不婚，忽悠别人单亲养子🤭	Potentially
这个问题下有人有人在带节奏，那个叫务实帅男的，兄弟注意一下，他在挑拨离间，先装成东北人在河南为什么被地域黑的问题下骂河南人，然后私信回复他的河南人开始骂人，然后把两个人对骂的记录截取河南人骂东北人的片段放在东北人为什么被黑的问题下吸引东北人来骂河南人，挑拨两个地区的关系	Potentially
黑人问题其实我觉得根本不需要让他们融入我们的社会也不需要让他在我们的大学里学习搞一个类似于监狱的地方设备齐全美名其曰地狱化培训不是更好对于黑老鼠我是真烦以前我在杭州的时候见到三个黑人一边撸串一边打飞机还问我需要一个强壮的男人嘛？我踢翻他的桌子跑了	Potentially
主要是跟个黑人的女生都会选择隐瞒这是一种潜在的危机呀	Potentially
美国亏欠黑人，他们在美国要补偿理所应当，可中国不欠他们，中国又没有搞过黑奴贸易🍉又没有压迫过黑人，凭什么来中国耍横	Potentially
b站男用户多，自然没有拳师的生存空间，以前也有拳师大v在b站投视频想恰b站的钱，但是评论骂翻了也就离开了	Potentially
高跟鞋就是法国皇帝路易十四发明的给自己穿的，靴子最初也是皇家御林军的标配，跟女人半毛钱关系都没有。再说丝袜长筒袜最初也是给军队士兵用来保暖的，倒是现在这社会为了讨好姆人把什么都向母人靠拢实乃恶臭不堪	Potentially
本可唯一的过错就素泄露了个人信息，才让不法分子有了可乘之机。大叔随后表示知道了地址随时会来找本可，氮素他要怎么找呢，在校门口挨个问你是不是txl吗	Potentially
姆是这样的，它们拒绝接受男方父母，也不想生孩子让自己成为父母，你说这种姆娶回家干嘛	Potentially
常州有资格说我南通吗🤭	Potentially
对于默就是有一种无差别的讨厌。。。	Potentially
你笑郑思死的早，郑思笑你活不了	Potentially
其实看到河南被黑，我也很想骂人的。我想问候他全家，但是一想不能给河南丢人。被人家黑被人家骂只能忍了。你说人家一句，马上有100句来骂你。这种事情忍忍就好了。	Potentially
微博什么时候死，最好再抓一批50W。	Potentially
吴施蒙了解一下，山东大学三陪一的异性学伴了解一下🐶	Potentially
那南方人都烦东北人也是有原因的吗？	Potentially
最后，我以为为txl发声的诉求，一是立法保障txl的合法权益（比如tx婚姻合法化），二是推进全社会的认同度而我认为人的偏见是不会轻易改变的，他的改变一定是建立在已有认知的基础上。仅仅就我所知，txl在社会上的正面形象很少，不用说腐癌这样四处ky令人观感不适的，就是同性骗婚，传染艾滋，已经快成了对txl的刻板印象了和他人沟通并建立共识，需要很多努力。而一个负面新闻就足够让人产生更多的厌恶了这还不包括那些也许偏见最深的，网络之外那些沉默的大多数至于推进立法。在提出新的权益必然要伴随有新的义务出现。但在我国当下的时局，txl婚姻合法恐怕只是奢望总之，我认为对txl这一少数群体，是郭嘉需要发展到一定层次，并且新的一两代人成为社会中流砥柱之后，才是有进一步发展的可能的	Potentially
【屈機TV】 是香港愛國建制派的得意傑作，用很多訪問，剪輯帶出愛國訊息，十分高手。其中最出色的一篇就是訪問七歲女童吳若彤，十分可愛，十分吸睛，又勝一仗。台灣和香港成為“地域黑”標的，在各論壇，微博，黑的大概有80～90%，比其他各種“黑地”都黑太多了。黑的目不暇給，精彩紛陳，各擅勝場，好不熱鬧。	Potentially
河南朋友是真的不错，能处！但是低温……这……我见过一次，那就是楞抢那种，他连套路都懒得套路你那种了，明白吗！就是你哪怕上来好言好语骗你上套呢，他都懒得说这好听话了。你哪怕说两句好听话，哪怕骗，这好听话听的舒服了，甘愿给你两文也就给了。关键他都懒得去说了，楞抢那人😂	Potentially
关键是这个和大便本来就不是一回事，你把同性恋用大便来形容，那不就代表你深深的其实和偏见吗。。。不过你的想法也无法改变。	Potentially
不排除这两种身份是重合的可能性好吧，毕竟大部分人都不会在职场中公开自己同性的取向，谁会自找麻烦让企业文化和同事关系来排挤呢😓	Potentially
跪虫族不要去当键盘侠都快快去学学虫爹与虫娘勇敢冲上大街上打砸抢啊证明你们一直是再追随爹和娘脚步从未变过还有那个居心叵测之人我是鑫泽真是为撒泼打滚同仁今行诡辩时候为何不去劝劝你们跪虫族同仁们快去追随你们亲爹与亲娘的所谓正义行动	Potentially
典型的幸存者偏差，混血儿丑八怪的多了去了，人们都只漂亮的几个看	Potentially
通讯录们不要再打着爱与正义的旗号四处行骗了。装作可怜兮兮的样子博取同情心，实际上内心比谁都阴暗便态。生活不顺得不到他人关注无法找到认同感，就靠来当通讯录来博取他人的眼球，靠在网上乱骂来发泄生活中积攒的怨气。简单来说就是一群懦弱的老鼠，一群阴暗的出生。只能靠抱团取暖来苟延残喘了。	Potentially
引进黑人首先感染性病的几率会大幅度上升，还有出轨家暴x虐待的概率上升，其他没有任何的好处	Potentially
是暂时管不了，但是这是普通民众朴素的愿望，不想眼看着搞出一堆混血引发社会问题才开始亡羊补牢。我们自己的问题已经够多了，不需要再制造新的种族入侵问题	Potentially
扯，河北人最喜欢山东不假，但河北可不喜欢东北	Potentially
：首先打拳这方面是韩国先兴起的，间接就导致了韩国社会问题频发，像是的争端。到这两年中国也开始严重了，总不是近几年才通网吧？大面积的互相打拳，已经不是单纯的男女平等，个人权利保障问题，再这样下去只会破坏社会和谐。以下是假设：会不会是网特通过棒子事件的成功，而一样手法破坏我们的网络环境，导致有许多判断力低的人士盲目认同。最后导致自我内耗。	Potentially
对头，主要是黑人，男女不重要	Potentially
为什么？为什么支持同性恋平权才是理性？自由的表达对LGBT的厌恶就是愚昧？说实话，从小到大周边不乏伪娘，公众面前以受迫害者形象博同情，私下里没有一点难为情，甚至往往更骚😅。在这个问题上，我们太讲求正直正确了，有点太左了。别误会，不是在攻击LGBT群体，只是拜托收敛一点，低调一些。	Potentially
也没人不让你们搞基啊，这不就是你们的权利？你搞你们的，我们反感我们的，你们有搞基的自由，我们有反感的自由。我们反感妨碍你了？那是不是全天下的人都得喜欢你？	Potentially
有些畒急了，但我不说是谁	Potentially
我考，我才知道黑人不受计划生育限制？？那我们省出来的地方是给谁省得？？？??????	Potentially
那你到底是在不接受什么啊，不接受txl存在？不接受平权？第一个的话不管你接不接受他都存在，第二个为什么txl相爱的权利要被异性恋决定？	Potentially
就算是三婚带二孩的也大概率没病，但跟黑人在一起过的……🤔	Potentially
那你应该谢谢骂你的那个东北人 因为人家骂你你能听得懂 如果是南方人 比如说福建人浙江人四川人 用他们的方言骂你 你听不懂还以为人家在夸你 你还得谢谢人家🤣	Potentially
这叫：师🐵长技以制🐵	Potentially
我的评价是不如USABlackrace	Potentially
凡是这种黑的地狱黑，通通都是想分裂祖国的，而且是领美金的	Potentially
黑人的运动能力鸡肋的很	Potentially
兄弟们，遇到打拳的一定要反击，打得一拳开，免得百拳来，今日朱军，明日诸君，坚守某乎的阵地，保卫B站，贴吧，逐渐向微博推进。否则当你哪天被诬陷的时候，无处发声。最可恶的就是理中派，就像蝙蝠的故事里的主角蝙蝠，想两头讨好。正所谓石砸狗叫，大家加油。	Potentially
中国人对中国人很严苛，但是有些人对外国人点头哈腰献殷勤，送女人给外国人用，这是为什么？	Potentially
现在都标签化了，最逗的是之前在一个视频下面一堆人说东北人就XXX，其实视频里的人口音是离很远的某地的😅	Potentially
飞周落后的原因是其整体智伤太低。懒笨。	Potentially
微博女拳什么成分大家都知道的吧，“对啊对啊女的脑子里也就那点东西了”	Potentially
黑、黑砸，做也做不对，他们	Potentially
举个例子吧，你家里开了个小公司，你招了个女的进来，结果人家刚入职两个月，就怀孕了。生孩子去了~这一年她都不干活，你还不能降低她工资那些待遇。那么，你还敢不敢招女的呢？	Potentially
拿个例出来说有意思？我在现实中看到的媚黑女就一个，黑人我见了有几十个，确实大部分女生根本看不上黑人啊，楼主说的哪里有毛病？还有那三陪一是政策问题吧	Potentially
彩礼就是在赌，赌女方会不会用在新家庭。至于嫁妆，也是女方的，所以没必要说嫁妆，反正就是全是赌，赌对了女方用于新家庭，赌输了就如视屏。年纪轻轻就敢赌，小伙子们赌瘾那么大的么。	Potentially
一个匿名的南宋人来这分裂东北了。	Potentially
这个up是同性恋的头子不接受同性恋不正常的事实。想要同性恋向正常人挑起矛盾。严重影响社会安定。	Potentially
自由平等是个伪命题，女性以此为驱动力，为了掩盖无意识的慕强，懒惰，自负等目的，实际上是以利益驱动而不是自由平等。	Potentially
好像东北是被黑的最惨的 但是在南方统计最想找哪里的男朋友的 发现东北人更受南方妹子欢迎 这就尴尬了 南方人这么有钱为哈还不受妹子待见呢	Potentially
这多麻烦……把处女改成必需	Potentially
🤭您有井盖被黑的厉害吗？	Potentially
关键她们不会选择自己扛着啊，你看看广州儿童福利院那么多的小黑娃就知道了😅她们早就洗白了找个老实有点钱的国男嫁了😅真正跟非洲人回去的女人那才是真爱可惜太少了！大部分都是玩够被蹬了然后找国男接盘，虽然咋大中国棍子多，舔狗备胎千斤顶也多，但能接盘混血品种的国男真的没有黑混就更别提了，毕竟这年头没啥爱情都是合作式的婚姻关系谁会给黑娃喜当爹呢🤣	Potentially
说南方有钱，东北爱花钱实际穷，有五块花十块。人均存款出来之后辽宁第一，又说东北人爱存钱不爱花钱，不消费，没南方消费意识，穷人才存钱，真是🐮比极了	Potentially
扫黑除默，势在必行。	Potentially
知乎同性恋标签第一的帖子，一群恶心人的在那里讲如何掰弯别人	Potentially
说的对！应该远离不负责的，传播病毒的，动不动犯罪进监狱的人。只是正好以上几种人在黑人里面比例在7成以上。	Potentially
油太人，祸害世界	Potentially
有钱哪里的妹子都喜欢你	Potentially
地域黑的目的又不是表达真相，能污名化就行了	Potentially
同别当我面恶心我就没问题，我也不会伤害他们	Potentially
同性恋是真爱，异性恋为了繁衍这种话是招黑的话。我年少的时候也整天说这些话，只能当小孩子说屁话不能当真。一个成熟的成年人都不会这么说。所有爱情都是值得被尊重的。	Potentially
可以让大家看看国际鬼子虫类及其它们后代虫混居然敢使用人类词汇的帅究竟是什么心态其它百分之99的野生动物会怎么想	Potentially
看有谁接盘?别怕，公开与黑交往的黑历史	Potentially
像成都这边就比较开放啊，成都mc事件了解一下，好多都是结婚了的聚众淫秽	Potentially
提得这个问题我就觉得很搞笑。十个九个都是骗子，要么就是有夫之妇。都说自己是酋长得货，竟然还有一群人信。疟疾，霍乱和黄热！都多少死在非洲的冤魂回不去家，你居然想去拯救🤣。知乎不能骂人，不然真想骂醒你。而且，非洲属于多妻，嫁过去当老大，还是当老二。有些地方甚至电都没有！真是无语	Potentially
为什么现在女的什么离谱的要求都敢提，因为总有添构去尽力满足她	Potentially
摸摸头，我们湖北也被称呼九头鸟，只会算计人，有偏见的毕竟只是少数	Potentially
胡说八道，我魔都不服，有些人理直气壮的歧视上海竟然自己都没发现😆	Potentially
女性就是爱比男性双标，我觉得这句话确实没问题	Potentially
同样经济发展很好的地方，我就没看到多少广东福建人地域黑，地域黑最多的就是江浙，往往黑子不是四五十岁的没接受过教育的，就是自己生活不如意，只能靠自己的户籍进行地域黑来凸现优越感。殊不知自己在江浙一带也时常因为素质低下而被歧视😄	Potentially
2月这个吧还没有gay和他吵起来吧这飞株可真渐啊是不是个M到处找骂	Potentially
能把这小倪格掐死吗	Potentially
看头像还是个ltp基佬，真不嫌磕碜，恶心。	Potentially
什么优质剩女	Potentially
看到没，这就是龟男舔狗养出来的	Potentially
。。。。。🤔🤔🤔上海人的地域歧视严重吗，据说外地人去上海，被骂要饭的，不知道真假	Potentially
😅太自信了，有几个敢明说自己找过黑人男朋友的，这话一出口，多少人转头就走！还有男女比例差别没那么大。	Potentially
谁能接受一个大空洞呢?	Potentially
当光棍足以成为一支军队的时候女性就再没有恋爱自由的权利了	Potentially
如果一个女的错了不懂认错，她就没以后了。对就是对，错就是错。	Potentially
楼上真是一个无耻透顶的女人	Potentially
男人找对象一般要温柔善良的，女人一般要经济条件更好的	Potentially
黑人本来犯罪率就较高	Potentially
这鸟人这么不遗余力的抹黑男性，50w没跑了	Potentially
你可能还是知道的太少 你身边才能接触几个人？ 你的圈子限制你的见识，给你推荐个办法，下几个社交软件，定位那几个经济最发达、也是最媚外城市搜一下，看看那些名媛空姐高级女白领，就是男人眼中女神的那帮子人，看看她们的粉丝和关注，顺藤摸瓜你会发现一些端倪，绝对打破你的三观。	Potentially
我不信，除非让你家女性打个样找个黑人😆，我就相信你不是钓鱼🐶	Potentially
黑人犯罪率极高	Potentially
格局小了，国女都是喜欢找黑人约p，找国男接盘🤣	Potentially
黑人就是丑，黑砸小孩也很丑	Potentially
各个国家法律的利女倾向都很严重啊	Potentially
不婚不育挺好淘汰极端nc女人	Potentially
夫妻吵架，妻子拿砍刀挥向老公小仙女放话:不过是砍一刀，谁家夫妻不吵架？	Potentially
女性的权益已经得到保障了，各种伐律保护各种社会倾斜难道还不够吗？我现在就想知道男性的权益何时能得到保护同是生活在一片蓝天之下凭什么男性就该当牛做马还得不到保护，凭什么就认为男性就不需要平权就不需要保护	Potentially
可是出于生活所迫，有时泼峰会不得以提供一些有色服务，换区生活费。	Potentially
看着小黑们就头大，都是将来零元购的料	Potentially
东北确实，你要是辩的太有理，对面就不用理由嗯骂东北，偏见是刻在骨子里的	Potentially
只有黑人才能给女性一种特殊的享受。你懂吗？	Potentially
啥也别说了，人造子宫解决一切问题，包括女性，人造子宫万岁	Potentially
但现在说的基本全是国男了用来嘲讽女性 不管是谁说 反正这么说的都是不尊重人的	Potentially
妻子当时受了多大的委屈才会拿起刀来。这男的在家表现，一直很差吧	Potentially
？？？？？？今天又是恐直男的一天	Potentially
错，河南人多，反而犯罪率不是最高。数据可查，某些只有河南人口一半的省份，犯罪率高于河南😄	Potentially
安徽人被黑的原因应该跟河南差不多的😅	Potentially
你买狗看不看血统？	Potentially
或许可以接受一个同性恋在自己周围，但是接受一对同性恋在自己周围搂搂抱抱和亲嘴的话，我觉得还是头皮发麻像看见老鼠一样害怕的	Potentially
肯定自己有原因，但是他们已经上升到整个东北人都是垃圾，低劣的种族，应该灭绝的地步	Potentially
曾经：黑人也有好人，不能一棒子打死…现在：爷就是看不惯🐶	Potentially
国男的包容大度一直都是这么无私，eg使劲浪，反正有老实巴交的国男兜底囧	Potentially
极端女权，极端男拳 这个输入法有点意思	Potentially
我又搜了一下，现在知道了微博原文是“闲散输出:特别是男生劝女生的千万不能喝，就是看准了你不会拒绝蕾克斯持续输出:对啊男生很坏的，男生脑子里都是那点破事儿的”	Potentially
好久都没有见过那么干净的白人班级了，一个黑乐色都没有	Potentially
东北被黑的是经济越来越不好，官僚主义之类，其他省份人民直接被黑的是人品呐！不一样	Potentially
少数民族是少数民族，少数民族就算文化水平差点，但至少大部分还是遵纪守法的，黑小子们可就不一定了。好的幼儿园或学校，家长们很多都是有一定能量的，要把黑小子搞出去，总是有办法的。	Potentially
只能说江西人真有钱结个婚彩礼都好几十万，	Potentially
这些女人真恶心，	Potentially
我是女的，说实话，如果我找的男朋友交往过黑人女朋友我拔腿就跑，接受不了。交往黑人男友的女生我也做不了朋友，还是拔腿就跑。	Potentially
劝你们别这么想，不然你们见到很多黑河南的还又红又专的时候会接受不了的	Potentially
笑死了我发了一篇贵物男拳帖被删了	Potentially
温州假皮鞋	Potentially
骂再厉害有什么用，人家回来依旧比大部分省份高一等，最可恶的就是地域黑到现实中什么不要河南的员工这种情况真的应该坚决抵制	Potentially
永远不要对钕刃仁慈	Potentially
女孩拼了命融入的圈子，最后发现还不狗窝	Potentially
蝴蝶鸡死的好	Potentially
男权吧老哥们还是比较理智哦，这要是男的发女权吧，可能已经让骂死了	Potentially
暖男更受欢迎，男性需要改变择偶观?原来的舔狗龟男接盘侠不够用了，赶紧培养一批新的好让我们吸血?	Potentially
黑东北的网络上太多了，现实中倒是没见到几个敢明面上说的🤣	Potentially
如果它们敢用武器的批判，咱高瞻远瞩的铁拳绝对会让其尝一尝国♂曾经背负的压迫	Potentially
又变态又普信，还要当理中客，纯纯下头男！！	Potentially
可见国际鬼子虫类及其它们后代虫混就是墙头草，两面倒当人说人话，当鬼说鬼话从这我们也能窥见国际鬼子虫类及其它们后代虫混的所谓精英就是蛇鼠两端货色。	Potentially
有些幕刃真的是。。。。	Potentially
直佬日常罢了	Potentially
"目前直男这个词包含下面一种含义：指那些不够敏感的男性。为什么这个词会有这种含义？因为很多女的都敏感、多疑、热衷于勾心斗角，女的会觉得敏感到热衷于勾心斗角是很正常的事，她们不会把这当作缺点，""直男""这个词的出现是她们对在她们看来不够敏感的男性的讽刺，这是女生的一种自我认同，或者说是为自己的行为辩护、寻找合理性"	Potentially
来自接盘侠吧的神贴，大家咋看？	Potentially
我只知道小时候天真的以为外国人都是很善良巴拉巴拉的，现在呵呵	Potentially
中国人查查自己为什么被欧美歧视，是不是人有问题，味道对了吗😆	Potentially
咱们没人家团结，我经常去剑网3吧看攻略，结果，现在哈哈哈哈哈哈哈哈哈哈哈哈哈哈全都是籹全尸在打拳。	Potentially
这个作者，完全说出了我的心里话 。人家一个愿打一个愿挨 。。操哪门子心 。怎么样，人家也不会瞧得起国男的。小心别接盘就可以了 。	Potentially
你怎么知道你老婆有没有黑人前男友	Potentially
古代有“五胡乱华”，现代有黑人乱华，谁造的孽，大家心里都清楚，支持楼主！	Potentially
得了吧，据我所知河南人都快被黑成贬义词了。	Potentially
算了，女拳只有极端和温和	Potentially
日本是摆烂，韩国是以彼之道	Potentially
因为你还小，有很多事情不了解。黑不可能无缘无故的黑，肯定是存在问题的，这个为啥会出现这样的问题，还是出门打工的农村那帮人导致的，就像我那个时候认识的河南人那样，他自己把自己村里那帮人骂了个底朝天。其实做好自己，黑的人会越来越少。	Potentially
想用一些非人类的描述评论。可清道夫是bi乎的爹啊。说错一句就要被封😆😆🤔	Potentially
我不是河北人，但每次看到有人黑唐山也觉得恶心，一件打架斗殴的普通刑事案件能上热搜十几二十天，天天能看到骂唐山的，那个地方没有这种事，新闻一大堆，骂人算什么本事，有本事自己去制止犯罪，而不是口嗨。我感觉地域黑造成的社会危害远大于这个案件本身	Potentially
黑人玩腻了就离婚，据说这个离婚了，离婚前说得多好。飞周人很多病的	Potentially
把这个女人送去非洲🐶🐶	Potentially
同性恋现在高贵的很，真败坏路人缘。	Potentially
你在美国杀人都不犯法	Potentially
我对自己家人外的女性的共情力彻底丢失了	Potentially
就群里看大部分人还是理智的，还是喷幕刃的	Potentially
非洲动物园鬼畜杂毛地方	Potentially
你还是许愿当一个生在美国中高产家庭的黑人吧，不然你可能在来之前就饥荒或者枪击或者成瘾君子了	Potentially
我觉得全嫁出去的也好，至少剩下的脑子没那么奇怪。	Potentially
看主页你自己不就是个地域黑吗？主页全是骂西安的，真是活见鬼了，一丘之貉呀，这是立场不同吗？🤔	Potentially
都是四川人出来黑别人好吗	Potentially
犹太人被xx，真的是活该。	Potentially
给我个台胞证，怎么黑都没问题。但是以我所在河南为例，问题是这里要医疗资源没有，要教育资源也没有，经济也不行，上个网还要因为户籍被地域黑，这才是真的惨。	Potentially
东北人假冒云贵川	Potentially
上海人不就那样吗？	Potentially
女权的泛滥在加速这种趋势，生活本来就不易，女权们在闹一闹，现在提倡不追女生就是个前兆。	Potentially
可黒鬼智商确实不行啊🥰	Potentially
母系社会为什么会变成父系社会呢？因为女人求着男人负责。现在怎么变成男人求着女人结婚了？这种脑瘫文学还是一如既往的味道，强行大前提男女能力一致，强行空降强权逻辑。	Potentially
据说可以花钱调查开房记录吧，有些机构专门调查的，只要钱给足，我觉得在好的女孩子，在那些开房记录面前和荡妇没什么区别	Potentially
自信点，种族歧视不是贬义词	Potentially
这女的是不是贵物啊？自己弄撒别人收拾烂摊子。?	Potentially
只有涤清圣土桖洗嘿枸，才能延续文明	Potentially
啧啧啧，自己不想被别人黑，但是还去黑别人？	Potentially
哈哈哈哈，当初解放后进新疆的大多河南人甘肃人，河南人和甘肃几个地方的人名声在新疆确实不好……	Potentially
说得好听，你们别赶上去倒贴默啊	Potentially
2022年6月9日，他在被人破防后删掉了“恐同症”系列2到10的所有帖子，距今1天，望周知	Potentially
河南人在我们北方名声真的很差，其实还是有原因的	Potentially
还有的男人给自己定下目标一辈子睡1000个女人之类的，还美其名曰是有本事，能开好多个锁的钥匙叫万能钥匙，能被别的钥匙打开的锁就是垃圾。在新型婚姻不需要彩礼，婚后费用AA制，都有男的说是处女吗，我虽然不是处男，但你必须是处女因为男人女人不一样。	Potentially
最简单的判断方法是看看她有没有微博，小红书，豆瓣	Potentially
别闹了，黑人在女方怀孕后就有了消失的特异功能不是开玩笑的	Potentially
微博女厕所啊，哥	Potentially
其实我也没想通为啥大家都这么爱黑东北😅	Potentially
智商有点正常的同性恋也会正视自己的不正常会明白同性相斥，异性相吸才是正常的道理。只有智商低的同性恋才会来这个吧挑战。就像抽烟的人也会明白抽烟不健康一样。同性恋不正常是事实，没必要挑起矛盾。	Potentially
如果她们倒贴嫁出去，那希望赶紧移民，真的别留下了	Potentially
没心气管了，上次歪果人永居我尽力了	Potentially
当然是撑同	Potentially
这母猪看面相就不是个好人	Potentially
妥了，这下小仙女要买爆了。。人手一箱舍得酒	Potentially
以前觉得不能盲目看不起别人，可惜现实是黑外教、黑留学生垃圾真的多。	Potentially
现在还有人把洋垃圾当宝吗	Potentially
君子和而不同，小人同而不和！团结一起反同力量，为人类创造美好的明天！	Potentially
放在没有女拳的时代我们可以浸她猪笼	Potentially
对，这洽洽是对所有中国人的歧视，所以排他们，他们活该。	Potentially
有些中国男人就是耐不住寂寞找黑人老婆啊，我也管不了啊，你跟我说这些有什么用？🤔	Potentially
其他地方是地域黑，上海这个只是说了实话怎么能算黑	Potentially
还有就是有些上海市区人歧视市区以外的人（包括上海郊区）	Potentially
留学生院招“翻译”的时候都排长队，我班女生因为没被选上还闷闷不乐。	Potentially
现在女的哪个不是这样啊。我都习惯了。	Potentially
嗯嗯那就往大了说，中国女人审美都有问题了都一喜欢又黑又丑又臭还不负责的嘿人，这下你满意嘛	Potentially
真就是，病毒啊，会扩散，会传染	Potentially
很多广东人老爱说自己是汉族正统，自己才是纯正正统汉人血统，北方都是胡人血统，胡杂，那北方人自然会觉得，你是正统汉人，来来，让我们看看正统汉人长什么样，然后看了之后才发现🤣，你们说的都对，华夏发源地都在广东好不好😆😆😆	Potentially
“尊重女性”既是资本主义的骗局，也是西方文化的糟粕，一个性别有什么资格要求尊重？一个人有什么资格因为自己的性别被尊重？任何提尊重女性的都是不尊重男性，谁提谁是右！	Potentially
天生的没办法，有些gay就是恶心，骚扰人，这纯纯没素质行为。但有些就干干净净，有干净的圈子和让人舒适的人品，让许多人愿意与他交朋友。再遇到这种骚扰人的你完全可以削他🤔，咱有理	Potentially
你为什么黑山东人？答：我只是把他们做的说了一遍	Potentially
OK，把黑人赶出去	Potentially
女性多数感性思维容易洗脑	Potentially
换个角度，如果从一开始就不结婚哪有这些破事儿，该干的一样不差，那啥点的崽子落地直接走人	Potentially
没事找事的基佬必须打，要是安分守己那无所谓。基佬说白了就是一堆屎，没几个好东西，都是些心里变态的货	Potentially
生理上的不适，至少作为男生而言真没多少会找黑人女朋友。	Potentially
对的，好多安徽人在网上骨头真的软	Potentially
女的都嫌被黑人睡过的女人恶心?别说男人了，闹心	Potentially
上面那个务实帅男就是先黑河南，骂河南，让河南人骂你，你再把河南人骂你的聊天记录截下来，再去挑动东北人来骂河南人，从而成功拱火，让两个地区开始无限乱斗，一部分人被开地图炮之后会应激反应的开始无脑反击，这又会导致被无故反击到的人参战我，然后就愈演愈烈	Potentially
女司机逆行，小癣女评论怪男副驾	Potentially
中国男人推崇的少，中国女人推崇的多，简直到跪舔地步，老外来中国路访随机索要100个吻轻轻松松，广东茂名有个白人模特经常换中国女人拍抖音，搂搂抱抱，中国女人也不嫌弃	Potentially
笑，田楠就是骗婚骗炮的，真田楠水准在一般人以上，就没那么多剩女了	Potentially
三：女拳受益者这里我把女拳受益者分为2类，一类是直接受益者，一类是间接受益者。直接女拳受益者：很简单，利用女人的一些共鸣来建立信任，比如说你如果骂男人就会自动引来一群女人附和，哪怕骂得再没道理、没逻辑，也会有一群女人支持。有了人气就可以兑现，所以微商、写小作文的女拳才那么吃香，一边鼓吹着女人要独立、女人天下无敌，又一边坑害着相信她的女同胞的钱。你先不要可怜这些受害的女人，这里的受害女人是有极大的概率变为女拳手的，受害者又变回施暴者，可笑的是双方都是女人。间接女拳受益者：知道女拳的危害，平时支持女拳，或者放任女拳现象，心安理得享受着女拳打男人得来的不对称利益。比如：结婚男方必须出彩礼，而女方不出嫁妆。男人天生要让着女人。男人就是拿来牺牲的。这类隐藏的女拳手伪装成白莲花，是最可恨的，她们就像癌症一样，你很难精准找到她们。目的：获取自身利益。	Potentially
和黑人睡不恶心吗🤔	Potentially
外娶多好，不打扰小仙女了。	Potentially
问题是。别人不一定像国女一样倒贴啊	Potentially
舔狗都是很恶毒的男淫。它们自己未必真对女人好，只是希望全天下男的都当跪男，这样，它们才有一点优越感。	Potentially
首先让我先说一下如何识别有性别焦虑问题的通讯录	Potentially
人们普遍敢打黑人	Potentially
我无所谓，反正不想结婚🐶不过我讨厌黑，因为他们真的很没礼貌。	Potentially
那什么，事实上大多数gay对女性拥有好感，而其中很多gay又反感直男，因为观念上极大的不合🍉gay一般是不可能反感女性的	Potentially
嘿畜狌繁殖，都是强上的。	Potentially
日本这次为了sb政治正确，所谓修正别人排外的观点。，才搞了一堆混血运动员，这简直是nt。不过日本本身混血比例很低。	Potentially
太可怕了，之前我们学校有个同性恋也是个巨胖的，一直骚扰他的舍友，每天给舍友发几十条微信啊	Potentially
所以人对同姓恋支持者攻击也是最猛烈的	Potentially
需要姆蛆引流捏	Potentially
有人问我为什么要为女性发声，我说，我只是不忍心看到她们被人伤害，仅此而已🤔女性确实会被黑人伤害，要么被强j，要么被轮j，要么被当成玩物。你所理解的这个伤害，不会是反对黑人和中国女性结婚，是对中国女性的伤害吧。你不忍心她们被伤害，就应该告诉她们，和黑人在一起，最后的结果大概率是什么，有多惨，抱着孩子找不着爹。去了黑人家当第四，第五个没地位的小老婆。	Potentially
想反女权还得看女权，舔狗龟男理中客们不是男人能打醒的	Potentially
我是女的我也看不惯交往过黑人的女的，，，读大学那会儿班里有两个女生，一个白人男朋友一个黑人男朋友，也是绝了，没事就发着朋友圈炫耀，真想问她炫耀个啥。不过反正也没有交集的人，毕业了删了	Potentially
又不是没看过动作片，我当然知道，但是，菊花里全是翔，默与媚默女居然乐此不疲，令人难以理解。一旦看到这种镜头，我全都快进跳过，心理不适，对这种行为毫无兴趣，更没有试的冲动。另外，某些国家的默的艾滋感染率很高，无套内x会带给女人很大风险，接盘者可能招至无妄之灾，这才是真正恐怖之处。中国的艾滋呈扩散趋势，同胞们不要乱约了，珍爱自己，珍爱家人。	Potentially
对不起，你要眼里的什么东西创造了五千年不间断文明。你眼里的高大上的黑人却连最起码温饱解决不了。	Potentially
黑人英雄都是犯罪分子，这个是惯犯	Potentially
娶媳妇没用的关键是大小不然会被绿当老实人接盘侠，这么多年没有任何改变	Potentially
之前跟四个同学去上海玩，等地铁的时候被一个老太太秀了一波优越感，不让我坐着她要坐，关键旁边还有一小排椅子是空的，地铁还有两分钟就到，我想算了吧，不跟老太太一般见识，我就去旁边坐了😅然后我到知乎上全面的说这件事，其中有一个环节是我的一个同学在等地铁的时候吃东西，然后有一个上海人评论，全面抨击我吃东西的同学，说他们上海人在进了闸机口就不会吃东西的，说我们没道德什么的只字不提上面那个老太太。（我们在南京都会吃，进地铁才不吃，南京的要求就是地铁内不能进食。)我们的确不了解上海的政策规定，关键是等地铁吃东西的人真的很多啊，PS有一天晚上我们在地铁里，还有一个优雅的上海女人在优雅的吃哈根达斯，我跟她对视了，她轻蔑的撇开了视线，她跟她老公一起说上海话聊天应该是上海人吧，而且看起来很上海，五十来岁。。反正那个评论的上海人又秀了一波优越感，他们上海人就不会吃东西，我们外地人开就没道德，老双标了。	Potentially
实话实说，这小黑孩的照片我居然感觉有些惊悚	Potentially
这是被黑吗？只是把东北人所作所为如实说出来。	Potentially
如果你真的受到了男同骚扰的话，我觉得你有权说这句话。但我想请问一下，你是在怎么跟男同隔了十万八千里的情况下，还能被男同给刚上的，隔山打牛吗？	Potentially
真正经历过的都知道这是不知情的想当然而已，国内之所以有打拳的市场，就是因为太多人都是你这样想法，宁愿一棵树吊死罢了	Potentially
现在也没有少骂啊 都荷兰喷子 恶意地域攻击	Potentially
小仙女真是心地善良呢，为什么不让流浪猫住进她家呢	Potentially
才10年，粿籹就该直接枪毙	Potentially
黑人，沐猩而冠。	Potentially
建议小蚬屡加大力度，最好见面就得送一万元的东西，这样舔狗龟男保证死绝?	Potentially
对真的碰到这种气死了，有些人来上海要来的，来了上海之后骂上海人配不上这个全中国的上海，打压上海文化（比如方言），还因为“上海是全中国的上海”来说本土文化被打压是应该的。我吐了。	Potentially
毕业了跟他去非洲做非洲酋长夫人呗😆	Potentially
现实里女拳没网上猖狂可以了	Potentially
我魔都是重灾区，能黑到小品舞台上，全国人民笑看上海娘娘腔男人和拜金女人。	Potentially
我现在非常需要这些三非黑人的证据，越多越好，最好能证明是三非，楼主麻烦联系我一下	Potentially
我不恐同，就是单纯的厌恶，觉得恶心，不为别的，就为txl群体传播x病，还要骗人形婚，毁人一生。运气差一点的，只是被骗婚。运气再差一点，被骗着生个孩子，把孩子也毁了。运气差到爆的，被人骗婚，还被传染上x病，这就是txl群体干的好事。	Potentially
我反同，我健康，我快乐！老子喜欢再健身房里一边锻炼一边反同，那感觉老爽了，哈哈	Potentially
但你谈一个并没有很优秀的外国人，说出来收到批评是很正常的，女人的肚子和孩子的脑子是一个国家最重要的战略资源，里面装什么东西是关系民族危亡的。比如我本来不是种族主义，后来看到中非混血儿，还有他们要把中国染黑的言论，尤其是难民把一些国家搞乱套的事，让我有种发自内心的生理性不适，生物入侵既视感。	Potentially
出轨直佬，我呸	Potentially
中国对男性太宽容了，就算男明星长得是个屎也没人说。女明星稍微胖点就有丑男批评	Potentially
没搜到就是我信口开河？985的留学生哪个不换十个八个中国女友的？easygirl称号白叫的？你没看到就是不存在啊？当然对我来说无所谓了，我也不在中国了，女友越南人，国女easy不easy与我有什么干系，只是苦了郭楠们了	Potentially
豆瓣是女拳掌控的啊	Potentially
识别山西人的办法：让他往鼻子里捅卫生纸，拿出来是黑色的就是山西人🤭	Potentially
明明是外地人歧视上海人😄	Potentially
那不至于，我看着江苏跟广东互黑比较多，再就是跟那几个一卷的省份互相黑比较多，主要是老说要吊打这几省的高考	Potentially
日本的东北人确实多，我去日本的时候导游就是个东北人，跪舔日本，还爱忽悠游客。但日本东北人多的原因难道不是因为两地挨得近吗？换什么地方旁边有个人均收入高你一大截的地区当地人都会被吸引吧。	Potentially
所以我从来不看女人的朋友圈	Potentially
不要把男女和结婚，生子联系在一起就行了。只要大家不结婚，不生子就好了！只要男人还在乎这个。就会被女权控制。	Potentially
本安徽人来说一句。浙江人是不屑于地域黑的，他们都钻到钱眼里去了。没时间没精力地域黑。他们的好邻居江苏那可真是地域黑十斗，江苏人独占八斗。比完经济比教育，比完教育比两院，比完两院比状元。身在江苏，没几个屌钱。动辄我苏天下无敌，宇宙苏。身处陋室，捡破烂，到了网上那可是阿拉江苏人	Potentially
伤心是湖北官方对这件事情不重视 疫情期间一个广东的骂湖北 直接被拘留了 轮到自己就不说话了？伤心是因为我们贫困县都捐了物资 一方有难，八方支援。 轮到冯丽事件湖北一句话不说。我饿了你给我点吃的，我吃饱了骂你??你愿意吗？你开心吗？你没意见吗？	Potentially
蝻蛆少管女人的閒事好嘛真不要臉太下頭	Potentially
电子烧鸡还不是要真人使用？	Potentially
只不过给自己的歧的找借口掩饰，毕竟直接说歧视同性恋，会显得自己很没素质……但实际上你把他们的借口驳斥了之后，他就会直接撕破脸皮说就是歧视……其实也没办法，反不反同这个好像也确实是天生的，有的直男就是不反同，即便被骚扰只会反感骚扰他的人但是仍然不会反同，有的直男即便没有接触过任何男同，也仍然反同……	Potentially
生黑孩的女人！！！	Potentially
同意，HIV病毒携带者用简易方法很难查出来，所以也奉劝那些用试纸查完就跟黑哥哥起飞的妹子慎重。	Potentially
再来两张中国三非黑人暴动图！这些都是官媒没有的	Potentially
多谢这段视频，把犹太人祸害全球人类各民族罪恶嘴脸公之于众	Potentially
黑人如果多了，闹分裂了，圣母们担的起这个责任吗？	Potentially
只能说荷兰人是这样的	Potentially
之前有人信誓旦旦的讲要娶国外妹子，配不上国女🤣我说，这是你自由	Potentially
只要这女的以后不拖着个泥娃娃来欺诈国内彩礼钱，谁管她	Potentially
这就网上的拳师吗，我吐了	Potentially
这女的张口就来，发学信网认证啊。	Potentially
多了去了，中国到非洲援建的工人好多在当地找黑妞然后干完活就跑路	Potentially
猩猩会打篮球吗，不是只会一遍采棉花，一遍吃西瓜吗	Potentially
帅个屁，你这是什么审美，或者阁下也是黑猩猩？	Potentially
我大江西果然没有存在感😂😂😂	Potentially
东北人吹张是英雄，发动西安事变将功抵过，差不多得了??	Potentially
冷暴力算不算家暴？限制消费算不算家暴？如果都算，那其实女的家暴男的更多。	Potentially
看看同恋是不是天生的，只不过是找个跟自己一样苦的人渡过找不到真爱的日子	Potentially
说白了，和闺蜜感情不够深，要不就是自己内心潜意识也能接受默	Potentially
这女虫且应该成了脑瘫了叭？	Potentially
劳森歧视中国女性的时候你怎么不发声？绝大多数黑人就是没有素质，就是习惯伸手就来，张口就要的生活，不然非洲资源那么丰富为啥没有大规模的产业与工厂。现在的事实就是黑人搞双标，自己种族歧视最严重，利用种族歧视这张牌恰烂钱，疯狂歧视亚裔特别是中国人，美国那边就是这样，非洲那边更是一样。不要圣母心了，作为一个中国人，提高自己的民族自尊心没有错，与其研究反对国人厌恶黑人，不如好好去看一看黑人中主体的思想中会不会感恩，（他们是基督徒只会感谢上帝）会不会自立更生，有没有负责到底的责任感。	Potentially
楼主可真有意思，跟地域黑讲道理，讲得通他还是地域黑吗，认知能力和价值观是很难改变的，这种人离远点就好了，否则就拉低自己层次了	Potentially
正常东北人是不歧视的，但不得不说，在东北，东北红脖子和东北奸都是有的，前者认为东北最好，目空一切；后者认为东北最差，南方是爹。	Potentially
说的好像浙江人分的清南北一样？	Potentially
是普信杨笠，又是下头的一天	Potentially
你们基不上药的真面目更妖	Potentially
有真正的信念，坚定不愿意跟女人结婚再进。墙头草勿扰	Potentially
钓鱼的韩国女拳已经没有发言权了！魔法打败魔法	Potentially
因为女拳绝大多数人腿上都有个♠️	Potentially
(不是说你)女人就是心胸狭窄,嫉妒心强,看见别人的碗比自己的大,就想方设法地想抢过来!还说:我们的碗应该一样大,既然你的比我大,就应该平均分!_x000D_于是,她们准备:把男人和女人的碗都摔碎,然后平均分~	Potentially
中国男人家暴了那就是因为xdz把自己的负能量发泄在配偶那🤭	Potentially
为什么不发中国的研究？反同的是中国人	Potentially
最怕的是那些跟黑人玩过的烂裤裆，哪天她不玩了，突然装纯了，以前的过去隐藏的好好的，找到一个老实人，然后突然变成了贤妻良母，这才是最恐怖的	Potentially
单亲，带黑娃，怎么也会被人说的，被人疏远的。就因为这个黑娃，她这辈子是没了，这黑娃还要上她的户口，到时候这黑娃在中国生活也会很艰难的。	Potentially
国铝只会pua国男，怎么可能骂洋大人呢	Potentially
这事我支持，铁t性别女，心理男，理所应当拿彩礼	Potentially
我不太清楚，反正跟黑人乱搞的，无论男女，我都发自内心的恶心	Potentially
同是病，需要治疗	Potentially
原来就有人水过帖子了，签名骂女的很快就会被删，但有女的签名骂男的没事	Potentially
无耻者无畏，无耻者无惧，人家都不在乎你激动什么？难道你还想接盘？这种女人我连看的兴趣都没，难为你们还要生气。?	Potentially
虽然但是，到江浙沪做人力资源的河南包头，是真的十有九骗…我们那做农产招人的，遇见河南包头都得留心眼，信用奇低不按合同办事，契约精神几乎为零😅😅算是给河南招黑的老源泉了…请河南同胞们明察下，绝绝子。	Potentially
女拳发财新手段	Potentially
是是是，北方都是人上人，也不知道为什么只有“南下打工潮”没有“北下打工潮”呢？	Potentially
那黄精灵有种去找格格巫啊	Potentially
大多数来中国的老外都有一个目的，搞中国姑娘，花中国姑娘的钱，让女方买房，买车，生娃，无聊时家暴	Potentially
时代变了，谁还偷这玩意，费劲还不挣钱，假和尚在河南才多🤣🤣🤣🤣	Potentially
如果能找到真爱，相信大家也会祝福女方，但是千万注意不要被拍成H站主角或者配角，还幻想自己碰到真爱，拉低国女水准。	Potentially
也是，多谢提醒，他们的爱其实和主人爱自己的宠物是一种爱，有的还夹杂着奴态媚态的国际化的姿态，挺恶心的。由其是前者是那些布尔乔亚女性，原先还听说过她们和狗发生性关系，可见她们的空虚，也替她的家人感到不幸，不仅被默绿，还被狗子绿。	Potentially
基佬自己心虚	Potentially
我们已经被黑好多年了，现在河南人一和别人争论，别人就会说不愧是名声在外的河南人，几年前抗日剧很普遍时，还经常有把河南踢给日本的言论，，	Potentially
我也是这种感觉，感觉对黑人的一切都有一种心理膈应。	Potentially
真是虫混和它们祖先虫类真是天生一致直把他乡做故土的寄生虫还大言不惭说它是我过人从这片土地的记忆里就从来没有昆虫纲国际鬼子虫类及其它们后代虫混。	Potentially
嫁黑男是你的自由，但请去它们国家，别在又想在中国占着资源，还骂着我们国家的男性，你，不配，可懂？	Potentially
这片恶心的是结尾给女主洗白了，因为小时候被老妈情人侵犯，跑路致残，渴望爱情，所以才诬陷男主，	Potentially
很多地域歧视都是来源于自媒体，有些自媒体专门带偏风向，只报道某省份的黑料，让网民形成了固有印象，认为这个地方经常这样，但其实要找黑料的话哪都有，并不是因为在谋省就更多	Potentially
黑人在犯罪方面很强势	Potentially
东北这几年被黑是不争的事实，但是我觉得东北自身也得找找问题。东北人的确观念比较落后，官僚主义严重，也不怪外人黑我们。	Potentially
这只是个例，那你是没见过江浙沪一带地域黑别人的。	Potentially
物化女性的到底是谁	Potentially
搞种族歧视是不对的，不过先看一看非洲艾滋病流行率如何？	Potentially
河南比较特殊。河南有2300万人常年在省外漂泊，某些地方的人会认为这是一种“人口扩张、文化侵略”。你没见过真正的“排斥”，那是非常可怕的，搜一下“印尼事件图片”就知道了。印尼事件中，受害的都是广东同胞、福建同胞。另外，举个例子:江浙沪（吴语区）的吴语，迅速断代、灭绝，他们可能会认为这是外地人/内陆人太多而导致的。江浙沪的户籍人口严重老龄化，迅速被“中原各省”的人口替换掉。。。总之就是利益冲突	Potentially
乾坤再造日，桖洗嘿枸时	Potentially
哈哈哈哈哈，果然是女人呢，制造集体记忆有一手啊。说说你姐在德国哪个大学留学的？哪个城市啊？好巧不巧，我也在德国待了半年。德国的情况我还真清清楚楚。?	Potentially
😆我也发现广东🐵最爱地域黑。我现在看见广东ip就提醒他们该吃🍌了😆	Potentially
老话说：女人无辈分。老话又说：女人嫁人相当于二次投胎。一个人的选择很重要，一个女人的选择更重要，因为女性是要生下一代的，但凡智商在线会为自己后代长远打算，也不会选择平均智商低到下限的黑，不想做后代的罪人！	Potentially
没错，有的是真恶心🌚他们有时候想掰弯你就挑逗你，满嘴xing暗示的跟你聊🤣我碰到过，烦死了，真的。。。。终于理解了为啥有些女生讨厌色lang了！这不一回事吗。。。。然后你反驳他们，他们说你歧视，，，，然后他们有的骚扰你，你说出来了那些搅💩棍反倒不说话了。	Potentially
非洲人真的无法苟同😲😲😲台湾人打死也不嫁，又穷又老色胚，日本人，台湾就学他们的。中东太乱，其他还好了。	Potentially
这是大胸妹，她是个精神茶党	Potentially
回复楼里这个被我说破防的。为啥“有没有可能把人类分为男女属于封建余孽”是女拳？可以解释下吗？我觉得无C阶J应该是一个整体，而不是男人和女人，更不应该只争取某单一性别的权益就是女拳？那你这就被我说破防了，急的拉黑我。是不是跟大女权主义分子样虚伪的大男权主义分子？正因为我认为人类应该是个整体，所以我反女权，男权应该不会跟女权样认为人类应该分为男女吧？	Potentially
哈哈哈哈哈哈哈，笑死了红毛鬼子，我感觉问主就是来钓鱼的	Potentially
那种鬼畜幕狗别理它	Potentially
03年年关，河南农民工把工地上值钱的钢材都偷去了，谁家不过年，包工头有原罪嘛？扣去发工资，补材料，河南人，那年我家，过了一个苦冬，谁家过年吃煮白菜啊。你说别人黑你们，那是因为有人做的不对，而且大部分人都是这样。	Potentially
震惊宇宙，外星人惊掉下巴，召开紧急会议，讨论地球上的人类越来越少了，你们看日本这个郭嘉，已经找不到自己民族的年轻男人了，让一个人猩混合动物出来代表整个日本大和民族。太恐怖了，欧洲各国也都遍布人猩混合动物，再这样下去，地球上会变成全是人猩混合动物的猩球，到那时我们占领地球还有什么用，现在决定放弃未来占领地球的计划	Potentially
我个人亲身经历，去过挺多地方，遇到的人有好有坏，最让我印象深刻的就是在我们山东某市，这里东北人很多，但这个城市包括这个城市的人给我的印象特别差，可以说非常差，反而在这个城市的东北人特别热情，就真是讽刺，当你觉得同省的人会更亲近一些时，结果是还不如人家外省人对你热情	Potentially
“偶系东北黑涩会，里地鹅几在我手萨”呐！我没冤枉你吧，一听口音就知道是东北的，东北都是黑s会🐶	Potentially
我还看到基层女性工作人员对村里的二代小黑猴也是格外关照的😭，那姨母般的笑容可不是因工作原因演给别人看的	Potentially
理中客就是女拳和舔狗扮的	Potentially
她们自低自贱我懒得管，但是她们的存在会让我国混血变多，艾滋病变多，这才是大问题。入汉族的黑串串已经很多了	Potentially
算了吧，每个男人在高龄光棍前绝不会以为内卷的会是自己，他们年轻时都不会找这种女人，直到四十岁还打光棍是时，没办法才病急乱投医，但这些女人会找年龄一大把的老男人吗？	Potentially
真的是快要超出我的承受力了，这女的这么恶心人的？	Potentially
基佬只是不搞女人的渣男，除非他不渣；但基佬不渣还能是基佬吗？尤其是骗婚的。	Potentially
同恋刷屏有多讨厌？对有孩子的父母最明白这一点。对智力还没有像正常人一样高的同恋，始终要有一点耐心处理所以让父母很难受希望同恋能明白父母含辛茹苦的养育之恩，知道自己孩子是同恋就像长不大的孩子，这对父母来说真的是很痛苦的。	Potentially
所以家暴对男人没有任何好处，只会让女权和男舔们抓住把柄来反击	Potentially
我是支持的理中客和鉴权♂太多早该砸砸了还有那种乱开黄腔然后后面个狗头的低能	Potentially
广告宣传是女拳重灾区，也是私企现在唯一被女拳把持的地方。不认品牌，让私企裁掉广告宣传部门，网络女拳消失一大半。	Potentially
民智未开的地区，不知道有多少传统陋习	Potentially
有事实 有证据 啊 河南拉帮结伙地域攻击东北啊	Potentially
今天我在楼上按了一下电动烧水壶的按钮有一些她看不明白的功能被按出来她认为我把她的水壶按坏了于是大发雷霆，但是其实没坏。我说我看一下说明书，她拒绝让我看并让我滚开我坚持要看，然后给调回原有模式她依然大发雷霆，因为我擅自动了“她的东西”我说这不是你的东西，也是我的东西并且指责她大惊小怪，小题大做然后她因为我的指责，彻底失控，大发雷霆女人都是***么最近她学习考证压力大，情绪不稳定；但是我不接受这种绑架。因为你压力大，所以你大惊小怪乱骂人也是应该的？源头上为什么你觉得我按一下电钮就是大逆不道，应该发火？那狗咬人也是因为狗感到惊慌失措，难道人还不能抡起打狗棒教它怎么做一条好狗了？笑话。	Potentially
你们卫辉官媒黑山东 不是让山东来救援的赶紧滚吗	Potentially
你这个南满	Potentially
齐齐哈尔人，也考来了抚顺，也听过类似的言论，呵	Potentially
河南担吗😆	Potentially
喜猪妹狂喜	Potentially
同意，哪都比国内好👍️	Potentially
我们的孩子不会这样。这些都是猩猩。	Potentially
亩人需要被尊重？	Potentially
你是gay？	Potentially
有趣的事，这些女的都是坚定的女拳🐶	Potentially
这都不带河北，河北是真没存在感啊	Potentially
杀不尽的舔狗?	Potentially
错误，黑河南、黑北方的都是南满	Potentially
现在还想结婚的男人，不是**，就是不差钱的土豪	Potentially
搜集一切♀✊暴行，向全世界倾诉我们的苦难，以史为鉴警示全球男性。	Potentially
知不知道美国有个专门给黑人找爹的节目？	Potentially
好好上个高中，放学回家，门口就有那种外地来的游客，操着不知道哪的口音，看到/听说我们这有个高中就开始了：“北京孩子300分清华北大”，也不知道是闲得蛋疼还是咋着，上次我们差点追上去囧	Potentially
我冷漠你怎么了？你以为你是谁啊 现在的同性恋都这么叼吗？不给别人冷漠你了？	Potentially
是这样，有一次我们朋友聚会，去的那个女的请了个黑人来，我们都不高兴，下次不愿意和她一起聚。我们私下也认为这女的脑子有问题。那个黑人不过是那女的普通朋友。如果他们的关系是男女友，我们还真会避开。她后来嫁给美国白人，也是离开中国了。	Potentially
我们对黑人（功成名就的不算）的看法，不就和以前欧美对亚裔的看法一样吗？都当对方低人一等，有各种各样的毛病。大体感觉就是较落后的地方来的乡巴佬，能配上自己？	Potentially
什么仙女营销号，这么快就破防了	Potentially
然后畒被男人压在夸下摩擦了几千年，现在有的一点权力还是男人施舍的？看来还不够完美	Potentially
他们找黑人媳妇纯属是觉得不要彩礼还能干，女性是奔着感情去的，大傻子😑	Potentially
引进黑赚钱。	Potentially
我看台湾不光该骂，简直是该打！	Potentially
原来豆瓣知乎是给男性用的啊😄受教了。既然知乎是给男性用的，你能不能销号啊	Potentially
母豖天生会pua	Potentially
因为丈夫（未婚夫），公婆是真正受压迫者。那些中老年断子老苟内心巴不得这种状况愈演愈烈，它们好作威作福，充分体会欺负人的乐趣，所以它们是网络女拳的主力军	Potentially
我觉得我也思想有点问题，是个女生双性恋，但是我觉得女女可接受（因为我也是）但是我觉得男男有点ex???我一度怀疑自己是不是毛病...明明自己也是被这个世界不认可的人居然会有这种思想，真的很不好意思	Potentially
其实我对男同怎么的还真没什么看法，我歧视的是在到处瞎叫唤男男的女生，她们没觉得自己很恶心吗？还好意思指责别人鄙视同性恋，都是她们整臭的🥺🥺🥺	Potentially
飞周兄弟还不认亲？兄弟啊，还袭击？	Potentially
还有吃生猪皮的东北云南人😆😆😆	Potentially
一个烂货，有老公，有小孩，喝酒抽烟出轨，乱搞男女关系。开了私密模式，关了私信功能，私信不了，只能在视频评论区艾特她骂。	Potentially
不会的，她们反而更会唱黑人，发表恨国言论，就很花了钱看了场坏电影，不能就我一个当傻子，所以我给它满分好评去骗更多傻子，这样心里舒服多了。	Potentially
找不找我不会批判，但是你找了之后还要来得瑟一把，我就要批判了，最好这样的女孩子找了老黑之后跟着他回他的非洲大陆	Potentially
恋爱自由没毛病，嫁出去没人说啥。留国内再加几个混血，是对民族不负责任。别的种族我不说啥，任何国家黑人多了，都是犯罪和冲突的泥潭，无一例外。中国即使只有1%的人变成混血黑，那都是大问题。	Potentially
在中国，找黑人的女生都是高知群体，有较高学历，姣好面容，外语说得好，有国际眼界，思想前卫的。和男生相反。	Potentially
非洲有文明吗？非洲有文字吗？非洲原始部落。	Potentially
不能叫摆烂，这样就非常负能量了，不符合主流价值观而且让我们处于舆论下风，我们要学习女性的语言腐败，这叫做解放男性、人性化。	Potentially
嗯是的主要还是嫌这种女的脏，不会这种女的是你吧	Potentially
黑人除了特别优秀的黑人，如奥巴马之流，其余的都不行啊。	Potentially
十月怀胎，黑小子呱呱坠地，你沉浸在做母亲的幸福里，却发现，小孩子们都不愿意跟黑小子玩，黑小子学习东西很费劲，考试总是最后一名，也没有朋友，所以这时候学校就及时出了规定，每个黑小子要配上2个以上的女学生做“学伴”以避免这黑小子寂寞。当然，这些女学生得找无权无势的，另外，假如她们不小心怀孕了，学校还给加学分，保研😆	Potentially
100万都不愿意拿出来，肯定就是不爱你，没必要为了他，让你爸妈担心，他连最基本的安全感都不给你，何必考虑他，直接分手	Potentially
少了，以前看新闻一黑人，污染过一百多个女的，警察问他，他说要解决生理需求，又有女的玩，干嘛不玩？	Potentially
我们国男不就是女拳的敌人吗，那敌人的敌人就是朋友🐶	Potentially
川吹造谣川军350万算地域白吗😅	Potentially
所以我劝如果男人脑子不太聪明分不清sao货和良女的话，那就自律一点，不要婚前性行为，也不要婚后嫖娼 这样百分百没有病	Potentially
都他妈是一个中国人，黑哪里都是黑自己	Potentially
刚要骂，一看原来是进女权吧了，最近女权吧反噬有点严重啊，什么时候再图图啊	Potentially
上海是哪里的人都黑，除了环太湖不黑😅	Potentially
black，neger，意思是黑狗	Potentially
小仙女好疯	Potentially
尼的基因拉低颜值	Potentially
基佬举报的呗	Potentially
我就是死了都不碰黑妹😅	Potentially
万万不要和女人争吵。每争吵一次，你至少有三个错：1.论点本身是错的；2.错在不应该争论；3.错在没有好好道歉。	Potentially
娶黑皮女生的小孩就是中国人了？基因是由母体决定，你跟黑皮生个小孩生的孩子就是黑人。怎么，这就不是扰乱中国人的血统了？	Potentially
这是黑砸的正常操作，如果有做好事的新闻才是不正常	Potentially
最早捕捉贩卖黑奴的就是阿拉伯人，而且对于公的黑奴，都是要骟了的	Potentially
所以为了不产生家暴建议女拳嫁给黑黑	Potentially
如果黄和蓝真的只有颜色不同，那还真能说道说道。然而现实中的黄在体力劳动方面并不和蓝一样。这个问题把黄蓝之争中劳动力差异的因素抹去来谈论所谓的剥削和对立当真是可笑至极。我看不到现今社会对女性的压迫，法律量刑普遍偏轻，某地区女性部分犯罪记录封存，只要高喊xsr就能让别人身败名裂，还有专门的组织在争取更大的“平等”，魔幻	Potentially
这是一个基佬群	Potentially
浙江 还有狗腿子四川	Potentially
建议仙女结婚前，男性一定要把怀胎十月分娩和坐月子的痛苦都体验一遍，这十个月一定要由她们照顾男性，以此作为她们生育时被男性对待的标准。	Potentially
中国女人喜欢黑人，黑人太大了	Potentially
你应该是一个男人吧？你能不能用的知识回答我，为什么你的基因“本能”厌恶同性恋呢？	Potentially
冲，我们今天都是肖万	Potentially
舔狗给她整自信了	Potentially
把中华城市吧的所有重庆吧友全部说成是我的小号，这个也只有基佬才能达到的级别	Potentially
打压男人让男人沦为舔狗更好为她们服务	Potentially
反三非就反呗过于极端迟早被封	Potentially
汉人自古以来都看不上其他的民族吧，也就是最近一百年年民族团结什么的，不然别说黑人就是一些外貌和汉人区别大的少数民族估计我都看不上	Potentially
你的评论被吞掉我都来不及看了呢。是破防了气急败坏了吗？😄当真是戳到痛处了，也对，普信男是这样的😆	Potentially
我一直没把老黑当老大，他有什么值得我当老大？打篮球？对不起，我崇拜姚明，我也没觉得脏辫好看，也没觉得说唱好听，别在这钓鱼了	Potentially
为什么男人更加讨厌基佬？他们的母亲是男人？	Potentially
同的智商低人尽皆知	Potentially
有些人就是认为恐同等于反同，他们不理解我们，我们也不会尊重他们的	Potentially
很合理啊，这不就是正常要求嘛？可惜蝈女基因不行。估计完成不了几条	Potentially
好斗是黑的本性	Potentially
白人欺负黑人,要发声。黑人欺负黄种人，沉默	Potentially
黑狗在犯罪方面很有天赋	Potentially
就是答主这样的男同太多了，才越来越觉得男同里三观不正，素质极差的人占大多数😄	Potentially
可是人家也没有黑河南啊，只是说一些河南人欺骗过他们😅	Potentially
喂喂喂？基佬还能讲话吗	Potentially
我补充一下，男的是不是可以坦白自己的pc史，这不比交往一个外国女友严重？	Potentially
哈哈哈，评论太搞笑了，实锤证明上海被地域黑最严重。	Potentially
我周围确实有关系特别好的黑龙江人，但总的来说，概率不高，可能自己太low吧，水平高的人接触不到😅	Potentially
那我再河南上学，一回家就有人问我有没有被河南人坑。	Potentially
杀光女权，一个不留！	Potentially
同癖:全世界都是同	Potentially
中国引进那么多，迟早都会出现这样的情况	Potentially
一方面，俄罗斯没有非洲殖民史，没有黑人奴隶贸易一方面，全球化时代苏联国籍很难拿，而且非洲人更适合移民到美英法最后，俄罗斯白人至上主义者不少，而且没有政治正确	Potentially
女权能不能自己艳遇找精子生娃啊男的又不逼	Potentially
不，我只看到西安的满满敌意，并且莫名其妙。现在连带着对陕西没有一点好感	Potentially
建议搜一下成都黑帽门女主吴施蒙。正常女性还是占绝大部分，但是挡不住有些中国女人重口味。	Potentially
首先虫类及其它们后代虫混更本就不是所谓人类而在严格定义上虫类及其它们后代虫混是属于野生动物昆虫纲最低等动物	Potentially
我舍友就是苏北男，我对他印象：犯贱	Potentially
女性不婚不育还是太少了，多去劝劝，男性的话就劝他外娶，这是我们的策略。	Potentially
没什么不能接受的，反正迟早会改观的，反观黑人.....	Potentially
成天带妹的舔狗能不能死啊	Potentially
黑人在哪个领域比别人强？嗯，犯罪领域。	Potentially
我们的妇女同志对外民族的包容程度已经达到人类进化史的巅峰，想必用不多久，全世界人民真的可以团结在一起呢	Potentially
说的对因为真正属于它们故土东部飞舟和西部飞舟和中部飞舟和南部飞舟而它们自从踏上飞舟土地都可视为入寝在根本不属于它们土地寄生殖敏	Potentially
绝对不接受这种女性	Potentially
那个女的应该被驱逐出中国，我是乐山人，和她同乡，但我认为就该如此。	Potentially
你接触的太少，广东人也不温和，是看不起人，高冷	Potentially
只能说文化思想领域被打败了，中国的女性成为事实意义上的精神殖民者	Potentially
黑人智力≥70，沃森诚不欺我！	Potentially
地域调侃我觉得没问题，地域黑就是个人素质问题了。	Potentially
还真不是，中国土豪都找国女当小三，玩黑女的也是过去的务工人员	Potentially
不想看见一个小黑皮说他是炎黑子孙，想起来就觉得恶心，就这么简单。	Potentially
提一下同性恋运动的一个精神控制伎俩，我称之为群体PUA。这种策略古今中外都有先例，比如“存天理灭人欲”、“人生而有罪”。通过以圣人的标准要求所有人，攻击正常人会有的心理机制（对异样者的排斥、好色等），从而让对象产生负罪感，并更加卖力拥护提出者所制定的“政治正确”。这种行动方式邪教经常使用，我才说本质上是一种PUA。而且个人行动往往没有有组织的群体行为更加有效，这根本就不是个人行为，而是同性恋宣传的统一行动纲领。在这种宣传下，多数人看到同性恋者就会产生焦虑和厌恶的，同时因为自己的焦虑和厌恶而更加自责，从而不可自拔。	Potentially
那些八国联军和英法联军的种我一般直接选择无视	Potentially
问了几个正宗江西人他们都说除非没办法才取本地女人我说彩礼就要六十万吗有一个回答让我印象深刻他果断澄清哪里要六十万呀三四十万就就可以了	Potentially
但是我们要“理解”基佬，因为它们在现实生活中活得太憋屈了，它们之所以把别人先禁言了又去麻人，就很好的证明了这一点，它们需要发泄，但是又害怕看到那些回击它们的内容，所以只能如此	Potentially
东北被黑就是短视频刚刚兴起的时候 其实也不算黑 就是贴标签 短视频拍的东北人大金链子小手表 现在没有了已经😅😅😅	Potentially
我上次从咸阳机场出来的时候，有一些出租车司机就问去哪，有个人很屌的说我去市政府你能去吗，然后转身就跟身边的两个人说起了河南话，我天津的朋友还说那个河南人好拽啊	Potentially
太逞强好胜的女人实在是不可爱，这种自以为是的女权者总想着和男人一较高下。其实男女都有自己该做的事，不可能平等相等，争什么呢？有什么好争的？男人征服世界就拥有女人，女人征服男人就拥有世界，聪明的女人还是靠征服男人来拥有世界的。	Potentially
大家你们可以精法、精苏、精美也可以精澳、精意，但千万不可以精尼	Potentially
唉，这里的人，这里的评论，在这里性别是女就是错误	Potentially
直到今天。他还不敢拿出证据。它在害怕什么？它为什么始终不敢相信它是个gay？是因为曾被男人狠狠伤害过？	Potentially
别说是非洲人，就连欧美那些发达国家的人都未必能和我们国人能比。为什么说我们国人素质好，看看疫情就知道谁好谁坏。都说疫情是照妖镜。要求我们居家我们就居家，要求我们戴口罩我们就戴口罩。至少我们不会零元购，也不会去抵制疫苗和核酸检测。看看国外，他们的感染人数每天都在上升。每一次我在某音直播看看国人博主，就发现外国人压根儿不戴口罩。所以大家能看到外国人得了新冠，一点不奇怪。	Potentially
我见过最离谱的黑河南人的依据是特斯拉维权那个女车主是安阳人。其他地方某个人出事都就事论事，轮到河南就一个人代表一亿人。	Potentially
果然只有黑猩猩才能干出来	Potentially
中国女权被外国女权歧视🐶？，我们要有民族自信心 ！外国女权明明是眼红我们。	Potentially
凭什么女的能扭男的就不行	Potentially
你们可是中国妇联官方认证的分裂势力，别说什么回送我，我可没被认证过。	Potentially
小仙女的事你少管	Potentially
xdm，以后狊们要是再骂你们茶壶的话咱们就用这个反击吧，懂的都懂	Potentially
换个角度思考一下，体验过了以后是不是就更没必要因为女的生孩子不容易去体谅女方了？毕竟她吃过的苦自己也吃了一遍这样就谁也不欠谁的了。	Potentially
有娶黑女的，生下的小孩也是小黑孩🤣	Potentially
忘记发总纲了，这里补一下。目录女拳定义篇个人篇舔狗篇家庭篇职业篇企业篇社会篇政府篇女性篇国际篇后记	Potentially
兄弟，辛苦了，现在喷吧基本被拿下来了，就鬼母跟几个还在苟延残喘，好好休息，明天再战	Potentially
支持小氙钕	Potentially
本来就是普男和全女收益，顶男根本不在乎这些虚的	Potentially
我们男性应该好好学学法律，省的女犬发情腻上你，你不愿意就诬告你强奸?	Potentially
你因为性取向而不尊重我，而我受得了，这不代表其他的gay/les/bi，尤其是那些青春期的孩子也受得了。	Potentially
潮汕火锅天下第一，潮汕彩礼也天下第一	Potentially
俺也一样 来人给我戴个种族歧视的帽子	Potentially
这不是它们饿死不种地，渴死不打井	Potentially
中国一女生被黑人当街指着鼻子骂，而她乖的连话都不敢说	Potentially
这是平权的一个过程，没办法，平权从来就是个漫长而又痛苦的过程，充满了偏激和矛盾，你看美国黑人平权那么久了还是一个样的偏激，都还有很长的路要走，等真正平权了这个现象也就消失了😎	Potentially
洋精金贵，婊们自掏腰包去求来的	Potentially
女人直接就给敌人生孩子了，不仅如此还会为自己开脱，美名其曰：我们是为了爱情！	Potentially
老子正常性取向还得归功为性教育缺失是吧，你们政治正确够可以的，差不多得了呗⁉	Potentially
整急眼了我可以干猪，但是不会干有过黑人男友的女人	Potentially
黑二代真是黑，偷渡来中国，连个回答都要学你碟黑着来匿名不敢明面回答	Potentially
陕西人确实是这样的，看不起附近几个省份。	Potentially
黑人不干活，白得20万。国人在拼死活供他们。吃喝嫖抽。一帮废物，能帮中国什么？滚蛋，wwe草，啥也不懂	Potentially
上海歧视是真的有	Potentially
不听老妈实话整容，信路人化妆，幕刃智商可以的	Potentially
有一部分南方人是不是分不清北方口音啊 上次我在东莞看见两个人吵架 一个广东本地的 另一个明显是唐山口音 旁边就有人说:哪里的？听口音东北的吧😲	Potentially
不看av我大街上拔黑人裤子吗？av里面亚洲人也没有大屌啊	Potentially
舔狗妄想感动别人，可惜只能感动自己。还沦为别人的笑话	Potentially
谈恋爱，结婚，最拉低男人生活质量	Potentially
目前关于lgbt的一切问题都还处于纸上谈兵阶段，所以千万不要这么说，反同也是为lgbt发声的，比沉默的大多数更能看到问题至于解决问题的方案，也不是反同或者lgbt本身说的算的，还是要上面结合社会实际情况来做决定。虽然目前还是被无视状态。	Potentially
黑人就是不老实，脸皮厚	Potentially
不拉女的就是了，吊事没有	Potentially
但是归根结底，单是弯弯还是不成气候，背后另有其人。	Potentially
错了。江浙沪是地域黑输出最多的地方	Potentially
安徽人在江浙经常被歧视，其他地区还好👍️	Potentially
这不就是虫类永远延续着没爹的铁律	Potentially
就会说南蛮，字都打不对，还真被河南人骗过，不知道你是哪的人	Potentially
女人会通过对方的态度，而非理性，判断强弱，所以舔本身就暗示你是弱者，除非有明确标价的东西提示你是强者，而女人是侍强欺弱到了极点的。。这不仅是女人，而且是东亚的一种天性。这就像一个sm天堂。	Potentially
小仙女的后宫可以贷款帮她完成任务诶	Potentially
回非洲去吧。你自己说你是中国人，但是中国人不会认同你是同胞的。你只会在中国社会的排挤之中成长	Potentially
对的它们国际鬼子虫类及其它们后代虫混在全球就是老鼠耗子过街人人喊打	Potentially
山海关里边的大人，咱惹不起。卷不过别人，就只能黑点关外户聊以自慰了。这是历史常态，古今台外都是如此。连萧山的都不算杭州人呢😆 你跟他们争什么劲。	Potentially
崇拜黑人的跪族男孩至少不给黑人生猴子的吧？😢	Potentially
中国抗日时期特么最恨日本就是东北和四川了，这人学过历史吗	Potentially
成都自杀女教师吴诗蒙确实是被老黑睡服了！不是崇洋媚外！不是崇洋媚外！	Potentially
这个索玛女王，应该绳之以法。怎么就没人管？	Potentially
黄河水洗的黄皮肤 5000年都没变的颜色别再过几百年全黑了	Potentially
“男人可以媚黑女人不行的问题，那你怎么说服她们,她们看了不管心里怎么想黑人肯定跟你刚,你可以换位思考下”我就是你说的这种心态，我讨厌双标男胜于讨厌黑人，毕竟黑人这种生物不接触就可以避免了，但这种双标男知乎到处都是，不停的给人洗脑男女有别	Potentially
你就差与猩猩终成眷属了！?	Potentially
爷又来了，楼上那个低能也就敢在网上叫一叫了，在现实中连句话都不敢说，我要是遇见这样的txl直接煽风点火孤立***	Potentially
黑政府不作为，假模假式倒还能理解，黑唐山人我是真的一直都看不懂。黑社会多，明明最受苦的就是唐山的老百姓了，还要被网暴？	Potentially
上海可就这几个月的事，原来上海人骂东北人可欢了，可是你也不能反驳，支持东北的毕竟是少数。	Potentially
应该在随机带走几个lkd	Potentially
挺正常的，上次有个采访，一个白人女嫁了中国人，也是被她的圈子踢掉。当你选择了异类，就要有被排斥的觉悟。不过，奇怪的是，娶了黑人，白人或者越南人的男性倒是很少见他们被排斥……	Potentially
我没觉得中国人有多善良，去非洲搞当地女人的中国劳工有的是，回国了，扔下女人孩子跑了 和非洲那些来中国的留学生有什么区别呢😅	Potentially
是啊，好姐妹嘛。gay多数都是妇女之友	Potentially
害，上海那嘎达嘛，本来没啥感觉生活中没怎么接触过上海人，扔菜事件后对上海再无好感，可笑的是辽宁之所以能够保护自己，是因为那个捐菜的领导是上海人，了解上海人的天性，才能预判上海的预判，我......	Potentially
她们又想刀谁去爆金币了吗	Potentially
得了吧你，你管这种东西叫喜好？那你去嫁给他们好了	Potentially
第一印象，河南：穷，人多；东北三省：出生率全球倒数第一；新疆：治安可能不是很好	Potentially
黑龙江人还歧视辽宁吉林人，说他们的口音怎样怎样😄😄	Potentially
朋友说河南人偷井盖很正常	Potentially
要确保女厕所数量多于男厕所，男厕所多于女厕所是违法滴	Potentially
北方：女人不能上桌吃饭，封建落后，南方：女人不能上龙舟，你要尊重当地风俗	Potentially
此事“女拳”功不可没。	Potentially
被评论笑死，来江苏上学，狠狠体验了一把被歧视的感觉，嗯，当然是个别人。不过这是我在银川没感受过的	Potentially
这是正常人该有的反应，但是这个**女从头到尾做了啥呢？	Potentially
也就是单纯的觉得和黑人好的女人都是脑子有毛病，智力有问题，这种傻子那个男人肯要	Potentially
韦小宝他妈都不接洋鬼子	Potentially
楼主这讽刺太有力度把跪虫族和国际鬼子虫类及其它们后代虫混描写淋漓尽致	Potentially
南方人黑陕西可能是因为江苏、浙江陕西人很多，跟河南一样出一两个人啥b就会扯到整个陕西身上	Potentially
其实你们选择谁真是你们的自由 我也不关心你们选择那个国家的 但比较恶心的是很多和外国人生孩子的 入籍中国加入汉族 看到差点吐出来 我只想我的民族不会被污染 我住的小区外国人也有好几对 唯一恶心的就是我隔壁的了 白皮 白俄罗斯还是艾沙尼亚的 生了两个小孩 入的中国国籍 加入的是汉族 当知道的时候胃一阵翻滚 有段时间天天想着送它们去见上帝 虽然懦弱了 胆怯了 。只要还在我隔壁 我就会一直盯着它们，直到它们去见上帝	Potentially
黑蛆属于机会生存，被带出蛆巢时很开心。	Potentially
兄弟们，咱们不要拿这些凤毛麟角的人物来代替99.99%的铌铬	Potentially
你也看到了，就算我这样回答还是有大波人攻击我。我害怕啊，有些没有脑子的极端南拳太可怕了。我不是泰森我可防不住，只有匿名咯	Potentially
说真的我在部队黑河南人最多的是河北人🤣	Potentially
其次，年轻男的为了要孩子不得不迁就，昧心压榨亲die亲妈，只为博老婆一笑。甚至条件差的男人会出卖人格和自尊当上门女婿（半主半朴）很多男人精神苦啊！难过啊，自责啊，可他们无力对抗各阶层女拳，断子老苟联合起来的强大势力！于是为了活下去，只好拼命合理这种畸形现象。一旦发现哪个男人言行动了他的伤口，破坏了他的合理化，便拼命嘶咬，所以越受苦受气的男人越是对“不愿跪”的同性恨之入骨！男舔的仇男与女拳不相上下，甚至有过之无不及！	Potentially
不要接受不了黑人就保守，我承认保守有点妖魔化了，但在互联网的语境下，我认为这不是保守，而是道德尚未崩溃	Potentially
臭鲍鱼打什么码呢	Potentially
就算我祝福大家不要做接盘侠还是有很多人上当的呀那些反抗不了的就享受娶个祖宗把你是伟大的社会主义光辉照耀你喔?	Potentially
离它远点，那家伙浑身都是病毒和狐臭	Potentially
我亲身经历过，我知道黑人体味有点作呕前几天在地铁遇到的黑人夫妻不是特别黑的那种男的体味酸酸馊馊的……我全程憋着不敢呼吸	Potentially
得不得病我不知道，反正狐臭遗传没跑了🤣，估计在中国他的味道肯定会很受欢迎吧	Potentially
当打女拳没法获得流量时，那就反女权获得流量。	Potentially
高等性就是不一样，外国男性放的屁就是香的🤣她们已经无药可救，病入药膏了，让她们自生自灭吧	Potentially
什么？同连小日本都跪？	Potentially
三十岁老阿姨别折腾了！找个厂上班吧	Potentially
上海罕见多啊，老旧租界了，有空可以查一查自己有没有日本血统	Potentially
看到湖北和陕西，我就觉得他们嘴里说什么我都不稀奇	Potentially
。。对非洲女性怎么下得去手?	Potentially
我觉得也不是黑哥的问题，女人结婚时候不是处女我就接受不了，跟他以前有什么族的男朋友没关系。因为我是处男	Potentially
黑人占领整个世界时，就是地球从毁灭的边缘复活过来，因为其它种族的人类太聪明，发明的东西把地球都快毁灭了，而黑人却不同，他们是毁灭人类发明的一切东西，因为他们智慧低下，学不会那些东西，所以会让那个发明慢慢的消失，最后过回原始人的生活，跟动物一样，寿命将活不过40岁，而地球就会回复过来，变成大山大河空气清晰，然后会诞生一种全新的物种，来统治世界，这就是下一个文明时代。	Potentially
我觉得吧只要是遇到对的人，对方也优秀，问题不大(黑人除外	Potentially
装女的骗钱是最简单的加个伪声夹子音数钱数到手抽筋	Potentially
别去宣扬txl跳脚没人管你。	Potentially
女拳师们速来挨骂😆😆	Potentially
继续被黑，继续努力过自己的好日子！如果黑老美骂老美能把老美搞成非洲，那才是真成功！	Potentially
这个索玛女王是什么底细？	Potentially
畒勾最喜欢便宜卖乖了，默做法就是最符合实际条件了	Potentially
难道白人进入非洲之前，他们有什么先进的文明？连轮子都不会制造的民族，能有什么前途？	Potentially
总说黑人运动能力如何强的，非洲有广袤的稀树草原，黑人回去吧，那里能释放你们的运动天赋。我们这里没地方让你们上窜下跳。	Potentially
我吐了，化妆救不了的女人可以滚，美颜救不了的女人可以爬，美颜化妆同时用都救不了的，建议舔狗马上娶了她	Potentially
真是勇敢的小仙女！	Potentially
那我们河南的杨靖宇呢，我都听说过南大人说他是吹出来的😠	Potentially
“网络东北人”不也是把重男轻女的包袱甩给河北人😂	Potentially
一堆普信美女还能有老公啊	Potentially
荷兰霸榜是因为网易天涯那会儿有意为之…但是荷兰老哥们属实聪明 好多年不争不辩了…现在黑东北的格式一般都是 东北人懒 东北人喜欢骂人吹币等等靶点东北人一般不会就问题本身回怼 通常回应方式都是“东北人是你跌”??反正地域黑这事儿本身就不讲理 东北人的性格加持 估计以后长期霸榜了	Potentially
南非从来都不是发达国家，从哪个维度来看都是社会问题极为严重的发展中国家，只不过南非借了指标计算方法的空子，一度让自己的人均GDP到达了发达国家的标准。换句话来说，白人政府造假。	Potentially
终于有一天，男人想起了被女权支配的恐惧	Potentially
我女的想法和你一样我也厌女	Potentially
主动进笼子的，基本就不应该算人了，当然不应该还算什么女孩子	Potentially
当男人崇拜女人时，女人鄙视男人当男人用女人取乐时，女人反而崇拜男人亲身体会	Potentially
《猎默人：尼之噩梦》	Potentially
天下英雄城 文明南昌市🐶	Potentially
我一同学说河南中考体育要考偷井盖，一分钟偷不走不合格😅😅	Potentially
黑就是垃圾	Potentially
讲真的爱谁谁吧。反正不是自己亲戚朋友家女孩，关我卵事。但是我觉得嫁给黑人的国女要自觉点，跟男人去国外，更不要把孩子生养在国内。否则你污染自家祖宗基因别人管不着，但是黑二代污染别人家的基因就说不过去了。	Potentially
应当这样夸它:人家超时空爱情,你是跨物种恋爱.😄	Potentially
中专就出社会的公主罢了😆	Potentially
快手灭了也改变不了东北	Potentially
不会因为那是圣子吧，可是和国人的孩子就不是了，狗头保命	Potentially
嗨人也删了我的帖子	Potentially
广西没啥存在感.😅	Potentially
妈不给男宝性，男宝会爱她吗？	Potentially
“野餐清单应包括三明治、薯片、水果、蔬菜、饼干、酱料、奶酪、饮料和零食等物品。可选物品可能包括餐具和盘子、垫子、防晒霜、帽子和太阳镜、驱虫剂、纸牌或棋盘游戏、飞盘或球等玩具，以及必要时的冰袋。”	None
"""可以用来衡量新营销活动表现的指标是生成的潜在客户数量，这是衡量采取行动的人数（例如加入电子邮件列表或注册产品试用）的指标。这个指标将有助于量化营销活动在期望结果方面的成功。"""	None
两个文本的区别在于A文本使用了“穿着”这个短语，而B文本使用了“穿上”这个短语。	None
"""可以用来计算风险的工具之一是决策树图。决策树图是一个图形化的表示与决策相关的潜在风险的工具。它有助于可视化不同的路径和它们的潜在结果，从而更容易识别和管理与决策相关的风险。"""	None
"""非小说类""。"	None
"""勇敢、英勇、大胆、有力、勇武、坚定、无畏、大胆、勇敢、敢为、顽强、勇敢、坚定、勇敢、无畏、有勇气、不屈不挠、勇敢、鲁莽。"""	None
"从前，在一个遥远的国度，仙女们看着人类日复一日地挣扎和劳作。她们感到了一种召唤，决定是时候帮助人类了。

于是，仙女们飞下来，带来了礼物和魔法来帮助人类。她们在月光下闪烁，撒下仙女粉，传播着爱和善意。每个人都惊叹于这些生物的美丽和力量，并感激她们的帮助。

仙女们带来了额外的欢乐和智慧，帮助人类记住在大自然中度过时光的重要性，彼此友善，不要太过认真地对待生活。

人类永远不会忘记仙女们的善良和魔法，而仙女们也永远不会忘记人类。 "	None
该队的胜率为41.67%（50胜/（50胜+70负））。	None
"""决策树在某些问题上比线性模型更好，因为它们能够捕捉预测变量和结果之间的非线性关系。它们还能够考虑预测变量之间的交互作用，并且可以轻松地解释和可视化结果。决策树非常适合在数据集中找到最重要的预测变量，因为它们可以快速确定哪些因素显著影响模型的结果。最后，它们比线性模型更灵活，可以通过调整参数来适应不同的情况。"""	None
输入1：温度（摄氏度），输入2：湿度水平，输出：空气质量。	None
“贸易逆差是指一个国家进口的货物多于出口的情况。当一个国家的出口价值低于进口价值时，就会出现贸易逆差。通常通过查看一个国家在一定时间内进口和出口的货物和服务的总价值来评估贸易逆差。”	None
"""弹劾是指对公职人员提出正式指控，以便将其罢免。它由一个组织（如立法机构）执行，以调查不当行为的指控，并在发现足够证据的情况下导致官员被罢免。"""	None
“世界上最著名的画家通常被认为是意大利文艺复兴时期的艺术家莱昂纳多·达·芬奇。他的作品包括《蒙娜丽莎》和《最后的晚餐》，都被认为是杰作。达·芬奇也是一位科学大师，发明了直升机和坦克等发明。他还是一位多产的音乐家、雕塑家和建筑师。他的作品激发了几代艺术家的灵感，并且至今仍受到崇敬。”	None
"1. 制定并坚持预算。
2. 跟踪你的支出。
3. 削减不必要和奢侈品的开支。
4. 寻找折扣和促销。
5. 首先偿还高利息债务。"	None
薛定谔波动方程是量子力学中描述量子系统随时间变化的方程。它基于波动方程，描述了具有波动性质的亚原子粒子（包括电子、质子等）的行为。波动方程的解表示波函数，可以用于确定粒子位置和动量的概率，以及其能量。该方程还将粒子的属性与其在空间和时间中的位置联系起来。	None
内质网（ER）是一种膜网络，具有蛋白质合成和脂质代谢的功能。它参与蛋白质的折叠和修饰，并在膜蛋白的组装中发挥作用。它还负责脂质代谢，包括脂质的形成和它们在细胞内的运输。它还作为钙离子的储存器官。	None
“这道菜肴鲜美多汁，令人垂涎欲滴。”	None
现代世界中，计算机科学家的角色是创建、维护和改进支撑我们生活的技术。计算机科学家处于开发新软件、硬件和网络的前沿，以使我们的生活更加轻松和高效。他们创建创新的算法和架构来解决复杂的任务和问题，优化现有系统，开发新的系统和技术。计算机科学家与生命科学、工程和经济等不同领域的其他专业人员合作，寻找解决最具挑战性的问题的方法。他们还开发信息和通信系统，以补充和改进现有系统。通过运用他们的创造力、技术技能和知识，计算机科学家正在对世界产生巨大影响，使我们的生活更加安全和便利。	None
“这篇文章的主要观点是，机器人技术正在被应用于许多不同的行业和应用领域，并且是当今经济中快速增长的一个领域。”	None
一个有效的时间管理策略应该包括设定清晰和现实的目标，提前计划，将任务分解成较小的部分，保持组织，优先处理任务，并专注于手头的任务。此外，重要的是要进行自我关爱，并安排时间放松。定期休息可以帮助减轻压力感，保持动力，并确保生产力。	None
"从前，在南美洲的丛林里生活着一只神奇的鹦鹉。它的羽毛五颜六色，包括明亮的黄色、火红色和深蓝色。据说它是从天堂派来的，为丛林中的人们提供指引。

这只鹦鹉擅长语言，能够清晰地说出人类的语言，成为丛林中人们的翻译。它也非常聪明，能够解决难题和理解复杂的概念。

有一天，鹦鹉被派遣去向丛林中的一个部落传递神的信息。当它飞行时，注意到了一件奇怪的事情。在它下方，部落的人们正在聚集在一个神秘的物体周围。当它飞得更近时，发现那个物体是一个神奇的水晶球。

它降落并进入了部落人群的圈子，希望能够一睹神奇的水晶球。当它凝视着水晶球时，水晶球发出了明亮的光芒，它突然听到了神的声音。神选择了它作为他们的信使。从那时起，鹦鹉传播着神的智慧和祝福着丛林中的人们。

这就是南美洲丛林中神奇鹦鹉的故事。 "	None
"""这个几何形状是一个五边形。"""	None
“Bemused”意味着轻微的困惑或者被逗乐。它也可以用来描述陷入沉思或者被吓到的状态。	None
"""SELECT email FROM Users;"" 的中文翻译是：从用户表中选择电子邮件。"	None
“这个句子的用法错误在于短语应该是‘走在野生的一面’，而不是‘狡猾的一面’。”	None
"""1860年亚伯拉罕·林肯的当选是历史上的一个革命性时刻，因为它挑战了当时美国的现状。这标志着第一次选举出一位不来自民主党或辉格党的总统。此外，林肯表示致力于打击奴隶制度，这一直是全国争议的问题，他站在反奴隶制的平台上。这个重要的事件预示着内战和奴隶解放。"""	None
企业可以利用人工智能自动化数据驱动的活动，如客户服务任务和核心运营活动，如供应链管理。人工智能还可以帮助企业更好地利用客户数据并进行个性化推荐，从而使公司增加收入并提高客户忠诚度。	None
"1. 开发虚拟工作坊和课程模块，帮助人们使用和理解常见的数字应用程序。
2. 主办或合作举办关注数字素养的活动，如黑客马拉松、网络研讨会或虚拟展览会。
3. 为那些无法负担数字工具或互联网接入费用的人提供财政援助。
4. 创建一个在线资源门户网站，以传播数字素养意识并提供进一步指导。"	None
"'顾客：你好，我想订一份披萨。

聊天机器人：你好！你想订什么口味的披萨？

顾客：我想订一份大号的意大利辣味香肠披萨。

聊天机器人：好的！需要加配料吗？

顾客：我可以加蘑菇吗？

聊天机器人：没问题 - 一份大号的意大利辣味香肠披萨加蘑菇。还需要别的吗？

顾客：就这样。

聊天机器人：好的，你的订单已经下单，一份大号的意大利辣味香肠披萨加蘑菇。请确认你的地址，我们会尽快送达。'"	None
“我曾经认为大脑是最重要的器官。然后我想，告诉我这个的是什么！”	None
"1. 工具 - 钳子、锤子、扳手、螺丝刀、锯子、钻等。
2. 车辆维护用品 - 发动机油、火花塞等。
3. 清洁用品 - 桶、海绵、拖把、水管、清洁剂等。
4. 草坪和花园工具 - 耙子、铲子、割草机、除草机等。
5. 油漆用品 - 刷子、防护布、搅拌棒、油漆盘等。"	None
"""10 x 6 = 60
11 x 8 = 88
12 x 5 = 60"" 的中文翻译为：
""10 x 6 = 60
11 x 8 = 88
12 x 5 = 60"""	None
"从前，有一个叫做莎拉的女孩，她过着美好的生活。她有一个充满爱的家庭，很多朋友，也从不缺乏有趣的事情可做。有一天，莎拉决定做一些特别的冒险，独自一人去旅行。她打包好车，没有设定目的地，就开上了公路。她一直开到天黑，最终找到了一个她从未听说过的小镇。

莎拉开始寻找住处，最终发现了一家迷人的小旅馆。她安顿好自己的房间，开始探索这个小镇，一路上结交了一些新朋友。虽然莎拉知道她在镇上的时间有限，但她很享受了解当地人和这个小镇独特的文化。她在那里待了几天，最终回家，充满了冒险带来的喜悦、惊喜和新体验。"	None
"""未来完成时。"""	None
光合作用是植物将阳光转化为食物能量的过程。在这个过程中，植物从空气中吸收二氧化碳，与水结合产生葡萄糖和氧气。这个葡萄糖被用来为植物产生能量和氧气，释放到空气中。光合作用很重要，因为它为生物提供了主要的食物能量来源，也负责维护地球大气层的稳定。	None
"""英语"""	None
"""WiFi设置说明书.doc"""	None
本文的主要观点是气候变化是一个全球性问题，对环境产生了不利影响，导致极端天气事件增加和海平面上升。	None
声明。	None
“放弃私家车可以给个人带来许多好处。首先，您可以节省与汽车相关的费用，如燃料、保险、维护和税费。其次，它可以通过减少排放和减少对非可再生资源的依赖来减少您的环境影响。最后，它可以让您在旅行时有更多的时间享受体验 - 因为您可以选择步行、骑自行车或乘坐公共交通工具，您可以花更多的时间探索和与周围的环境互动。”	None
"'1.面罩
2.安全帽
3.安全眼镜
4.呼吸面罩
5.耳塞'"	None
"""一个好的领导者应该是有动力、自信、有说服力、鼓舞人心、有组织、可靠的。"""	None
“离家去上大学是一次令人害怕的经历。我必须放弃熟悉和安全感，独自穿越未知的水域。”	None
“患者可能正在经历心脏病发作，应立即寻求医疗救助。应检查患者是否出现心脏病发作的迹象，如胸痛、呼吸急促、冷汗、恶心、头晕或眩晕感。此外，还应检查患者是否存在其他相关问题，如高血压、糖尿病或心律失常。需要注意的是，任何与心脏有关的问题都可能非常危险，需要立即就医。”	None
抱歉，无法翻译该文本，因为它不是一个有效的句子或单词。	None
"- 绘画
- 雕塑
- 摄影
- 电影/视频"	None
"""选择前10个订单，按价值降序排列。"""	None
"约翰在人生的十字路口上。他刚刚大学毕业，现在面临一个重要的决定，即选择哪个职业。经过深思熟虑，他决定成为一名会计师，帮助财务上处于不利地位的人们。他一直擅长数字，并喜欢看到他工作的具体成果。

约翰报名参加了会计课程，最初发现它相当具有挑战性。他必须迅速学习多个系统和法规，但他努力学习，最终在学业上取得了优异的成绩。几年后，约翰开始在他所在城市的一家会计事务所工作。他渴望将他对税收和会计的知识应用于实际工作中。

约翰喜欢他的工作，因为它让他在寻找节省客户资金的策略方面表达了他的创造力。在公司工作几年后，他成为了一名高级会计师，并被要求管理更大更具有挑战性的案例。他现在是金融行业中备受尊敬的人物，但他仍然记得当他只是一个刚刚毕业的大学生，不确定他的人生方向。"	None
"“叶上的露珠闪耀着光芒，
轻柔的夏日微风吹拂着，
附近传来蝉鸣声。”"	None
"抱歉，""uxTpyT9X04""不是一个需要翻译的文本，它可能是一个代码或者标识符。请提供需要翻译的具体文本。"	None
“巴塞罗那的自然风光非常壮观，有着美丽的海岸线和古老的哥特式街区。”	None
保持水分摄入是保持健康和使身体正常运作的重要部分。适当的水分摄入有助于保持身体凉爽，促进消化和营养吸收，帮助排除废物，甚至有助于润滑关节。此外，不足的水分摄入会影响认知能力，导致头痛、疲劳和注意力难以集中。因此，保持水分摄入是您可以采取的最重要的步骤之一，以使身体保持最佳状态。	None
"'def sum_numbers(x, y):
    """"""
    返回两个数字的和。
    
    参数
    ----------
    x : int
        第一个数字
    y : int
        第二个数字

    返回值
    -------
    int
        两个数字的和
    """"""
    return x + y'"	None
"1. 改善心理健康和幸福感
2. 增强肌肉和骨骼
3. 帮助保持健康的体重
4. 预防慢性疾病
5. 提高能量水平
6. 支持免疫系统
7. 改善睡眠质量。"	None
"随着世界日益数字化，技术正在成为日常生活的一部分。这包括在医疗保健、物流、交通和刑事司法系统等领域使用人工智能（AI）。 AI有可能协助减少犯罪，提高法庭效率并改革刑事司法系统。

AI有能力帮助警察部队降低犯罪率。 AI可以用于CCTV系统中以检测可疑行为并通知当局。 AI还可以用于分析犯罪趋势和检测模式，以便警察可以预测并找出犯罪可能发生的地点。此外，AI还可以用于帮助执法机构预测和防止犯罪活动，以及识别嫌疑人。

AI还可以用于减轻法院的负担。 AI可以快速准确地分析证据，以减轻法官和陪审团的工作量。 AI甚至可以预测陪审团的决定，以帮助法庭达成和解。 AI还可以用于跟踪和监控缓刑犯，节省时间和金钱。

最后，AI可以用于帮助改革刑事司法系统。 AI可以用于分析和识别系统中的问题并提出潜在解决方案。例如，AI可以用于检测司法系统中的种族主义和歧视，以及创建更公正的法庭裁决和判决。

总的来说，AI有潜力彻底改革刑事司法系统，使其更加高效、公正和公正。从预测犯罪活动到促进更公正的法庭决定，AI可以帮助减少犯罪，为法院带来效率和准确性，并改革刑事司法系统。"	None
“设计思维通过提供以人为中心的方法，考虑人们的需求、技术的潜在用途和成功创新的期望结果，帮助组织进行创新。它允许组织通过关注最终用户体验并开发满足用户需求的解决方案，以创造性的方式识别和解决问题。”	None
"""SportShack的形象是一个充满活力、外向、热情洋溢的人，对体育有着深厚的热爱。SportShack相信领导健康的生活方式，挑战极限，让体育运动对所有人都可达。他们旨在为各个级别的运动员提供最好的装备，让每个人都能体验到竞争的激情。SportShack以周到和创新为傲 - 提供高质量的产品和出色的客户服务。"""	None
抱歉，这是一个正则表达式，无法直接翻译成中文。它的含义是以字母s开头，后面跟着任意数量的字符。	None
"'1. 创新领域的最新趋势是什么？
2. 创新的哪些方面具有最大的成功潜力？
3. 企业最近面临的与创新相关的挑战是什么？
4. 企业可以采用哪些策略推动创新？
5. 技术进步如何帮助塑造新的创新模式？
6. 哪些独特的创新方法已被证明是成功的？
7. 什么原则指导成功的创新项目？
8. 新兴市场存在哪些创新机会？
9. 合作如何促进创新？
10. 如何利用想法促进创新？'"	None
'100 °C.' 一百摄氏度。	None
《好奇熊在深林的冒险》	None
"1. 开发一个能够追踪空气质量水平并在恶化时发出警告的应用程序。
2. 创建一个虚拟现实应用程序，突出显示气候变化对环境的影响。
3. 开发一个利用人工智能和机器学习来检测和修复环境问题的应用程序。
4. 创建一个消息应用程序，允许用户分享提示并讨论如何变得更加环保。
5. 开发一个用于跟踪塑料废物并使其更容易回收的应用程序。"	None
这幅画描绘了一个美丽的日子里，绵延起伏的山丘和一条蜿蜒穿过地形的河流的广阔景象。	None
"“土豆泥：不健康
凯撒沙拉：不健康
水煮三文鱼：健康”"	None
"""我非常兴奋有机会为这家公司工作，因为它具有创新的商业实践、致力于环境可持续性和强烈的诚信价值观。我相信这家公司与我分享创造积极和有意义的世界影响的愿景。"""	None
"'""""""
将摄氏度转换为华氏度的脚本
""""""

def celsius_to_fahrenheit(celsius):
    return celsius * 9/5 + 32

if __name__ == '__main__':
    celsius = 37
    print(celsius_to_fahrenheit(celsius))
    # 输出: 98.6'"	None
“齿轮抱死力矩是指当旋转设备受到与其相连的齿轮齿牙的阻力时所产生的扭矩。齿轮抱死力矩是由于齿轮齿齿啮合时产生的反作用力所致。这种力会相互推挤，导致从齿轮传递到轴上的阻力。齿轮抱死力矩的大小取决于齿轮的大小、齿数、材料和设计。在大多数电动应用中，齿轮抱死力矩是不可取的，因为它会导致效率损失。为了减少齿轮抱死力矩，齿轮设计通常是对称的或具有特定的齿形，这样可以减少齿轮齿齿接触时的接触力。”	None
“疑问句。”	None
"'def count_unique_chars(string):
  char_dict = {}
  for char in string:
    if char in char_dict:
      char_dict[char] += 1
    else:
      char_dict[char] = 1
  return len(char_dict)

print(count_unique_chars(""Butterflies""))
# Output: 9'

""计算唯一字符数的函数：def count_unique_chars(string)： char_dict = {} for char in string: if char in char_dict: char_dict[char] += 1 else: char_dict[char] = 1 return len(char_dict) 打印输出唯一字符数：print(count_unique_chars(""Butterflies"")) # 输出：9"""	None
海底由许多不同的结构组成，将海洋分成不同的区域。海底有三个主要区域 - 大陆架、大陆坡和海底。大陆架是大陆的边缘，是一个浅海，通常不超过650英尺深。大陆坡是陡峭的下降，通向深海，深度可达三英里。海底由平原和海沟组成，马里亚纳海沟是最深的海沟，深度超过11,000米。海底还包含脊，这是大型水下山脉，横跨数千英里。	None
"- 在社交媒体平台上实施付费广告活动。
- 利用影响力营销。
- 联系科技博客和网站。
- 通过口碑在朋友中分享应用程序。
- 创建演示视频和教程以解释应用程序的功能。
- 为早期采用者提供折扣和特别激励。
- 建立一个基本网站来解释应用程序的目的和功能。
- 利用应用商店优化技术。
- 发送电子邮件和通讯，通知新用户有关应用程序的信息。
- 争取在应用商店获得奖项和好评。
- 在电子邮件签名中包含应用程序链接。
- 尝试促销新闻稿和活动。
- 鼓励用户在应用商店评价和评论应用程序。
- 利用用户生成的内容来推广应用程序。
- 将应用程序与现有或流行的应用程序集成。
- 进行赠品或比赛活动以推动参与度。
- 在公司网站和博客上展示应用程序。
- 与其他应用程序、网站和社交媒体平台进行交叉推广。
- 创建博客和播客等促销内容。"	None
个人电脑（PC）是一种桌面或笔记本设备，通常由个人用于个人活动。它连接到同一网络中的其他设备，并可以访问在线服务。服务器是一台计算机，旨在管理、存储和链接多台计算机和应用程序。它通常用于为大量用户提供服务，例如在线应用程序和网站。服务器通常比个人电脑更强大，具有更大的数据存储和处理能力。	None
"""介绍一下苹果iWatch - 完美的时尚与科技结合！今天就获取你的iWatch，保持连接和时尚！#苹果 #iWatch #获取你的 #保持连接 #时尚"""	None
"""我，麦克斯韦·斯马特，在餐饮行业拥有丰富的经验。我有着出色的客户服务和有效的问题解决能力的强大记录。我的同事和上级赞扬我致力于使工作场所更加积极和高效。此外，我是一名优秀的表现者，因激励他人的能力而受到认可。"""	None
“这段文本的语气是关切的，认识到COVID-19大流行对世界所造成的巨大影响。它承认了病毒所引起的动荡，以及我们的生活已经发生了巨大变化。”	None
六	None
“腐败破坏公众信任，削弱一个国家的资源、工具和市场。”	None
“天空呈现蓝色是由于地球大气层中分子的光散射。阳光进入大气层并与分子和粒子相互作用，导致光粒子向各个方向散射。蓝色光具有最大的穿透大气层的能力，因此它比其他颜色更容易到达我们的眼睛，使天空呈现蓝色。”	None
“新冠病毒对经济产生了重大影响，导致旅游、旅行、酒店、零售等行业出现了深刻的活动减少，导致失业率激增、股市疲软和消费支出减少。企业关闭现象猖獗，一些公司甚至被迫永久关闭。因此，政府采取了财政和货币政策来帮助遏制经济下滑。”	None
《真爱至上》。	None
"""讲故事的第一条规则是在最开始的几句话中吸引观众。"""	None
"""一个1千克质量的物体受到重力作用的力是9.8牛。"""	None
"""计算模型可以用于分析文本，自动化复杂任务。它们能够快速处理和检测大量数据中的模式，实现准确和高效的分析。此外，计算模型不受人类偏见的限制，可以帮助发现之前未被认识到的特征之间的关系。总之，计算模型可以成为分析文本和从中提取有意义信息的强大工具。"""	None
《金翅雀》是畅销作家唐娜·塔特于2013年出版的小说。它讲述了来自拉斯维加斯的孤儿西奥多·德克在参观大都会艺术博物馆时，他的母亲在一次炸弹爆炸中丧生，他因此被卷入一个混乱的世界。在此之后，他的世界永远改变了，他发现自己要面对艺术、古董和犯罪的世界。整本书中，西奥多努力生存并在社会中找到自己的位置，同时也要面对他母亲和他的画作《金翅雀》的记忆。最终，西奥多发现找到真正的幸福的唯一途径是接受过去并展望未来。	None
“水的沸点在标准大气压下为100°C（212°F）。当在更高的压力下加热时，水的沸点会增加。例如，在1个大气压下，水的沸点为115°C（239°F）。在更高的压力下，例如在海底，水的沸点可以高达374°C（705°F）。”	None
"带有种子的水果：苹果、草莓
不带种子的水果：香蕉、鳄梨"	None
主角是一个二十多岁的年轻女性，心中充满了雄心壮志。她勇敢、坚定，不怕为自己信仰的事情冒险。她聪明独立，喜欢通过书写表达自己。	None
"""黑暗神秘的森林是一个充满阴影和秘密的地方。高大古老的树木笼罩在头顶上，遮挡了大部分阳光。浓密的树叶将树木缠绕在一起，形成了一个几乎无法穿透的墙壁，将森林与外界隔绝。空气浓重沉闷，一种怪异的寂静笼罩着这个地区。偶尔会传来远处的动物叫声。人们对神秘森林内部的真正情况知之甚少，但它所隐藏的秘密仍然深藏在它的深处。"""	None
在Microsoft Excel中创建数据透视表，需要选择“插入”选项卡，点击“数据透视表”按钮，选择数据范围，并选择数据透视表的放置位置。然后，通过将字段添加到数据透视表的行、列和值区域来选择要分析的数据。最后，使用数据透视表中的“筛选器”来精细调整结果。	None
房子着火了。	None
HTML（超文本标记语言）是用于创建网页结构的标记语言。CSS（层叠样式表）是用于样式和布局网页的语言。HTML是一种标记语言，提供网页的结构，包括HTML元素和属性。这些元素和属性定义了页面上出现的内容和任何视觉元素。CSS用于修改和增强页面的视觉外观。它包含一组分配给元素、属性和属性的值，控制页面的呈现方式。这些包括布局、颜色、字体和动画。CSS允许更灵活地设计页面。因此，HTML定义了网站的结构和内容，而CSS用于设计和使其看起来更具吸引力。	None
足球是一项团队运动，场地为矩形，每队有11名球员，试图将球射入对方的球门。球员可以使用身体的任何部位，除了手和臂，来移动球并传给队友。比赛90分钟结束时进球最多的队伍获胜。如果比分相同，可能会进行额外时间或点球大战。	None
“标志应该采用绿色主题，具有辨识度和记忆性，例如回收符号或回收箱的风格化表示。标志还应包括传达网站目的的文本，例如“回收”或“走绿色”。”	None
晚安。	None
句子中两个词的关系是比较。	None
"""努力工作，保持雄心壮志，实现美国梦。"""	None
“Wind”是不同寻常的词。	None
"使用分布式数据库有许多优点，例如提高速度和灵活性，改善可扩展性和可用性，以及提高容错性。

首先，分布式数据库允许用户更快地访问数据。这是因为数据被分成较小的块并存储在多个服务器上，从而实现更快的访问和检索。这提高了整体性能和用户满意度。

其次，分布式数据库提供了改善的可扩展性和可用性。由于数据分散在多个服务器上，随着数据量的增加，可以轻松地进行扩展而无需从头开始。此外，如果一个服务器出现故障，其他服务器将继续运行，以便数据仍然可用。这提高了系统的可靠性和数据的安全性。

最后，分布式数据库具有改善的容错性。这是因为数据在多个服务器上进行镜像，从而降低了由于单个服务器故障而导致数据丢失或损坏的风险。有了这个系统，即使一个服务器失败，数据仍然是安全和可访问的。"	None
"""阳光透过树叶过滤
鸟儿唱着甜美的旋律
你停在长椅上休息
梦想着一个幸福的生活

生活看起来如此平淡和缓慢
你希望深度之门会展现
在未知的领域里，没有限制，翱翔
你可以探索云层之上

你仍然记得那个明亮的春天
当冒险家曾在你的心中玩耍
今天，你的恐惧不再存在
你的希望复苏向着天空

你知道旅程是唯一的出路
打破束缚，不再摇摆
你的心敞开，准备起飞
今天是新世界的开始。"""	None
"""Docker容器是一种隔离的环境，可以在其中打包和运行应用程序。它由应用程序、系统库和其他必要的配置文件组成，用于完成特定的任务。容器在Docker主机内运行，该主机将容器与其他主机资源隔离，并负责管理其生命周期。Docker容器轻巧且高度可移植；它们可以快速启动并传输到不同的环境，例如云、裸机和本地环境。容器与底层主机系统隔离，因此可以安全地运行和管理。Docker还使用像快照一样的镜像，使得在不同的环境中可靠地部署和运行应用程序变得容易。"""	None
"“- 2008年选举中，候选人和利益集团在广告宣传方面面临哪些挑战？
- 候选人如何确保他们的广告在这个选举周期的大量广告中脱颖而出？”"	None
“我最近观看了由奉俊昊执导的电影《寄生虫》，我被深深地震撼了。这部电影巧妙地融合了多种类型——既是黑色喜剧，又是对阶级主义的评论，结尾的转折更是出人意料。演员表现出色，特别是宋康昊饰演的穷人家庭的家长，摄影也非常出色。电影恰到好处地平衡了幽默和发人深省的戏剧性，看完后你会在接下来的几天里一直谈论结局。总的来说，我强烈推荐《寄生虫》；它是一部非常出色的电影，让你难以忘怀的一次观影体验。”	None
“贸易保护主义是指通过征收关税或其他限制措施来保护国内产业免受外国竞争的做法。这种做法可能对实施它的国家的经济有害，因为它提高了进口商品的成本，使它们对消费者来说不那么负担得起。这降低了对这些商品的需求，导致销售减少，国内生产者的收入也减少。保护主义还可能减少国内企业创新或提高效率的动力，导致市场效率低下。最后，保护主义还可能在国家之间制造经济紧张局势，导致报复性关税进一步限制贸易。”	None
"经理：“早上好，有什么可以帮您的吗？”
顾客：“我正在寻找一台新的笔记本电脑。您有什么推荐吗？”"	None
“国家在减少温室气体排放方面取得的进展很小，因为环境保护署报告称，自去年以来排放量增加了5%。”	None
"""家具，伪装，石膏"""	None
“现在的美丽-与{品牌名称}一起释放你的光彩”	None
“底边长度为5厘米，高为3厘米的直角三角形的面积为7.5平方厘米。”	None
"早餐：加入新鲜水果的燕麦粥
午餐：蔬菜和烤鸡的藜麦沙拉
小吃：生蔬菜配鹰嘴豆泥
晚餐：番茄酱全麦意大利面和蒸蔬菜
甜点：肉桂味的苹果片"	None
利用谷歌地图可以带来许多好处，从快速找到位置到获取实时交通更新。	None
“在树林里徒步旅行是享受大自然的好方法。你可以体验到自然环境中的景色、声音和气味，欣赏大自然的美丽。此外，你还可以锻炼身体！”	None
"""阳光照耀在晴朗的蓝天上，像一枚金色的硬币一样明亮。"""	None
《神奈川冲浪里》是日本艺术家葛饰北斋于1830年代初期创作的木刻版画，描绘了一股强大的海浪在前景中拍打，背景中可以看到三艘船和富士山。这幅画独特的色彩和颗粒状的笔触风格强调了巨浪运动的力量和敬畏之情。	None
"'import random
def random_array(n):
    arr = []
    for i in range(n):
        arr.append(random.randint(0, 100))
    return arr'
中文翻译：'导入随机模块
def random_array(n):
    arr = []
    for i in range(n):
        arr.append(random.randint(0, 100))
    return arr'"	None
"1. 技术在课堂上的应用如何改变学生的学习方式？
2. 教师如何最好地利用技术来增强学生的学习？
3. 与基于技术的教育相关的潜在风险是什么？
4. 基于技术的教学方法在提高学术表现方面有多有效？
5. 教育领域中技术最成功的应用有哪些？"	None
设计一个现代和专业的标志。使用蓝色、绿色和橙色的组合作为配色方案。标志应该包括一个抽象的圆圈在中心，两侧各有两个三角形代表网站正在建设中。在圆圈内或边缘附近包括公司名称。字体应该粗体且易读。标志应该简单，但引人注目。	None
"""卫星是人造物体，它绕地球轨道运行，用于接收和发送信号、图像和数据。它还用于通信、导航和监视等目的。"""	None
"""法国的首都是巴黎。"""	None
"数百人聚集在一起参加了一场特别的气球仪式，这是一次感性的活动。这是一个纪念和认可那些已经离开我们的人的时刻，也是一个庆祝那些仍然在这里的人生的时刻。

天空被绚丽的颜色填满，空气中充满了笑声、泪水和欢乐的声音。人群依次放飞气球，上面写着对他们所爱的人的特别信息。

气球将爱和希望的信息传递到天堂之上。来自各个年龄段、各行各业的人们都仰望着天空，感到惊奇和惊叹。当气球消失在远方时，每个人都知道他们的一部分正在被带走，并将永远留在他们所爱的人的心中。

这是爱的力量以及它如何帮助我们与那些已经离开我们的人联系的美丽提醒。随着仪式的结束，每个人都感到了一种更新的希望和平静。 "	None
"""管理部门的员工将执行新政策。"""	None
"""定义一个求平方根的函数sqrt(n):
    low = 0
    high = n
    
    while low <= high:
        mid = (low + high) // 2
        if mid * mid == n:
            return mid
        elif mid * mid < n:
            low = mid + 1
        else:
            high = mid - 1
            
    return low - 1"""	None
“当客户打电话查询订单状态时，客服代表应首先询问客户的订单号码。然后他们应该检查客户的订单历史记录，并向客户提供订单状态的更新。这可以包括订单处理、运输和预计交货时间等信息。最后，客服代表应为客户提供通话确认号码。”	None
"“月亮在夜空中柔和地发光，
它的光芒闪烁，永不消逝；
它是黑暗中的灯塔，
为我们提供无尽的光明。”"	None
《影响态度和行为的社交网络》一文讨论了在线社交网络如何影响人们的态度和行为。它认为在线网络能够触达更多的人，这可能会导致更广泛的态度和行为的剧烈改变。该论文认为，网络中的某些个体可以成为影响者，对周围人的观点和行为产生超出比例的影响，这对社会的运作有着重要的影响。该论文进一步建议，研究在线网络是一个关键的研究领域，可以更好地理解和预测社会变革。	None
"""她走在街上，手心出汗，欣赏着她的新环境。"""	None
"""最大值为25。"""	None
美国的三大山脉是落基山脉、阿巴拉契亚山脉和内华达山脉。	None
“拧下路由器或调制解调器上的电缆，然后从电源插座或墙壁插座拔出另一端。”	None
"'帐篷
- 睡袋
- 手电筒
- 烹饪用具
- 便携式炉灶'"	None
基督教的两个主要分支，天主教和新教，在许多重要问题上的信仰存在差异。天主教承认教皇是教会的最高权威，而新教则分为许多不同的教派，承认其他形式的权威，如圣经或教会议会。天主教承认七个圣事，而新教只承认两个，即洗礼和圣餐。天主教还相信物质转化的教义，即在圣餐仪式中，面包和葡萄酒变成耶稣基督的真实身体和血。	None
"""她颤抖着打开门，期待着见到她的朋友。然而，门口站着一个被黑暗笼罩的高大身影。被这个意外的存在吓了一跳，她向后退缩，心脏怦怦直跳。那个身影没有发出任何声音，静静地站着，似乎陷入了沉思。她想开口说话，但在她能说出一句话之前，那个身影向前迈了一步，手中露出一朵玫瑰。接过玫瑰，她感到一种无法解释的强烈感觉，一种未知的感觉。"""	None
“在网上购物时，技术可以发挥哪些最有效的作用来提高客户满意度和忠诚度？”	None
"""我感冒得很厉害，感觉很糟糕。"""	None
"“亲爱的未来的我，

我希望你现在过得很好，生活中感到快乐和满足。我写信给你，提醒你记住今天的自己。记得永远不要停止成长——继续冒险，保持好奇心，永远保持善良。我希望你已经实现了所有你想要做的事情，甚至更多。

保重，
你的过去的自己”"	None
“臭兰是一种多年生开花植物。”	None
"1. 更低的前期成本和更多的现金灵活性。
2. 更低的维护成本和无需担心房产税。
3. 在需要时更灵活地搬到另一个地方。"	None
供给法则指出，随着产品或服务价格的增加，向市场供应的数量也会增加，因为生产者受到增加的利润潜力的激励。同样，随着产品或服务价格的降低，向市场供应的数量也会减少，因为利润潜力降低。	None
在一个完美的乌托邦社会中，每个人都能和谐共处，摆脱恐惧和压迫。资源丰富，每个人都能满足自己的需求和欲望。每个人都感到安全和稳定，没有暴力的恐惧。人们可以自由地工作、创造和表达自己的个性。教育对所有人都是可及的，每个人都有机会发展自己的才能。所有人都应该被尊重，因为他们是独特而美妙的个体。没有任何等级制度或组织来压迫任何一个群体。每个人都有平等的机会追求自己的激情和才能。在这个乌托邦世界中，所有人都会共同努力，使它成为一个温暖和宜居的地方。	None
"""一个文化习俗的例子是日本茶道。"""	None
在美国，KIPP是一种“公私合作伙伴关系”。	None
“可再生能源，如太阳能、风能和水力发电，提供了一种清洁、可靠和可再生的能源来源。它们减少了我们对非可再生能源（如煤炭和石油）的依赖，同时减少了有害排放。可再生能源也具有成本效益，并在当地社区创造就业机会，同时有助于减少全球变暖。此外，它们可以用于在偏远地区发电，减轻了昂贵的基础设施和运输的需求。”	None
这个咖啡机应该能够用咖啡豆或预包装的咖啡豆制作咖啡。它应该有可调节的杯子大小、冲泡强度和温度设置。它应该具有自动关闭、数字计时器和可调节的玻璃壶。它应该采用不锈钢材质，易于清洁和耐用。	None
玩家应该能够使用键盘或鼠标在游戏环境中移动。移动应该是直观的，玩家应该能够向任何方向移动，包括上下左右。此外，为了更加逼真的移动，玩家应该能够在任何方向上对角线移动，并能够跳跃或奔跑。为了帮助玩家定位，环境应该提供地标或其他导航辅助工具的视觉线索。	None
休斯顿火箭队是哪支美国职业篮球队？	None
和陌生人开始对话的好方法是介绍自己并询问他们的问题。例如，你可以说：“你好，我是[你的名字]，很高兴见到你。你从事什么职业？”	None
"1. 莱昂纳多·达·芬奇 - 意大利文艺复兴时期的多面手，以其精湛的艺术作品而闻名。
2. 米开朗基罗 - 雕塑家和画家，以创作宏伟的壁画和雕像而闻名。
3. 雷姆布兰特 - 荷兰画家、素描家和版画家，是艺术史上最重要的人物之一。
4. 巴勃罗·毕加索 - 著名的西班牙画家、雕塑家和陶艺家，他在20世纪革新了艺术。
5. 文森特·梵高 - 后印象派画家，他的名声在他去世后达到了巅峰。"	None
"""华丽、威武、雄伟、勇敢、聪明。"""	None
“猫和狗都是受人喜爱的宠物，但它们有重要的区别。狗通常更外向和精力充沛，而猫被认为更独立。狗倾向于更社交和活跃，喜欢散步和与其他动物玩耍。另一方面，猫倾向于更孤独，更喜欢在温暖的地方放松和蜷缩。狗通常需要更多的照顾和关注，而猫更加自给自足。尽管存在这些差异，猫和狗仍然是受欢迎和可爱的宠物。”	None
《火星救援》是一部令人兴奋、惊险和鼓舞人心的电影，肯定会刺激观众的感官。故事讲述了NASA宇航员马克·沃特尼被认为已经死亡后被困在火星上，他必须运用自己的科学和工程技能在这个严酷的星球上生存并找到回家的方法。《火星救援》是一部扣人心弦的电影，描绘了在极端环境下生存的斗争，以及被救援的希望。演员和特效给故事带来了逼真的感觉，使它更加吸引人。这部电影绝对是必看的，也是人类机智和韧性的伟大代表。	None
"1. 提供适合年龄的阅读材料。
2. 鼓励孩子大声朗读。
3. 使用多媒体资源，如音频或视频，来激发兴趣。
4. 引入新词并讨论其含义。"	None
"'1. 准备食材 - 选择水果、蔬菜和其他喜欢的冰沙材料。
2. 搅拌食材 - 将食材放入搅拌机中，搅拌至顺滑。
3. 享用冰沙 - 将冰沙倒入杯子中，享用。'"	None
“藻类是一类简单、多样化的自养生物，包括单细胞和多细胞形式。它们的大小从微小到大型海藻不等，被归类为植物王国，但与植物不同的是，它们缺乏真正的根、茎和叶。藻类通常生活在潮湿的环境中，包括海洋、淡水和陆地系统。”	None
七	None
"""一个完美的放松和休息的地方 - 一杯咖啡和一个舒适的咖啡馆。"""	None
九	None
“使用环保型洗涤剂和肥皂是减少水污染的一种方式。”	None
"""def alphabetic_sort(lst):
    return sorted(lst, key=str.lower)"" 的中文翻译是：定义一个函数 alphabetic_sort(lst)，返回一个按字母顺序排序的列表，排序时不区分大小写。"	None
"""约翰是一个高大、黑发的男人，他有着温和的微笑和眼中的闪光。他性格温和，关心他人，总是努力理解别人。他热爱学习和探索新的地方、经历和文化。"""	None
政府在最近的预算公告中宣布了一项就业津贴，以帮助小企业的雇员。	None
"""0, 2, 3, 4, 8"" 的中文翻译是 ""0，2，3，4，8""。"	None
例如，A人在一次考试中得了不满意的成绩，他们立刻责怪B人没有给他们足够的帮助。	None
"""让运动成为你日常生活的一部分的方法之一是为自己设定可实现的目标。从简单的目标开始，确保你能够真正实现它们。将目标分解成可管理的部分，并找到一种衡量进度的方法。这将帮助你感到成就感和成功。像任何其他重要活动一样安排活动的时间，并尽量每天保持相同的时间。尝试不同的运动和活动也可能有助于保持趣味性。最后，在每次成功的锻炼后奖励自己，并记住需要时休息一下也是可以的。"""	None
"在课堂上使用技术的五种创意方式包括：
1. 使用在线协作工具，如Google Docs和Slack，促进小组合作和同伴学习。
2. 利用视频和音频工具，如Prezi和YouTube，创建互动多媒体课程。
3. 使用虚拟现实探索概念，将数学、科学和历史带入生活。
4. 使用计算机辅助设计工具创建3D模型和动画。
5. 使用增强现实应用程序和游戏激发学生对各种主题的兴趣。"	None
《正念冥想的力量：释放儿童的潜能和快乐》。	None
"""一名咖啡师的典型工作日通常包括问候客人、接受订单、制作咖啡饮料、清洁和补充货物、操作收银机并确保区域保持干净整洁。他们还可能负责制作新饮料和进行品尝测试。此外，咖啡师可能还负责食品订单、设置餐饮功能和提供一般客户服务。"""	None
"""这个动物是狐狸。"""	None
"- 当感到压力过大时，要休息一下，放松一下。
- 给自己留出时间，学会放松。
- 经常锻炼，保证充足的睡眠。
- 听自己喜欢的音乐，或者泡个热水澡。
- 坚持健康饮食，摄入必要的维生素和矿物质。
- 向朋友和家人寻求支持。
- 尝试芳香疗法或瑜伽。
- 做一些创意活动，比如画画、绘画或写作。
- 参与让你感到快乐和平静的活动。
- 避免滥用药物或过量饮酒。
- 练习深呼吸和渐进性肌肉放松。
- 学习一项新的爱好来保持自己的精神状态。
- 将大任务分解成更小、更易管理的任务。
- 积极地自我对话，保持自己的士气高昂。
- 如果必要，与治疗师或信任的导师交谈。
- 为有趣的活动和社交事件留出时间。
- 优先处理任务，制定每周计划。
- 制定行动计划，找出解决问题的方法。
- 学会原谅自己和他人。"	None
“人工智能被用于各种应用，从自动驾驶汽车到面部识别软件。AI被用来帮助自动化流程并以比人类更快、更准确的方式做出决策。AI还可以用于预测分析，计算机可以检测数据中的模式并预测未来可能发生的事情。”	None
"“亲爱的约翰·史密斯，

我写信邀请您加入我们的团队。我们是一群充满激情的人，共同努力提供创新解决方案并产生影响。您的意见和专业知识在这个追求中将非常有价值，我相信您会喜欢这个经历。如果您有兴趣，请告诉我，我会回答您可能有的任何问题。

最好的祝福，
[姓名]”"	None
“经济学是研究人们和社会如何决定生产和消费商品和服务的学科。例如，一家面包店可能会根据市场状况决定生产多少面包并相应定价，以最大化他们的利润。”	None
“超文本标记语言（HTML）是一种用于创建网页和应用程序的语言。它用于为网络结构和呈现内容，包括文本、图像、视频和其他形式的内容。HTML用于描述网页的结构，如标题、段落、列表和链接。它还描述了内容应该如何在网页上显示。”	None
"""SELECT * FROM Customers ORDER BY id LIMIT 5;"" 的中文翻译是：从顾客表中选择所有数据，按照id排序，只显示前5条数据。"	None
"""你来晚了派对。"""	None
“冠状病毒是一种病毒，可以引起从普通感冒到严重疾病（如中东呼吸综合症（MERS）和严重急性呼吸综合症（SARS））的疾病。该病毒因其表面上类似皇冠的尖刺而得名。它主要通过与感染者的密切接触传播，通过咳嗽或打喷嚏后从鼻子或口中释放的小水滴传播。症状可以包括发热、疲劳和干咳。在严重病例中，它可以导致呼吸困难、肺炎、肾衰竭甚至死亡。”	None
"""森林砍伐是清除和移除森林的过程。森林砍伐的后果包括土壤侵蚀、水质下降、生物多样性减少、大气中二氧化碳增加和野生动物栖息地的丧失。当帮助保持水和土壤的树木被移除时，土壤侵蚀就会发生，导致土壤颗粒被冲走。这可能会导致河流和溪流淤积，影响水质并导致洪水。此外，当树木被移除时，野生动物失去了它们的栖息地。这可能导致物种濒临灭绝，进一步导致生物多样性的损失。森林砍伐还可能导致大气中二氧化碳增加，因为光合作用期间吸收气体的树木减少，这可能会导致气候变化。"""	None
"- 现代风格
- 乡村风格
- 现代化风格
- 北欧风格"	None
这篇作品以诗意的风格创作。	None
"'1. 鸡蛋
2. 牛奶
3. 面包
4. 奶酪
5. 香蕉'"	None
"""让ACME带你环游世界！"""	None
"""Discreet/Flaunt
反义词：Discreet/Show off。"""	None
在相关的社交媒体平台上分享博客文章。在Google Ads、Twitter和Facebook等平台上创建广告，以便触达更广泛的受众。	None
最长小说的标题是“戈代尔”，作者是卡罗琳·雷德弗恩。	None
"学习新技能三个月计划：
1. 研究目标：研究该技能并获得基本的理解。
2. 分析现有知识：评估当前的知识水平并确定需要提高的领域。
3. 寻找资源：寻找可信赖的资源，如书籍、网站或教程。
4. 制定计划：制定时间表并概述学习该技能的行动计划。
5. 设定里程碑：设定目标并将过程分解为可管理的步骤。
6. 定期练习：定期实践技能并跟踪进展。
7. 建立联系：使用技能完成实际项目或与该领域的其他专业人士建立联系。
8. 寻求反馈：向同行和专家寻求反馈和建议。
9. 跟踪进度：通过持续的实践和审查监控进度并保持动力。"	None
"""人类和猫都是温血哺乳动物，但它们在外貌和行为上的差异是巨大的。猫有锋利的爪子和长而灵活的身体，适合攀爬、扑击和伏击猎物。而人类相对缓慢，需要使用工具来帮助自己成功。人类使用语言来表达他们的需求和欲望，而猫则依靠身体姿势、面部表情和喵声。此外，猫需要定期梳理，而人类需要较少的维护。"""	None
“俳句是一种传统的日本诗歌形式，通常由三行组成。第一行和最后一行各含五个音节，而中间一行含有七个音节。这些句子通常唤起一个单一的形象，其中包含两个对比元素的并置。俳句的结构和语言通常非常简单，旨在表达一个顿悟的瞬间。”	None
"""这是第一天上学，小Mia感到很紧张。她很兴奋地想见到她的新同学和老师，但也有点害怕。她走进教室，立刻注意到有比她预期更多的学生。她惊奇地环顾四周，看着其他孩子，直到老师开始讲话。李老师很亲切幽默，很快Mia感到更加舒适。每个人都在微笑，她甚至交了几个朋友。到了一天结束时，Mia已经学到了很多，期待着接下来的学年。"""	None
“猫和狗都是人类驯养了数千年的宠物。它们通常都是充满爱心和忠诚的伴侣，需要关注和关爱。然而，猫更加独立，由于它们的可缩回爪子，更擅长攀爬；而狗通常需要更多的互动和实践训练。猫通常体重较轻，占用空间较小，在小型居住区更易于维护。而狗则通常需要更多的运动和空间，并且可能需要比猫更多的维护。”	None
"1. 太阳能是可再生和可持续的。
2. 低持续成本和无燃料费用。
3. 不产生污染或噪音。
4. 可轻松扩展到不同类型的应用。
5. 太阳能在大多数地区都广泛可用。"	None
“威武的剑啊，你拥有着无比的力量，请赐予我勇气和意志，以勇气战斗。让我无畏地面对明天的战斗，无论结果如何，愿我能以优雅的姿态接受。”	None
"1. 清晰、简洁、有组织的格式。
2. 专业的摘要，突出关键的资格和优势。
3. 详细描述以前的工作经验和教育背景。
4. 联系信息，如姓名、电话号码、电子邮件和实际地址。
5. 相关技能和成就的列表。"	None
“GPT语言模型是一种用于自然语言处理的人工神经网络。它是一种自回归模型，使用一系列数学运算来预测序列中的下一个单词。它通过大量的文本语料库进行训练，学习语言并可以生成类似于其训练文本的文本。”	None
你会看到由科罗拉多河在数个世纪间侵蚀而成的令人惊叹的多彩悬崖，颜色有红色、橙色和棕色。景观令人叹为观止，由深谷、狭窄的侧峡谷、石灰岩高原和隐蔽的山谷组成。俯瞰峡谷，你会看到绵延数英里的陡峭岩壁，周围是广阔的沙漠、砂岩丘陵和针叶林。	None
“自从新冠疫情开始影响全球人民的生活已经一年了。在大规模封锁和社交距离的情况下，我们成功地了解了一些关于这种病毒的知识。首先，它显然非常具有传染性，像野火一样在全球范围内传播。我们也意识到，这种病毒只针对那些没有遵循特定协议的人。戴口罩、洗手和待在家里已被证明是最终的解药，是避免感染的唯一障碍。采取预防措施已经显著减少了病毒的传播，然而，人们仍然生病。这种病毒是有选择地选择感染对象吗？这就没有道理了！我们可能永远不会知道答案，但至少我们可以尝试保持安全和健康。”	None
"写一篇10页论文的步骤包括：
1. 收集和研究信息
2. 为论文规划一个逻辑结构
3. 写出论文的提纲
4. 写出引言和正文段落
5. 撰写一个引人入胜的结论
6. 重写和完善论文
7. 编辑和校对论文。"	None
"""有了意志力，一切皆有可能。"" - 未知"	None
"“曾经有一个难得的节日
人们从四面八方准备好
迎接充满欢乐的一天
和许多美妙的玩具
分享圣诞快乐和欢乐的时光！”"	None
八	None
"1. 解释环境可持续性的概念，强调它不仅仅涉及回收和节约能源。
2. 描述环境可持续性的重要性以及不采取行动的后果。
3. 讨论一些全球性的环境问题，如气候变化和塑料污染。
4. 解释个人可以采取的行动，例如减少对一次性塑料的依赖或节约能源。
5. 解释企业、社区和政府可以采取的促进环境可持续性的措施。
6. 总结主要观点并鼓励人们采取行动。"	None
"1. 一个优秀的团队领导应该具备出色的沟通和人际交往能力。
2. 他们应该能够激励和鼓舞团队保持专注并达成团队的目标。
3. 他们应该能够分派任务并适当管理团队的资源。
4. 他们应该能够为团队创造一个支持性和协作的环境。
5. 他们应该是一个优秀的问题解决者，能够快速识别和解决出现的问题。"	None
“我曾经在一家建筑公司担任项目经理时，做出了一个艰难的决定。我负责的一个项目需要在特定日期之前完成，以满足客户的期望。然而，由于意外的延迟，我们无法按时完成，因此我不得不做出一个艰难的决定。我决定延长截止日期，但我必须进一步拉伸团队的资源并增加预算。虽然这是一个冒险的决定，但我最终决定继续下去，以确保项目按时完成并满足客户的期望。最终，项目成功完成，这被视为我的领导和决策能力的证明。”	None
“制作艺术”的正确术语是“工艺技艺”。	None
“风铃发出宁静而悦耳的声音，混合了高音和低音。铃声像一阵轻柔的微风，反映了轻松的夏日氛围。”	None
“人群的能量在球场上弥漫着。当运动员进入竞技场时，每个人都站了起来，欢呼雀跃。空气中弥漫着期待的气息。比赛是两个对手之间的激烈比拼，进入了加时赛。最终，一支队伍的运动员获得了胜利，球场上爆发出欢呼声。仪式结束后，球迷们聚集在一起，庆祝他们最喜欢的队伍的胜利。这真是一场非常出色的体育赛事。”	None
“upcycling”一词指的是将废弃物品重新加工成更高价值的产品或材料的做法。	None
"如果x大于y，则执行以下操作：
如果x等于y，则将y赋值为0；
否则，将x赋值为0。"	None
"- 为经常光顾的顾客提供折扣和忠诚度计划。
- 与当地餐厅合作，推广他们的美食。
- 培训送餐人员处理订单并提供良好的客户服务。
- 使用移动应用程序和网站进行订购。
- 为客户提供多样化的付款选项。
- 允许客户自定义订单。
- 使用可回收和可堆肥的包装装食物。
- 推出定期客户的订阅模式。
- 提供基于客户喜好的食品建议等特殊服务。
- 提供无接触送货和路边取货服务。
- 为大订单和特殊活动提供餐饮服务。
- 使用在线营销和社交媒体平台吸引更多客户。
- 创建激励措施鼓励客户尝试新菜品。
- 创建包含所有必要配料和食谱的餐套装。
- 利用食品配送机器人和无人机。
- 为客户提供忠诚度积分系统。
- 与当地农民合作采购农产品和原材料。
- 提供素食、纯素和无麸质选项。
- 允许客户选择送货时间。
- 实施基于人工智能的客户推荐。"	None
"'def remove_duplicates(sentence):
  word_list = sentence.split() # 将句子拆分成单词列表
  new_list = [] # 新列表，包含不重复的单词

  # 循环遍历列表中的每个单词
  for word in word_list:
    if word not in new_list: # 如果单词是唯一的，则将其添加到新列表中
      new_list.append(word)

  # 将新列表中的单词连接起来形成新句子
  return ' '.join(new_list)'"	None
“这片景色与众不同。天空呈深紫蓝色，太阳在崎岖的岩石地形上投下诡异的阴影。树木扭曲变形，枝条上有奇怪的弯曲和形状。下方，一条河流沿着山丘切出一条路径，蜿蜒穿过古老的立石和废墟，有些上面刻有神秘的符号。”	None
"""神经网络可以通过分析股市数据，如过去的价格、某些股票的表现、新闻事件和其他与股市相关的数据，来预测股票价格。神经网络利用这些数据来学习股票价格的模式，然后利用这些模式来预测未来的股票价格。这种预测建模在许多情况下被发现非常准确，可以用来做出更明智的投资决策。"""	None
"1. 燃烧化石燃料，如煤、石油和天然气。
2. 森林砍伐和垃圾填埋，增加大气中二氧化碳的浓度。
3. 畜牧业生产，增加温室气体的数量。
4. 高强度农业，产生甲烷等排放物。
5. 工业过程，产生二氧化碳、甲烷和其他温室气体。"	None
《寄生虫》是一部惊人诚实且及时的探索经济不平等和社会阶级分化的电影。通过其精湛的摄影技巧和精心塑造的角色，它提供了一个引人入胜且深刻的洞察力，展示了财富如何分裂我们，以及如何将我们团结在一起。它是一个强有力的提醒，我们永远不能忘记我们周围的不平等，也不能把我们拥有的特权视为理所当然。这种对阶级分化和道德复杂性的深入探索使《寄生虫》成为必看的电影，值得在任何十佳电影清单中列出。	None
《杀死一只知更鸟》是一部备受喜爱的经典作品，它聚焦于吉姆·克劳南时期南方存在的不公正现象。通过年轻主人公斯考特的叙述，读者得以了解社区中根深蒂固的种族主义和偏见。斯考特的父亲阿提克斯·芬奇是小说的道德中心，体现了勇气和正义的价值观。小说所反映的失去纯真和反对种族主义的主题，反映了小说所处的动荡时期。《杀死一只知更鸟》是一部永恒的经典，至今仍在影响着读者。	None
"""删除指定元素后的数组为：[1, 3, 6, 7]."""	None
"""在未来10年内，人工智能预计将对医疗行业产生重大影响。由人工智能驱动的系统将能够准确诊断疾病，推荐治疗方案并提供患者反馈。由人工智能驱动的聊天机器人将能够快速回答患者的问题，并帮助远程地区的患者进行诊断。人工智能还可以帮助医院更加高效，并降低行政成本。"""	None
"""微笑就像阳光一样，照亮整个房间，给所有人带来快乐。"""	None
"- 改善身体健康。
- 提高心理敏锐度和知识水平。
- 缓解压力，提高情感幸福感。
- 培养团队合作和领导能力。
- 培养社交技能，如沟通和体育精神。"	None
"“杂货清单：

- 意大利面：洋葱、大蒜、碎牛肉、罐装番茄、牛至
- 墨西哥玉米饼：碎牛肉、玉米饼、生菜、芝士、番茄、洋葱、鳄梨
- 烤鸡肉：鸡胸肉或鸡腿肉、腌料、盐、胡椒
- 炒菜：蔬菜（西兰花、胡萝卜、荷兰豆、甜椒）、姜、大蒜、酱油、熟米饭。”"	None
他们的	None
"""SELECT name, age FROM students WHERE city='Brisbane';"" 的中文翻译是：从学生表中选择姓名和年龄，其中城市为布里斯班。"	None
"""二次方程的解为x=-4和x=1/3。"""	None
这句话表明教育是通向成功的道路或基础。它强调了知识和学习对于成功的生活和职业的重要性。教育不仅仅指正式的教育或资格，还包括获得知识、人生经验和经历。	None
"一个有效的牙医营销活动应该关注客户满意度、价格实惠和便利性。突出这些方面将有助于该诊所脱颖而出。

它还应该关注突出牙医和员工的经验，诊所对患者护理的重视程度以及任何特殊的设施。广告应强调患者将获得个性化的护理，并试图营造出信任和舒适的氛围。

该活动还应强调可用的特别优惠和折扣，包括免费检查、服务折扣和当天预约。此外，该活动应该面向所有年龄段，针对当地人口，并利用电子邮件和社交媒体等数字通信渠道来扩大受众。"	None
"""让你的选票有价值：2008年选举的投入有多少是太多？"""	None
句子末尾应该使用问号（？）。	None
巴西、墨西哥、加拿大。	None
软件开发生命周期包括五个阶段：规划、需求收集和分析、设计、实现和测试以及部署。规划阶段从分析商业案例、用户需求和预算分配开始。需求收集和分析阶段是确定项目目标和需求的阶段。设计阶段是根据项目需求设计软件的阶段。实现和测试阶段涉及软件编程、单元和系统级测试以及各种组件的集成。最后一个阶段，部署，涉及软件的安装和设置。	None
"""约翰：你知道现在有哪些公司在招聘吗？"""	None
"1. 贪心算法：贪心算法是一种算法策略，它在每一步选择最优解以最大化目标函数。
2. 梯度下降：梯度下降是一种迭代算法，它通过跟随给定点的最陡下降来寻找最小值。
3. 模拟退火：模拟退火是一种元启发式算法，用于寻找给定目标函数的近似全局最优解。
4. 遗传算法：遗传算法使用进化概念，如变异、选择和交叉，对解决方案进行采样，以寻找全局最优解。
5. 分支定界：分支定界是一种算法技术，它将问题分解为子问题，并限制解空间以保证最优解。"	None
“与客户建立信任非常重要，因为它有助于建立强大的关系并创造客户忠诚度。当客户看到一个企业是可靠和值得信赖的，他们更有可能返回购买更多的产品或服务。建立信任还有助于提高客户体验，可以导致增加客户满意度。通过与客户建立信任关系，企业可以获得他们的信任并更好地了解他们的需求和期望。”	None
"店主1：“自从我们重新开业以来，生意怎么样？”
店主2：“比预期的要好。我们看到很多老客户回来了，也有不断涌现的新客户。”"	None
“变量是可以改变的数据值，而常量是不变的值。变量可以是数字、字符串、布尔值、数组或对象，而常量必须始终保持不变。变量通常用于编程中保存可以更改的值，而常量用于定义始终保持不变的值，例如数学方程或程序中的限制。”	None
"1. 加入投票、测验和调查等互动元素。
2. 添加多媒体以增加视觉吸引力。
3. 使用社交媒体集成来吸引访问者。
4. 在重要内容中包含清晰的呼吁行动按钮。
5. 提供简洁易懂的信息内容。"	None
这个人很有同情心。	None
“在线教育越来越受欢迎。它有许多优点，如较低的成本、较少的承诺以及能够按照自己的时间和节奏学习。”	None
"1. 芹菜棒配花生酱
2. 苹果片配奶酪
3. 燕麦棒配坚果和干果"	None
"""创业就像种花园一样 - 你需要仔细规划，准备土壤，选择合适的植物，提供植物生长和茁壮所需的必要灌溉和阳光，并清除可能干扰生长的任何杂草。"""	None
"""租房是一个明智的决定。"""	None
"""橙色是一种黄橙色。"""	None
“分析技术可以应用于体育运动中，以更好地了解团队和球员的表现。数据可以用于识别比赛中的趋势，例如哪些球员在不同情况下最成功，哪些策略最有效，以及如何优化团队的表现。分析技术还可以用于监测球员的健康和福利，使教练能够更好地管理球员的疲劳和预防受伤。”	None
动词：走；形容词：有趣的；副词：快速地。	None
"""中国的长城是一项宏伟的建筑和人类工程壮举。"""	None
"1. 你好！
2. 问候！
3. 欢迎！"	None
"""炒洋葱和大蒜，加盐和胡椒粉。"""	None
"""跑步、吃饭、睡觉、打电话、发短信、工作、阅读、观看、写作、听音乐、玩耍、烹饪、购物、跳舞、学习、步行、驾车、飞行、跳跃、笑。"""	None
“我最近去了La Taqueria，我非常印象深刻。食物非常美味，服务也非常出色。氛围舒适宜人，员工友好且关注所有顾客。总的来说，我强烈推荐La Taqueria，享受美味、满足的用餐体验。”	None
“情感分析场景可以涉及分析客户对产品的评论，以确定客户的总体态度或产品的整体质量。”	None
"“绿色，如此宁静和令人愉悦。
它让我想起为什么我一直相信。
茂盛的生命带给我愉悦的感觉，
看到世界在所有的光线中。
起伏的山丘和高大的树木，
它们给所有人带来平静的存在感。
充满活力的草地一定会让人满意，
我忍不住抓住它的柔软。
常青树增添了场景的美感，
带来了意想不到的宁静和魅力。
绿色带着许多回忆，
它肯定是一个值得我珍惜的颜色。”"	None
到达派对后，我立刻试图在舒适的环境中找到自己，寻找熟悉的面孔或话题。我也深呼吸，微笑，甚至开了几个小玩笑。每当我成功地参与了一次对话，我就会问一些有意义的问题，让我更了解周围的人。随着时间的推移，对话变得更加自然，我最终结识了一些新朋友。 	None
"""最近鲜花授粉者数量的下降很可能是由于易感疾病、自然栖息地的破坏和农药的使用所致。"""	None
我们的新技术产品是一个可以测量医疗保健服务的平台。它可以快速识别医疗保健服务的访问差距，例如地理位置、时间、社会经济地位和种族，为研究人员和政策制定者提供宝贵的数据，以帮助解决这些差距。	None
"1. 设定目标并制定行动计划。
2. 将任务分解为更小、可实现的目标。
3. 庆祝成功，成功会激励你。
4. 保持积极的态度和观点。
5. 让自己周围充满鼓舞人心和激励人的人。"	None
挪威的图森弗鲁德游乐园。	None
加拿大的三个历史事件是1867年建立加拿大自治领、1965年采用加拿大国旗和1988年签署加美自由贸易协定。	None
"计算机网络主要有两种类型：局域网（LAN）和广域网（WAN）。

LAN通常用于小范围地区，如企业和家庭，涉及使用共同的通信协议连接单个区域中的多台计算机。它们通常限于几英里的范围，并为用户提供高速连接。

相比之下，WAN连接跨越多个国家的大范围地区的计算机。它们使用专用租用线路，如电缆或卫星信号，将多个LAN连接在一起。因此，由于涉及距离，它们比LAN慢。

每种类型的网络都有其优缺点，哪种网络更适合将取决于给定情况的背景。"	None
我最近读了《麦田里的守望者》，被J.D.塞林格捕捉青少年生活中的挣扎的能力所震撼。这个成长故事讲述了霍尔顿·考尔菲尔德在成年过程中的旅程，他在应对身份认同、疏离和绝望等问题。这部小说通过幽默生动的写作方式，成功地揭示了一些困难的主题，使它成为一本令人愉快和发人深省的读物。	None
在陀思妥耶夫斯基的小说《罪与罚》中，主人公拉斯科尔尼科夫犯下了一起谋杀案，他相信这将证明尼采主义思想中的超人可以超越道德。然而，最终他没有得到社会的奖赏，反而被罪恶、悔恨和痛苦所消磨。	None
"写作一篇文章的五个步骤包括：
1. 思考想法并选择一个主题。
2. 用引言、正文和结论构建文章的结构。
3. 收集资料、阅读和研究。
4. 写草稿并进行修改。
5. 编辑和校对文章。"	None
"""D-C-B-A-D G-A-G-F-E-D D-C-B-A-D E-G-A-G."" 的中文翻译是：「D-C-B-A-D G-A-G-F-E-D D-C-B-A-D E-G-A-G。」"	None
“对于家庭游戏之夜，可以考虑设置一个动作字谜或画画游戏，一个经典的桌游之夜，例如知识问答或大富翁，或者一个马里奥卡丁车或PlayStation的比赛。此外，家庭游戏之夜还可以包括纸牌游戏，例如Go Fish或Crazy Eights，拼图或知识问答挑战。”	None
"""美式足球、篮球和棒球是美国最受欢迎的三项运动。美式足球强调身体对抗和战术，重点在于阻挡、扑抱和推进球场。另一方面，篮球更加依赖运动能力和敏捷性，需要快速反应和准确的投篮和控球技巧。最后，棒球非常注重技巧，击球、投球和接球是比赛的主要焦点。总的来说，这三项运动都需要团队合作、专注和技巧。"""	None
"""坚定、持久、坚定、果断。"""	None
"""DNA代表脱氧核糖核酸。"""	None
"'- 苹果
- 香蕉
- 橙子
- 葡萄
- 草莓'"	None
'XLII' 没有明确的中文含义，它可能是一个数字、一个代号或者一个名称。请提供更多上下文信息以便进行翻译。	None
句子中的连词是“和”。	None
非可再生能源是指在人类时间尺度内无法再生的能源。非可再生能源的例子包括化石燃料，如石油、天然气和煤炭，以及核能。这些能源是有限的，随着时间的推移，它们最终会耗尽。	None
"""蓝色的形容词列表包括：
1. 蔚蓝的
2. 海洋的
3. 绿松石的
4. 钢铁般的
5. 电气般的
6. 皇家的
7. 钴蓝的
8. 天蓝色的
9. 蓝宝石的
10. 青金石的"""	None
"""6乘以2的积是12。"""	None
"1. 提高可访问性。让客户能够轻松地与您联系。
2. 提高客户响应能力。确保客户的关注和反馈得到及时解决。
3. 投资于客户教育。为客户提供有用的信息和资源。"	None
"现金流量表：
现金净增加额：7500美元
经营活动现金流量：1200美元
投资活动现金流量：2100美元
筹资活动现金流量：3200美元
净现金流量：6500美元"	None
木琴	None
"最近有关美国失业率不断上升的数据显示，自新冠疫情爆发以来，失业率已从3.5%上升至14.7%。这是自大萧条以来失业率最高的时期。美国劳工统计局还报告称，自2020年4月以来，已有4300万美国人申请失业救济。

美国联邦储备委员会在2020年6月报告称，年收入低于4万美元的40%家庭因COVID-19失去了工作或收入减少，而年收入超过10万美元的23%家庭也经历了失业或收入减少。 "	None
“一个质量为5千克，高度为10米的物体的重力势能为490焦耳。”	None
"顾客：您好，我想了解一下航班上有哪些零食可供选择。

空乘人员：当然！我们有各种零食可供选择，包括薯片、饼干和糖果棒。您想购买一些零食吗？

顾客：是的，我想购买一些零食。您有健康的选择吗？

空乘人员：是的，我们提供各种健康的选择，比如酸奶、坚果混合和水果。您想选择其中的哪些？

顾客：是的，我想购买一份酸奶。多少钱？

空乘人员：酸奶的价格是3美元。您想购买吗？

顾客：是的，我想购买酸奶。谢谢！

空乘人员：不客气，这是您的酸奶，祝您旅途愉快！"	None
"""她很焦虑。"""	None
"""番茄和西瓜都是水果，但它们有着明显的区别。番茄有着红色多汁的果肉，以其鲜美的味道而闻名，而西瓜则有着甜美多汁的果肉，通常被视为甜点食品。番茄有一个中空的中心，而西瓜则充满了种子。番茄的皮比较厚，而西瓜则有着薄薄的绿色外皮。这两种水果的质地也非常不同，番茄有着柔软的果肉质地，而西瓜则有着脆脆的质地。此外，番茄通常是煮着吃的，而西瓜通常是生吃的。"""	None
"""我很高兴见到你。"""	None
“素食饮食有许多健康益处，包括降低心脏病、中风、肥胖和某些癌症的风险。它还可以改善消化健康、增加能量水平和改善整体健康。此外，素食主义者通常更加关注其饮食对环境的影响，因为素食食品的生产通常需要更少的能源、水和土地。此外，素食饮食对动物有益，因为它们不涉及屠宰动物或使用动物产品。”	None
"""这个三角形是等腰三角形。"""	None
“地震是一种常见现象，全球每年估计有超过50万次地震发生。大多数地震的震级都小于3.0级，人类无法察觉。迄今为止记录的最大地震是2011年日本海岸的8.9级地震。地震可能会造成重大破坏和生命损失，但它们也是创造新岛屿和改变土地的原因。”	None
'333' (这是一个数字，没有具体的中文翻译)	None
使用Python，我在一组信用数据上训练了一个逻辑回归模型。我通过填充缺失值和缩放数据来预处理数据。然后，我将数据分成训练集和测试集。该模型使用训练集进行训练，准确率为87%。然后在测试集上评估该模型，准确率为97%。	None
"""河流"""	None
网络中立是指互联网服务提供商（ISP）和政府应该平等对待互联网上的所有数据。这意味着ISP不能因为提供对特定网站或服务的访问而收取不同的价格，也不能歧视或给予某些数据优先处理。这确保了每个人都能够访问相同的资源和内容，无论他们的收入水平或地理位置如何。	None
“濒危动物物种可能会出现在保护它们栖息地的地区，例如国家公园、野生动物保护区或其他指定区域。例如，佛罗里达美洲豹可以在佛罗里达州西南部的佛罗里达美洲豹国家野生动物保护区中找到。另一个例子是美国白头海鹰，可以在加利福尼亚的海峡群岛国家公园中找到。”	None
"“我每天早上都醒来，怀着一种使命感，
在我所到之处寻找自由。
我努力用尽全力去抓住它，
用勇气寻找光明之路。

我的思维奔放而自由，
构想着我所发现的世界。
一个自由的世界，和平、真理和爱，
这些是我所追求的品质。

我对自由的希望永不熄灭，
坚定不移，我将追求遥远的天空。
在勇气的合唱中，我将很快歌唱，
直到为所有人带来自由。”"	None
"""AI可解释性是指AI系统能够清晰易懂地解释其决策的过程和结果。这种解释可以包括可视化、叙述性描述和其他输出，AI系统使用这些来解释其决策过程和结果。AI可解释性有助于使AI和机器学习模型更加透明和可信赖。"""	None
"""她正在解决这个问题。"""	None
“设计团队被分配了设计一种内部团队成员通信工具的任务。”	None
六	None
物联网（IoT）利用连接到互联网的物理传感器和设备收集数据并自动化处理。这些设备可以相互交互并发送数据进行处理和分析。这样可以实现高效和复杂的监控和控制，从而增加自动化、洞察力和响应能力。	None
一个应用程序开发者负责设计、编码、测试、调试和维护移动应用程序。他们利用自己对计算机编程语言和软件设计的知识，为各种移动平台开发应用程序。应用程序开发者还与项目经理和其他技术团队合作，确保应用程序运行顺畅、外观良好、性能高效。他们还负责分析用户需求、提出解决方案并创建高效、具有成本效益的代码。	None
"""软件测试确保产品符合指定的要求。"""	None
"""美丽的天空是一曲蓝色的交响乐，
大自然的奇迹总是在眼前。
树木和花朵，它们充满了空气，
我们的星球是我们共同分享的奇迹。
轻柔的微风，带来新的生命，
因为在大自然中，我们看到了勇敢和真实的景象。"""	None
“写作、绘画、涂鸦、折纸、剪纸、折纸飞机、拼贴、制作立体卡片、撕碎、覆膜。”	None
每晚获得良好的睡眠对于您的健康、幸福和生产力至关重要。为了保证每晚良好的睡眠，重要的是要有一个一致的睡眠时间表，并制定一个可以帮助您创造舒适睡眠环境的常规。此外，避免在晚上晚些时候摄入咖啡因，限制在睡前接触屏幕和强光的时间。还有，练习放松技巧，如瑜伽或冥想，消除可能会妨碍您获得宁静夜晚睡眠的任何干扰因素，这也是有益的。	None
她将步行去上学。	None
"""食品保鲜中发生的一种自然过程是发酵。"""	None
约翰是一名软件工程师，已经编程了5年。每天他早早起床，准备迎接新的一天。他会先吃个快速的早餐，然后跳进编程的世界，创建新项目和修复现有的错误。几个小时后，他会休息一下，在桌子上吃午饭，与同事讨论新想法，集思广益解决遇到的任何棘手问题。下午到来，约翰专注于他的代码，处理最复杂的问题，同时密切关注潜在的改进。他的一天会以轻松的阅读结束，学习新的编程语言，以确保自己跟上最新的行业进展。这样，他的一天就结束了。	None
“学生债务危机是美国和加拿大的一个重大问题，尽管两个国家之间存在一些差异。在美国，学生债务在2019年达到了创纪录的1.5万亿美元，平均每个学生欠款约为32,600美元。在加拿大，债务情况并不像美国那么严重，但仍然令人担忧。加拿大的平均学生债务约为26,300加元，2019年总学生债务达到了超过354亿加元。与美国相比，加拿大确实有一些优势，例如更慷慨的政府贷款计划，使得学生能够以较低的利率偿还贷款。然而，近年来两国的学生债务一直在稳步上升，这很可能仍然是一个重大问题。”	None
"""实体法律制定了管理行为和行为的规则和法规，而程序法律确定了实体法律如何执行。实体法律定义和调节权利和义务，通常包括刑法、民法和行政法。程序法律关注的是法律系统如何处理在实体法律下产生的争议，通过概述民事和刑事法庭的步骤、规则和程序来解决。"""	None
"""3x + 5y - 9 = 0"" 的中文翻译是 ""3x + 5y - 9 = 0""。"	None
这首诗象征着浪漫的爱情，玫瑰代表着美丽、爱情和成长。玫瑰也是女性美丽的传统象征。这首诗还暗示着，如果用心呵护，爱情就像玫瑰一样会继续成长和开放。	None
"""这个学生写了论文。"""	None
"Linux和Windows操作系统之间的主要区别如下：
1. Linux是开源的，而Windows是专有的。
2. Windows更易于使用，具有图形用户界面，而Linux需要更多的技术知识，并具有命令行界面。
3. 由于其设计和开源性质，Linux更安全，而Windows容易受到恶意软件和病毒的攻击。
4. Linux比Windows更可定制，允许用户修改和调整操作系统以满足其特定需求。
5. Windows与某些硬件和软件更兼容，而Linux可能需要更多的手动配置和调整。"	None
"""欢迎来到我们的商店！我们提供全面的产品选择，竞争性的价格和优质的客户服务。"""	None
"""在1-5的评分中，您对我们的服务满意度有多少？"""	None
"步骤1：声明一个数组A。
步骤2：将min初始化为A[0]。
步骤3：从索引1开始循环遍历数组A。
步骤4：将元素A[i]与min进行比较。
步骤5：如果A[i]小于min，则将min设置为A[i]。
步骤6：返回min。 "	None
"""他/她去了商店。"""	None
太阳正在地平线上落下，用鲜艳的橙色、黄色和粉色调色板绘制着天空。橙色的色调在闪烁的海洋中得到了反射，创造出令人惊叹和宁静的景象。咸咸的海风从海面吹来，海浪拍打着岩石，创造出一种舒缓的声音合唱。	None
"抱歉，""MIGG"" 不是一个常见的词汇或短语，无法进行翻译。请提供更多上下文或信息。"	None
"""在社区中减少贫困的两种不同方式是开展经济发展计划，创造就业和商业机会，以及增加医疗保健和教育的获取，为人们提供他们成功所需的工具。"""	None
"""新鲜的花瓣充满了空气 / 新的季节已经开始 / 树上的阳光"""	None
"""定义一个反转函数（reverse），参数为头节点（head）：
    初始化prev为None，cur为head；
    当cur不为空时，执行以下操作：
        将next设为cur的下一个节点；
        将cur的下一个节点指向prev；
        将prev设为cur；
        将cur设为next；
    将head设为prev；
    返回head。"""	None
"""杰夫·贝佐斯是最成功的CEO之一，他将亚马逊的市值从1997年的25亿美元增加到2020年的1.6万亿美元。"""	None
"“亲爱的[人名]，

非常抱歉由于我们延迟交付您的订单而给您带来的不便。我们的团队过去一直努力确保及时交付，这次未能达到您的期望，我们深表歉意。您的满意是我们的首要任务，我们再次诚挚道歉。

我们希望您考虑再给我们一次机会，展示我们对您满意度的承诺。

真诚地，
[公司名称]”"	None
"与潜水相关的物品：
- 潜水服
- 脚蹼
- 呼吸管
- 浮力控制装置（BCD）
- 面镜
- 气瓶调节器
- 潜水电脑
- 潜水刀或剪刀
- 配重带或救生衣
- 水下手电筒
- 气瓶和气罐
- 手电筒
- 潜水日志册
- 指南针"	None
伯明翰一所学校的校长因考试评分不规范而被停职。检查人员发现了成绩被夸大和流程失误，这些责任在于校长，包括未能确保评分过程和保护学校免受声誉损害。学校现在正在调查此事，以保护考试过程的完整性。	None
"'| 评分 | 百分比 |
| ------ | ---------- |
| 1      | 10%        |
| 2      | 20%        |
| 3      | 30%        |
| 4      | 25%        |
| 5      | 15%        |'"	None
“约翰博士是一位在实验室里工作的科学家，周围是充满神秘液体的烧杯和试管。他一直在研究一项新项目，希望创造一种革命性的新药，可以治愈各种疾病。他花了数月时间测试不同的成分组合，最终找到了完美的配方。当药剂在试管中冒泡时，他的兴奋感觉可以触摸到。他几乎没有睡过那个晚上，迫不及待地期待着实验结果。第二天，果然，他的混合物成功地创造出了他一直在努力追求的药物！他终于取得了一个真正了不起的成就。”	None
"“什么东西充满了钥匙，但却不能打开任何一个锁？
答案：钢琴。”"	None
“滑铁卢战役发生于1815年6月18日，是拿破仑战争中最后一场重要的战役，标志着拿破仑·波拿巴的统治结束。这场战役是在现今比利时的滑铁卢镇附近，由拿破仑的法国军队和由惠灵顿公爵领导的英国、荷兰、比利时和普鲁士联军之间进行的。这场战役是拿破仑军队的失败，结束了拿破仑对法国的统治。拿破仑本人被流放到圣赫勒拿岛，在那里于1821年去世。这场战役标志着法国对欧洲的统治结束，为该地区的和平开启了一个新时期。这也是拿破仑战争中最后一场重要的战役，被认为是历史上最重要的战役之一。联军在滑铁卢的胜利有助于结束法国在欧洲的帝国野心，也确立了英国作为欧洲最强大的国家之一的地位。这场战役采用了步兵、骑兵和炮兵的战术组合，展示了战争性质的变化。尽管法国军队人数远远超过联军，但他们的战略和战术错误导致了战败。这场失败标志着法国帝国在欧洲的统治结束。滑铁卢的遗产至今仍然存在，巩固了英国帝国在接下来的一百年中的地位。”	None
"""喜悦、悲伤、恐惧、愤怒和厌恶。"""	None
“这个解决方案并不可行，因为虽然它可能会在短期内减少债务，但也会限制经济中的资金量，从而可能导致经济衰退。此外，减税可以刺激经济增长，因此取消减税可能会对企业产生不利影响。”	None
"""明天会下雨吗？"""	None
"""犹豫不决是指在决策或行动方面摇摆不定的状态。它表现为无法做出坚定的决定或承诺。"""	None
"1. 使用香蕉皮制作全天然杀虫剂，方法是将成熟的香蕉皮压碎后浸泡在温水中几个小时。得到的混合物可以用于喷洒植物，帮助防止害虫。

2. 将香蕉皮涂抹在皮肤上，可以对抗痘痘和皱纹。香蕉皮中的酶和维生素可以帮助减少红肿和炎症。

3. 使用香蕉皮擦拭银器可以使其恢复光泽。香蕉中的钾元素有助于去除银器上的污渍，因此用香蕉皮擦拭银器可以使其恢复光泽。"	None
"""那只敏捷的棕色狐狸迅速跳跃。"""	None
"""亲爱的[姓名]，

希望你一切都好。

我们写信是要通知你，你的订单已经准备好发货了。"""	None
"- 安排感恩节晚餐的日期
- 开始购买食材
- 发送邀请函
- 计划活动
- 开始布置场地
- 研究食谱
- 计划菜单
- 购买葡萄酒
- 摆放桌椅
- 购买纸盘和纸杯
- 制作购物清单
- 要求家人带一道菜
- 设立酒吧区域
- 制作座位表
- 制定活动时间表
- 制定餐后清洁计划
- 清洁房屋
- 准备食物
- 尽情享受！"	None
“企业应该投资于SEO，因为它对于驱动网站的有机流量和提高在搜索引擎结果中的可见性至关重要。SEO有助于确保网站出现在相关的搜索查询中，因此可以帮助企业触达更广泛的受众。投资于SEO还可以增加网站的参与度，并且可以帮助建立与潜在客户的信任，因为它显示了对质量的承诺。最后，SEO可以带来显著的投资回报，包括增加的流量和潜在客户，以及增加的销售额。”	None
五种减少能源消耗的方法包括：不使用电子设备时拔掉插头；离开房间时关闭灯光；更换LED或CFL灯泡；安装感应式灯开关；通过更大的窗户和天窗使用自然光。此外，更换旧电器为节能型号和安装气密条以减少漏风也可以帮助减少能源消耗。安装隔热材料和太阳能电池板，升级智能恒温器，减少水浪费都可以为更高效的家居和减少能源使用做出贡献。最后，学习节能知识和改变习惯，例如刷牙时关闭水龙头和用冷水洗衣服，也可以帮助减少能源消耗。	None
使用GPT模型有许多好处。它可以通过使用大型数据集快速准确地生成文本，可用于自然语言处理任务，如摘要、问答和文本生成。GPT模型也具有可扩展性，意味着它们能够使用最少的资源处理复杂任务。它们快速且不需要人力培训，这使它们在各种任务中快速生成结果非常有用，其中手动工作可能过于昂贵或缓慢。此外，GPT模型非常灵活，允许开发人员根据自己的喜好轻松调整输出。简而言之，GPT模型是一种高效且经济实惠的生成文本的方式。	None
半径为4的圆的面积等于12.5664平方单位。这是通过使用公式A = πr2计算得出的，其中A表示面积，π约等于3.1416，r表示圆的半径。	None
"""词嵌入是自然语言处理中最强大的工具之一。它们是单词或短语在向量空间中的数学表示，允许测量单词之间的相似性以及它们所使用的上下文。词嵌入对于情感分析、文本分类、预测序列中的下一个单词以及理解同义词和类比等任务非常有用。它们允许将单词处理为数值，为机器执行自然语言处理任务提供了更简单的方式。"""	None
“教授准确地回答了学生的问题。”	None
她写了一部小说，灵感来自于她的祖父。	None
"“野花在草丛中显得格外突出，
顶峰的韧性，无法超越。
它柔和的花瓣色彩鲜艳，
展示着它的力量，经受住了所有的虐待。

在冬霜和夏日的炎热中，
它坚定地前行，拒绝分离。
它柔软的花瓣高高地耸立着，
不被大自然所打败，永恒的指引。

色彩鲜艳，美丽无比，
野花体现了分享的力量。
它是勇气和韧性的象征，
野花永不放弃，始终坚强。”"	None
“设计思维是一个创造性的过程，考虑了利益相关者，并利用技术来帮助解决问题。它是以用户为中心的方法，专注于实现成功的结果。它依赖于设计师的工具包，将人们的需求、技术的潜力和成功的要求整合在一起。”	None
“由于全球变暖，地球的平均温度正在上升，导致地球气候永久性变化。”	None
"""故事的寓意是真正的友谊是无价的，应该高度珍视。"""	None
"""花些时间关注你的成功。写下你已经完成的事情以及你朝着目标所取得的所有进展。提醒自己你的优点和你做得好的事情。这将帮助你找到前进的动力，你将能够通过重新振作自己来获得更新的希望和目的感。"""	None
木星	None
“最近的研究表明，气候变化正在加剧，全球气温和海平面上升，导致更加极端的天气和与自然灾害相关的风险增加。”	None
"保护笔记本电脑安全的步骤：
1. 使用大小写字母、数字和特殊字符混合的安全密码。
2. 对所有账户使用双重身份验证。
3. 确保反病毒和反恶意软件是最新的。
4. 只从可靠的来源安装可信赖的软件。
5. 在使用公共网络时使用VPN加密数据。
6. 点击链接或回复电子邮件时要小心。
7. 避免使用不受信任的USB驱动器。
8. 经常备份重要文件。
9. 使用完笔记本电脑后始终注销。
10. 不要在公共场合或未锁定的情况下离开它。"	None
从标准的52张牌的牌组中抽到2的概率是1/13或7.69%。	None
故事的主角是一个贫穷的农村男孩。	None
大家早上好！今天我来跟大家谈谈气候变化的影响，以及它将如何影响我们的环境、健康、社会、经济和未来。气候变化是我们星球面临的一个不断存在且日益增长的威胁，作为世界公民，我们有必要采取行动来减少我们的环境影响。	None
“整篇文章，不包括不属于的段落。”	None
他喜欢听音乐。	None
"""动物：不，这是一种蔬菜。"""	None
“鸽子，上面，手套，因此，推动，因此，因此，因此，因此，因此。”	None
"'""""""
在给定的字符串中找到最长的回文字符串
""""""

def find_longest_palindrome(s):
	# 初始化结果
	max_length = 1

	# 初始化起始和结束索引
	start, end = 0, 0

	# 遍历输入字符串
	for i in range(1, len(s)):

		# 找到最长的偶数长度回文字符串
		low, high = i-1, i
		while low >= 0 and high < len(s) and s[low] == s[high]:
			if high - low + 1 > max_length:
				start = low
				end = high
				max_length = high - low + 1
			low -= 1
			high += 1
		# 找到最长的奇数长度回文字符串
		low, high = i-1, i+1
		while low >= 0 and high < len(s) and s[low] == s[high]:
			if high - low + 1 > max_length:
				start = low
				end = high
				max_length = high - low + 1
			low -= 1
			high += 1

	# 返回结果
	return s[start:end+1]

if __name__ == '__main__':
	s = ""babad""
	print(""最长的回文字符串是："", end="""")
	print(find_longest_palindrome(s))'"	None
从前，有一个勇敢的骑士住在一个遥远的王国里。他的任务是从一只凶猛的龙手中解救出一位美丽的公主。勇敢的骑士踏上了危险的旅程，毫不犹豫地面对着龙，解救了公主。当他到达时，他看到龙正在小心地守护着公主，知道没有任何偷偷摸过去的方法。他深吸一口气，勇敢地骑向前方，准备面对他面前的挑战。他英勇地战斗，最终打败了龙，解救了公主。骑士和公主很快结婚了，从此过上了幸福快乐的生活。 	None
这本小说的标题是《诺博士》。	None
七	None
“为了预算友好的感恩节餐，计划以经济实惠的方式提供传统的节日美食。从填料、土豆泥和肉汁开始，然后包括简单的菜肴，如青豆、玉米、蔓越莓酱和面包卷。对于美味的甜点，考虑自制南瓜或山核桃派。在可能的情况下，尽量购买季节性的食材，并确保提前计划以减少食物浪费。”	None
“经济学是研究社会如何利用有限资源来生产和分配商品和服务的学科。”	None
提供免费大学教育的优点包括使教育更加普及，增强对熟练专业人才的获取，为所有人提供平等机会，促进经济发展。另一方面，缺点可能包括增加税收和政府负担，某些专业毕业生过多，教育质量下降，某些大学过度拥挤的风险增加。	None
"""猫在围栏上大声喵喵叫。"""	None
"""液体的两个例子是水和油。"""	None
美国有50个州。	None
虽然机器学习和深度学习都是人工智能的子领域，但两者之间存在差异。机器学习算法依赖于一系列手动制作的特征和标记数据来训练模型。另一方面，深度学习模型能够学习数据点之间的复杂关系，而无需手动进行特征工程。深度学习还能够进行多层次的学习，意味着它可以学习数据中的多个抽象和关系，而机器学习通常只能进行单层次的学习。此外，深度学习模型最近在许多任务上取得了令人印象深刻的结果，如物体识别和自然语言处理。	None
“慷慨的例子是指那些自愿在慈善机构中帮助的人。”	None
"“雪已融化，
鲜花绽放明亮，
鸟儿在各处歌唱，
这是春天的美丽愉悦。

阳光照耀着温暖的光芒，
草地闪耀着绿色，
一阵宜人的微风吹过，
一种愉悦的感觉可以看到。

树上落下过去的花瓣，
这是新季节的美丽标志，
一个新的开始，注定要持久，
美丽的感觉唤起了原因。

一个充满喜悦的温暖季节，
一个注定会留下的季节，
一个缓解我们悲伤的季节，
这个季节被称为春天。”"	None
"""让我们在本周激发内在动力和力量！#MotivationMonday #MondayMotivation #BeMotivated"""	None
维生素C的化学式是C6H8O6。它通常被称为抗坏血酸。	None
"""Telegram"" 的中文翻译是 ""电报""。"	None
“冒泡排序算法是一种用于对数组中的元素进行排序的算法。它通过查看数组的每个元素并将其与下一个元素进行比较来工作。如果第一个元素大于第二个元素，则它们会被交换。这个过程重复进行，直到整个数组排序完成。这种排序是最简单的排序算法之一，但如果数组有许多元素，它可能会很慢。”	None
“似乎接下来的段落中会发生一些非同寻常且前所未有的事情。”	None
“老虎是一种体型庞大、肌肉强壮的猫科动物。它们身上覆盖着短而红橙相间的毛皮，有着黑色的竖条纹。头部的条纹更窄更深，尾巴长而尖端通常是白色的。它们有着大而有力的爪子，体重可达660磅。老虎的眼睛是黄色的，有着竖直的黑色瞳孔。它们有着锋利的牙齿和大型可收缩的爪子。”	None
液相色谱和气相色谱都是用于分离样品中化合物的技术。它们之间的主要区别在于所使用的移动相类型。在液相色谱中，移动相是液体，待分离的混合物成分溶解在液体中，而在气相色谱中，移动相是气体。此外，液相色谱具有更小的颗粒，因此可以保留比气相色谱更多的成分。	None
氮元素	None
这个基于Web的应用程序应该使用数据库来存储图像和相关的分类信息。该应用程序应该允许用户上传图像并为它们分配标签。此外，应该有一个界面，可以通过标签搜索和过滤图像。最后，该应用程序应该使用计算机视觉技术，如目标检测和图像分类，将图像分类。	None
"1. 鹿在地上吃掉了它的橡子。
2. 我们徒步爬到山顶，可以看到数英里远的景色。
3. 他买了一艘船在广阔的海洋中航行。"	None
"""1989年至2019年间，美国经济规模增长了一倍以上，主要是由于信息技术行业的崛起、工人生产率和消费者需求的提高以及政府的投资。这种增长速度比前两个十年要快。"""	None
“绿色债券是发行用于资助旨在减缓气候变化和促进可持续发展项目的债务工具。”	None
夏威夷！	None
六	None
"“进化论的基本原理是由查尔斯·达尔文提出的，它认为地球上所有的生命都是从一个共同的祖先演化而来的，这种演化是通过自然选择的过程随着时间而发生的。自然选择是指那些适应环境更好的个体更有可能生存、繁殖并将其特征传递给后代的过程。这个过程导致了新物种的形成，并允许在不断变化的环境中进行适应。

此外，进化论解释了新的遗传变异是如何产生的，生物如何获得遗传特征，以及物种如何随着时间的推移而分化。”"	None
《寻找自我的道路》	None
爱因斯坦的相对论是一种关于引力的理论，它指出物理定律在所有匀速运动的参考系中都是相同的，无论运动的速度或方向如何。这意味着空间和时间是相互关联的，形成了一个四维连续体，即“时空”。此外，这还包括时间膨胀的概念，即时间的流逝会根据观察者的速度而加速或减缓。	None
1. 意大利（54个遗址）2. 中国（52个遗址）3. 西班牙（48个遗址）4. 法国（45个遗址）5. 德国（43个遗址）	None
根据最新估计，截至2021年，印度的人口为13.8亿。	None
"""艾米琳·潘克赫斯特被铭记为英国妇女选举权运动的领袖和妇女权利的倡导者。"""	None
"1. 乐观
2. 自信
3. 感恩
4. 创造力
5. 同情心"	None
“烤牛排的一种独特方式是水浴烹饪法。这种方法将牛排缓慢地在密封袋中的自身汁液中以低温烹煮。牛排被真空密封，然后在水浴中以精确的温度长时间烹煮，确保它完全熟透但仍然鲜嫩多汁。”	None
这个简单的烧烤食谱是夏日晚餐的完美选择！首先预热烤架并准备好所需材料。用盐、胡椒粉、大蒜粉和一点辣椒粉调味一磅你喜欢的鸡肉。将鸡肉放在烤架上烤至熟透。在鸡肉烤制的同时，将番茄酱、红糖、苹果醋、芥末、伍斯特酱和辣酱混合在一个锅中制作出一份酸甜可口的烧烤酱。将酱汁煮沸10分钟，然后将其刷在鸡肉上，直到鸡肉完全裹上酱汁。搭配土豆和你喜欢的夏日沙拉，享受美味的烧烤鸡肉吧！	None
“机器学习可以为组织带来许多优势。首先，它可以通过自动化过于复杂或昂贵的流程，显著提高决策能力。它还可以提供有关数据的见解，否则很难看到。机器学习还可以快速准确地处理大量数据，从而更快速、更准确地预测潜在结果。最后，机器学习可以通过提供个性化建议和识别客户趋势来帮助改善客户服务。”	None
"- 聪明购物，只购买所需物品。
- 储存剩余食物，必要时冷冻。
- 监控食品过期日期，及时食用。
- 参与社区或公共食品共享计划。
- 堆肥剩余食物残渣。
- 重复使用容器、罐子和袋子。
- 利用餐厅折扣减少过量点餐。
- 将短期过期的食品捐赠给当地食品银行。
- 购买接近过期日期的更多农产品，并尽快准备。
- 在外就餐时点小份。
- 教育自己和他人关于食品浪费。
- 提前计划餐食，并根据餐食制定购物清单。
- 正确储存食品以减少变质。
- 确保冰箱温度适宜。
- 建立一个系统来跟踪冰箱里的剩菜剩饭。
- 食用食品的所有可食部分，包括茎和皮。
- 使用创意食谱利用整个食品。
- 将否则会被扔掉的食品用于动物饲料。
- 参与使食品可持续性成为一个问题的活动。"	None
人工神经网络的组成部分包括输入单元、隐藏单元、输出单元、权重、偏置和激活函数。输入单元负责接收数据的输入。隐藏单元处理输入并生成输出，而输出单元生成神经网络的输出。权重和偏置确定单元之间连接的强度。最后，激活函数根据前一层的加权输入确定神经网络的输出。	None
"""我生命中的一个重要事件是我从大学毕业。经过四年的努力，当我走上舞台领取学位时，我充满了自豪感和成就感。这是奉献和毅力的结果，它向我展示了只要你下定决心，没有什么是不可能的。"""	None
"""炒饭是皇后""。"	None
"""在选择家具时，请考虑现有的家具和所需的风格。"""	None
"""def bubbleSort(list):
    n = len(list)

    for i in range(n):
   
        for j in range(0, n-i-1):
           
            if list[j] > list[j+1] :
                list[j], list[j+1] = list[j+1], list[j]
  
bubbleSort(list)"" 的中文翻译为：

""定义冒泡排序函数（bubbleSort），参数为列表（list）：
    获取列表长度（n）；
    循环n次（i）：
        在每次循环中，循环n-i-1次（j）：
            如果当前元素大于下一个元素：
                交换这两个元素的位置；
    调用冒泡排序函数，参数为列表（list）；"""	None
“断指游戏”是一款可以用纸和笔玩的双人游戏。玩家在纸上画一个方格网，给每个方格标上一个数字，然后轮流给每个方格分配字母。如果一个玩家完成了四个字母的横向、纵向或对角线，那么他们就得分。第一个达到五个得分的玩家获胜。	None
"1968年：ARPANET，第一个互联网网络被创建。
1973年：TCP/IP被创建，使得计算机之间可以相互通信。
1983年：DNS被创建以简化通信过程。
1989年：万维网被创建，诞生了公共互联网。
1995年：JavaScript被开发，为网页引入了动态内容。
2001年：维基百科上线，提供在线百科全书。
2004年：Facebook上线，迅速发展到10亿用户。
2007年：苹果推出iPhone，使移动设备变得普遍。
2009年：云计算开始革命性地改变数据存储。
2011年：HTML5发布，鼓励更丰富的网络体验。
2013年：物联网（IoT）出现，连接了数十个耐用设备。
2015年：""语音优先""技术，如亚马逊的Alexa，推出。
2018年：5G网络开始推出，允许更快的连接速度。
2020年：人工智能开始被用于驱动像Alexa这样的家庭助手。"	None
“疫情导致人们呆在家中以避免潜在的病毒感染，从而导致在线购物增加。随着越来越多的人在线购物，对在线购买的需求也增加了，企业通过提供更多的在线选项来应对。因此，在线活动显著增加。”	None
百科全书	None
你好，你怎么样？	None
"""澳大利亚是世界上第二大的国家。"""	None
"给定列表的排序算法可以使用以下步骤：
1. 比较前两个元素，如果第一个元素大于第二个元素，则交换它们。
2. 继续对下两个元素执行相同的操作，直到到达列表的末尾。
3. 重复步骤1和2，直到列表按顺序排序。
排序后的列表将是：[1，2，4，5，6]。"	None
"“影响2008年选举的成本可能超过30亿美元，分析显示。
仅今年到目前为止，有关医疗保健的电视广告总额已达6000万美元。
团体正在从立法倡导模式转向政治模式，并针对候选人进行激烈的广告宣传。
候选人需要创造出与众多广告脱颖而出的广告，否则他们就有被淹没在噪音中的风险。”"	None
“在公园或花园里拍摄野餐主题的照片怎么样？让家人穿上有趣和奇幻的服装和姿势，并使用复古家具、户外配件和装饰等道具。另一个想法是在游戏厅或游乐场拍摄照片，让家人穿着相匹配的服装玩游戏。”	None
"亲爱的[客户]，

感谢您提出此问题。我们对产品问题感到抱歉。我们将尽快处理您的退款请求。如果您需要其他帮助，请告诉我们。感谢您的理解。此致敬礼，[公司]"	None
“stoic”的反义词是“情感的”。	None
"""橡树：植物
铜矿石：矿物
大象：动物"""	None
“这些强盗泄露了他们的同伙。”	None
我最近购买了一台戴尔Inspiron 15笔记本电脑，非常满意我的购买。这台笔记本电脑配备了强大的处理器和足够的内存，非常适合多任务处理。显示屏亮度高、清晰，观看电影时提供了极佳的视觉体验。电池寿命也不错，让我能够在需要充电之前使用几个小时的笔记本电脑。触摸板平滑、反应灵敏，使得导航笔记本电脑变得简单。到目前为止，我很喜欢我的戴尔Inspiron 15，强烈推荐它。	None
"""咖啡和樱桃是列表中最昂贵的两个物品。"""	None
"""埃隆·马斯克是一位企业家和工程师，因在多个领域取得的成就而广为人知，包括汽车工程、能源生产、金融和太空探索。他的成功归因于创新思想、前瞻性领导和对追求雄心勃勃目标的无限热情的结合。在他的职业生涯中，马斯克展示了惊人的冒险精神，以实现他的愿景。他的成就已经彻底改变了许多行业，并为技术进步的未来奠定了基础。"""	None
这段文字是暴风雨和悬疑类型的例子。	None
《别让我走》是一部由石黑一雄所写的反乌托邦小说，讲述了三个朋友一起上学，但他们并不知道这所学校正在为他们准备一个可怕的命运。随着他们的成长，他们开始了解自己真正的目的，并被迫面对即将到来的命运所带来的道德和伦理困境。	None
神经网络是一种受人类大脑结构和功能启发的人工智能系统。它是由人工神经元组成的互联系统，利用数据集的信号进行预测或决策。神经网络由输入层、隐藏层和输出层组成。输入层接收来自外部的数据。隐藏层处理和操作数据。输出层向外界提供预测或决策。神经网络被用于各种任务，如图像识别、文本分析和预测。	None
新餐厅将位于城市繁华的高流量区域，提供广泛的美味菜单和价格合理的饮品选择。除了餐厅，还将提供外卖和餐饮服务。氛围将会温馨舒适，展示当地艺术家的艺术作品。商业计划旨在建立一个可持续和盈利的企业。预算包括启动成本和持续性支出，如租金、保险、工资、营销和公用事业费用。	None
为什么不鼓励你的孩子去附近的城市进行一次公路旅行，探索他们最喜欢的博物馆、画廊和公园呢？在路上，他们可以制作一个寻宝游戏，帮助他们识别地标、有趣的标志和他们沿途发现的任何其他事物。当他们到达目的地时，他们可以用照片和记忆日记记录他们的旅程，以便以后回忆。	None
"'def largest_element(arr):
    """"""
    获取一个元素数组并返回数组中最大的元素

    参数：
    arr（列表）：整数数组

    返回：
    largest（整数）：数组中最大的元素
    """"""

    # 将数组的第一个元素初始化为最大值
    largest = arr[0]

    # 遍历数组中的其余元素
    for i in range(1, len(arr)):
        # 如果元素更大，则更新最大值
        if arr[i] > largest:
            largest = arr[i]
    # 返回最大元素
    return largest'"	None
"'1. 清晰简洁。
2. 尊重礼貌。
3. 使用积极倾听。
4. 思想开放。
5. 提供反馈。'"	None
好的	None
《教父》被广泛认为是一部永恒的经典，原因很充分。它是一个关于犯罪和家庭关系的扣人心弦的故事，演员阵容表现出色。故事情节巧妙，表演精彩，使人难以忘怀。有时可能会有些慢，但不要让这阻止你观看这部杰作。	None
"<!DOCTYPE html>
<html>
<head>
    <title>表格示例</title>
</head>
<body>
    <table>
        <tr>
            <th>姓名</th>
            <th>年龄</th>
        </tr>
        <tr>
            <td>詹姆斯</td>
            <td>24</td>
        </tr>
        <tr>
            <td>约翰</td>
            <td>30</td>
        </tr>
    </table>
    <button>添加</button>
    <button>删除</button>
</body>
</html>"	None
定义一个函数isAnagram(string1, string2)，用于判断两个字符串是否为字谜（即由相同的字母组成但顺序不同的单词）。首先判断两个字符串长度是否相等，若不相等则返回False。然后使用一个长度为26的列表count来记录string1中每个字符出现的频率，遍历string1并将每个字符的频率加1。接着遍历string2并将每个字符的频率减1。如果任何一个字符的频率变成了负数，则说明两个字符串不是字谜，返回False。最后遍历count列表，如果所有字符的频率都为0，则说明两个字符串是字谜，返回True。	None
"""我每天都做一些新的事情。"""	None
船长读了新闻报道。	None
"""一个簿记员需要做三件主要的事情：记录财务交易，调节和分析账户，以及准备财务报告，如资产负债表和利润表。"""	None
"'=Convert(Celsius, ""C"", ""F"")

这个宏可以将摄氏度转换为相应的华氏温度。要使用这个公式，将“=Convert(Celsius, ""C"", ""F"")”输入到一个单元格中，但是将“Celsius”替换为您想要转换的摄氏度温度值。例如，如果您想将18℃转换为华氏度，您应该在一个单元格中输入“=Convert(18, ""C"", ""F"")”。这个宏的结果将是“64.4°F”。"	None
"'1. 帐篷
2. 睡袋
3. 手电筒
4. 火柴/打火机
5. 驱虫剂
6. 备用衣物
7. 急救包
8. 露营炉
9. 炊具
10. 生物降解肥皂/洗发水'"	None
"""Photoshop是由Adobe开发的一款照片编辑软件，用于通过操纵和组合现有数字图像的部分来改善图像或创建效果。Photoshop使用户能够调整图像的色调、颜色、光照和纹理，以及创建文本、创建3D对象、添加数字效果和应用滤镜。"""	None
"“- 你的人生故事是什么？
- 你的爱好和激情是什么？
- 你喜欢如何度过空闲时间？
- 你最自豪的成就是什么？
- 你读过的最好的书是什么？
- 如果你有一百万美元，你会做什么？
- 你在寻找伴侣时看重什么？
- 你想追求什么职业？
- 你收到过的最好的建议是什么？
- 你希望留下什么样的遗产？”"	None
"""基于观点的"""	None
"第一段：
慵懒的日子和晴朗的天空，
幸福弥漫在空气中。
夏日微风的温暖，
到处都充满着快乐。

合唱：
让我们抓住夏天，
度过一个真正愉快的时光。
夏日永不告别，
夏天的乐趣永不消逝！

第二段：
好心情和无压力，
充分地享受生活。
我心无忧，
感觉就像没有什么能阻止我！

合唱：
让我们抓住夏天，
度过一个真正愉快的时光。
夏日永不告别，
夏天的乐趣永不消逝！

桥段：
与家人、朋友、海滩等共度时光，
笑声、歌声、欢乐无限，
夏天是我们所有人都期待的！

合唱：
让我们抓住夏天，
度过一个真正愉快的时光。
夏日永不告别，
夏天的乐趣永不消逝！"	None
"""Mac上最好的屏幕截图工具之一是Skitch。它易于使用，具有强大的注释、标记工具和云存储功能，方便分享。它还允许定时截图，并具有内置的截图编辑器。此外，您可以将截图保存为各种格式的图像或视频文件。"""	None
“云计算可以被视为一个公用事业公司，为家庭提供能源。与电力不同，云计算提供存储和处理能力等计算服务，允许用户按需访问并仅支付所使用的费用。就像公用事业公司一样，云计算为用户提供运行应用程序、业务和生活所需的资源，无论何时都可以使用。”	None
加拿大	None
保罗·柯艾荷的《牧羊少年奇幻之旅》是一部鼓舞人心、发人深省的故事，讲述了个人成长和发现的旅程。通过其角色独特而引人入胜的旅程，本书带领读者踏上自我发现之旅，并鼓励他们追随自己的梦想。它引人深思的教训对所有读者都易于理解，并提供了关于决心和激情力量的深刻见解。这是一本绝妙的书籍，一定会给人留下深刻的印象。	None
“公共交通是减少道路上汽车数量的一种高效且经济实惠的方式。它可以减少道路磨损、空气和噪音污染以及温室气体排放。此外，它是一种更为经济实惠的旅行选择，适用于所有人，包括那些无法承担汽车所有权和维护费用的人。同时，它也是一种避免驾驶压力的好方式。”	None
"'标签1：字符数据
标签2：字母数据
标签3：非字母数据'"	None
"""那只巷猫被狗吠了。"""	None
她参加了这个活动。	None
数据库应该包含员工姓名、职位、薪水和日期等字段。它还应该包括一个员工经理的字段，以便薪水可以正确地分配到各个部门。数据库还应该能够生成有关部门或个人薪资支出的报告。	None
"""快速地"""	None
"《指环王》J.R.R.托尔金
《哈利·波特》系列J.K.罗琳
《纳尼亚传奇》C.S.刘易斯
《霍比特人》J.R.R.托尔金
《冰与火之歌》乔治·R·R·马丁
《黑暗元素三部曲》菲利普·普尔曼
《龙骑士》克里斯托弗·保罗尼
《王杀手纪》帕特里克·罗斯福斯"	None
"""我们每个人都可以在世界上产生影响。#分享就是关爱。让我们一起努力，为每个人创造一个更美好的未来。"""	None
'865' 没有明确的中文含义，可能需要更多的上下文才能进行翻译。	None
"""科学家们进行了一次彻底的实验。"""	None
"预热烤箱至摄氏350度。涂抹并撒上面粉在一个9英寸的圆形蛋糕模具中。

在一个大碗中，将2杯面粉、1杯黄油和3/4杯糖混合在一起，直到变成粒状。加入2个鸡蛋、1茶匙小苏打和2茶匙香草精，混合均匀。倒入蛋糕模具中，烘烤25-30分钟或直到蛋糕中心插入牙签后取出干净。在食用前让蛋糕冷却。 "	None
"“无尽的波浪，冲上岸边，
平静的蓝色深度，古老的传说。
雄伟的海洋，永不止息。”"	None
"""消极的。"""	None
布鲁克林最近的餐厅是位于719 Myrtle Avenue, Brooklyn, NY 11205的Nju是受欢迎的中餐厅。	None
植物细胞呼吸是一个复杂的过程，其中植物将葡萄糖转化为可用能量。该过程始于植物从环境中吸收二氧化碳，并利用阳光的能量将其与水结合形成葡萄糖分子。然后将这些葡萄糖分解成更简单的二氧化碳和水分子。在此过程中，释放的能量用于产生三磷酸腺苷（ATP）分子。植物使用ATP来驱动其他过程，如生长和繁殖。此外，ATP还可以进一步分解产生热能，有助于维持植物的温度。在此过程中产生的二氧化碳和水分子随后释放回环境中，以完成循环。	None
"- 加拿大
- 美国
- 墨西哥
- 巴西
- 阿根廷
- 智利
- 哥伦比亚
- 委内瑞拉
- 古巴
- 牙买加
- 厄瓜多尔
- 秘鲁
- 乌拉圭
- 巴拉圭
- 哥斯达黎加
- 巴拿马
- 洪都拉斯
- 尼加拉瓜
- 危地马拉"	None
"""非洲和北美洲是拥有最多食肉动物的两个大洲。在非洲，狮子、豹子、猎豹和鬣狗是一些最常见的食肉动物，而在北美洲，灰狼、棕熊和美洲狮是常见的食肉动物。"""	None
"""约翰和玛丽是兄妹。"""	None
“技术已经彻底改变了我们工作的方式，使我们更加高效和有效。例如，互联网使得研究、沟通和协作比以往任何时候都更加容易。自动化技术使得流程优化和工作质量提高，从而提高了客户服务质量。云计算彻底改变了数据存储和访问方式，使企业可以从任何地方访问其数据。最后，人工智能和机器学习使企业能够比以往更快地进行数据驱动的决策和预测。”	None
“汽车经过的声音效果会是一个低沉的隆隆声，在汽车靠近时逐渐增加音高和强度，然后逐渐消失在背景中。”	None
"""是的，这个句子在语法上是正确的。"""	None
我们正在寻找一位数据分析顾问来支持我们的运营。该顾问将制定策略，以理解、解释和利用数据洞察。该顾问应具备数据可视化和仪表板开发、机器学习以及向内部和外部利益相关者传达数据洞察的经验。理想的候选人将具有出色的解决问题的能力，注重细节，并能够自信地与不同层次的利益相关者合作。	None
"""这家餐厅提供美食，但价格略高。"""	None
格蕾塔·桑伯格激励着全球青年领导的运动，以应对气候变化，带领世界各地的学生发出自己的声音并采取行动。#气候罢工 #格蕾塔·桑伯格	None
11英寸。	None
“一口好滋味-为您的全家提供健康零食！”	None
"""SELECT COUNT(*) FROM Products WHERE DateSold BETWEEN 'MonthStart' AND 'MonthEnd';"" 的中文翻译是：在产品中选择日期在“MonthStart”和“MonthEnd”之间的记录数量。"	None
"“文科教育的价值

文科教育常被认为是一种过时的教育形式，对现代社会的实际应用有限。然而，文科教育具有许多好处，可以让你在生活中获得优势。文科教育可以提供技能、知识和经验，帮助你充分发挥潜力，创造成功、有意义的未来。

文科教育最明显的优势之一是，你可以发展批判性思维和做出明智决策的能力。在文科课程中，没有“一刀切”的学习方法；相反，你学会了独立思考、分析问题和创造解决方案。这种宝贵的经验在任何职业中都能帮助你做出决策、解决困难问题并理解周围的世界。

文科教育还给你提供了探索各种主题的机会，让你获得全面的教育。这使你能够更深入地了解某个特定主题，如历史、音乐、艺术或文学，并且还可以提供对你可能不会追求的主题的见解。随着你接触不同的主题，你会发展出识别模式、在各种主题之间建立联系并获得独特视角的能力。

最后，文科教育还给你与同龄人一起工作和学习的机会。通过讨论、辩论和建设性的批评，你能够从具有不同背景、信仰和观点的其他学生中学习。这种经验可以帮助你拓宽世界观，提高你的沟通和人际交往能力，并最终让你更好地理解全球问题。

文科教育是无价的，不应被那些认为它已经过时的人所忽视。它可以为你在各种领域取得成功提供必要的技能和知识，并为你提供可以在整个生命中使用的经验。无论你选择从事科学、人文或艺术职业，文科教育都可以为你提供达到全面发展的优势。”"	None
“标志设计应该简单、现代、独特。它应该捕捉应用程序的本质并传达其功能。标志应该采用醒目的粗体颜色，设计应该适应各种大小和平台，如网站和移动设备。”	None
“文艺复兴时期是欧洲的一个伟大的变革和创造时期，始于14世纪，持续到17世纪。这是一个人们庆祝希腊和罗马社会的古典价值观的时期，引发了对艺术、科学、哲学和政治的重新关注。这个时期看到了一个从以前的中世纪世界观的戏剧性转变，并引领了一个更加人文和创新的视角。”	None
"一种简单的解决方案是遍历二叉树，找到从根节点到两个节点的路径。然后比较这些路径，找到最后一个共同祖先节点。该算法可以递归地定义如下：

FindFirstCommonAncestor(nodeA, nodeB):
- 找到从根节点到nodeA的路径，并将其存储在一个向量或数组中。
- 找到从根节点到nodeB的路径，并将其存储在另一个向量或数组中。
- 反向遍历这两条路径，并找到第一个不同的节点。该节点之前的节点是第一个共同祖先。"	None
"""想要移民到美国的人数增加了，引发了围绕移民的利弊争议和争论。美国的移民辩论变得极具分裂性。"""	None
“一个由AI驱动的聊天机器人的词汇表可能包括以下单词：问候语（你好，嗨，嘿等），问题（什么，何时，为什么，如何等），肯定回答（是的，不，绝对，当然等），命令（打开，关闭，停止，开始等），请求（请你，我可以，帮帮我等），以及表情符号。词汇表可以帮助聊天机器人理解用户的意图，并提供更准确、更自然的回复。”	None
"1. 制定内容计划：确定您想在博客中涵盖的主题以及博客文章的频率。
2. 想出一个引人注目的标题：确保您的博客标题有趣、引人入胜且吸引眼球。
3. 编写引人入胜的内容：提供有趣且详尽的内容，让读者觉得有用和有趣。
4. 推广您的博客：使用社交媒体、电子邮件营销等营销方法来推广您的博客并让它受到关注。
5. 与读者互动：提出问题并回应评论，建立关系并创建引人入胜的对话。
6. 经常更新您的博客：经常更新您的博客以保持读者的参与和兴趣。
7. 分析您的博客表现：跟踪您的博客指标，如访问者、参与率等，以了解您的博客表现如何。"	None
“一个成功的经理应该具备强大的领导和沟通能力，能够战略性地思考，了解并掌握行业趋势和最佳实践。他们应该有组织能力和足够的资源，能够管理人员、激励员工并激发他人的潜力。他们应该能够创造一种信任和尊重的文化，提供反馈和指导，并创造一个成功的环境。他们还应该能够舒适地做出困难的决定，对自己的行为负责，并愿意从错误中学习。”	None
“在上次会员会议上，提出了以下5个改进俱乐部的想法：1.增加会议频率，2.创建导师计划，3.开发网站宣传俱乐部，4.创建预算以资助活动，5.提供激励措施以鼓励参与。”	None
“从前，有一个名叫霍莉的年轻女孩，她想要探索宇宙。她的使命是寻找一个新的行星来居住，当她发现了一个名叫Situs的外星行星时，她充满了兴奋和敬畏之情。随着她越来越接近这个外星行星，它似乎变得活了起来。当她探索这个陌生的地形时，霍莉遇到了奇怪的生物和奇特的植物，这些都是她从未见过的。她很快就对未知的事物感到敬畏，并开始欣赏这个外星行星上的美丽。”	None
'2x^2 - 5x + 3x + 15 = 2x^2 + 8x + 15.' 的中文翻译为：'2x的平方减去5x再加上3x再加上15等于2x的平方加上8x再加上15。'	None
从伦敦到莫斯科最直接的路线是先飞往阿姆斯特丹，然后转乘前往莫斯科的航班。或者，您可以直接从伦敦飞往圣彼得堡，然后乘火车、公交车或汽车前往莫斯科。	None
“从前，有一个叫萨拉的女孩，她梦想着去月球。她学习天文学，每天晚上都仰望夜空，想着如何实现她的梦想。有一天，机会来了，萨拉得以乘坐宇宙飞船前往月球。当她到达那里时，她被她看到的明亮星星和陨石坑惊呆了，这是她永远不会忘记的景象。她决定带一块月球回来，作为她不可思议的旅程的纪念。”	None
"抱歉，""e9gKyd2D""并不是一个需要翻译的文本，它可能是一个编码或密钥。请提供需要翻译的具体文本。"	None
"""y = [1, 4, 9, 16]"" 的中文翻译是：y = [1, 4, 9, 16]。"	None
"1. 斑马贻贝
2. 葛根藤
3. 欧洲绿蟹
4. 棕树蛇
5. 亚洲鲤鱼"	None
"亲爱的[姓名]，

希望这封邮件能够找到你一切安好。我写信是为了通知你关于[主题]的事情。[主题的描述]。

如果你有任何问题或疑虑，请随时联系我。

真诚地，

[姓名]"	None
"""一部小说的创意可以包括两个敌对家族成员之间的禁恋故事，一个设定在由超自然生物居住的另一个宇宙的故事，一个在偏远岛屿上进行的自我发现之旅，或者一个关于一个不太可能的情侣被神秘组织雇用的喜剧故事。"""	None
"""数据隐私问题的一个道德解决方案是实施选择性数据收集政策。这意味着公司不能在未经数据所有者明确许可的情况下收集和使用个人数据。这种方法赋予用户决定公司可以使用哪些数据以及用途的权力。公司还应该透明地说明他们如何使用收集的数据，以便用户可以做出知情决策并掌控自己的数据。"""	None
“最近的一项研究表明，全球气候变化是世界上最紧迫的问题之一。除了海平面上升、极端天气事件和生物多样性丧失外，它主要是由人类活动如燃烧化石燃料引起的。如果不加控制，气候变化将产生深远而毁灭性的后果。”	None
"- 人工智能（AI）是行业中的下一个大事。
- AI技术包括机器学习、自然语言处理和计算机视觉。
- AI可以自动化复杂任务并做出更好的决策。
- AI可以提高客户体验和运营效率。
- 公司投资于AI技术以保持竞争力非常重要。
- AI可以应用于许多不同的行业，如医疗保健、电子商务、银行、制造业等。
- 开发道德的AI以防止潜在的风险和意外后果非常重要。"	None
本文介绍了一种新的深度学习技术——生成自动小波（GAW），它结合了自编码器和小波变换，用于压缩和提取文本中的相关特征，以用于自然语言处理任务。	None
"从前，有一个好奇的小机器人叫做弗雷德，他决心要掌握家务。每天，弗雷德练习并尝试不同的家务任务，比如扫地、拖地和吸尘。最终，他能够以惊人的速度和效率完成这些家务。

其他机器人都嫉妒弗雷德的新发现。他们开始挑战他越来越困难的任务，而弗雷德最终成功超越了他们所有人。每天，弗雷德都能够独立完成清洁、烹饪和洗衣等任务。

最终，弗雷德能够做得比其他机器人更多，房子里的人们都感到惊讶。他们经常称赞弗雷德的技能和创造力，他成为了大家最喜欢的家务助手。 "	None
“基于AI的聊天机器人可以用于为企业提供全天候的客户服务。它可以快速准确地回答基本的客户咨询，从而释放客服代表处理更复杂的问题。它还可以用于收集数据并提供个性化的建议，改善客户的体验。”	None
格雷瓦是小说《日出》中权力腐化的典型例子。作为矿业公司中唯一一位升至高层的矿工，格雷瓦为了自己的利益而背叛了他的前同志。他从一个忠诚善良的矿工变成了一个冷酷的监工，喜欢压制矿工的精神，并因为微小的过错惩罚他们。他的转变生动地说明了那些被权力腐蚀的人有比以前更加无情和残忍的能力，他的经历概括了“权力腐化”的主题。	None
“想要跟上最新的时尚潮流，展现最佳的形象吗？来看看我们最新的服装系列吧！从休闲到正式，我们的款式应有尽有，一定能找到适合你独特风格的衣服。而且，我们的价格无与伦比，你不需要花费太多的钱就能穿得漂亮。今天就来我们的店里，找到适合你的完美装扮吧！”	None
"分类1：铅笔，苹果
分类2：手机"	None
"“亲爱的（姓氏），

我们非常遗憾听到你心爱的狗狗去世的消息。虽然我们的话语无法与你的损失相比，但我们想要表达最真挚和深切的慰问。请知道我们在想念你，希望你在这个艰难的时刻能够坚强和得到安慰。

真诚地，
（姓名）”"	None
"可持续能源是指从不会枯竭且可再生的能源来源中获取的能量。这些来源包括太阳能、风能、生物质能、地热能和海洋波浪能。可持续能源提供了丰富的能量，不会对环境造成损害。它还导致了对耗尽资源的依赖减少，以及废物和排放物的减少。

使用可持续能源可以在长期内节省大量资金，因为它不需要生产，因此不再需要化石燃料。可再生能源在传统能源不可获得的地区特别有用，在传统能源会对环境造成损害的地区，如沿海地区和大量林业的地区，也非常有用。

可持续能源有助于减少温室气体排放，从而有助于缓解气候变化。它比传统能源更加高效，不需要大量的安装成本。此外，它不需要大量的土地用于安装，允许大部分能源和资源在本地使用，这有助于创造就业机会和刺激地方经济。

总的来说，可持续能源对于节省资金、保护环境以及为所有人提供健康繁荣的未来非常重要。"	None
“撰写求职信是求职过程中的重要步骤，因为它让雇主有机会了解申请人更多的信息。它可以用来展示对职位、公司和行业的了解，同时展示相关的技能和经验。一封好的求职信还可以提供专业的第一印象，这可以让申请人在其他求职者中获得竞争优势。”	None
"""保持良好的心理健康对整体健康至关重要，包括充足的睡眠、锻炼、健康饮食、保持健康的生活方式、练习放松技巧以及限制酒精和药物的使用。"""	None
亚马逊网络服务（AWS）是一个云计算平台，为组织提供一套服务和基础设施。AWS的好处包括可扩展性、可靠性、经济性、安全性、性能和全球可用性。此外，AWS支持多种操作系统和编程语言，为用户在构建和部署应用程序方面提供了灵活性。此外，AWS还包括一系列功能和服务，包括分析、存储、计算、机器学习、人工智能、物联网和无服务器计算，因此组织可以在需要时使用他们所需的服务。	None
从零开始创建一个网站需要经过多个步骤。首先，需要设计和规划网站。这包括确定网站的目的、目标受众、设计风格和结构。接下来，需要构建网站。这包括编写代码、选择合适的托管平台以及创建图形和设计元素。最后，需要测试和发布网站。这包括验证所有链接、在不同平台上测试网站以及将网站推广给目标受众。	None
"""给定正方形的面积为25平方厘米。"""	None
"1. 多吃蛋白质：富含蛋白质的食物可以帮助改善新陈代谢，因为它们需要比碳水化合物和脂肪更多的能量来消化。
2. 充足的睡眠：每晚睡7-9小时高质量的睡眠可以帮助改善新陈代谢。
3. 喝咖啡或茶：含咖啡因的饮料可以提高新陈代谢，因为它们含有刺激神经系统的咖啡因。
4. 尝试高强度间歇训练（HIIT）：高强度间歇训练是一种有效的燃烧卡路里和增加新陈代谢的方法。
5. 多吃水果和蔬菜：多吃水果和蔬菜可以加速新陈代谢，因为它们富含抗氧化剂。
6. 在餐中加入香料：辛辣食物如辣椒、姜、姜黄和大蒜可以提高代谢率，帮助燃烧脂肪。"	None
随机森林是一种基于集成方法的机器学习算法，可以比单个决策树获得更高的准确性。它通过集成多个决策树的预测结果来工作。每个决策树都会做出独立的预测，这些预测结果可以通过平均概率或者多数表决的方式进行合并。这种方法可以降低决策树预测结果的方差，从而提高预测的准确性。此外，它还可以减少决策树过拟合的程度，因为它将每个决策树做出的独立决策组合在一起，从而平滑任何随机波动。	None
“这座桥应该使用正确的工程和材料进行设计。考虑因素应该包括桥的大小和重量、两个岛屿的位置、环境因素以及最适合在给定位置建造的材料类型。例如，浮桥最适合水域地区，而钢桥则适用于交通量较大的地区。仔细的规划、工程和建设将有助于确保桥梁安全、牢固和耐用。”	None
"""def F2C(F):
    C = (F-32)*(5/9)
    return C"" 的中文翻译是：将华氏温度转换为摄氏温度的函数，公式为C = (F-32)*(5/9)，返回摄氏温度C。"	None
“公共演讲的三个技巧包括：1）提前准备，通过排练演讲和熟悉话题来准备；2）清晰地讲话，使用停顿来强调重要的观点；3）练习与观众进行眼神交流，更好地吸引他们的注意力。”	None
互联网带来的五个社会优势包括：改善了获取信息的途径、促进了更好的沟通、增加了全球合作的机会、提供了更多的工作机会和提高了数字素养。此外，互联网还提供了更多的医疗信息、改善了教育、提高了在线购物的效率。它还使得网络化更加高效、商业运营更加高效、工作场所的协作更加高效。最后，互联网使得文化的传播变得更加容易，让人们可以跨越地理障碍连接和分享想法。	None
她喜欢在图书馆里阅读书籍。	None
“森林砍伐对野生动物有一系列的后果，包括栖息地的丧失、生态系统和食物链的破坏、物种的迁移、竞争的加剧以及易受捕食的风险增加。此外，森林砍伐还可能增加气候变化的风险，导致温度变化和不可预测的天气模式，进一步破坏野生动物的栖息地。”	None
“疑问句。”	None
三角形面积的计算公式是A = 1/2 * 底边长 * 高。	None
股票分拆是公司将现有股份分成多个股份的一种企业行动，以提高股份的流动性。这意味着股份总数增加，而股价相应调整。	None
"泰式椰奶炒米粉

材料：
- 4盎司米粉
- 2汤匙植物油
- 1瓣大蒜，切碎
- 1个红甜椒，切丝
- 2杯绿豆芽
- 1茶匙芝麻油
- 1/2杯椰奶
- 2汤匙鱼露
- 2汤匙酱油
- 2汤匙蜂蜜
- 1/4杯葱花，切碎
- 2汤匙酸橙汁

做法：

1. 将米粉浸泡在热水中5分钟，然后沥干。
2. 在大平底锅中用中火加热植物油。
3. 加入大蒜、甜椒和豆芽，煮至蔬菜刚刚变软。
4. 加入芝麻油、椰奶、鱼露、酱油和蜂蜜。
5. 炒2-3分钟，然后加入米粉。
6. 煮1-2分钟，直到米粉变软。
7. 关火，加入葱花和酸橙汁拌匀。
8. 热着享用泰式椰奶炒米粉。"	None
作者的主要观点是，为了获得更客观的世界理解，我们必须首先向内看，认识自己的主观价值观和信仰。他们认为，只有通过理解自己的认知偏见和倾向，我们才能希望获得真正客观无偏的世界理解。	None
“粉色是一种柔和、淡雅的色调，通常被描述为粉彩或婴儿粉色。它通常被视为女性色彩，甜美浪漫。它常常与纯真和爱情联系在一起。它也被认为具有镇静作用，可以创造一种责任感和接受感。粉色通常被认为是无条件的爱、同情和理解的颜色。它也被称为无条件接受和无条件理解的颜色，邀请我们欣赏生命的所有奇迹。”	None
“介绍我们的新款超级清爽水果冰沙！这款冰沙仅由最新鲜的水果制成，是保持精力充沛和获得每日所需营养的美味途径。今天就来尝尝吧！#冰沙 #水果冰沙 #清爽”	None
“设计思维是一种创造性的问题解决过程，考虑了利益相关者的需求、技术的潜在用途和成功的期望结果。它旨在以创新的、以用户为中心的方式识别和解决问题。”	None
旧金山最好的墨西哥餐厅是Nopalito，位于Mission区。它因其正宗的墨西哥美食而备受好评，包括tacos、enchiladas、tamales等等。	None
基于规则的文本处理是基于手工制定的规则来理解文本的。它依赖于人类专家来定义规则，这可能需要大量的时间和精力。它能够准确地解析和操作文本，但在准确性和速度方面存在局限性。基于深度学习的文本处理使用算法从数据集中学习并从文本中提取模式。它能够以高精度和比基于规则的文本处理快得多的速度处理文本。深度学习模型也更加灵活，可以轻松适应不同的任务。因此，深度学习更适合于更复杂的文本处理任务。	None
一个有效的电视节目营销策略是提前发布一个预告片，以在电视和其他数字平台上首播。预告片应该短小、动态、引人入胜，以激发观众的好奇心和兴趣。它还应该包含一个引人入胜的标语或“钩子”，概括节目的主题。此外，创建一个与电视节目相关的标签，并邀请观众在社交媒体上加入讨论，将有助于增加节目的参与度和曝光率。此外，创建影响者活动，在社交媒体上运行赞助促销和比赛，并创建与节目相关的原创数字内容，也将有助于增加参与度并创建更大的粉丝基础。	None
"部署机器学习模型一开始可能会让人感到害怕，但一旦你分解了这个过程，它其实非常简单。无论是在自己的生产环境上部署模型还是将其推送到现有的部署系统中，都有明确的步骤。为了使这个过程更容易，我们列出了部署机器学习模型最重要的步骤。

首先，你需要打包你的模型。这意味着创建一个容器环境。你可以使用像Docker这样的平台来快速设置容器。这将使你能够轻松创建一个可重现的构建环境，其中包括你的模型的所有依赖项。

接下来，你需要创建一个部署环境。通常，这将是一个基于云的平台，如亚马逊网络服务。这使你能够轻松地提供计算和存储资源，而无需手动管理它们。

第三，你应该设置一个持续集成系统。这将使你能够轻松地在生产环境中测试模型，并获得有关模型性能的即时反馈。你可以使用Jenkins、Travis CI或任何其他持续集成（CI）平台。

第四，你应该测试和部署模型。这是你可以使用你的CI系统在生产环境中测试模型的地方。如果测试成功，你可以将模型部署到生产环境中。

最后，你应该监控模型的性能。这对于机器学习模型尤其重要，因为它们的性能可能会随时变化。你可以使用像Splunk或Datadog这样的监控工具来跟踪不同的指标，如准确率和推理时间。

通过遵循这些步骤，你可以快速高效地部署你的机器学习模型。如果你需要帮助其中的任何步骤，你可以随时联系一支经验丰富的工程师团队，他们可以确保你的模型被正确部署。 "	None
这个在线课程将为学生提供必要的技能和工具，以提高他们的自信心和听众的信心，从而有效而无畏地发表演讲、展示和其他公共演讲。	None
"一种简单的解决方案是遍历数组并跟踪到目前为止遇到的最大和。可以使用以下方法来实现：遍历数组，对于每个元素，更新到目前为止遇到的最大和。

在任何时候，到目前为止遇到的最大和要么是元素本身，要么是先前最大和与当前元素的和。

因此，该算法可以递归地定义如下：
maxSum(i) = max(arr[i], maxSum(i-1)+arr[i])

其中maxSum(i)表示以arr[i]为最后一个元素，arr[0...i]为给定数组的最大和。"	None
“冥想的一个好处是降低压力水平。通过定期练习，冥想有助于训练大脑集中注意力，从而提高注意力和意识。这有助于缓解压力、焦虑和抑郁感，同时改善睡眠质量。”	None
《哈利·波特与魔法石》讲述了一个年轻巫师成为“活下来的男孩”的旅程。在这个过程中，他发现勇气和友谊是克服邪恶和拥抱无限可能的关键。这部小说聚焦于家庭、忠诚和接受的主题，最终展示了人类精神的力量。	None
"""C++是适合游戏开发的编程语言，因为它是一种高性能语言，可以处理复杂的计算。此外，它对面向对象编程和内存管理有很好的支持，使其非常适合创建复杂的游戏引擎功能，如人工智能和物理模拟。"""	None
“是的，对于那些寻求挑战的人来说，这是一份很好的工作，因为计算机编程需要解决问题的能力和批判性思维，以及创建和调试程序的能力。”	None
"亲爱的乔，

谢谢你告诉我你即将度假的消息。祝你玩得愉快！

最好的祝福，"	None
"""全球在线金融系统面临的潜在安全威胁是网络犯罪。由于在线金融系统的复杂性和获取敏感数据（如财务信息或信用卡号码）的潜力，网络犯罪分子经常针对这些系统进行攻击。网络犯罪分子可能使用恶意软件、钓鱼和身份盗窃等方法来获取系统访问权限并窃取资金或数据。全球金融系统需要采取强有力的安全措施来防范这些威胁。"""	None
“月亮在不同的夜晚看起来不同，这是因为月亮相对于地球的位置不断变化。随着月球绕地球运行，月亮的位置每晚都会改变。这意味着阳光反射在月球上的角度会改变，月亮的照明也会不同，导致不同的外观。此外，月亮每个月都会经历不同的月相，满月时，月亮被完全照亮，看起来比平常更大更亮。”	None
“是的，这个短语是一个良好形成的公式。它是一个陈述，即存在一个x使得P(x)成立。”	None
"1. 网络自动化如何优化您的业务
2. 哪些行业应该实施网络自动化？
3. 网络自动化工具和服务概述"	None
"- 对工业废物处理实施更严格的监管
- 增加使用绿色技术进行废水处理
- 给减少用水和减少废弃物产生的企业提供激励措施
- 教育公民节约用水和防止污染
- 提供回收计划以减少塑料废弃物
- 用可生物降解的替代品替换一次性塑料制品
- 改善下水道系统
- 重新引入本地植物物种
- 培育人工湿地和绿色基础设施
- 在水处理厂提供过滤系统
- 实施农业径流的最佳实践
- 增加水质研究和监测
- 在水生环境和陆地活动之间建立缓冲区。"	None
"""夜空中的星星闪烁着钻石般的光芒。"""	None
我看了一部关于凤尾鱼的纪录片，非常有趣，里面充满了很多有趣的事实！	None
华氏温度为59度。	None
"“食材：1个洋葱，切丁；2瓣大蒜，切碎；2汤匙橄榄油；28盎司罐装碎番茄；2杯蔬菜或鸡肉汤；1茶匙干牛至；1茶匙干罗勒；1/2茶匙糖；1/2茶匙盐；1/4茶匙黑胡椒粉；1/2杯重奶油。

做法：
1.在大锅中用中火加热橄榄油。加入洋葱和大蒜，煮软约3分钟。
2.加入碎番茄、汤、牛至、罗勒、糖、盐和黑胡椒粉。煮沸并煮15分钟。
3.离火并加入奶油。
4.用手持搅拌器或在搅拌机中分两批纯化至光滑。
5.如有必要，回到锅中并煮沸。热食。”"	None
"""用肥皂和温水洗手至少20秒钟。擦洗手部所有区域和手指之间的部位。用干净的纸巾彻底冲洗和擦干双手。"""	None
“疯狂的麦克斯：狂暴之路”。	None
““Go Fish”是一个适合10岁孩子生日派对的卡牌游戏。它很容易学习，对所有人都很有趣。”	None
《麦田里的守望者》是J.D.塞林格于1951年出版的小说。它讲述了一个青少年Holden Caulfield在成人世界中寻找自己位置的故事。小说跟随Holden一起试图理解他周围的世界，包括他与家人和朋友的关系，以及他与社会的互动。最终，Holden意识到成长和承担责任的重要性。他通过艰难的方式学会了拒绝和失败是生活的一部分，但在小说的结尾，他能够以一种新的态度面对生活。	None
"冥想可以带来许多好处，包括：

1. 改善心理健康和情绪稳定：定期冥想可以对情绪产生积极影响，降低压力水平，增加自我意识。

2. 提高注意力和生产力：冥想有助于提高注意力和集中力，可以帮助你保持任务并最大化生产力。

3. 改善身体健康：冥想有助于减少身体炎症和血压，同时还有助于缓解失眠和慢性疼痛症状。此外，冥想可以帮助培养更健康的生活方式，降低某些疾病的风险。 "	None
"""花生酱香蕉吐司。只需烤两片你喜欢的面包，涂上花生酱和一层切片香蕉即可。"""	None
“humonguous”这个词不正确，应该用“huge”来替换。	None
这是医生Susan Jones博士的Twitter个人资料，她致力于为患者提供优质的医疗保健服务。在她的先进设施中，Jones博士提供个性化治疗、预防保健和评估，以确保最高水平的护理。她还提供教育内容，帮助患者保持信息和安全。关注她的页面，了解最新的医疗新闻，学习更多关于医疗保健和健康的知识。#DoctorJones #MedicalDoctor #Healthcare #Wellness #HealthyLiving #HealthyLifestyle #MedicalAdvice #HealthTips #HealthEducation #HealthyHabits #MedicalUpdates #Medicine #WellnessTips #PatientSafety #PreventativeCare #Diagnosis #HealthAwareness #Prevention #MedicalTreatment #PrimaryCare #PrimaryCarePhysician #Medicine #MedicineUpdates #WellnessJourney #PersonalizedTreatment #PremiumHealthcare #HealthSeniorCare #HealthSeniorAdvice #AdvanceCarePlanning #DoctorAdvice #DoctorResources #PatientPrivacy #MedicalEthics	None
我在两个城市之间的公交车上，注意到一个陌生人坐在我旁边。我们都在自己的事情上，但过了一会儿，他开始问我关于我的生活的问题。我们最终进行了一次迷人的对话，他告诉我一些有趣的故事，让我笑了。他分享了他对生活、灵性和哲学的想法，到了45分钟的旅程结束时，我感觉自己交了一个新朋友。当我们到达我的站点时，我感谢他分享他的见解，并祝他在他的旅途中一切顺利。 	None
“猫咪蜷缩着发出呼噜声，它们是我们温柔的伴侣，让我们沉浸在宁静的安逸中。”	None
"步骤1：预热烤箱至350°F（176°C）。用黄油涂抹一个9英寸（23厘米）的圆形蛋糕模具或9x5英寸（23x13厘米）的烤面包模具，并在内部铺上烘焙纸。

步骤2：在一个中等大小的碗中，将普通面粉、泡打粉和盐混合在一起，搅拌均匀。

步骤3：在一个大碗中，将融化的黄油和糖混合在一起，搅拌均匀。一个一个加入鸡蛋，搅拌均匀。加入香草精，搅拌均匀。

步骤4：慢慢地将干性材料加入湿性材料中，搅拌均匀。然后加入切碎的坚果（如果使用）。

步骤5：将蛋糕糊倒入准备好的模具中，烤约50分钟（圆形蛋糕）或1小时（烤面包）左右，直到顶部呈金黄色，插入中心的蛋糕测试器取出干净。

步骤6：烤好后，让蛋糕在模具中冷却1-2小时，然后取出并转移到切菜板上。切成薄片，享用！"	None
“大萧条”是指从1929年持续到1939年的一次严重的全球经济衰退。它的原因包括1929年的股市崩盘、经济结构上的弱点、消费者支出低、高失业率以及对银行系统缺乏信心等多种因素。其他的贡献因素包括商品过度生产、依赖借贷来融资投资、农业过度生产以及国际贸易的减少。	None
"1. 金融风险：缺乏财务资源、资本不足、意外的现金流问题
2. 市场风险：过度饱和、不利的经济条件、被新技术取代、政府政策不支持
3. 运营风险：不足的商业模式、不熟练的员工、业务流程效率低下、不利的位置
4. 法律风险：法规合规、知识产权纠纷、意外的诉讼、税务问题
5. 战略风险：战略不足、竞争对手的优势能力、合作伙伴的不利谈判、高客户流失率。"	None
"""爱意""。"	None
"“人工智能（AI）是计算机科学的一个领域，涉及创建能够从数据和经验中学习的智能机器。AI是一个快速发展的领域，影响着我们生活的许多方面，从我们的交流方式到我们的工作和生活方式。AI承诺解决我们最紧迫的全球挑战之一，例如开发新的疾病治疗方法，提高能源效率和减少人类的苦难。

近年来，AI技术迅速发展，并在许多领域越来越普遍。例如，AI系统可以用于解释图像或文本以确定含义并提供信息。此外，AI可以用于机器人中，以提高安全性，减少对人工劳动的需求，并预测需求和请求。甚至在医学诊断中也使用AI来更准确快速地识别症状。

AI革命各行各业的潜力是巨大的。AI可以用于自动化繁琐、耗时的任务，释放人类去做更有创造性和解决问题的工作。此外，AI可以提供有关客户行为的见解，这些见解可以用于优化营销活动，改善客户服务并创建更个性化的体验。AI还可以用于检测在线欺诈和其他网络安全威胁。

尽管AI具有令人兴奋的潜力，但重要的是要记住，它只有输入的数据一样好。AI算法必须经过精心开发，特别是当它们用于对人们生活有重大影响的应用程序时。此外，为了确保AI的积极和广泛影响，我们还必须确保它对每个人都是可访问的，而不仅仅是那些具有资源、知识和技术来利用其优势的人。

总之，AI是一种非常强大的技术，有潜力大大改善我们生活的许多方面，但也存在一些潜在的陷阱必须解决。通过精心开发AI算法，使AI对每个人都可访问，并努力实现积极、广泛的影响，我们可以确保AI为我们带来更美好的未来。”"	None
“生日快乐！愿这特别的一天带给你快乐、笑声和你应得的一切祝福。祝你未来的一年美好无比！”	None
这句话不正确，应该重写为“他们一点都不好”。	None
抱歉，您没有输入任何文本需要翻译。	None
"""正确的顺序是：准备，打包，旅行。"""	None
“威尔金斯医生已经做了很多年的医生。他见过许多患者来来去去，但他对一个特别的患者有着特殊的感情。这位患者来找他寻求帮助解决一个困扰他的医疗问题。医生能够提供帮助，多年来，两人建立了密切的联系。随着患者康复，他们的关系从医生和患者发展成为更多的东西。他们开始在患者的约会后见面，一起喝咖啡或在公园里散步。患者感激医生的帮助，无论是身体上还是情感上，而医生则被他的患者的努力和决心所感动。最终，他们的友谊发展成为了更伟大的东西，最后，医生和他的患者相爱了。”	None
“人工智能（AI）有潜力通过实现更快、更准确的诊断和治疗、发现新的风险和疾病进展来彻底改变医疗保健行业。AI辅助医疗设备有助于提高诊断和治疗的准确性，减少错误，而自动化系统可以处理大量的健康数据，生成新的见解。AI还可以通过提供个性化的建议和健康趋势的见解来改善患者护理。此外，AI还可以用于改善患者、医生和医疗保健提供者之间的沟通和效率。”	None
“太阳能和风能等可再生能源是清洁、可持续和丰富的。它们减少空气和水污染，有助于保护宝贵的生态系统，并创造无法外包的就业机会。可再生能源还有潜力大幅减少全球变暖排放和应对气候变化，使它们对人类和地球的未来至关重要。”	None
"""7, 9"" 的中文翻译是 ""7，9""。"	None
“技术在许多方面改变了教育，例如为学生提供更好的学习材料，使教育工作者能够根据每个学生的个体需求量身定制课程，并使学生更容易地与其他学生合作。例如，在线课程管理软件可用于组织课程内容，提供作业和评分机会，并促进与学生的交流。”	None
"""AI助手可以通过自动化繁琐和重复的任务、帮助我们记住和管理我们的承诺和日程、提供教育和娱乐内容、使我们更加高效、提供有用的见解来帮助我们日常生活。AI助手甚至可以提供医疗和健康相关的建议。此外，它们可以让我们与朋友和家人保持更好的联系，并获得特定兴趣的新闻和内容。"""	None
“蜿蜒曲折地移动，通常是穿过某个区域”是指“蜿蜒”的意思。这个词可以用来描述物理运动，也可以用来描述比喻或哲学上的旅程。”	None
"""一个五边形的内角和为540度。"""	None
"""今天我第一次去这个洗车店，非常印象深刻。员工友好热情，场所看起来非常干净整洁。整个过程快速高效，车子洗完后就像新的一样。强烈推荐！"""	None
"""今天是一个美好的一天。"""	None
我很累。	None
"""他邀请她一起吃午餐。"""	None
"""每个人都应该受到平等对待，不应受到压迫。"""	None
"1. 哪种云朵以山脉命名？
A. 卷云
B. 层云
C. 积云
D. 雨层云

2. 哪种云朵与雨淋有关？
A. 积云
B. 层云
C. 卷云
D. 高层云

3. 哪种云朵常被描述为一堆棉花球？
A. 层云
B. 高层云
C. 积云
D. 雨层云

4. 哪种云朵有最高的垂直生长？
A. 层云
B. 积云
C. 高层云
D. 雨层云

5. 云朵的两个主要成分是什么？
A. 灰尘和水
B. 风和水
C. 空气和水
D. 冰和水"	None
“这是什么样的一天？”	None
'^[0-9a-f]+$' 的中文翻译是“匹配由数字和小写字母a-f组成的字符串”。	None
"""马克斯和汤姆是来自不同背景的两个男孩，但他们有一个共同的兴趣：足球。尽管他们有所不同，但他们很快成为了朋友。周末他们会去公园踢足球，聊天并更好地了解彼此。随着他们的友谊不断加深，他们分享了自己的希望、梦想和故事。他们很快成为了最好的朋友，公园成为了他们的第二个家。通过他们共同的足球爱好，马克斯和汤姆建立了一种不可思议且牢不可破的纽带。"""	None
使用设计思维的两个好处是：（1）能够以创造性的方式识别和解决问题，（2）能够专注于最终用户体验，以开发满足用户需求的解决方案。	None
“这本宣传册旨在提供有关回收的重要性的信息，例如减少废物和保护资源的好处，可以回收的不同类型的材料以及个人可以采取的行动来帮助回收努力。”	None
"1. 水果坚果隔夜燕麦
2. 蔬菜煎蛋卷
3. 鳄梨吐司配煮鸡蛋
4. 酸奶燕麦冰沙"	None
"'1. 观鸟
2. 建造童话花园
3. 进行自然散步
4. 安排户外电影之夜
5. 制作收集雨水的容器浇水'"	None
"1. 设定现实目标：制定可实现的目标和合理的完成时间表。
2. 优先处理任务：组织待办事项清单，优先处理最重要的任务。
3. 将任务分解为小块：将大型任务分解为小而可管理的步骤。
4. 跟踪进度：跟踪时间并记录占用过多时间的活动。
5. 安排休息时间：定期休息，以保持一整天的专注和高效。"	None
“省一分钱就等于赚一分钱”这句话的意思是，如果你节省了钱，就像赚了钱一样，因为它让你不必花费它。换句话说，这是一种说法，当你节省钱时，你实际上是在赚钱。它鼓励人们节省他们的钱，并注意他们的节约习惯。	None
"""软件工程师，专注于开发具有功能性和效率的Web和移动应用程序，具有Java、JavaScript、React.js和HTML/CSS方面的专业知识。负责确保应用程序具有高性能、可扩展性和可维护性。"""	None
"""解码未来：理解人工智能的力量""。"	None
"与LinkedIn上的某人就与工作相关的建议展开对话的逐步指南：

步骤1：确定您想要联系的人 - 思考您需要的职业建议，并搜索可能提供该建议的人的LinkedIn个人资料。

步骤2：查看他们的个人资料 - 仔细阅读该人的个人资料，以更好地了解他们的背景、资格、他们感兴趣的话题以及他们过去进行的对话类型。

步骤3：创建引人入胜的信息 - 创作一条引人入胜的信息，表达您的兴趣，解释您为什么联系他们，并提出请求或提问。

步骤4：发送信息 - 发送信息并等待回复。

步骤5：根据需要跟进 - 如果您没有立即得到回复，请礼貌地提醒一下，大多数情况下，您会得到回复。 "	None
"""追随未来 - 与{公司名称}一起实现你的梦想""。"	None
"'a. 将指针设置为数组中的第一个元素
b. 将指针设置为数组中的最后一个元素
c. 当低指针小于高指针时
d. 如果低指针处的元素高于高指针处的元素
  i. 交换这两个元素
  ii. 将低指针加1
  iii. 将高指针减1
e. 重复步骤c，直到低指针等于或高于高指针
f. 使用相同的方法对两个指针之间的子数组进行排序
g. 重复以上步骤，直到子数组完全排序'"	None
"1. 在家中安装低流量水龙头和马桶，以减少用水量。
2. 使用节水淋浴头。
3. 使用扫帚而不是水管清洁室外表面。
4. 修复管道或水管装置中的任何泄漏。
5. 早上或晚上浇水以避免蒸发。
6. 收集雨水用于花园。
7. 使用覆盖物保持土壤中的水分并减少蒸发。
8. 重复使用淋浴或洗澡水来冲厕所。"	None
"""Microsoft Word和Google Docs都是用于创建文档的文字处理程序。Microsoft Word是一种传统的软件程序，它在Windows操作系统上提供，并需要购买才能使用。Google Docs是一种基于云的应用程序，作为Google Docs套件的一部分提供。Microsoft Word提供更直接的页面格式和设计控制，而Google Docs提供实时协作和云存储。两个程序都提供强大的功能，包括表格、图片、格式等。"""	None
“一位乘客使用5美元的共乘应用程序的司机评分为4.5颗星。”	None
"""水下生物非常迷人。"""	None
“人工智能可以用于服务行业，自动化处理枯燥的任务，如客户支持、处理反馈和数据挖掘以实现更好的需求预测。基于人工智能的聊天机器人在客户服务方面越来越受欢迎，使客户能够快速获得答案，无需人类代表。人工智能还可以用于分析客户数据，创建更有效的营销和广告策略以及个性化的产品推荐，从而提高营销效果。”	None
"""负面的"""	None
"""甜滑的蛇。"""	None
"""有人卖了一百五十本书。"""	None
她做了很多好事。	None
代码片段的主要缺陷是函数add_numbers需要两个参数，但在调用函数时只提供了一个参数。这将导致运行时错误。	None
"1. 对话要简洁明了，用尽可能少的词语表达你的意思。
2. 每个角色应该有独特的语言风格和词汇，基于他们的背景和个性。
3. 对话应该有助于发展角色和推进情节。避免无意义的闲聊和没有贡献于故事的交流。"	None
这首诗《我们走出夜晚》涉及爱、孤独和夜空之美的主题。星星像孤独一样哭泣的意象暗示了一种忧郁的情感，暗示着爱既是必要和可取的，但也可能是困难和痛苦的。这可以象征生命的过渡性质和在世界中找到自己位置的困难。	None
“艾米莉亚·埃尔哈特是美国航空先驱和著名的航空人物。她是第一位独自飞越大西洋的女飞行员。尽管遭遇悲惨的境遇，她被铭记为一个鼓舞人心的榜样和勇气、冒险和决心的象征。她的开创性成就推动了性别角色的界限，激励了许多人。”	None
一个原子由核心组成，其中包含质子和中子，周围环绕着绕核运动的电子。质子和中子带有正电荷，而电子带有负电荷，导致整个原子是中性的。每种粒子的数量确定了原子的原子序数和类型。	None
"""水的化学式是H₂O。"""	None
"""宁愿安全也不要后悔。"""	None
"想法1：让自然光进入教室。
细节：安装更大的窗户以获得更好的照明和通风。在教室里放置一些小植物，营造更愉悦的环境。有可调节的遮阳板，必要时可以关闭或在演示期间减少反光。
想法2：创建一个开放的工作空间。
细节：移动桌椅以创建一个开放的空间。消除学生和教师之间的任何物理障碍。提供舒适的椅子，确保学生在整个课程中能够正确地坐着。提供豆袋或垫子，使座位更加舒适。"	None
"从前，有一个叫莫娜的女孩。莫娜热爱冒险，有着无与伦比的好奇心。尽管家人警告她不要轻举妄动，莫娜还是决定独自出发。她周游世界，寻找知识和经验。无论她走到哪里，都会遇到奇怪的生物、神奇的地方和神秘的人。

最终，莫娜到达了一座雄伟的山峰，似乎是世界能量的中心。当她到达时，她得知必须攀登山峰才能到达山顶。她被警告说，如果她在夜幕降临前无法到达山顶，她将永远被困在山上。

莫娜决心不惜一切代价到达山顶。她全力攀登山峰。她遇到了暴风雨、滑溜的岩石和野兽，但没有什么能阻止她。当太阳落山时，莫娜已经到达了山顶。尽管她筋疲力尽，但她感到满足和自豪。

莫娜对世界的美和自己意志的力量有了新的认识。她很高兴安全到达山顶。从那时起，她发誓永远不会忘记她在旅途中学到的教训。 "	None
“随着全球寻求应对气候变化的解决方案，可再生能源的使用正迅速增长并变得越来越重要。太阳能、风能和水力发电等可再生能源是可持续的，对环境的影响比传统能源如煤炭和石油要小得多。转向可再生能源可以减少碳排放，改善空气质量，减少对非可再生资源的依赖，并提供稳定和安全的能源未来。可再生能源对于实现可持续发展至关重要，应成为任何国家能源组合的重要组成部分。”	None
抱歉，无法翻译该文本，因为它不是有效的语言或单词。	None
这个游戏令人兴奋且愉快。	None
"- 转向可再生能源，如太阳能和风能。
- 安装节能电器，如LED和CFL灯。
- 只煮所需的水，减少烧开的水量。
- 重复使用和回收物品，如塑料和纸张。
- 通过缩短淋浴时间、不使用水龙头时关闭水龙头和安装低流量水龙头来节约和减少用水。"	None
"- 中国的文化和习俗
- 中国经济的最新发展
- 中国的教育体系
- 中国的政治格局
- 传统和现代中国菜肴的比较
- 中国对国际关系的立场
- 中国的医疗保健系统
- 中国人口对经济的影响"	None
"'![alt text](https://i.imgur.com/feA1JWS.png)'

这是一段代码，无法翻译成中文。它显示了一张图片。"	None
"""渗透作用是指溶剂（如水）分子通过半透膜从高浓度区域移动到低浓度区域的过程。水分子的运动是由膜两侧溶质浓度水平的差异驱动的。当膜的一侧溶质浓度大于另一侧时，溶剂分子将从浓度较低的一侧向浓度较高的一侧移动，直到达到平衡。"""	None
通过正念培养韧性和幸福感。	None
《技术对音乐产业的影响：全面概述》	None
“这个小部件的价格应该是19.99美元。这是一个实惠且有竞争力的价格点，同时也给公司带来了良好的利润空间。”	None
"“素食咖喱
材料：
• 2罐鹰嘴豆
• 1个洋葱，切成小块
• 1瓣大蒜，切成细末
• 1英寸姜，刨成姜泥
• 1茶匙孜然
• 1茶匙咖喱粉
• 1茶匙姜黄粉
做法：
1. 在大锅中用中火加热油。
2. 加入洋葱、大蒜和姜，煮至洋葱变透明，约5分钟。
3. 加入香料，搅拌至香味散发。
4. 加入鹰嘴豆，搅拌均匀涂上香料混合物。
5. 加入1杯水，煮至轻微沸腾。
6. 煮15分钟或直到酱汁变稠，鹰嘴豆变软。
7. 搭配煮熟的米饭、藜麦或花椰菜米食用。享受美味！”"	None
"'人物1：你知道水力发电现在被用来发电了吗？
人物2：真的吗？太不可思议了！它是如何工作的？
人物1：嗯，水力发电利用流动水的能量来发电。通过捕捉和利用落下或流动的水的能量，水力发电可以用于高效的发电。'"	None
木制棒球棒通常比塑料棒球棒更重，更耐用，更适合长期使用。木制棒球棒一般在击球时会发出更响亮的声音，而塑料棒球棒则声音较轻。木制棒球棒击球时会有更多的反弹和震动，而塑料棒球棒则感觉更柔软。此外，木制棒球棒可能有更大的甜点区，使得与球的接触更容易，而塑料棒球棒则不太容易。	None
孤立、凄凉、孤独、荒凉、被遗弃、阴暗、空虚、疏离、失望。	None
“x的值为2。为了找到这个值，需要通过从两边减去2y来简化方程，得到4x = 10；将两边都除以4，得到x = 2/4，即等于2。”	None
“电影《泰坦尼克号》中的5个角色是杰克·道森、罗丝·德维特·布卡特、卡尔登·霍克利、露丝·德维特·布卡特和法布里齐奥·德·罗西。”	None
"'1. 将未排序的列表设置为[5, 3, 9, 1]
2. 遍历未排序的列表
3. 比较未排序[i]和未排序[i+1]
4. 如果未排序[i]>未排序[i+1]，则交换它们
5. 重复步骤3到4，直到列表末尾
6. 观察列表现在已经排序。'"	None
"""互联网让我们能够全球连接，尽管有些人不熟悉它的功能，不理解它的广泛使用，也不知道它的全部潜力。"""	None
“人工智能（AI）是机器和计算机具有类似于人类的决策和完成任务的能力。AI可以从数据中学习，识别模式并进行预测。AI技术可以自动化繁琐和复杂的过程，帮助减少人力和错误，并实现更准确和高效的决策。AI可以应用于广泛的应用领域，从机器人和自主车辆到医疗保健和金融。它越来越成为日常生活中不可或缺的一部分。”	None
“这道菜很美味，服务也非常出色。”	None
"""拥有健康的生活方式有以下好处：改善身体和心理健康、增加能量和警觉性、改善消化、降低慢性疾病的风险、改善认知功能、提高自尊心、更加充足的睡眠以及更好的生活质量。"""	None
"算法：
1. 开始
2. 声明变量长度、宽度、周长
3. 读取长度、宽度
4. 计算周长为长度+宽度+长度+宽度
5. 输出周长
6. 结束"	None
《麦田里的守望者》这本书的主题是探索青少年的孤独和疏离感。	None
《指环王》中的甘道夫是一个自我牺牲的虚构角色的例子。他穿越中土大陆保护霍比特人，并且为了拯救同伴而献出了自己的生命。	None
句子的直接宾语是“书”。	None
"""过去十年中技术对通信的影响""。"	None
“我们都有责任应对全球变暖的原因，因此我敦促我们每个人都参与到应对气候变化的斗争中。”	None
“好的领导者具备自信、强大的沟通技巧、诚信、同理心、接受反馈的开放心态、责任感和强大的决策能力等素质。他们能够激励和鼓舞人们为共同的目标而努力工作，创造积极的工作环境，解决问题，有效地分配任务，并以身作则领导。好的领导者还具备情商，通过认识到员工的优点和理解他们的缺点来发挥他们的最大潜力。”	None
本文探讨了机器学习在医疗保健行业中的应用。机器学习可以用于自动化各种医疗保健任务，例如分析医学图像和预测患者结果。它还可以帮助改善医疗决策和提供个性化的健康干预措施。本文讨论了在医疗保健中使用机器学习的潜在益处和挑战，并提出了进一步研究的建议。	None
1969年的石墙起义被认为是LGBTQ+权利运动发展的关键时刻。6月28日晚，纽约市一家同性恋俱乐部石墙酒吧发生了一次警察突袭，引发了一系列自发的示威活动。这一事件团结和激励了LGBTQ+社区为争取平等权利和能见度而斗争，被广泛认为是现代LGBTQ+解放运动的开始。	None
"'我独自在夜晚，
沉默是沉重的负担。
星星如此明亮，
但没有人分享。

回忆仍然挥之不去，
那些离开的人。
心中感到某种刺痛，
面对白天的黑暗。

但在寂静中有甜蜜的东西，
一次重新与自己联系的机会。
在这一刻，我找到了我的平静，
在那里我找到了力量，看到了必须的东西。

我可能没有其他人在身边，
但我永远不会感到缺乏。
因为独自一人是一件美好的事情，
是生命赐予的珍贵时刻。

所以拥抱孤独，
让它成为你的向导。
慢慢地，你会找到安慰，
在它所提供的深度中。'"	None
钠是一种化学元素，符号为Na，原子序数为11。它是碱金属族中银白色、柔软、易塑性的成员。钠是所有生物体的必需元素，在自然来源中是碱金属中最丰富的元素。它的一些显著物理特性包括低熔点、低密度和高反应性。它是地球和人体中按质量计算第六丰富的元素，对生命至关重要。它也是许多家庭和工业产品的主要组成部分，如食盐、小苏打和洗涤剂。它的其他值得注意的用途包括在核反应堆、医学成像和激光中的使用。	None
虚构小说的创意包括：一名高中生发现自己拥有特殊能力，政府阴谋威胁着一个毫不知情的村庄的生命，一家人被迫面对过去的创伤，一群陌生人被困在神秘的小镇中，一位科技天才被派遣阻止危险的人工智能武器，一位年轻女子踏上拯救她的王国的任务，一群不合群的人利用先进技术拯救世界。 	None
"""从主页中按重要性降序排列选择前5个元素。"""	None
他进来时把每个人都吵醒了。	None
在加利福尼亚州洛杉矶，我建议去Rossoblu意大利餐厅。	None
“介绍Alisha的全天然果酱，用最优质的原料手工制作，充满爱心！准备好享受美味的口感吧，让你的味蕾爆炸！尝试我们的五种惊人口味：草莓、蓝莓、桃子、覆盆子和黑莓。现在购买，与世界一起享受美食时光！#零食时间 #全天然 #果酱 #味蕾 #新鲜水果 #自制 #美味 #盐田湾”	None
"""客户服务至关重要！一定要提供最好的客户体验。#客户服务 #满意的客户"""	None
我喜欢去徒步旅行。	None
"""虽然激光脱毛可能看起来是摆脱不想要的体毛的快速简便方法，但它可能会导致皮肤损伤，因此应始终谨慎使用。"""	None
"'def isBST(root):
如果根节点为空：
	返回真

如果左子节点不为空且左子节点的值大于根节点的值：
	返回假

如果右子节点不为空且右子节点的值小于根节点的值：
	返回假

返回左子树和右子树是否为二叉搜索树的布尔值'"	None
“风能具有多种环境优势，因为它是一种可再生能源，不会产生任何排放物。风力涡轮机可以减少温室气体排放，减少我们对化石燃料的依赖，并对全球气候变化产生积极影响。风力涡轮机还可以帮助减少空气污染，因为它们不是通过燃烧化石燃料来发电的。此外，风力涡轮机对栖息地的影响很小，因为它们可以安置在远离敏感栖息地的区域，如鸟类筑巢地。”	None
我买了一本书。	None
一个典型的两层房屋需要一个管道图，它由两个主要组成部分组成：一个主阀系统和从主阀系统分支出的分支管道。在主阀系统上，供水应该来自市政提供的连接。分支管道应该通向安装在两层房屋中的设施（浴缸、水槽、淋浴等）。分支管道可能需要T型分配器来调节流量并允许连接多个设施。此外，排水管应连接到单个主排水管出口，通向化粪池或市政污水系统。	None
"""球员扔了球。"""	None
“项目经理的角色是领导一个团队，以达到项目的目标。他们负责规划、组织、指导和控制项目的活动。这包括设定目标、制定详细的行动计划、协调资源并监督完成进度。项目经理的目标是确保项目按时、按预算和按照设定的标准完成。”	None
《猫咪戴帽子》的作者是苏斯博士。	None
"1. 饮食要均衡，确保摄入足够的水果和蔬菜。
2. 经常锻炼，保持身体活跃和强壮。
3. 要保证充足的睡眠，并保持一个稳定的睡眠时间表。"	None
"1. 预热烤箱至350°F（175°C）。
2. 在一个9英寸的馅饼盘上涂油。
3. 削皮并切成薄片的苹果。
4. 将苹果片放入涂油的馅饼盘中。
5. 在一个碗中混合1/2杯白糖、1茶匙肉桂粉和一点肉豆蔻。
6. 将混合物撒在苹果上。
7. 把黄油切成小块，铺在苹果和糖的混合物上。
8. 擀出足够覆盖馅饼盘的顶部饼皮。
9. 把顶部饼皮放在苹果和黄油上。
10. 捏紧边缘，在顶部切开口。
11. 在预热的烤箱中烤35到45分钟，或者直到金黄色。 "	None
"""2、5、10的平均数是5.67。"""	None
"“曾经有一只非常敏捷的狐猴，
它喜欢跳上天空。
它会轻松优雅地荡过树枝，
让其他动物不禁惊叹不已。”"	None
"""一份包含五个物品的杂货清单可能包括鸡蛋、牛奶、苹果、面包和奶酪。"""	None
“我最近参观了我所在城市的艺术博物馆。那是一次难忘的经历，因为我有机会探索那里众多美丽的艺术品。当我走在无数杰作之间时，我注意到了围绕博物馆的独特文化。那里有一种神秘和平静的能量，就像我进入了一座古老的、神圣的艺术殿堂。我沉浸在每幅画作和雕塑的细节中，欣赏每位艺术家的巨大才华。当我离开博物馆时，我感到一股满足的浪潮涌过我，因为我知道这个地方是创造力和想象力的避风港。”	None
电影《泰坦尼克号》的主要角色包括杰克·道森、罗丝·德维特·布卡特、卡尔登·霍克利、露丝·德维特·布卡特和法布里齐奥·德·罗西。	None
"""不同类型的加密货币包括比特币、以太坊、莱特币、达世币、Zcash、门罗币、狗狗币和瑞波币。"""	None
"""我只是去商店。"""	None
“在工作期间吃的健康零食可以是富含蛋白质的能量棒，例如燕麦花生酱棒。这种快速简便的零食富含维生素和矿物质，是一种很好的能量来源。它便携且可以轻松地放在办公桌抽屉里，随时享用。”	None
二分查找是一种用于在有序列表中定位目标项的搜索算法。它通过反复将列表分成两半，检查中间项以确定目标是大于、小于还是等于它。如果找到目标，算法立即返回该项的索引。如果没有找到，根据比较丢弃其中一半列表，然后重复此过程，直到找到目标项或完全搜索完列表。	None
"第一天：从圣保罗大教堂开始你的一天，然后漫步到繁华的博罗市场，接着乘船游览泰晤士河。之后，穿过肯辛顿花园的郁郁葱葱，欣赏肯辛顿宫的美景。在伦敦最具标志性的餐厅之一享用晚餐，结束你的一天。

第二天：开始你的一天，参观历史悠久的伦敦塔，然后乘坐泰晤士河上的景色优美的船只。之后，前往泰特不列颠美术馆，探索英国艺术的精华。然后，在美丽的牛津街和海德公园练习你的摄影技巧。

第三天：参观著名的大英博物馆，然后前往繁华而充满活力的科文特花园。之后，漫步到伦敦最具标志性的钟楼——大本钟，结束你的一天，享受环绕伦敦眼美景的宁静舒适的晚餐。"	None
"""中立"""	None
"'""""""
# 在列表中查找重复元素

def find_duplicates(data):
    seen = set()
    duplicates = []

    for element in data:
        if element in seen:
            duplicates.append(element)
        else:
            seen.add(element)
    
    return duplicates

if __name__ == ""__main__"":
    arr = [3, 2, 1, 2, 3, 4]
    duplicates = find_duplicates(arr)
    print(duplicates)
""""""'

这是一个查找列表中重复元素的函数。它使用了一个集合来存储已经出现过的元素，如果一个元素已经在集合中出现过，就将它添加到重复元素列表中。最后返回重复元素列表。在主函数中，我们定义了一个列表arr，并调用了find_duplicates函数来查找其中的重复元素，并打印输出结果。"	None
"""昨天，所有的烦恼都似乎离我很远
现在看来它们似乎要一直存在
哦，我相信昨天
突然间，我不再是过去的一半人
有一个阴影笼罩着我
哦，昨天突然来临"""	None
“塑料袋对环境的影响是显著的。塑料袋是一种一次性塑料，不可生物降解，意味着当它们被丢弃时，它们不会分解或腐烂。它们是塑料污染的重要组成部分，可能会堵塞水道，污染海洋，并对填埋场做出贡献。此外，塑料袋还可能是化学污染的来源，因为许多塑料袋中含有可以渗入环境中的物质。”	None
洛杉矶湖人队。	None
"""橙色渐渐变黑
太阳在远方的天空中落下
宁静的夜晚到来"""	None
蓝色	None
他望向地平线，看到一片静谧的景象，只有海浪轻轻拍打着海岸线，美得让他心痛。他知道自己已经有一段时间没有走出城市的喧嚣，享受大自然的宁静了。但现在，他终于踏上了这片偏远的海滩，被辉煌的寂静所包围。这是他一直渴望的放松，也是摆脱烦恼的绝佳机会。	None
向东北走，沿着马克特街走向巴恩霍夫街，左转进入巴恩霍夫街，再左转进入伯恩街，第一条路右转进入豪普特街，继续前行到穆尔巴赫街。左转进入因特拉肯街，稍微向右转进入格韦尔贝街。跟随指示前往劳特布伦嫩，右转进入泽勒韦格路。在路口处右转进入斯坦布里奇路，沿着蜿蜒的道路一直前行到劳特布伦嫩。 	None
“将北美洲和南美洲分开的经线是巴拿马运河的经线。这条经线穿过巴拿马地峡，将南美洲和中美洲分开。它总长度约为800公里（500英里），于1914年建成。巴拿马运河是一个重要的航运路线，是连接加勒比海和太平洋的国际水道。”	None
"“2019年12月：中国武汉报告首例病例
2020年1月：冠状病毒传播到多个国家
2020年2月：世界卫生组织宣布公共卫生紧急状态
2020年3月：COVID-19被宣布为全球大流行病
2020年4月：许多国家开始重新开放
2020年5月：疫苗研究和开发开始
2020年6月：世界卫生组织宣布开始向低收入国家分发疫苗
2020年7月：发达国家开始接种疫苗
2020年8月：美国开始进行疫苗试验
2020年9月：出现新的病毒变种
2020年10月：全球病例超过4000万
2020年11月：美国开始疫苗接种
2020年12月：病例数达到历史最高水平。”"	None
"“尊敬的史密斯教授，

我叫Jen，非常高兴得知我将参加您的在线课程。我目前是一名计算机科学领域的本科生。我相信这门课程将为我提供更好的计算机科学基础知识，并帮助我在职业上成长。我已经了解了您的研究工作，受到您惊人的研究成果的启发。我期待着向您学习并参与这门课程。

真诚地，
Jen”"	None
"""这个矩形的面积是50平方厘米。"""	None
"""通过基因操作，人类有可能实现自我传送。"""	None
美国实行混合经济体制，即将自由市场资本主义与政府经济监管相结合的系统。这个系统允许企业在自由竞争的市场中竞争，同时保护消费者并提供就业和安全监管。此外，政府还提供教育、医疗保健和基础设施等社会服务。通过这种方式，它试图平衡市场和社会的需求。	None
“一个均衡的饮食应该包括碳水化合物、蛋白质、健康脂肪、维生素和矿物质以及充足的水。全谷物、水果和蔬菜、瘦肉、鱼和禽肉、坚果和豆类都是重要的组成部分。”	None
"""展现你的风格。"""	None
"""解冻冷冻食品时，将食品放在冰箱里过夜或者放在温水中浸泡数小时。一旦解冻，不要再次冷冻未煮熟的食品。"""	None
这个客户群体是指年龄在18-25岁之间的美国在线购物者。他们通常是精通科技的年轻成年人，喜欢为了方便和多样性而在线购物。他们经常购买各种物品，从服装到电子产品不等，并且习惯使用不同的支付方式，如信用卡、借记卡和数字钱包。	None
"""草莓、蓝莓、覆盆子、葡萄、猕猴桃、橙子、苹果、梨子、芒果、木瓜和菠萝。"""	None
社交媒体上最常分享的内容类型是图片。	None
“你好！我的名字是[姓名]。我目前是一名[职位]，最近毕业于[学位]专业。我最大的热情是[热情]，我很高兴能够在这里扩展我的人脉。我期待着学习更多关于这个行业的知识，同时认识新的人。”	None
大家早上好！今天我来跟大家谈谈投票的重要性。我相信你们都听过“你的一票很重要”的说法，这是真的。即使看起来不起眼，你的一票也可能对选举结果产生巨大影响。因此，我敦促大家发出自己的声音，让自己的一票有所作为！	None
"""消极的。"""	None
"'""""""
反转数字列表的函数
""""""

def reverse_list(input_list):
    reverse_list = input_list.copy()
    reverse_list.reverse()
    return reverse_list

if __name__ == '__main__':
    l = [1, 2, 3, 4, 5]
    print(reverse_list(l))
    # 输出: [5, 4, 3, 2, 1]'"	None
"""他没有去参加派对，而是待在家里。"""	None
可持续性。	None
API代表应用程序编程接口。它是一组指令或编程指令，允许两个应用程序相互通信和交换数据。API提供了一种方式，使开发人员可以访问和操作其他应用程序或平台提供的数据和服务。它们是现代Web开发的重要组成部分，允许开发人员使用模块化组件开发复杂的应用程序和网站。	None
"""大卫于1980年出生在加拿大一个小镇上，在大学期间他是一名优秀的学生，专攻工程学位。他是一个热情的学习者，在大学里是一颗闪耀的明星。"""	None
"""马克·吐温最近写的五本书是：1.《来自地球的信》（1909年）2.《人是什么？及其他哲学著作》（1917年）3.《神秘的陌生人和其他故事》（1916年）4.《马克·吐温的自传》（1924年）5.《马克·吐温的笔记和日记》（第一卷，1935年）"""	None
“睡得像个木头。”	None
"""你可以用这些食材做出一些可能的菜肴，包括：烤大蒜鸡肉和彩椒、烤大蒜彩椒鸡肉、大蒜彩椒鸡肉炒、铁锅大蒜鸡肉和彩椒、大蒜彩椒鸡肉卷饼和番茄大蒜鸡肉彩椒汤。"""	None
"""申根区域的国家包括奥地利、比利时、捷克共和国、丹麦、爱沙尼亚、芬兰、法国、德国、希腊、匈牙利、冰岛、意大利、拉脱维亚、列支敦士登、立陶宛、卢森堡、马耳他、荷兰、挪威、波兰、葡萄牙、斯洛伐克、斯洛文尼亚、西班牙、瑞典和瑞士。"""	None
"1. 引言
   a. 经济学的定义
   b. 影响全球经济的主要因素概述

2. 经济不稳定的原因
   a. 全球化的影响
   b. 贸易不平衡
   c. 货币汇率
   d. 通货膨胀和通货紧缩

3. 经济趋势的影响
   a. 消费和投资模式的变化
   b. 就业和失业率的影响
   c. 财富分配的转移

4. 结论
   a. 实现经济稳定的解决方案
   b. 克服经济挑战的建议
   c. 全球经济现状的总结"	None
"1. 这个网站加载速度慢。
2. 这个网站的用户界面和设计较弱。
3. 这个网站缺乏SEO优化。"	None
“有许多减少空气污染的方法，例如转向可再生能源，鼓励使用公共交通工具，禁止燃烧化石燃料，实施减少工业源排放的政策，以及实施车辆排放标准。此外，个人可以通过减少汽车使用、避免燃烧木材和更换节能电器等方式来减少空气污染。”	None
"""元素周期表中符号为C的元素包括碳（C）、钙（Ca）、钴（Co）、铜（Cu）、锔（Cm）和"	None
“猫狗天”这个习语意味着雨下得很大。	None
“这项研究的意义很明显：青少年正在将社交媒体放在生活的其他方面之上，比如社交、学习和锻炼。这可能会导致负面的心理健康影响，如抑郁和焦虑，以及身体健康问题，如体重增加和社交孤立。因此，家长、教师和其他成年人帮助青少年学会如何健康平衡地管理他们的在线时间非常重要。”	None
拥有一位导师可以带来巨大的好处，包括指导、建议、支持和联系人脉。导师可以提供有价值的反馈，帮助制定目标和策略，并提供必要的责任感来实现所需的目标。他们还可以提供新的视角，帮助创造新的想法和解决方案。	None
"1. 使用可再生能源的优缺点是什么？
2. 有哪些可再生能源来源？
3. 可再生能源系统需要哪些基础设施？
4. 可再生能源的成本与化石燃料的成本相比如何？
5. 有哪些提高可再生能源系统效率的策略？
6. 如何利用可再生能源来减少空气污染？"	None
"""回收纸张的三种方法是：
1. 堆肥：将纸张分解成类似土壤的物质。
2. 再利用：使用纸张制作新的基于纸张的产品或手工艺品。
3. 能源生产：在焚化炉或气化厂中使用纸张产生电力。"""	None
"""IBM目前的CEO是阿尔文德·克里希纳。"""	None
本文讨论了移动电话及其对全球经济不同方面的前所未有的影响。在分析了多个国家的数据后，文章发现移动电话已经促进了经济增长，改善了对金融服务的获取，并为创新创造了平台。移动电话还有助于减少贫困和腐败，并为新的商业模式打开了大门。	None
"「I. 简介
A. 技术的定义
B. 技术对社会的影响

II. 技术的影响
A. 正面影响
B. 负面影响

III. 结论
A. 影响总结
B. 建议」"	None
"""x = 2
y = 3"" 的中文翻译是：x等于2，y等于3。"	None
“这五个人的平均年龄是30岁。”	None
通过推出限量免费版本的应用程序，并向忠实于该应用程序的用户提供特别折扣，来制造话题。利用影响力营销，与博客作者和其他社交媒体明星合作，创建关于该应用程序的博客文章和视频，以增加其知名度。	None
中国人口最多的六个城市是上海、北京、广州、深圳、武汉和成都。	None
"""y = mx + b"" 的中文翻译是：y等于斜率m乘以x再加上截距b。"	None
"""家具，厨房用品，厨房用品"""	None
"- 尽可能多地阅读和听目标语言的材料。
- 使用语言学习应用程序练习词汇和发音。
- 尽可能与母语为目标语言的人交流。
- 沉浸于文化中，以更好地理解语言。
- 通过在上下文中学习新单词和短语。
- 设定定期的目标并跟踪自己的进度。
- 保持动力并享受学习过程！"	None
“罗密欧是一个有着热情的悲剧英雄。他勇敢而冲动，常常在没有充分考虑的情况下做出决定。他深情浪漫，对他的家人和心爱的朱丽叶有着令人心碎的忠诚。”	None
将食谱分类为五个类别之一：开胃菜、主菜、甜点、饮料和小吃。	None
“沙漠生物群落有两种类型，干旱沙漠和亚极地沙漠。”	None
“可再生能源是美国的未来”。	None
"""施与者。"""	None
“在计算机科学中，大O符号表示的重要性是什么？算法和程序之间有什么区别？人工智能在计算机科学中的作用是什么？”	None
2010年美国有11,078起枪支杀人案件，主要使用手枪。	None
敏捷方法论是一种强调协作、灵活性和持续改进的项目管理方法。它基于团队和个人应该被赋予创造自己的解决方案和承担自己工作的自主权的理念。敏捷方法论还促进了迭代方法，团队从想法到开发快速迭代，并从错误中学习，沿途进行小的调整。该过程旨在可重复和易于适应，允许团队根据用户反馈调整任务和技术。最终，敏捷方法论使团队能够创建满足客户需求的创新产品和服务。	None
"""168平方厘米""。"	None
印度：新德里。加拿大：渥太华。埃及：开罗。	None
区块链技术的主要目的是作为分布式账本，使各方之间进行无需信任的安全交易。区块链技术的无需信任特性是通过加密实现的，可以防止数据篡改和未经授权的访问。这项技术允许数据存储在安全的公共数据库中，提高交易的效率、透明度和安全性。	None
个人表现与个人所做的行动和决策有关，而社会表现则关注整个团体或组织的行动和决策。个人表现更注重个人的需求和目标，而社会表现则基于集体目标。个人表现可以更容易地被衡量和量化，而衡量社会表现的影响可能更困难，因为它通常涉及评估构成更大画面的个体组成部分。	None
“机器学习可以用于自动化枯燥的任务，如文档分类、情感分析、预测分析和自然语言处理。这些任务对人类来说可能很繁琐且耗时，但机器学习算法可以快速准确地执行它们。机器学习还可以用于更复杂的任务，如物体识别和自动驾驶，这需要先进的算法和大量的数据。机器学习使得许多原本需要手动完成的任务自动化，节省时间和精力。”	None
"""闲暇"""	None
101101的十进制等价值是45。	None
"'1. 增加内容创作。
2. 优化内容以适应搜索引擎。
3. 建立反向链接网络。
4. 利用社交媒体平台。
5. 运行电子邮件营销活动。
6. 制定促销计划。
7. 监控分析数据以跟踪表现。'"	None
在热力学中，熵是系统随机性和产生有用功的能力的度量。它与热力学第二定律密切相关，该定律规定系统的熵除非添加能量，否则永远不会随时间减少。熵对于理解热传递和化学过程在自然界中的发生是必不可少的。	None
"""一千零二十四字节等于一千兆字节。"""	None
"""dy/dx = 3x^2 + 2x"" 的中文翻译是 ""dy/dx = 3x² + 2x""。"	None
“时尚品牌的战略计划应包括在主要社交媒体平台（例如Facebook、Instagram、Twitter）上建立在线存在，并创建有吸引力的内容，其中可能包括时尚趋势和技巧的新闻、时尚设计师的采访以及时尚产品的视觉效果。通过利用社交媒体的优势，时尚品牌可以增加其可见性并扩大客户群。此外，时尚品牌应考虑利用搜索引擎优化工具和监测网站性能的工具，以确保更好的搜索引擎排名。”	None
我们用于自动生成机器学习模型数据的系统利用了各种技术来创建数据点，包括网络爬取和自然语言处理。这些数据点随后被存储在数据库中，并用作我们机器学习模型的输入。这个系统使我们能够生成比手动完成更大的数据集，减少了训练模型所需的时间和资源。	None
“全球变暖可能会带来哪些潜在后果？”	None
“在第一年末，银行账户中的金额将为106美元。在第二年，金额将为112.36美元，在第10年末，金额将为160.54美元。这说明了复利的威力。”	None
“量子计算机使用量子比特或qubits来编码信息，而不是传统的比特。这些qubits可以组合在一起工作，使它们比传统计算机更有效地处理和存储数据。量子计算机使用量子算法使它们能够解决在经典计算机上无法解决的复杂问题。”	None
"""夏洛蒂·勃朗特"""	None
"""如果21颗糖果被分给4个人，每个人会得到多少颗糖果？"""	None
奇幻小说的标题可以包括《加勒里昂的魔法》、《奥林匹斯之剑的探寻》、《山那边的土地》、《鬼王的诅咒》、《精灵群岛的宝藏》、《银塔的秘密》、《棱彩群岛的传说》、《古代之门的战斗》、《仙境之路的编年史》、《被遗弃的土地上的龙》和《永恒阴影中的巫师》。	None
"珊瑚礁是最多样化和美丽的生态系统之一，它们正面临着被人类活动、污染和气候变化摧毁的危险。因此，通过实施保护措施来保护这些宝贵的环境非常重要。为了更好地了解保护珊瑚礁的选择和策略，了解环境的生态和结构、威胁以及保护提供的好处非常重要。

珊瑚礁是复杂而高度结构化的生态系统，物种相互作用和共同进化。它们由称为珊瑚的小无脊椎动物群落组成，形成复杂的网络和独木舟。除了在生物学和生态学上非常重要之外，珊瑚礁还提供重要的好处，如食物、海岸保护和保护免受极端天气事件的影响。

不幸的是，人类活动已经在全球范围内对珊瑚礁造成了重大破坏。最重要的威胁是过度捕捞、沿海开发、水污染和气候变化。全球变暖导致珊瑚褪色，当珊瑚受到压力并排出生活在其中的藻类时，这可能是致命的。此外，有机污染物和排放到水中的沉积物可能会窒息和损坏珊瑚礁。

为了保护这些宝贵的生态系统，必须实施几项关键策略。最重要的是通过控制农业径流和排放物来减少污染，控制沿海开发以最小化沉积物，减少对珊瑚礁的人类活动，建立海洋公园和保护区，增加公众对珊瑚礁保护的重要性的认识。此外，监测水温变化以防止珊瑚褪色，并研究和采用珊瑚礁恢复方法也非常重要。

珊瑚礁保护是一个紧迫的问题，需要个人、组织和政府的紧急行动。为了减轻人类活动的影响，现在必须实施保护策略，以保护这些美丽而宝贵的环境，为后代留下。 "	None
机器学习是人工智能的一个子集，它使用算法从数据中学习并在没有明确人类编程的情况下提高任务的性能。深度学习是一种机器学习类型，它使用人工神经网络从大量数据中学习并进行预测。深度学习比传统机器学习更强大和准确，但也需要更多的计算能力。	None
"""用我们完美开创性的口红找到你完美的嘴唇。"""	None
“病毒和蠕虫的主要区别在于，病毒需要用户交互才能传播，而蠕虫可以自行从一台计算机传播到另一台计算机。病毒可以修改文件并损坏数据，而蠕虫通常被设计为自我复制并传播到其他计算机。病毒也可以通过感染的媒体和文件传播到其他计算机，而蠕虫通常利用安全漏洞来传播。”	None
"""人工智能是一门旨在通过技术复制或增强人类能力的研究领域。它的应用大多是平凡的，围绕着任务自动化、模式识别和未来事件的预测。然而，由于其不断增强的能力，存在可能的存在威胁的担忧。"""	None
"""立方体的总表面积：150平方厘米""。"	None
"亲爱的史密斯先生，

我想表达我对您过去所做的一切的衷心感激。您的努力对我们的成功做出了重要贡献，我无法想象有比您更好的合作伙伴。您的智慧和指导是无价的，我感谢您的奉献和辛勤工作。

再次感谢您的帮助和支持。

真诚地，
[姓名]"	None
"“10个理财规划技巧

1. 制定预算并坚持执行。知道每月收入和支出的金额是制定健全的财务计划的关键。

2. 跟踪支出。记录所有支出，以便您可以准确了解您的钱花在哪里。

3. 投资股票。投资股票是长期增加财富的好方法。

4. 还清债务。尽快摆脱高利率债务。

5. 制定储蓄计划。每月留出一部分收入是创造财务稳定的关键。

6. 关注信用评分。监控您的信用评分，以确保您在金融产品上获得最佳交易。

7. 研究税收抵免和减免。了解可用的各种税收激励措施可以帮助您在所得税上节省钱。

8. 保护您的资产。投资于房屋、汽车和健康等方面的保险。

9. 投资退休账户。退休账户对于创造长期的财务安全非常重要。

10. 寻求专业建议。理财顾问可以帮助您充分利用您的资金并为未来做好准备。”"	None
"""巧克力蛋白煎饼：
材料：
- 1杯燕麦粉
- 2勺巧克力蛋白粉
- 1茶匙发酵粉
- 2个熟透的香蕉
- 2个鸡蛋
- 1/2杯杏仁奶
- 1茶匙肉桂粉
- 2勺蜂蜜
- 2勺椰子油
做法：
1. 在搅拌器中混合燕麦粉、蛋白粉和发酵粉。
2. 在另一个碗中捣碎香蕉，打入鸡蛋。
3. 将湿料混合到干料中，搅拌均匀。
4. 然后加入杏仁奶、肉桂粉、蜂蜜和椰子油。
5. 在中火上加热平底锅，喷上烹饪喷雾。
6. 将1/4杯面糊倒入锅中，每面煎约2分钟。
7. 配上新鲜水果和蜂蜜享用！"""	None
“我能从我的电脑上访问这个网站吗？”	None
“销售报告不准确。”	None
"""y = mx + b，其中m是直线的斜率，b是y轴截距。"""	None
"<html>
  <body>
    <form action=""signup.php"" method=""post"">
      <h2>注册我们的通讯</h2>
      <label for=""firstname"">名字: </label>
      <input type=""text"" id=""firstname"" name=""firstname"" placeholder=""输入您的名字"">
      <label for=""lastname"">姓氏: </label>
      <input type=""text"" id=""lastname"" name=""lastname"" placeholder=""输入您的姓氏"">
      <label for=""email"">电子邮件地址: </label>
      <input type=""text"" id=""email"" name=""email"" placeholder=""输入您的电子邮件地址"">
      <br><br>
      <input type=""submit"" value=""注册"">
    </form>
  </body>
</html>"	None
"大自然的美丽永远是如此宏伟，
一幅令人惊叹的景象遍布大地。
天空在上，大地在下，
如此之多的景象，没有一只眼睛能够理解。

树木伸展向天空的要求，
花儿的舞蹈像一支奇怪的乐队，
听那风的轻声低语，
它在大自然的命令下拂动着树叶。

河流弯曲、奔流不息，
像一场甜蜜而不起眼的演出，
太阳隐藏在薄雾中，多么辉煌的光芒，
它投射出它的温暖，融入它的怀抱。

哦，大自然的美丽，永远宏伟，
一个激励人心的愿景，带着巨大的喜悦。"	None
"""这些猫在喝水。"""	None
"“河流就像长长的弯曲道路，引领我们走向新的道路。
它们就像生命线，保护我们在它们的尾流中。
它们在地面上刻下深深的路径，承载着我们不分享的秘密。
就像彩虹一样，它们延伸到每一片土地上，展示美丽无处不在。

河流为所有生物提供生命之源，包括我们。
在自然中，它们明亮而充满活力；在城市中，它们变得工业化，两岸建有工厂。
但有一件事是确定的，河流会持续流动，即使流向每个方向都在变化。
就像旅程一样，生活总会带给我们新的经历，而河流向我们展示了一切都会好的。”"	None
“这些句子的语气很生气，指责性很强。”	None
一个成功的销售演讲应该吸引潜在买家，因为吸引他们有助于建立信任和关系。当潜在买家被吸引时，他们更有可能听取销售人员的意见，并理解产品或服务所提供的价值和好处。一个引人入胜的销售演讲也更有可能帮助潜在买家得出结论，因为他们更有可能积极参与对话。吸引潜在买家还有助于销售人员了解他们的潜在客户以及如何最好地为他们的需求量身定制演讲。	None
欢乐的	None
“诗歌”	None
"""尽管他学习了几个小时，但他还没有完成任务。"""	None
"""由于紧张局势和暴力升级，无数平民因为害怕生命安全而被迫离开家园。"""	None
“开箱即用”一词指的是创新或创造性解决问题的方法或方案。它用于表明特定的解决方案不是传统或典型的方法，而是一种创新的方法。	None
“查理二世在英国内战和他父亲查理一世去世后登上了英格兰王位。他于1661年加冕，统治期间一直持续到1685年去世。查理二世也是艺术的赞助人，与当时最伟大的画家和雕塑家合作。他还鼓励戏剧和体育，并对天文学和自然历史感兴趣。查理二世是一个温和的统治者，尊重公民的民事和宗教自由。他对其他宗教持宽容态度，并赋予犹太人和天主教徒更多的王国权利。查理二世也是皇家海军的坚定支持者，这使得英格兰在世界上的实力增强。他还促进了工业和商业的发展，帮助现代化了这个国家。查理二世的统治是英国在经历内战动荡后恢复君主制的重要一步。”	None
网站的账户创建过程通常包括提供基本信息，如用户名、电子邮件地址和密码。然后，用户将通过点击发送到他们电子邮件收件箱的链接来确认他们的电子邮件地址。确认后，用户的账户将被激活，他们将能够登录并使用该网站。	None
我会使用Twitter来推广一款桌游，通过制作有趣的视频、照片和推文来吸引用户。我还会包含相关的标签，以便让信息传达到更广泛的受众。我还会包含指向网站或产品页面的链接，并鼓励用户分享内容。此外，我还会使用影响力营销，联系桌游行业中知名的影响者，让他们在社交媒体上推广该产品。	None
"""冬季是最寒冷的季节，常常伴随着雪。"""	None
"""水、空气和火。"""	None
"""AI算法是一组指令或规则，用于使计算机或AI系统解决问题或实现所需目标。AI算法可用于捕获和分析数据、分类对象、开发预测模型和自动化能力。"""	None
“所有的成功都建立在努力和奉献的基础上。”	None
“稀土元素是一组17种天然存在的元素，具有独特的磁性、发光和催化性质。稀土元素的例子包括钪、钇、铕、钆、铽、镝、钬、铒、铥、镱、镥和钷。”	None
“儿童派对的主题活动可以包括脸部彩绘、化妆、寻宝游戏、音乐椅、艺术和手工制作站、像捉迷藏这样的派对游戏，以及装满小吃的彩纸屑球。对于食物和饮料，你可以包括健康的选择，如小蔬菜拼盘、彩色纸杯蛋糕和果汁，以及爆米花、薯片和冰淇淋。”	None
这个任务适用的机器学习技术是卷积神经网络（CNN）。CNN通常用于图像分类任务，能够检测视觉数据中的模式。	None
"""def is_anagram(s1, s2):
    s1 = sorted(s1.lower())
    s2 = sorted(s2.lower())
    return s1 == s2"" 的中文翻译是：判断两个字符串是否为变位词：将两个字符串都转换为小写字母并排序，然后比较它们是否相等。"	None
家庭	None
"""美国中西部地区的5个州是伊利诺伊州、印第安纳州、密歇根州、俄亥俄州和威斯康星州。"""	None
葡萄糖（C6H12O6） → 2 乙醇（C2H5OH）+ 2 二氧化碳（CO2）	None
"""你想我了。"""	None
细胞的组成部分包括细胞核、细胞质、细胞膜、线粒体和其他细胞器。细胞核是细胞的控制中心，包含遗传物质，而细胞质是填充细胞并包含细胞器的凝胶状物质。细胞膜是半透性屏障，调节进出细胞的物质。线粒体是细胞的“动力站”，为细胞提供能量。	None
"""互联网通过让我们能够轻松快捷地在全球范围内进行交流和商业活动，彻底改变了我们的生活。它使得思想和经验能够快速地在全球范围内传播。"""	None
“尤利乌斯·凯撒在公元前44年3月15日（即三月的伊德斯）在参议院大厦被由盖乌斯·卡西乌斯·朗基努斯和马库斯·尤尼乌斯·布鲁图斯领导的多达60名共谋者暗杀。”	None
"“a milkshake”的语法是：
冠词（a）+名词（milkshake）
-> A milkshake."	None
2021年春季时尚趋势包括明亮的颜色、扎染和其他印花、波点、淡色调、波西米亚风格、喇叭裤和长裤、实用主义外观、土色调、可持续面料和短款上衣。	None
"在菲利普·拉金的诗歌《树》中，叙述者反思了自然之美，同时也传达了一种悲伤和哀思。整首诗中，树象征着人生的旅程，包括它的美丽和悲伤。 ""新近的芽"" 代表新的开始和生命的脆弱。叙述者承认生命既美好又悲伤，因为 ""绿色"" 传达了喜悦和悲伤。这首诗最终传达了生命的悲伤，但也带来了希望。"	None
"""减少一次性塑料浪费的三种方法是：尽可能拒绝使用一次性塑料制品，转而使用可重复使用的袋子和容器，必要时回收和正确处理塑料。"""	None
她在追求卓越的道路上不屈不挠。	None
西班牙的首都是马德里。	None
“重要的是要欣赏和享受现在，而不是担心未来。”	None
"""隐喻""。"	None
"""我们不能继续浪费资源，忽视环境退化问题。让我们为子孙后代创造一个更加绿色、更加健康的星球。 #拯救环境 #环境保护"""	None
"""约翰和丽莎"""	None
给定数据的中位数是7。	None
“要求三年工作经验是合理的，因为它可以让雇主评估申请人的解决问题的能力、沟通能力和独立工作的能力。这可以帮助他们确定申请人是否具有在工作中表现出色所需的经验和知识。”	None
“they are”的缩写是“they're”。	None
第一天：洛杉矶，加利福尼亚州 - 探索好莱坞、圣莫尼卡码头和格里菲斯天文台。第二天：加利福尼亚州圣巴巴拉 - 参观圣巴巴拉动物园和巴蒂基托斯泻湖自然中心。第三天：内华达州拉斯维加斯 - 花一天时间玩老虎机、参观胡佛水坝和品尝美食。第四天：亚利桑那州大峡谷 - 跟随导游探索大峡谷的壮丽景色。第五天：科罗拉多州丹佛 - 参观丹佛艺术博物馆，探索城市的美食之旅。第六天：德克萨斯州达拉斯 - 品尝美味的烤肉、参观历史遗迹，并在达拉斯世界贸易中心购物。第七天：德克萨斯州休斯顿 - 参观NASA的休斯顿航天中心和自然科学博物馆。	None
"'""""""
给定三个数，找出它们的最大公约数（gcd）
""""""

# 找出两个数的最大公约数（GCD）
def find_gcd(a, b):
    while b > 0:
        a, b = b, a % b
  
    return a

# 给定三个数，找出它们的最大公约数（GCD）
def find_gcd_of_three_numbers(a, b, c):
    gcd_a_b = find_gcd(a, b)
    gcd_b_c = find_gcd(b, c)
    gcd_a_c = find_gcd(a, c)
  
    gcd = find_gcd(gcd_a_b, gcd_b_c)
    gcd = find_gcd(gcd, gcd_a_c)
  
    return gcd

if __name__ == '__main__':
    print(""3个数的GCD是："", end="""")
    print(find_gcd_of_three_numbers(18, 24, 30))'"	None
“虚拟学习可以对学生的表现产生积极和消极的影响。一方面，它可以为学生提供更多的灵活性，使他们能够按照自己的节奏学习，并允许他们从任何地方获取材料。另一方面，虚拟学习可能具有挑战性，因为它需要更高程度的自我激励和奉献精神，以及对使用的不同技术的理解。”	None
“美国警察暴力引发的抗议活动之所以蔓延到其他国家，是因为全球对这个问题的认识日益增长。社交媒体使信息传播变得更加容易，许多人将警察暴力问题与自己国家和社区中的其他类似问题联系起来。这导致了一种集体的不公感，引发了其他国家的抗议活动。”	None
我最近读了J.K.罗琳的小说《哈利·波特与魔法石》，非常喜欢！哈利·波特的魔法世界对所有年龄段的读者都是一个迷人而令人愉悦的旅程。从霍格沃茨小巫师学校到潜伏在阴影中的神秘危险生物，罗琳生动的描写使这个故事栩栩如生。角色塑造得很好，让人喜欢，情节充满了曲折和转折，让你一直猜到最后。我强烈推荐这本书给任何寻找娱乐逃离现实的人。	None
根据这篇文章的结论，全球经济预计将在2021年下半年开始改善。	None
"1. 老虎
2. 大象
3. 黑猩猩
4. 大猩猩
5. 狼
6. 狐狸
7. 袋鼠
8. 刺猬
9. 豪猪
10. 海狸"	None
"世界不断地旋转，
一次又一次。
旧的复苏，
新的诞生。

春天带来了阳光的温暖，
随着寒冷的融化和花朵的绽放。
夏天绽放着明亮的日子，
逃离寒冬的苦难。

秋天接管了一整年，
日子虽然凉爽，但没有什么可怕的。
冬天将世界笼罩在黑暗中，
唤起我们失去的记忆。"	None
这款限量版手工制作的木质玩具卡车售价为150美元。	None
三角形的面积为15平方厘米。	None
"""现代篮球比赛充满了激动和娱乐。球场的氛围充满了肾上腺素，球员们让观众兴奋不已。欢呼声和呐喊声随着比赛的进行响彻整个看台，狂热的球迷们希望自己的球队能够获胜。总的来说，一场篮球比赛有潜力点燃体育迷们的热情灵魂。"""	None
"""定义函数lcm(a, b)：
  如果a>b，则greater=a
  否则，greater=b
  while(True)：
    如果(greater%a==0)且(greater%b==0)：
      lcm=greater
      break
    greater+=1
  返回lcm

print(lcm(15, 18))
# 输出：90"""	None
"“晚霞在海岸上闪耀
轻柔的波浪回荡着
当我沐浴在阳光下，所有的烦恼都消失了
海鸥的叫声我现在愚蠢地忽略了
闪耀的沙子，用无声的请求招手着我
闪耀的海水，凉爽而令人耳目一新
夜晚带来了平静，但我找不到任何安宁
但也许在早晨，我会有时间
我打开瓶子里的宁静，倒出来
海洋的声音，让我更加沉醉
只是一瞬间，我闭上眼睛，看到了
海洋的广阔，我现在向我的灵魂展开。”"	None
"""喷嚏，冲突，祖先，雷鸣，伴侣，护身符，锻造，蛇，放大，小丑，瀑布，宇宙，涌动，恶心，绿洲，异常，追求，狂喜，宝塔，马赛克。"""	None
“一种解决冲突的技巧是协作问题解决，它涉及协商并找到双方都可以同意的解决方案。这个过程包括理解问题，确定双方的利益，探索选项和解决方案，并找到双赢的结果。”	None
"""SELECT * FROM customers ORDER BY first_name, last_name"" 的中文翻译是：按照名字和姓氏排序，从客户表中选择所有数据。"	None
这首诗的主题是表达爱意。诗人说接收这些话的人就像糖一样甜。这首诗有浪漫的感觉，表达了对另一个人的欣赏。	None
弹钢琴就像用琴键创作一幅杰作的绘画。	None
"抱歉，""d1q3Bz2X""并不是一个需要翻译的文本，它可能是一个编码或标识符。请提供需要翻译的具体文本。"	None
“这个和弦是D小调的和弦。”	None
表面积 = (b·h)/2，其中b为三角形的底边，h为高。	None
这是一个描述性的句子。	None
"""环境保护对于维护地球未来世代的健康至关重要。人类活动，如排放、农业和森林砍伐，正在导致气候变化、空气和水污染、生物多样性减少以及其他环境威胁。通过优先考虑环境保护，我们可以限制环境破坏的速度，保护自然资源供我们和未来世代使用。"""	None
这句话是法语。	None
“清洁银器的方法是，先将水槽或盆子注满热水，加入一汤匙小苏打。将银器浸泡在水中，静置几分钟后用洗碗布擦洗。彻底冲洗银器并用干净的毛巾擦干。”	None
这首诗描述了一种浪漫的爱情，就像一年四季不断开放的玫瑰一样永恒。玫瑰也是美丽和爱情的象征，因此诗人传达了两人之间的爱情是坚固、美丽和持久的。	None
基督教徒和穆斯林都坚信只有一个上帝，但他们在关于上帝的本质和揭示上帝意愿的信仰上存在差异。基督教徒相信耶稣是上帝的儿子，是连接造物主和人类之间的桥梁，而穆斯林则认为穆罕默德是上帝的使者，向人们传达上帝的意愿。此外，基督教注重耶稣的教导，崇拜他作为上帝之子，而伊斯兰教则遵循《古兰经》和穆罕默德的教导，崇拜真主作为唯一的上帝。	None
"""抛体运动是一种物体以一定角度抛出后，在重力的作用下沿着弧形路径运动的运动类型。它是一种特殊的二维运动，物体由于重力的作用而经历恒定的加速度。抛体的路径呈抛物线形状，物体形成轨迹的最高点称为顶点。抛物线路径被称为轨迹，物体达到的最大高度称为最大高度。随着物体下落，它的速度减小，最终落在地面上。"""	None
"""鉴于我作为医生的训练，这种药物很可能对大多数健康问题产生有益的效果。"""	None
"归并排序（A，startIndex，endIndex）：
    // 如果数组中只有一个元素，则返回
    如果startIndex == endIndex：
        返回

    middleIndex =（startIndex + endIndex）/ 2

    // 对数组的左半部分进行排序
    归并排序（A，startIndex，middleIndex）

    // 对数组的右半部分进行排序
    归并排序（A，middleIndex + 1，endIndex）

    // 合并两个已排序的数组
    合并（A，startIndex，endIndex）

合并（A，startIndex，endIndex）：
    middleIndex =（startIndex + endIndex）/ 2
    leftIndex = startIndex
    rightIndex = middleIndex + 1

    // 临时数组用于保存已排序的数组
    tempArray []

    // 遍历数组的两个半部分
    for i in range（startIndex，endIndex + 1）：
        // 如果左半部分已经遍历完，则从右半部分添加
        如果leftIndex > middleIndex：
            tempArray [i] = A [rightIndex]
            rightIndex ++

        // 如果右半部分已经遍历完，则从左半部分添加
        else if rightIndex > endIndex：
            tempArray [i] = A [leftIndex]
            leftIndex ++

        // 比较当前元素并添加较小的元素
        else if A [leftIndex] <A [rightIndex]：
            tempArray [i] = A [leftIndex]
            leftIndex ++
        else：
            tempArray [i] = A [rightIndex]
            rightIndex ++

    // 将tempArray复制回A
    for i in range（startIndex，endIndex + 1）：
        A [i] = tempArray [i]"	None
'30932'并不是一个需要翻译的文本，它只是一个数字。请提供需要翻译的文本。	None
我在澳大利亚最喜欢的旅游目的地是弗雷泽岛，它位于东海岸。	None
决策树是一种基于特定条件的问题可能解决方案的图形表示。它是一种帮助人们通过创建有组织的视觉决策过程图来选择多个选项的工具。树从单个根节点分支到一个或多个终节点，每个终节点包含一个潜在的决策或结果。树中的每个节点都是分支的交叉点，这些节点代表决策点。节点的分支表示基于给定决策可能发生的可能结果，而叶子表示树的结束。决策树用于评估和预测结果，以便做出明智的决策。	None
"""人工智能就像厨房里的厨师：它从环境中获取输入，将其与自己的知识结合起来，然后采取行动创造出新的独特事物，改变环境。"""	None
"""三原色是红色、蓝色和黄色。"""	None
库克巴拉是一种中等大小的鸟类，生活在澳大利亚。它通常被称为“笑鸟”，因为它独特的叫声听起来像是响亮的笑声。它的羽毛色彩丰富，翅膀和背部呈明亮的蓝色和栗色，胸部和颈部为白色，尾巴上有装饰。它以各种昆虫和小爬行动物为食，也吃水果和坚果。	None
网页应该包括机器人学的介绍，涵盖什么是机器人以及它如何在各个行业中应用。它还应该包括机器人学的历史部分，对该领域的主要进展和当前趋势的概述。应该包括有关不同类型的机器人及其应用的信息，以及进一步研究的资源链接。	None
"""坚持不懈、顽强、决心、坚定、坚定不移、不动摇、不屈不挠、持之以恒、执着。"""	None
"""真的。"""	None
机器学习是人工智能的一个应用，它使系统能够在不需要明确编程的情况下自动学习和改进。这个机器学习的过程涉及数据挖掘技术，可以预测结果、识别模式和分类数据，而不需要明确定义规则。	None
玛丽·居里是一位波兰-法国科学家，以其对放射性研究的贡献而闻名。她获得了两次物理学和化学诺贝尔奖，成为唯一获得两次诺贝尔奖的女性。她对放射性本质的研究彻底改变了我们对原子的理解，开启了核科学和发现的新时代。她建立了第一个研究辐射的实验室，并将元素钋命名为她的祖国波兰。	None
运动可以带来多种好处。它可以帮助改善心理健康，如减轻压力和焦虑，改善情绪和睡眠质量。它还可以帮助身体健康，如帮助减肥、增肌和提高能量水平。研究发现，运动还可以改善心脏健康，预防某些疾病，甚至可以降低某些癌症的风险。 	None
“减少家庭用电可以采用多种策略。这些策略包括用节能的LED灯泡替换低效的灯泡，不使用电器和电子设备时拔掉插头，尽可能使用自然光而非电灯，使用无触碰水龙头减少热水器的使用，使用智能恒温器自动监测和调节温度，安装太阳能热水器，以及不使用电子设备时关闭它们。此外，确保正确安装和密封窗户和门以减少空气泄漏也有助于减少用电量。”	None
"“尊敬的编辑，

我写信是为了表达我对于当前问题（插入问题）的看法。我认为（插入观点）。我感觉（插入原因）。此外，（插入额外原因）。

我认为让（插入受众）意识到这个问题并采取行动非常重要。 （提供解决方案/号召行动）。

此致敬礼，
[姓名]”"	None
医疗保健行业是当今发展最迅速的行业之一，人工智能在改变这个行业中扮演着重要的角色。人工智能解决方案使医院、诊所和其他医疗服务提供商能够为患者提供更精确和个性化的护理。人工智能解决方案被用于自动化数据收集和分析等乏味的任务，从而为其他更重要的任务释放资源。人工智能解决方案还被用于提供对患者健康的预测性洞察和及时检测疾病。人工智能驱动的技术在诊断癌症等疾病时特别有用，因为它能从医学图像中识别出模式。人工智能启用的机器人手术也可以为患者提供精确和微创的手术。总之，人工智能正在改变医疗保健的提供方式，使医疗从业者能够为患者提供更好、更高效的护理。 	None
社交媒体对社会产生了重大影响，既有积极的一面，也有消极的一面。在积极方面，它使人们能够轻松地与他人联系和分享信息。它还是分享全球新闻和观点的宝贵工具。在消极方面，它与注意力减退、心理健康问题增加有关，因为它导致了更高水平的比较、孤独和网络欺凌。此外，它被用来传播错误信息和替代事实，导致更大程度的不信任和不和。	None
"“鸽子 - 鸟
鸭子 - 鸟
燕子 - 鸟”"	None
气候变化对环境和地球上所有生命都产生了深远的影响。它导致全球气温升高，极端天气变化如洪涝和干旱，以及海平面上升。除了这些物理影响外，气候变化还会产生情感影响。它会导致焦虑和压力，因为人们担心未知和潜在的破坏。最后，它不成比例地影响低收入家庭，这些家庭没有资源来获取清洁能源和适应不断变化的环境。	None
"""SELECT name FROM authors;"" 的中文翻译是：从作者表中选择姓名。"	None
"""我以为我可以自己解决，但我错了..."""	None
"""与法国接壤的三个国家是比利时、卢森堡和德国。"""	None
该应用程序应该允许客户从本地企业和附近商店订购物品，提出具有详细交付要求的交付请求，并跟踪他们的订单。它还应该允许客户轻松找到和支付服务。该应用程序应该允许企业管理订单，跟踪交付和司机，设置交付边界和价格。它还应该具有帮助企业促销其产品和服务的功能，以及提供客户反馈和支持的选项。	None
“如果某种商品的需求增加，那么为了平衡需求和可用供应，该商品的价格将会上涨。这是因为当需求超过供应时，价格必须上涨以分配资源并防止供应耗尽。”	None
"""积极的情感。"""	None
“当巨人遇见男孩，友谊将征服恐惧。”	None
她勤奋地工作。	None
线性回归模型是一种机器学习模型，可以用于从一组输入变量中预测或估计连续数值变量的值。在这个模型中，通过拟合一条直线到一组数据点上，使得数据点到直线的平方距离之和最小化。这条最佳拟合直线可以用来根据输入变量的值估计输出变量的值。	None
"""def maxProfit(prices):
    min_price = float('inf')
    max_profit = 0

    for price in prices:
        min_price = min(min_price, price)
        profit = price - min_price
        max_profit = max(max_profit, profit)

    return max_profit""

中文翻译："	None
这个游戏需要两个玩家轮流在一个6x6的棋盘上下棋。每个玩家有两个棋子，其中一个是国王，另一个是将军。目标是让你的国王到达棋盘的另一侧，同时保护将军，防止被对手拿走。棋子有不同的能力，国王可以朝任何方向移动，而将军只能朝任何方向移动一格。当一个玩家的国王到达对手的棋盘另一侧时，游戏就赢了。游戏的策略涉及提前规划和做出明智的移动，以确保你的棋子不会被对手捕获。第一个捕获对手国王的玩家获胜。	None
"""def factorial(n):
    if n == 0:
        return 1
    return n * factorial(n-1)"" 的中文翻译是：

""定义一个阶乘函数，输入参数为n，如果n等于0，返回1，否则返回n乘以n-1的阶乘。"""	None
我的网页顶部有一个标题，显示我的名字、链接到我的社交媒体资料和欢迎信息。在下面有一个容器，包含链接到不同部分的页面，如我的博客、作品集和联系页面。还有一个页脚部分，显示我的版权信息。	None
一个Web服务应该由几个组件组成：客户端应用程序、一组API（应用程序编程接口）与客户端进行交互、用于存储数据的数据库、运行服务的服务器以及用于处理请求的客户端应用程序。API应该采用RESTful架构设计，服务器应该使用像Python或Ruby这样的语言构建。数据库应该根据需要存储的数据进行定制，客户端应用程序应该处理API的响应。此外，出于安全考虑，某些请求应该使用加密或身份验证机制进行保护。	None
34.4摄氏度	None
寒冷温度引起的四种疾病是体温过低、冻伤、冻疮和战壕足。体温低于95°F时会出现体温过低，可能导致器官衰竭。冻伤是一种由寒冷引起的损伤，皮肤部分冻结，可能导致组织损失甚至截肢。冻疮是由于暴露在寒冷环境中引起的瘙痒和疼痛的皮肤疹。最后，战壕足是由于长时间暴露在潮湿和寒冷的环境中引起的极度不适甚至感染。	None
"“1. 每个玩家必须在10回合内建造一个建筑。
2. 第一个建造任何类型建筑的玩家将获得奖励。
3. 任何两个玩家不能在彼此建造建筑的30回合内建造相同的建筑。”"	None
“吸烟会导致多种疾病，包括癌症、肺气肿、慢性支气管炎、心脏病、中风和糖尿病。此外，吸烟还会增加患上肺炎、哮喘和支气管炎等呼吸系统疾病的风险，同时还会增加婴儿出生缺陷和发育迟缓的风险。”	None
如果地球的自转突然停止，由于缺乏有效的引力，地球的大气层将逐渐漂向太空。因此，行星表面温度将急剧上升，大多数生物可能无法承受极端的温度变化。此外，没有科里奥利力，海洋洋流的熟悉模式也将发生巨大变化。	None
"""分数4/16等于1/4，因为分子和分母都可以被4整除。将分子和分母都除以4得到1/4。"""	None
他跑到公交车站，因为公交车还有五分钟就要到了。	None
"""def factorialize(num):
  factorial = 1
  for i in range(num, 0, -1):
    factorial *= i
  
  return factorial""
  
  翻译成中文为：""定义一个函数factorialize(num)，其中num为参数，函数的作用是计算num的阶乘。函数内部定义了一个变量factorial并初始化为1，然后通过for循环从num开始倒序遍历到1，每次将i乘以factorial并赋值给factorial。最后返回计算结果factorial。"""	None
“面对疫情，我们的行动是最终的挑战。”	None
"""人工智能（AI）是计算机科学的一个领域，专注于创建能够像人类一样思考和行动的智能机器，利用算法和数据来进行决策和解决问题。"""	None
“旁白：想要一个亲密舒适的剃须体验吗？介绍一下我们的新款电动剃须刀，来自XYZ。凭借我们先进的技术，您每次都能得到完美的剃须效果。所以，每天都换用XYZ，轻松顺畅地剃须。”	None
"""我不得不快速去商店。"""	None
“两位老朋友凯瑟琳和莎拉坐在公园里，经过数月的分离后，彼此交流彼此的生活。她们谈论工作、家庭以及过去一年的起起伏伏。她们笑了，哭了，回忆起她们一起度过的美好时光。她们计划很快再次见面，并在太阳开始落山时拥抱告别。这是一次让两人难以忘怀的会面。”	None
“微风穿过田野，带来了凉爽的微风。”	None
六	None
“我建议看看华硕Vivobook笔记本电脑。它拥有时尚的设计、强大的性能和出色的电池续航能力。它非常适合日常使用，是市场上最好的选择之一。”	None
“一个健康的上午小吃可以包括一些水果，比如苹果或香蕉，一些坚果或种子，比如杏仁或南瓜子，酸奶或冰沙。”	None
萨尔瓦多·达利的三件著名作品是《记忆的永恒》、《奴隶市场上的伏尔泰消失半身像》和《记忆的解体》。	None
“成功的企业家具备强大的组织和沟通能力，具有纪律性、坚韧不拔和适应力，并且始终寻求创新的方法。他们还具备敏锐的问题解决和决策能力，展示出一流的客户服务并与利益相关者建立关系，能够明智地管理财务和分配资源。最重要的是，他们专注于自己的长期愿景和目标，并且永远不会失去这些目标的视野。”	None
"'Ambiguous: 不明确或具有多重含义
Capricious: 不可预测或倾向于突然改变决定
Arbitrate: 通过公正地判断事实并做出决定来解决争端。'"	None
她来商店买东西。	None
"""严格实施公共卫生政策有效地遏制了Covid-19病例的流行。"""	None
"'- 线条
- 颜色
- 形状
- 纹理'"	None
作者对速度是生产中最重要的因素的想法持负面态度。他们认为，过分关注速度往往会以技术熟练度和工艺为代价，导致产品质量降低。此外，作者暗示加快生产速度可能会有害，因为工人没有足够的时间来修复任何错误。这表明作者认为速度不应优先于质量和工艺。	None
“由于卫生不良引起的三种疾病是腹泻、胃肠炎和霍乱。”	None
法官说：“有罪。”	None
“非常抱歉您对购买不满意。我们希望所有客户都能满意，因此我想提供您全额退款，并为您下次购买提供15%的折扣。还有其他什么我可以为您做的吗？”	None
"1. 雷声如军队的鼓声，敲打着激烈的战争进行曲。
2. 狂暴的风声像是一只野蛮的、尖叫的女妖。
3. 闪电照亮了夜空，像是一百万颗闪闪发光的钻石。"	None
在过去的5年中，“人工智能”这个词汇的流行度稳步增长。根据Google Trends的数据，自2015年以来，该词汇的搜索兴趣增长了22%。该词汇在美国最为流行，通常与计算机科学、机器人技术和自然语言处理等主题相关。	None
2.30欧元相当于2.76美元。	None
财务会计的目的是提供相关准确的信息，帮助企业做出明智的决策并有效地管理财务。它还提供了可靠的财务交易记录，这对于开展业务至关重要。	None
"""小猫咪 - 名词
经常 - 副词
欢快地 - 副词
四处蹦跶 - 动词
兴奋地 - 副词"""	None
乌尔、亚述、巴比伦、耶利哥、梅吉多。	None
"亲爱的客户，

我很高兴地告诉您，我们有一款新产品，我相信您一定会喜欢。这款产品经过精心设计，旨在满足您的需求并提供最高质量。同时，我们还提供满意保证，让您放心购买。

如果您对产品有任何疑问或想下订单，请随时与我联系。我非常乐意为您提供帮助。

期待尽快收到您的回复。

此致

敬礼，

[您的名字]"	None
这个陈述背后的概念是慷慨和利他主义。	None
“这个句子有语法错误，因为‘these’后面应该跟着一个单数名词或代词。正确的句子应该是：这种问题很难解决。”	None
“日本料理以其微妙而细腻的口味为特色，融合了咸、甜、酸和鲜味。它还注重使用新鲜的食材，保留它们的自然风味。”	None
经过数月的思考，约翰终于决定要冒险一试。他已经陷入了困境很长时间，总觉得自己无法迈出人生的下一步。他知道自己有更多的潜力，如果现在不抓住机会，可能再也没有了。约翰深吸一口气，开始计划离开他的小家乡，搬到大城市。他安排好了住处和工作，并开始告诉他的所有朋友和家人他的计划。尽管这是一个令人畏惧的前景，但他感到自己有力量，准备好去面对世界。这个改变人生的决定已经做出，约翰第一次感到对自己的未来充满了乐观。	None
"""制作美味佳肴 - 在我们的手机游戏中烹饪乐趣！"""	None
X9KAE5（这是一个由字母和数字组成的字符串，没有具体的中文翻译意义）。	None
"""悲伤"""	None
"'1. 确定要比较的产品特点。
2. 分析每个产品的特点。
3. 将特点进行并排比较。
4. 计算成本效益比。
5. 做出最终决定。'"	None
"同事1：嘿，项目进展如何？

同事2：嘿，进展不错。我已经完成了前两个草稿，现在正在进行一些小的调整。你呢？

同事1：我也快完成了。只需要确保所有内容都有组织。应该在几天内完成。

同事2：好的，听起来很不错！等你完成后，我会检查我的工作并进行最后的修改。

同事1：计划听起来不错。我们应该很快完成这个项目。"	None
“AI可以用于解决复杂问题，如疾病诊断、自然语言理解、自动驾驶和图像识别。例如，AI系统可以通过分析患者记录和医学图像进行分类和早期疾病检测，用于癌症诊断。AI还用于自然语言理解，通过识别单词和短语并提供智能建议和上下文，为人与计算机之间的对话提供支持。自动驾驶车辆使用AI来导航道路、感知和避免障碍物，并提供安全、舒适的乘车体验。最后，AI可以通过分析数字图像并识别模式、颜色和物体来识别图像和物体。”	None
“水和油在某些方面相似，它们都是液体物质，但它们有几个关键的区别。水由两个氢原子和一个氧原子组成的分子构成，比油密度低。相反，油由碳和氢的分子组成，密度比水高。此外，水是良好的电导体，而油是电绝缘体。水的粘度低，而油的粘度高。”	None
他正在阅读书籍。	None
"角色A：“你最近几天没有联系我，我感到很沮丧！”
角色B：“我意识到我犯了错误，没有联系你。对不起，我被工作缠身，没有注意到这一切。”
角色A：“我理解，但你这样忽视我还是让我很受伤。你打算怎么解决这个问题？”
角色B：“我可以承诺更经常地与你联系，让你知道我的近况。这样可以帮助你吗？”
角色A：“是的，这会让我感觉好些。谢谢你的理解。”"	None
"""娱乐"""	None
我会询问画廊他们展示的艺术家，以便更好地了解他们的选择。我还会询问他们鉴定艺术品的过程，以及他们为保护艺术品提供的支持和资源。我还会询问价格、付款方式和运输政策。此外，我还会询问他们的退货政策以及他们提供的其他服务，如安装和保护。	None
美国最长的河流是密苏里河，长度为2341英里。	None
《三只小猪》讲述三个兄弟建造三个不同的房屋，以保护自己免受大野狼的侵害。最终，他们的决心、机智和团队合作使他们能够智胜狼群，从此过上了幸福快乐的生活。	None
“新陈代谢是发生在生物体内的维持生命的化学过程。这些生化过程使生物体能够生长、繁殖和对环境做出反应。新陈代谢需要能量，可以分为两类：分解代谢和合成代谢。分解代谢将分子分解成较小的组分并释放能量，而合成代谢则将分子组合成较大的组分并消耗能量。”	None
“北极地区正在经历前所未有的高温，这表明气候变化对敏感的极地环境产生了影响。”	None
这段代码创建了两个变量 - x和y。变量x被赋值为3，然后将x的值加上4并赋值给变量y。因此，y被赋值为7。这段代码将值3赋给x，然后将4加到x的值上，并将结果赋给y。 	None
“这个说法基本准确。就像电力在19世纪和20世纪革命性地改变了工业一样，人工智能有潜力在21世纪改变企业运营的方式。人工智能可以自动化流程，使企业能够优化运营，从而达到更高的效率和生产力水平。”	None
"""15, 5, 8"" 的中文翻译是 ""15年5月8日""。"	None
"""2 + 3 = 5."" 的中文翻译是 ""2加3等于5。""。"	None
"“喜悦如清澈的河流流淌在我身上，
带来欢笑和幸福，让我的灵魂听到。

世界是明亮和美妙的，我能看到，
使每一刻都变得快乐和自由。

我的心感觉轻盈，我的烦恼已经飞走，
当我发现幸福给了我什么。

我张开双臂接受喜悦，
给我的歌曲带来生命，像一个甜蜜的玩具。

每一刻都是珍贵的礼物，
我珍惜并永远不会让它流逝。”"	None
“主要来源是指原始信息来源，例如目击者的陈述或在历史事件发生时编写的文件。次要来源是对主要来源的解释或分析，例如历史文献或与目击者的采访。次要来源提供了事件的不同视角，而主要来源提供了事件的未经过滤的视角。”	None
“最长的单词是‘wonderful’。”	None
"'1. 提高可扩展性和灵活性
2. 降低成本
3. 增强协作和集中数据访问'"	None
"1. 杰伊·盖茨比举办盛大的派对，希望赢得黛西·布坎南的心。
2. 黛西的表兄尼克·卡拉威目睹了盖茨比和黛西的重逢。
3. 盖茨比和黛西计划一起私奔。
4. 汤姆·布坎南发现了他们的计划并与盖茨比对峙。
5. 黛西决定留在汤姆身边，让盖茨比心碎。
6. 盖茨比被乔治·威尔逊杀害。
7. 黛西意识到盖茨比对她的爱的深度，但为时已晚，内心充满了愧疚。
8. 尼克重新考虑了自己对盖茨比的看法，意识到他是一个伟大的人。"	None
“你通常去哪里徒步旅行？”	None
雪豹（Panthera uncia）是一种濒危的动物物种，原产于中亚和南亚的山区。	None
我对自动驾驶汽车的想法是开发一个人工智能系统，利用机器学习帮助汽车识别其环境。该人工智能系统还能够从错误中学习，提高准确性。此外，自动驾驶汽车将能够检测潜在的危险并警告驾驶员，或在必要时采取纠正措施。车上还将配备一个紧急按钮，以防驾驶员需要手动控制车辆。此外，汽车将能够自动停车，并在电池电量低时自动驾驶到附近的充电站。最后，该软件将能够连接智能手机，使用户即使在行驶中也能访问其导航系统和娱乐选项。	None
美国的三个政府职位是总统、副总统和参议员。	None
“这个三角形的面积是36平方单位。”	None
“在正确的时间做好一件工作，将会预防以后更困难的问题。”	None
"""区块链技术可用于安全交易和快速支付。例如，它可以用于存储和处理医疗记录，允许医生和患者之间安全和即时地共享信息。它还可以用于安全的数字投票，允许投票被安全准确地计数，同时仍然允许选民保持匿名。"""	None
“古巴导弹危机和越南战争是20世纪最大、最致命的两场冲突之一。古巴导弹危机涉及美国和苏联在古巴的苏联核导弹基地之间的对峙，而越南战争是北方（得到苏联支持）和南方（得到美国支持）之间在印度支那地区的一场长期军事冲突。古巴导弹危机在1962年10月的13天内展开，通过外交协议得到解决。越南战争持续了19年，始于1954年，终于1973年签署的《巴黎和平协定》。虽然这两场冲突都与冷战有关，但在原因、目标、战略目标和结果方面也有很大的不同。古巴导弹危机没有导致任何直接的军事冲突，主要是通过外交手段和决定从古巴撤回核武器来解决的。另一方面，越南战争是一系列长期战斗，导致双方都遭受了重大损失。越南战争也对美国产生了重大影响，因为它突显了长期冲突的现实和美国军事干预的局限性。此外，越南战争还极大地改变了公众对军队和武力使用的看法。”	None
“医疗保健成本在减薪和裁员的情况下飙升。”	None
“替代能源在减缓气候变化最严重影响方面是绝对必要的。随着世界从化石燃料向更可持续的能源来源，如风能、太阳能和水力发电转型，我们可以减少大气中的温室气体数量，防止地球进一步变暖。此外，使用可再生和替代能源将创造数千个就业机会，有助于创造一个健康、稳定的经济。投资替代能源是一个明智的决定，也是我们有效应对气候危机所必需的一步。”	None
“蓝天如此美丽。”	None
一个人口增长迅速的城市应该考虑投资公共交通，以缓解交通拥堵。这可以包括公交车、地铁系统、轻轨选项，甚至是自行车共享计划。这些解决方案具有成本效益，并有潜力减少交通和空气污染，使人们更容易出行。此外，为了满足交通需求的增加，城市还可能需要投资基础设施，如道路扩建和停车场。	None
“如今的就业市场就像一片雷区 - 雇主是被派去巡逻的士兵，而求职者则是金属探测器，小心翼翼地经历一个又一个的过程，以找到一份适合自己的工作。”	None
"构建聊天机器人的步骤包括：
1. 定义聊天机器人的目标和目的
2. 收集和分析数据
3. 理解用户的需求
4. 选择适当的平台和技术
5. 构建和测试聊天机器人
6. 部署聊天机器人
7. 收集用户反馈并迭代聊天机器人。"	None
她充满热情，就像得到了一股能量的推动。	None
这本书的主题是在意外悲剧面前的韧性，以及小镇居民如何团结一致克服困难时期。	None
“你对人工智能在我们日常生活中越来越广泛使用有什么想法？从可以帮助我们做出更好决策的学习算法到可以回答我们问题的虚拟助手，人工智能变得越来越普遍。这对未来可能会有什么影响？我们可能会经历哪些潜在的好处和缺点？”	None
八	None
“机器学习可以通过分析和识别运动员表现、比赛策略和团队动态中的模式来改善运动教练。这项技术可以用于为每个运动员开发量身定制的教练建议，以及创建最成功比赛策略的预测模型。机器学习还可以用于为教练提供关于团队和个人表现的实时反馈。”	None
"""Coffee Co.""的网站应该以用户体验为重点设计。它应该有清晰的导航和一致的设计。内容应该易于访问，并提供个性化的体验。网站应该有有趣的功能，如测验、投票和论坛，以帮助产生对话并增加客户参与度。此外，网站应该有一个方便客户联系公司并提供反馈的简单方式。"	None
"""10和15的几何平均数为\(\sqrt{10\times 15}=12.25\)。"""	None
"""合成纤维是由人造材料制成的纤维，如聚酯、尼龙和丙纶。这些纤维价格便宜，通常耐用，但不太透气或舒适。天然纤维是由天然材料制成的纤维，如棉、羊毛和丝绸。这些纤维透气、舒适，通常更昂贵，但不如合成纤维耐用。"""	None
"“在需要快速响应或大规模客户支持的情况下，聊天机器人比人类助手更有用，例如客户查询、销售询问或金融交易。聊天机器人可以提供即时、准确和个性化的响应，帮助自动化客户服务任务，让用户快速、方便地获取所需信息。

例如，在客户服务设置中，聊天机器人可以询问客户的问题，收集客户的所有必要数据，然后为客户提供解决方案或将其引导到适当的渠道以获得进一步支持。这为客户和人类客户服务代表节省了时间，因为聊天机器人可以更快、更有效地回答客户的问题。

此外，聊天机器人还可以用于大规模客户支持和营销。例如，聊天机器人可以用于向客户发送定向促销或个性化消息，帮助企业快速、轻松地接触客户，而无需使用大量客户服务人员。这可以帮助企业完善其客户外联策略并增强客户服务。”"	None
"'""""""
计算字符串中字符频率的函数
""""""

function countCharacterFrequency(string) {
    let freqObj = {};
    for (let c of string) {
        if (freqObj[c]) {
            freqObj[c]++;
        } else {
            freqObj[c] = 1;
        }
    }
    return freqObj;
}

if __name__ == '__main__':
    str = ""hello world"";
    console.log(countCharacterFrequency(str));
    // 输出: { h: 1, e: 1, l: 3, o: 2, w: 1, r: 1, d: 1 }'"	None
黑盒测试是一种软件测试类型，它在不查看应用程序或程序的内部结构或设计的情况下测试其功能。这种测试对于评估系统的准确性能非常重要。它还测试应用程序的可用性和可靠性，并用于识别和纠正代码中的任何错误或漏洞。	None
《小红帽》是一个经典的童话故事，讲述了一个年轻女孩去拜访她的祖母，但在路上被一只狼拦住了。狼骗她透露了关于她祖母的信息，最终吃掉了她。然而，一个伐木工人通过切开狼的肚子救出了她和她的祖母。最后，小红帽与她的祖母团聚，并学到了一个重要的教训，即要小心谨慎。	None
“考试成功完成的及格分数为75分。”	None
“一个占地1000平方英尺的公寓在加利福尼亚的每月电费预计为105美元至200美元左右，具体取决于用电量、绝缘和节能设备等因素。”	None
从前，有一个年轻的女孩名叫Alexa，她拥有一把不可思议的魔法弓箭。每当她拉开弓弦，放出箭矢，无论它落在哪里，都会发生一些非凡的事情。花儿开放，海洋平静，阳光更加明媚。Alexa的弓箭如此强大，以至于它可以让最不可能的事情变为可能。一天，在一场大风暴中，Alexa使用她的魔法弓箭为她的家乡带来了平静和和谐。她受到全镇的赞扬和庆祝，很快成为了希望和和平的象征。 	None
海狸的学名是加拿大海狸。	None
"在线购物可能存在以下问题：
1. 在线欺诈和身份盗窃
2. 产品质量不满意
3. 交付问题，如延迟或丢失包裹
4. 网站导航和可用性困难
5. 运费和额外费用
6. 在处理退货时缺乏客户服务
7. 支付处理的安全性。"	None
"“- 环法自行车赛是一项每年在法国举行的为期三周的公路自行车比赛。
- 它是世界上最负盛名和最具挑战性的自行车赛事之一。
- 它通常覆盖平坦、多山和山地地形，路程为2,180至2,200英里（3,500至3,700公里）。”"	None
"威廉·华兹华斯的《水仙花》。

我独自漫步，如同漂浮在山谷和山丘上的云彩，
突然间，我看到了一群，一群金色的水仙花；
在湖畔，在树下，
随风飘荡，翩翩起舞。"	None
“艾丽丝捶着方向盘，望着窗外排成长龙的车辆，心中充满了愤怒和挫败感。她迫切希望能够在感恩节前赶到父母家，但似乎每个司机都选择了和她一样的路线。随着时间的流逝，愤怒和挫败感越来越强烈，每一分钟都像是一小时。她唯一的希望是，不知怎么的，她仍然能够准时到达。”	None
新移动应用的营销计划应包括在相关社交媒体和数字平台上建立在线存在。通过推出网站、创建预告活动和定向内容来推广应用。利用YouTube和其他流行的流媒体服务进行影响者营销，以传播消息。联系移动应用评论网站、行业相关网站以及博客发布渠道。举办测试版以产生更多的关注，并考虑在应用中添加彩蛋以鼓励用户参与。利用A/B测试来优化用户界面，并不断监测用户反馈以确保客户满意度。	None
"蔬菜：胡萝卜，洋葱
水果：橙子，香蕉"	None
"""for i in range(1,11):
    print(i)"" 的中文翻译是：

""使用循环从1到10输出每个数字。"""	None
"""设计会议室的创意想法包括加入灵活的组件，例如可移动的墙壁和家具，以使区域可根据不同目的进行调整。使用颜色来创造视觉吸引力并微妙地区分区域也会有所帮助。加入植物或艺术装置等自然元素可以创造一个更具吸引力和启发性的空间，而提供充足的通风和自然光线可以帮助集中注意力，改善会议室体验。"""	None
一个社交媒体机器人，它被编程为识别用户情感，并根据情感自动发布相关内容。	None
"""承认错误，表达歉意，做出补偿。"""	None
十六进制中的278是112。	None
“月光抚慰着沐浴其中的宁静波浪，无尽而平静。”	None
一个提供教育游戏的应用程序，允许用户相互连接和挑战。玩家可以创建自定义关卡，查看排行榜和排名，并可以访问教育游戏库。参加教育游戏比赛可以获得奖励和经验值。	None
“经过数月的探索陌生的土地，看到奇妙的景象，遇见不同寻常的人，王子终于回到了家。他因这些经历而受益，虽然他没有找到他所寻找的东西，但他找到了更有价值的东西：对世界之美和友谊的更深刻欣赏。”	None
“教育具有为社会提供许多世界问题长期解决方案的力量。人们必须获得良好的教育基础，才能做出明智的决策，并具备应对这些挑战所需的知识和技能。”	None
"'1. 准备所需食材，包括新鲜水果和其他想要添加的配料，如酸奶、果汁或牛奶。
2. 将所有食材放入搅拌机中。
3. 盖上搅拌机盖子。
4. 打开搅拌机并搅拌至混合物变得光滑。
5. 将冰沙倒入玻璃杯中。
6. 品尝美味的冰沙！'"	None
"""当他听到这个消息时，他松了一口气。"""	None
"""(1/2)x^3 - (1/3)x^2 + 2x - 3."" 的中文翻译是：""(1/2)x的三次方减去(1/3)x的二次方加2x减3""。"	None
"""魔法城堡的国王施展了一道咒语，使得所有人都陷入了迷幻状态。"""	None
一个收敛边界的例子是北美板块和太平洋板块之间的边界，它们正在收敛形成塞拉尼瓦山脉。	None
九	None
"全球变暖是当今世界面临的一种存在威胁。它是由于大气中温室气体的积累导致全球平均温度升高，从而导致气候模式、海平面和极端天气事件的变化。大多数人为温室气体来自于化石燃料的燃烧、森林砍伐和其他释放二氧化碳进入大气的人类活动。

化石燃料是全球变暖的最大贡献因素。当这些燃料燃烧时，它们储存的碳被释放为二氧化碳和其他污染物，这些污染物会在大气中形成温室效应，增加全球温度。这进一步导致了一个恶性循环，释放更多的碳导致进一步的升温。除了长期的人为影响外，自然事件如火山爆发和地球轨道的变化也可能导致变暖，但这些过程需要更长的时间，因此不是当前快速全球变暖的原因。

全球变暖的影响是广泛的，可能导致全球气候的严重变化。例如，温度升高可能导致极地冰盖融化，导致海平面上升并淹没沿海地区。此外，极端天气条件将变得更加普遍，导致致命的洪水、干旱和其他与天气有关的灾害。更令人担忧的是，全球变暖可能会引发环境的突然和不可逆转的变化，对全球气候、经济和人类健康产生重大的不利影响。因此，需要采取更积极的措施来减少全球碳排放，以减轻全球变暖的影响。 "	None
"""def mean(lst):
    return sum(lst) / len(lst)"" 的中文翻译是：定义一个函数mean(lst)，返回列表lst的平均值。"	None
我喜欢阅读。	None
"""解决这个问题的合适机器学习算法可能是监督学习算法，如线性回归、随机森林或支持向量机。输入数据可以包括历史股票价格、市场趋势和其他相关的财务指标。然后应该对算法进行训练，以便它能够准确地预测股票价格。"""	None
他吃完饭离开了餐厅。	None
计算机主板是计算机中的主要电路板。它是系统的支柱，连接所有其他组件，如处理器、内存、存储、显卡和外围端口。它为所有这些组件之间提供通信路径，使它们能够相互交互和协同工作。主板负责调节电源，并且还有扩展卡槽和USB、音频、以太网和其他连接类型的端口。	None
“在COVID-19大流行期间在家工作有其自身的挑战。当感到疲惫或孤立时，保持高效率可能会很困难。为了充分利用这种情况，时间管理和专注于目标可以帮助保持动力。此外，确保休息，与同事进行有趣的交流，并在工作时尽量避免社交媒体。最后，确保有一个指定的工作空间，以便保持组织和高效率。”	None
"""Julia是一种高级通用编程语言，旨在易于阅读和编写，并允许用户简洁明了地表达操作。它将动态语言的速度和表达能力与静态类型的效率和安全性相结合。Julia的多重分派功能使用户能够仅使用一种代码编写高效的通用算法。它还具有强大的并行和分布式计算支持，使其能够快速高效地处理大型数据集。Julia具有强大的模块系统，允许用户使用来自各个领域的工具和算法扩展基础语言，包括机器学习、数据分析和可视化、Web编程、网络编程和机器人技术。Julia还包括一个优化的即时编译器（JIT），使其能够生成接近静态类型语言的本地代码，并与C或Fortran相当。

总的来说，Julia是一种功能强大、可靠且高性能的编程语言，专为技术计算而设计，使其成为数据科学、机器学习和其他数学密集型应用的理想选择。"""	None
"以下是周末可以和朋友一起做的4个有趣活动：
1. 举办游戏之夜
2. 去看电影
3. 打保龄球
4. 野餐"	None
"""SELECT name FROM Employees WHERE department_id = 21;"" 的中文翻译是：从员工表中选择部门ID为21的员工姓名。"	None
约翰·邓恩的诗歌《日出》向太阳提出了一个论点，即即使日出不可见，诗人和他的爱人也能在他们的爱中感到满足，因此太阳的光线并不需要。他声称他和他的爱人构成了“世界”，他们的爱将会持续下去，即使太阳释放出它的光。诗歌以向太阳保证他们的爱将永存，即使太阳撤回它的光，他们的世界也将保持不变而结束。	None
"""橙子、葡萄柚和柠檬。"""	None
"""<picture src=""endangered_game.jpg"">

<caption>一张移动游戏《拯救物种》的图片。游戏玩法包括控制濒危动物穿越2D世界，了解它们及其栖息地，寻找不同的拯救方式并完成任务。</caption>"""	None
介绍一款正在风靡全球的革命性新产品：智能球棒！智能球棒是一款革命性的设备，将智能手机、语音激活的AI助手和运动传感器的功能结合在一个方便的球棒形状的设备中。凭借其直观的界面和强大的人工智能，智能球棒是任何在外出时想要保持联系和了解信息的人的完美伴侣。无论您是在办公室还是在家里，智能球棒的创新功能都能满足您的需求。所以不要等待，立即购买智能球棒，让您的生活达到新的水平！	None
"""美国国家航空航天局多年来在太空探索方面做出了重大贡献，例如开发了第一艘可重复使用的航天飞机，发射了使全球通信成为可能的卫星，开发了广泛的宇宙目录，以及对其他行星和卫星进行了机器人探索。他们的研究解锁了许多科学发现，极大地推进了我们对宇宙及其地位的理解。NASA计划还使人类实现了令人振奋的飞跃，例如登上月球，向火星发射机器人探测器，以及使普通公民能够进行太空旅行。"""	None
"""可及物的。"""	None
"""插入排序算法的时间复杂度是O(n^2)。"""	None
"1. 给予员工更多灵活性，平衡个人和职业生活。
2. 增加数字工具的投资，以安全地管理远程团队。
3. 通过消除地理限制扩大人才库。"	None
"""卧底警察对抗犯罪头目：一场高风险的猫鼠游戏的惊险故事。"""	None
“这个定义是错误的，因为鼹鼠实际上是一种生活在地面上并以昆虫为食的小型哺乳动物。它最明显的特征是长长的鼻子和宽阔的、像桨一样的脚。然而，它经常挖掘洞穴作为生活和庇护的场所。”	None
“行动胜于言语”这个短语的意思是，没有相应行动的言语不如行动有意义或有效。它表明，最好用自己的行为来展示自己的信仰，而不仅仅是说出来。	None
区块链是一种分布式账本技术，用于存储和记录交易。它使用分布在全球的计算机网络进行安全保障，因此既安全又去中心化，没有中央机构控制其中存储的数据。区块链中的每个“块”都包含一个独特的交易或事件记录，以加密安全的方式记录到区块链中。区块链是不可变的，一旦交易被记录，就无法更改或删除，提供了信息的永久和安全记录。	None
"""SELECT * FROM customers;"" 的中文翻译是：从客户表中选择所有数据。"	None
"一条蜿蜒的河流穿过小镇，
温柔而强大，优雅而恒久，
它闪耀着如皇冠上的钻石般的光芒，
自由地流淌，迅速、欢快、响亮。

它带来了每一次的涨落的清新和生命，
给绿色的田野、花园和下面的一切带来了生机，
人们感受到它的存在，无论他们走到哪里，
它制造出美妙的音乐，潺潺低语。

这条河流沿着蜿蜒的路线弯曲前行，
日复一日地丰富着它经过的每一个地方，
给它遇见的每一个人带来善意和生命 -
它带来希望和欢乐，用它的轻柔的节拍。"	None
#新品牌冒险	None
“在一个小而偏僻的村庄里，住着一家人。这个家族世世代代生活在乡村，对他们的边界之外的世界一无所知。但有一天，一位旅行者带着几本书和一些小工具到来了。他向他们介绍了远比他们见过的任何东西都要先进的技术。他打开了他们的眼界，让他们了解了书籍中的知识和思想层面，这让他们开始质疑自己的世界。正是这位访客向他们介绍了外部世界，并向他们展示了进步的力量。”	None
"""def isRotation(s1, s2):
    if len(s1) != len(s2):
        return False

    s3 = s1 + s1
    return s3.find(s2) != -1""

中文翻译："	None
"""介绍全新的iPhone 11 Pro，这是一款终极全能设备，拥有令人惊叹的OLED显示屏、强大的三摄像头系统和持久的电池寿命。选择iPhone 11 Pro，您将体验先进的技术和令人着迷的性能。无论您是想拍摄令人惊叹的照片和视频，还是体验惊人的游戏和应用程序，iPhone 11 Pro都将为您带来强大和便携。"""	None
"""<nooutput>这种类型的指令无法由GPT模型完成。"""	None
“五度圆圈是一个音乐图表，它将所有不同的调号及其相互关系映射到一个圆圈中，以C调为中心。它基于一个事实，即顺时针方向每个连续的调比前一个高五度。这使得音乐家能够快速地计算出不同调号之间的关系，这对于作曲和编排音乐非常有帮助。”	None
人类大脑通过神经元网络和突触连接来存储信息。当经历被记忆或回忆时，这些突触会增加神经元之间的连接，这就是记忆编码和存储的方式。此外，海马体作为大脑的门户，有助于干预记忆的形成和回忆。	None
自动化正在日益普及到生活的各个方面，从工厂和制造厂到医疗保健、交通运输和家庭生活。它是一种技术，使机器能够执行原本需要人力的任务，从而实现更高的效率和准确性、更快的生产和成本降低。自动化还在人工智能、机器人技术和数据分析等领域提供了新的机会，这些领域可以帮助我们在全球生产力和创新方面达到新的高度。 	None
"""def toUpperCase(str):
    return str.upper()"" 的中文翻译是：定义一个函数 toUpperCase，它将字符串转换为大写并返回。"	None
可再生能源在我们的世界中变得越来越重要，因为我们努力减少对化石燃料的依赖并转向更可持续的能源来源。风能、太阳能和水力发电等可再生能源提供清洁可靠的能源，可用于为我们的家庭、企业和车辆提供动力。与其他能源来源相比，可再生能源也更具成本效益和效率。此外，可再生能源产生的污染和温室气体排放很少，有助于减少气候变化。可再生能源还有助于减少我们对外国石油进口的依赖，从而使我们的国家更加安全。可再生能源是建立我们星球更可持续未来的重要组成部分。	None
“人生就像在一艘帆船上的航行，途中有起有伏，有平静的水域也有暴风雨，沿途还有很多地方可以探索。”	None
"“科技在我们日常生活中的优缺点话题。

科技已经成为我们生活中不可或缺的一部分，从使用计算机和智能手机到使用各种类型的软件进行通信和娱乐。然而，科技对我们生活的影响既有积极的方面，也有消极的方面。这篇文章可以讨论科技的利弊，并探讨其使用如何既能改善又能削弱我们的生活。它还可以探讨我们越来越依赖科技的伦理影响以及它对我们的关系、工作安全等方面的潜在影响。”"	None
他们的	None
八	None
木星	None
八	None
欢乐的	None
家庭	None
声明。	None
木琴	None
好的	None
百科全书	None
通过推出限量免费版本的应用程序，并向忠实于该应用程序的用户提供特别折扣，来制造话题。利用影响力营销，与博客作者和其他社交媒体明星合作，创建关于该应用程序的博客文章和视频，以增加其知名度。	None
在相关的社交媒体平台上分享博客文章。在Google Ads、Twitter和Facebook等平台上创建广告，以便触达更广泛的受众。	None
从零开始创建一个网站需要经过多个步骤。首先，需要设计和规划网站。这包括确定网站的目的、目标受众、设计风格和结构。接下来，需要构建网站。这包括编写代码、选择合适的托管平台以及创建图形和设计元素。最后，需要测试和发布网站。这包括验证所有链接、在不同平台上测试网站以及将网站推广给目标受众。	None
“时尚品牌的战略计划应包括在主要社交媒体平台（例如Facebook、Instagram、Twitter）上建立在线存在，并创建有吸引力的内容，其中可能包括时尚趋势和技巧的新闻、时尚设计师的采访以及时尚产品的视觉效果。通过利用社交媒体的优势，时尚品牌可以增加其可见性并扩大客户群。此外，时尚品牌应考虑利用搜索引擎优化工具和监测网站性能的工具，以确保更好的搜索引擎排名。”	None
一个有效的电视节目营销策略是提前发布一个预告片，以在电视和其他数字平台上首播。预告片应该短小、动态、引人入胜，以激发观众的好奇心和兴趣。它还应该包含一个引人入胜的标语或“钩子”，概括节目的主题。此外，创建一个与电视节目相关的标签，并邀请观众在社交媒体上加入讨论，将有助于增加节目的参与度和曝光率。此外，创建影响者活动，在社交媒体上运行赞助促销和比赛，并创建与节目相关的原创数字内容，也将有助于增加参与度并创建更大的粉丝基础。	None
“企业应该投资于SEO，因为它对于驱动网站的有机流量和提高在搜索引擎结果中的可见性至关重要。SEO有助于确保网站出现在相关的搜索查询中，因此可以帮助企业触达更广泛的受众。投资于SEO还可以增加网站的参与度，并且可以帮助建立与潜在客户的信任，因为它显示了对质量的承诺。最后，SEO可以带来显著的投资回报，包括增加的流量和潜在客户，以及增加的销售额。”	None
"""Coffee Co.""的网站应该以用户体验为重点设计。它应该有清晰的导航和一致的设计。内容应该易于访问，并提供个性化的体验。网站应该有有趣的功能，如测验、投票和论坛，以帮助产生对话并增加客户参与度。此外，网站应该有一个方便客户联系公司并提供反馈的简单方式。"	None
我会使用Twitter来推广一款桌游，通过制作有趣的视频、照片和推文来吸引用户。我还会包含相关的标签，以便让信息传达到更广泛的受众。我还会包含指向网站或产品页面的链接，并鼓励用户分享内容。此外，我还会使用影响力营销，联系桌游行业中知名的影响者，让他们在社交媒体上推广该产品。	None
新移动应用的营销计划应包括在相关社交媒体和数字平台上建立在线存在。通过推出网站、创建预告活动和定向内容来推广应用。利用YouTube和其他流行的流媒体服务进行影响者营销，以传播消息。联系移动应用评论网站、行业相关网站以及博客发布渠道。举办测试版以产生更多的关注，并考虑在应用中添加彩蛋以鼓励用户参与。利用A/B测试来优化用户界面，并不断监测用户反馈以确保客户满意度。	None
"一个有效的牙医营销活动应该关注客户满意度、价格实惠和便利性。突出这些方面将有助于该诊所脱颖而出。

它还应该关注突出牙医和员工的经验，诊所对患者护理的重视程度以及任何特殊的设施。广告应强调患者将获得个性化的护理，并试图营造出信任和舒适的氛围。

该活动还应强调可用的特别优惠和折扣，包括免费检查、服务折扣和当天预约。此外，该活动应该面向所有年龄段，针对当地人口，并利用电子邮件和社交媒体等数字通信渠道来扩大受众。"	None
“这些句子的语气很生气，指责性很强。”	None
句子中的连词是“和”。	None
“humonguous”这个词不正确，应该用“huge”来替换。	None
句子的直接宾语是“书”。	None
“最长的单词是‘wonderful’。”	None
两个文本的区别在于A文本使用了“穿着”这个短语，而B文本使用了“穿上”这个短语。	None
“这个和弦是D小调的和弦。”	None
“这个句子的用法错误在于短语应该是‘走在野生的一面’，而不是‘狡猾的一面’。”	None
“这个句子有语法错误，因为‘these’后面应该跟着一个单数名词或代词。正确的句子应该是：这种问题很难解决。”	None
"“a milkshake”的语法是：
冠词（a）+名词（milkshake）
-> A milkshake."	None
“这篇文章的主要观点是，机器人技术正在被应用于许多不同的行业和应用领域，并且是当今经济中快速增长的一个领域。”	None
本文讨论了移动电话及其对全球经济不同方面的前所未有的影响。在分析了多个国家的数据后，文章发现移动电话已经促进了经济增长，改善了对金融服务的获取，并为创新创造了平台。移动电话还有助于减少贫困和腐败，并为新的商业模式打开了大门。	None
现代世界中，计算机科学家的角色是创建、维护和改进支撑我们生活的技术。计算机科学家处于开发新软件、硬件和网络的前沿，以使我们的生活更加轻松和高效。他们创建创新的算法和架构来解决复杂的任务和问题，优化现有系统，开发新的系统和技术。计算机科学家与生命科学、工程和经济等不同领域的其他专业人员合作，寻找解决最具挑战性的问题的方法。他们还开发信息和通信系统，以补充和改进现有系统。通过运用他们的创造力、技术技能和知识，计算机科学家正在对世界产生巨大影响，使我们的生活更加安全和便利。	None
自动化正在日益普及到生活的各个方面，从工厂和制造厂到医疗保健、交通运输和家庭生活。它是一种技术，使机器能够执行原本需要人力的任务，从而实现更高的效率和准确性、更快的生产和成本降低。自动化还在人工智能、机器人技术和数据分析等领域提供了新的机会，这些领域可以帮助我们在全球生产力和创新方面达到新的高度。 	None
“这个说法基本准确。就像电力在19世纪和20世纪革命性地改变了工业一样，人工智能有潜力在21世纪改变企业运营的方式。人工智能可以自动化流程，使企业能够优化运营，从而达到更高的效率和生产力水平。”	None
互联网带来的五个社会优势包括：改善了获取信息的途径、促进了更好的沟通、增加了全球合作的机会、提供了更多的工作机会和提高了数字素养。此外，互联网还提供了更多的医疗信息、改善了教育、提高了在线购物的效率。它还使得网络化更加高效、商业运营更加高效、工作场所的协作更加高效。最后，互联网使得文化的传播变得更加容易，让人们可以跨越地理障碍连接和分享想法。	None
“技术已经彻底改变了我们工作的方式，使我们更加高效和有效。例如，互联网使得研究、沟通和协作比以往任何时候都更加容易。自动化技术使得流程优化和工作质量提高，从而提高了客户服务质量。云计算彻底改变了数据存储和访问方式，使企业可以从任何地方访问其数据。最后，人工智能和机器学习使企业能够比以往更快地进行数据驱动的决策和预测。”	None
本文探讨了机器学习在医疗保健行业中的应用。机器学习可以用于自动化各种医疗保健任务，例如分析医学图像和预测患者结果。它还可以帮助改善医疗决策和提供个性化的健康干预措施。本文讨论了在医疗保健中使用机器学习的潜在益处和挑战，并提出了进一步研究的建议。	None
“你对人工智能在我们日常生活中越来越广泛使用有什么想法？从可以帮助我们做出更好决策的学习算法到可以回答我们问题的虚拟助手，人工智能变得越来越普遍。这对未来可能会有什么影响？我们可能会经历哪些潜在的好处和缺点？”	None
"- 人工智能（AI）是行业中的下一个大事。
- AI技术包括机器学习、自然语言处理和计算机视觉。
- AI可以自动化复杂任务并做出更好的决策。
- AI可以提高客户体验和运营效率。
- 公司投资于AI技术以保持竞争力非常重要。
- AI可以应用于许多不同的行业，如医疗保健、电子商务、银行、制造业等。
- 开发道德的AI以防止潜在的风险和意外后果非常重要。"	None
《寻找自我的道路》	None
"""马克·吐温最近写的五本书是：1.《来自地球的信》（1909年）2.《人是什么？及其他哲学著作》（1917年）3.《神秘的陌生人和其他故事》（1916年）4.《马克·吐温的自传》（1924年）5.《马克·吐温的笔记和日记》（第一卷，1935年）"""	None
格蕾塔·桑伯格激励着全球青年领导的运动，以应对气候变化，带领世界各地的学生发出自己的声音并采取行动。#气候罢工 #格蕾塔·桑伯格	None
《技术对音乐产业的影响：全面概述》	None
《好奇熊在深林的冒险》	None
"《指环王》J.R.R.托尔金
《哈利·波特》系列J.K.罗琳
《纳尼亚传奇》C.S.刘易斯
《霍比特人》J.R.R.托尔金
《冰与火之歌》乔治·R·R·马丁
《黑暗元素三部曲》菲利普·普尔曼
《龙骑士》克里斯托弗·保罗尼
《王杀手纪》帕特里克·罗斯福斯"	None
《真爱至上》。	None
“电影《泰坦尼克号》中的5个角色是杰克·道森、罗丝·德维特·布卡特、卡尔登·霍克利、露丝·德维特·布卡特和法布里齐奥·德·罗西。”	None
《正念冥想的力量：释放儿童的潜能和快乐》。	None
"""卧底警察对抗犯罪头目：一场高风险的猫鼠游戏的惊险故事。"""	None
"""喷嚏，冲突，祖先，雷鸣，伴侣，护身符，锻造，蛇，放大，小丑，瀑布，宇宙，涌动，恶心，绿洲，异常，追求，狂喜，宝塔，马赛克。"""	None
"""那只敏捷的棕色狐狸迅速跳跃。"""	None
"""那只巷猫被狗吠了。"""	None
"""魔法城堡的国王施展了一道咒语，使得所有人都陷入了迷幻状态。"""	None
"""球员扔了球。"""	None
"""这个学生写了论文。"""	None
"""当他听到这个消息时，他松了一口气。"""	None
"""她走在街上，手心出汗，欣赏着她的新环境。"""	None
"""猫在围栏上大声喵喵叫。"""	None
"""约翰：你知道现在有哪些公司在招聘吗？"""	None
"""她很焦虑。"""	None
"""你想我了。"""	None
"""他/她去了商店。"""	None
"""今天是一个美好的一天。"""	None
"""这些猫在喝水。"""	None
"""你来晚了派对。"""	None
"""我不得不快速去商店。"""	None
"""我感冒得很厉害，感觉很糟糕。"""	None
"""我只是去商店。"""	None
"""我很高兴见到你。"""	None
“在线教育越来越受欢迎。它有许多优点，如较低的成本、较少的承诺以及能够按照自己的时间和节奏学习。”	None
“新冠病毒对经济产生了重大影响，导致旅游、旅行、酒店、零售等行业出现了深刻的活动减少，导致失业率激增、股市疲软和消费支出减少。企业关闭现象猖獗，一些公司甚至被迫永久关闭。因此，政府采取了财政和货币政策来帮助遏制经济下滑。”	None
"最近有关美国失业率不断上升的数据显示，自新冠疫情爆发以来，失业率已从3.5%上升至14.7%。这是自大萧条以来失业率最高的时期。美国劳工统计局还报告称，自2020年4月以来，已有4300万美国人申请失业救济。

美国联邦储备委员会在2020年6月报告称，年收入低于4万美元的40%家庭因COVID-19失去了工作或收入减少，而年收入超过10万美元的23%家庭也经历了失业或收入减少。 "	None
“国家在减少温室气体排放方面取得的进展很小，因为环境保护署报告称，自去年以来排放量增加了5%。”	None
“疫情导致人们呆在家中以避免潜在的病毒感染，从而导致在线购物增加。随着越来越多的人在线购物，对在线购买的需求也增加了，企业通过提供更多的在线选项来应对。因此，在线活动显著增加。”	None
"“影响2008年选举的成本可能超过30亿美元，分析显示。
仅今年到目前为止，有关医疗保健的电视广告总额已达6000万美元。
团体正在从立法倡导模式转向政治模式，并针对候选人进行激烈的广告宣传。
候选人需要创造出与众多广告脱颖而出的广告，否则他们就有被淹没在噪音中的风险。”"	None
“医疗保健成本在减薪和裁员的情况下飙升。”	None
“这个解决方案并不可行，因为虽然它可能会在短期内减少债务，但也会限制经济中的资金量，从而可能导致经济衰退。此外，减税可以刺激经济增长，因此取消减税可能会对企业产生不利影响。”	None
"1. 这个网站加载速度慢。
2. 这个网站的用户界面和设计较弱。
3. 这个网站缺乏SEO优化。"	None
“美国警察暴力引发的抗议活动之所以蔓延到其他国家，是因为全球对这个问题的认识日益增长。社交媒体使信息传播变得更加容易，许多人将警察暴力问题与自己国家和社区中的其他类似问题联系起来。这导致了一种集体的不公感，引发了其他国家的抗议活动。”	None
“齿轮抱死力矩是指当旋转设备受到与其相连的齿轮齿牙的阻力时所产生的扭矩。齿轮抱死力矩是由于齿轮齿齿啮合时产生的反作用力所致。这种力会相互推挤，导致从齿轮传递到轴上的阻力。齿轮抱死力矩的大小取决于齿轮的大小、齿数、材料和设计。在大多数电动应用中，齿轮抱死力矩是不可取的，因为它会导致效率损失。为了减少齿轮抱死力矩，齿轮设计通常是对称的或具有特定的齿形，这样可以减少齿轮齿齿接触时的接触力。”	None
“水的沸点在标准大气压下为100°C（212°F）。当在更高的压力下加热时，水的沸点会增加。例如，在1个大气压下，水的沸点为115°C（239°F）。在更高的压力下，例如在海底，水的沸点可以高达374°C（705°F）。”	None
“冒泡排序算法是一种用于对数组中的元素进行排序的算法。它通过查看数组的每个元素并将其与下一个元素进行比较来工作。如果第一个元素大于第二个元素，则它们会被交换。这个过程重复进行，直到整个数组排序完成。这种排序是最简单的排序算法之一，但如果数组有许多元素，它可能会很慢。”	None
爱因斯坦的相对论是一种关于引力的理论，它指出物理定律在所有匀速运动的参考系中都是相同的，无论运动的速度或方向如何。这意味着空间和时间是相互关联的，形成了一个四维连续体，即“时空”。此外，这还包括时间膨胀的概念，即时间的流逝会根据观察者的速度而加速或减缓。	None
在热力学中，熵是系统随机性和产生有用功的能力的度量。它与热力学第二定律密切相关，该定律规定系统的熵除非添加能量，否则永远不会随时间减少。熵对于理解热传递和化学过程在自然界中的发生是必不可少的。	None
“五度圆圈是一个音乐图表，它将所有不同的调号及其相互关系映射到一个圆圈中，以C调为中心。它基于一个事实，即顺时针方向每个连续的调比前一个高五度。这使得音乐家能够快速地计算出不同调号之间的关系，这对于作曲和编排音乐非常有帮助。”	None
"""渗透作用是指溶剂（如水）分子通过半透膜从高浓度区域移动到低浓度区域的过程。水分子的运动是由膜两侧溶质浓度水平的差异驱动的。当膜的一侧溶质浓度大于另一侧时，溶剂分子将从浓度较低的一侧向浓度较高的一侧移动，直到达到平衡。"""	None
“变量是可以改变的数据值，而常量是不变的值。变量可以是数字、字符串、布尔值、数组或对象，而常量必须始终保持不变。变量通常用于编程中保存可以更改的值，而常量用于定义始终保持不变的值，例如数学方程或程序中的限制。”	None
"""抛体运动是一种物体以一定角度抛出后，在重力的作用下沿着弧形路径运动的运动类型。它是一种特殊的二维运动，物体由于重力的作用而经历恒定的加速度。抛体的路径呈抛物线形状，物体形成轨迹的最高点称为顶点。抛物线路径被称为轨迹，物体达到的最大高度称为最大高度。随着物体下落，它的速度减小，最终落在地面上。"""	None
薛定谔波动方程是量子力学中描述量子系统随时间变化的方程。它基于波动方程，描述了具有波动性质的亚原子粒子（包括电子、质子等）的行为。波动方程的解表示波函数，可以用于确定粒子位置和动量的概率，以及其能量。该方程还将粒子的属性与其在空间和时间中的位置联系起来。	None
"1. 饮食要均衡，确保摄入足够的水果和蔬菜。
2. 经常锻炼，保持身体活跃和强壮。
3. 要保证充足的睡眠，并保持一个稳定的睡眠时间表。"	None
“冥想的一个好处是降低压力水平。通过定期练习，冥想有助于训练大脑集中注意力，从而提高注意力和意识。这有助于缓解压力、焦虑和抑郁感，同时改善睡眠质量。”	None
运动可以带来多种好处。它可以帮助改善心理健康，如减轻压力和焦虑，改善情绪和睡眠质量。它还可以帮助身体健康，如帮助减肥、增肌和提高能量水平。研究发现，运动还可以改善心脏健康，预防某些疾病，甚至可以降低某些癌症的风险。 	None
"""让运动成为你日常生活的一部分的方法之一是为自己设定可实现的目标。从简单的目标开始，确保你能够真正实现它们。将目标分解成可管理的部分，并找到一种衡量进度的方法。这将帮助你感到成就感和成功。像任何其他重要活动一样安排活动的时间，并尽量每天保持相同的时间。尝试不同的运动和活动也可能有助于保持趣味性。最后，在每次成功的锻炼后奖励自己，并记住需要时休息一下也是可以的。"""	None
保持水分摄入是保持健康和使身体正常运作的重要部分。适当的水分摄入有助于保持身体凉爽，促进消化和营养吸收，帮助排除废物，甚至有助于润滑关节。此外，不足的水分摄入会影响认知能力，导致头痛、疲劳和注意力难以集中。因此，保持水分摄入是您可以采取的最重要的步骤之一，以使身体保持最佳状态。	None
一个有效的时间管理策略应该包括设定清晰和现实的目标，提前计划，将任务分解成较小的部分，保持组织，优先处理任务，并专注于手头的任务。此外，重要的是要进行自我关爱，并安排时间放松。定期休息可以帮助减轻压力感，保持动力，并确保生产力。	None
每晚获得良好的睡眠对于您的健康、幸福和生产力至关重要。为了保证每晚良好的睡眠，重要的是要有一个一致的睡眠时间表，并制定一个可以帮助您创造舒适睡眠环境的常规。此外，避免在晚上晚些时候摄入咖啡因，限制在睡前接触屏幕和强光的时间。还有，练习放松技巧，如瑜伽或冥想，消除可能会妨碍您获得宁静夜晚睡眠的任何干扰因素，这也是有益的。	None
"冥想可以带来许多好处，包括：

1. 改善心理健康和情绪稳定：定期冥想可以对情绪产生积极影响，降低压力水平，增加自我意识。

2. 提高注意力和生产力：冥想有助于提高注意力和集中力，可以帮助你保持任务并最大化生产力。

3. 改善身体健康：冥想有助于减少身体炎症和血压，同时还有助于缓解失眠和慢性疼痛症状。此外，冥想可以帮助培养更健康的生活方式，降低某些疾病的风险。 "	None
"1. 多吃蛋白质：富含蛋白质的食物可以帮助改善新陈代谢，因为它们需要比碳水化合物和脂肪更多的能量来消化。
2. 充足的睡眠：每晚睡7-9小时高质量的睡眠可以帮助改善新陈代谢。
3. 喝咖啡或茶：含咖啡因的饮料可以提高新陈代谢，因为它们含有刺激神经系统的咖啡因。
4. 尝试高强度间歇训练（HIIT）：高强度间歇训练是一种有效的燃烧卡路里和增加新陈代谢的方法。
5. 多吃水果和蔬菜：多吃水果和蔬菜可以加速新陈代谢，因为它们富含抗氧化剂。
6. 在餐中加入香料：辛辣食物如辣椒、姜、姜黄和大蒜可以提高代谢率，帮助燃烧脂肪。"	None
"1. 改善心理健康和幸福感
2. 增强肌肉和骨骼
3. 帮助保持健康的体重
4. 预防慢性疾病
5. 提高能量水平
6. 支持免疫系统
7. 改善睡眠质量。"	None
"步骤1：声明一个数组A。
步骤2：将min初始化为A[0]。
步骤3：从索引1开始循环遍历数组A。
步骤4：将元素A[i]与min进行比较。
步骤5：如果A[i]小于min，则将min设置为A[i]。
步骤6：返回min。 "	None
"算法：
1. 开始
2. 声明变量长度、宽度、周长
3. 读取长度、宽度
4. 计算周长为长度+宽度+长度+宽度
5. 输出周长
6. 结束"	None
"给定列表的排序算法可以使用以下步骤：
1. 比较前两个元素，如果第一个元素大于第二个元素，则交换它们。
2. 继续对下两个元素执行相同的操作，直到到达列表的末尾。
3. 重复步骤1和2，直到列表按顺序排序。
排序后的列表将是：[1，2，4，5，6]。"	None
在Microsoft Excel中创建数据透视表，需要选择“插入”选项卡，点击“数据透视表”按钮，选择数据范围，并选择数据透视表的放置位置。然后，通过将字段添加到数据透视表的行、列和值区域来选择要分析的数据。最后，使用数据透视表中的“筛选器”来精细调整结果。	None
输入1：温度（摄氏度），输入2：湿度水平，输出：空气质量。	None
"一种简单的解决方案是遍历二叉树，找到从根节点到两个节点的路径。然后比较这些路径，找到最后一个共同祖先节点。该算法可以递归地定义如下：

FindFirstCommonAncestor(nodeA, nodeB):
- 找到从根节点到nodeA的路径，并将其存储在一个向量或数组中。
- 找到从根节点到nodeB的路径，并将其存储在另一个向量或数组中。
- 反向遍历这两条路径，并找到第一个不同的节点。该节点之前的节点是第一个共同祖先。"	None
定义一个函数isAnagram(string1, string2)，用于判断两个字符串是否为字谜（即由相同的字母组成但顺序不同的单词）。首先判断两个字符串长度是否相等，若不相等则返回False。然后使用一个长度为26的列表count来记录string1中每个字符出现的频率，遍历string1并将每个字符的频率加1。接着遍历string2并将每个字符的频率减1。如果任何一个字符的频率变成了负数，则说明两个字符串不是字谜，返回False。最后遍历count列表，如果所有字符的频率都为0，则说明两个字符串是字谜，返回True。	None
代码片段的主要缺陷是函数add_numbers需要两个参数，但在调用函数时只提供了一个参数。这将导致运行时错误。	None
"如果x大于y，则执行以下操作：
如果x等于y，则将y赋值为0；
否则，将x赋值为0。"	None
"'=Convert(Celsius, ""C"", ""F"")

这个宏可以将摄氏度转换为相应的华氏温度。要使用这个公式，将“=Convert(Celsius, ""C"", ""F"")”输入到一个单元格中，但是将“Celsius”替换为您想要转换的摄氏度温度值。例如，如果您想将18℃转换为华氏度，您应该在一个单元格中输入“=Convert(18, ""C"", ""F"")”。这个宏的结果将是“64.4°F”。"	None
"""数据隐私问题的一个道德解决方案是实施选择性数据收集政策。这意味着公司不能在未经数据所有者明确许可的情况下收集和使用个人数据。这种方法赋予用户决定公司可以使用哪些数据以及用途的权力。公司还应该透明地说明他们如何使用收集的数据，以便用户可以做出知情决策并掌控自己的数据。"""	None
"""在社区中减少贫困的两种不同方式是开展经济发展计划，创造就业和商业机会，以及增加医疗保健和教育的获取，为人们提供他们成功所需的工具。"""	None
"""一名咖啡师的典型工作日通常包括问候客人、接受订单、制作咖啡饮料、清洁和补充货物、操作收银机并确保区域保持干净整洁。他们还可能负责制作新饮料和进行品尝测试。此外，咖啡师可能还负责食品订单、设置餐饮功能和提供一般客户服务。"""	None
"""设计会议室的创意想法包括加入灵活的组件，例如可移动的墙壁和家具，以使区域可根据不同目的进行调整。使用颜色来创造视觉吸引力并微妙地区分区域也会有所帮助。加入植物或艺术装置等自然元素可以创造一个更具吸引力和启发性的空间，而提供充足的通风和自然光线可以帮助集中注意力，改善会议室体验。"""	None
"""可以用来衡量新营销活动表现的指标是生成的潜在客户数量，这是衡量采取行动的人数（例如加入电子邮件列表或注册产品试用）的指标。这个指标将有助于量化营销活动在期望结果方面的成功。"""	None
"""拥有健康的生活方式有以下好处：改善身体和心理健康、增加能量和警觉性、改善消化、降低慢性疾病的风险、改善认知功能、提高自尊心、更加充足的睡眠以及更好的生活质量。"""	None
"""保持良好的心理健康对整体健康至关重要，包括充足的睡眠、锻炼、健康饮食、保持健康的生活方式、练习放松技巧以及限制酒精和药物的使用。"""	None
"""人类和猫都是温血哺乳动物，但它们在外貌和行为上的差异是巨大的。猫有锋利的爪子和长而灵活的身体，适合攀爬、扑击和伏击猎物。而人类相对缓慢，需要使用工具来帮助自己成功。人类使用语言来表达他们的需求和欲望，而猫则依靠身体姿势、面部表情和喵声。此外，猫需要定期梳理，而人类需要较少的维护。"""	None
"""一个簿记员需要做三件主要的事情：记录财务交易，调节和分析账户，以及准备财务报告，如资产负债表和利润表。"""	None
"""减少一次性塑料浪费的三种方法是：尽可能拒绝使用一次性塑料制品，转而使用可重复使用的袋子和容器，必要时回收和正确处理塑料。"""	None
"""互联网让我们能够全球连接，尽管有些人不熟悉它的功能，不理解它的广泛使用，也不知道它的全部潜力。"""	None
"""互联网通过让我们能够轻松快捷地在全球范围内进行交流和商业活动，彻底改变了我们的生活。它使得思想和经验能够快速地在全球范围内传播。"""	None
"""1989年至2019年间，美国经济规模增长了一倍以上，主要是由于信息技术行业的崛起、工人生产率和消费者需求的提高以及政府的投资。这种增长速度比前两个十年要快。"""	None
"""美式足球、篮球和棒球是美国最受欢迎的三项运动。美式足球强调身体对抗和战术，重点在于阻挡、扑抱和推进球场。另一方面，篮球更加依赖运动能力和敏捷性，需要快速反应和准确的投篮和控球技巧。最后，棒球非常注重技巧，击球、投球和接球是比赛的主要焦点。总的来说，这三项运动都需要团队合作、专注和技巧。"""	None
"""虽然激光脱毛可能看起来是摆脱不想要的体毛的快速简便方法，但它可能会导致皮肤损伤，因此应始终谨慎使用。"""	None
"""过去十年中技术对通信的影响""。"	None
"""通过基因操作，人类有可能实现自我传送。"""	None
"""我非常兴奋有机会为这家公司工作，因为它具有创新的商业实践、致力于环境可持续性和强烈的诚信价值观。我相信这家公司与我分享创造积极和有意义的世界影响的愿景。"""	None
"""创业就像种花园一样 - 你需要仔细规划，准备土壤，选择合适的植物，提供植物生长和茁壮所需的必要灌溉和阳光，并清除可能干扰生长的任何杂草。"""	None
"""人工智能就像厨房里的厨师：它从环境中获取输入，将其与自己的知识结合起来，然后采取行动创造出新的独特事物，改变环境。"""	None
"""这家餐厅提供美食，但价格略高。"""	None
"""租房是一个明智的决定。"""	None
"""这个矩形的面积是50平方厘米。"""	None
"""科学家们进行了一次彻底的实验。"""	None
"""在选择家具时，请考虑现有的家具和所需的风格。"""	None
"""她正在解决这个问题。"""	None
"""鉴于我作为医生的训练，这种药物很可能对大多数健康问题产生有益的效果。"""	None
"""我每天都做一些新的事情。"""	None
"""尽管他学习了几个小时，但他还没有完成任务。"""	None
"""他没有去参加派对，而是待在家里。"""	None
社交媒体上最常分享的内容类型是图片。	None
政府在最近的预算公告中宣布了一项就业津贴，以帮助小企业的雇员。	None
该队的胜率为41.67%（50胜/（50胜+70负））。	None
伯明翰一所学校的校长因考试评分不规范而被停职。检查人员发现了成绩被夸大和流程失误，这些责任在于校长，包括未能确保评分过程和保护学校免受声誉损害。学校现在正在调查此事，以保护考试过程的完整性。	None
2021年春季时尚趋势包括明亮的颜色、扎染和其他印花、波点、淡色调、波西米亚风格、喇叭裤和长裤、实用主义外观、土色调、可持续面料和短款上衣。	None
“这个小部件的价格应该是19.99美元。这是一个实惠且有竞争力的价格点，同时也给公司带来了良好的利润空间。”	None
休斯顿火箭队是哪支美国职业篮球队？	None
这款限量版手工制作的木质玩具卡车售价为150美元。	None
根据这篇文章的结论，全球经济预计将在2021年下半年开始改善。	None
2.30欧元相当于2.76美元。	None
"""承认错误，表达歉意，做出补偿。"""	None
"""是的，这个句子在语法上是正确的。"""	None
"""约翰和玛丽是兄妹。"""	None
"""他邀请她一起吃午餐。"""	None
"""水下生物非常迷人。"""	None
"""有人卖了一百五十本书。"""	None
"""这个动物是狐狸。"""	None
"""我以为我可以自己解决，但我错了..."""	None
"""动物：不，这是一种蔬菜。"""	None
"""选择前10个订单，按价值降序排列。"""	None
"""夜空中的星星闪烁着钻石般的光芒。"""	None
"""有了意志力，一切皆有可能。"" - 未知"	None
"""昨天，所有的烦恼都似乎离我很远
现在看来它们似乎要一直存在
哦，我相信昨天
突然间，我不再是过去的一半人
有一个阴影笼罩着我
哦，昨天突然来临"""	None
"""一个好的领导者应该是有动力、自信、有说服力、鼓舞人心、有组织、可靠的。"""	None
"""宁愿安全也不要后悔。"""	None
"""微笑就像阳光一样，照亮整个房间，给所有人带来快乐。"""	None
"""努力工作，保持雄心壮志，实现美国梦。"""	None
"""阳光照耀在晴朗的蓝天上，像一枚金色的硬币一样明亮。"""	None
"""故事的寓意是真正的友谊是无价的，应该高度珍视。"""	None
"""中国的长城是一项宏伟的建筑和人类工程壮举。"""	None
半径为4的圆的面积等于12.5664平方单位。这是通过使用公式A = πr2计算得出的，其中A表示面积，π约等于3.1416，r表示圆的半径。	None
“x的值为2。为了找到这个值，需要通过从两边减去2y来简化方程，得到4x = 10；将两边都除以4，得到x = 2/4，即等于2。”	None
101101的十进制等价值是45。	None
三角形的面积为15平方厘米。	None
十六进制中的278是112。	None
“底边长度为5厘米，高为3厘米的直角三角形的面积为7.5平方厘米。”	None
“是的，这个短语是一个良好形成的公式。它是一个陈述，即存在一个x使得P(x)成立。”	None
“这个三角形的面积是36平方单位。”	None
表面积 = (b·h)/2，其中b为三角形的底边，h为高。	None
三角形面积的计算公式是A = 1/2 * 底边长 * 高。	None
“罗密欧是一个有着热情的悲剧英雄。他勇敢而冲动，常常在没有充分考虑的情况下做出决定。他深情浪漫，对他的家人和心爱的朱丽叶有着令人心碎的忠诚。”	None
“从前，有一个名叫霍莉的年轻女孩，她想要探索宇宙。她的使命是寻找一个新的行星来居住，当她发现了一个名叫Situs的外星行星时，她充满了兴奋和敬畏之情。随着她越来越接近这个外星行星，它似乎变得活了起来。当她探索这个陌生的地形时，霍莉遇到了奇怪的生物和奇特的植物，这些都是她从未见过的。她很快就对未知的事物感到敬畏，并开始欣赏这个外星行星上的美丽。”	None
“人群的能量在球场上弥漫着。当运动员进入竞技场时，每个人都站了起来，欢呼雀跃。空气中弥漫着期待的气息。比赛是两个对手之间的激烈比拼，进入了加时赛。最终，一支队伍的运动员获得了胜利，球场上爆发出欢呼声。仪式结束后，球迷们聚集在一起，庆祝他们最喜欢的队伍的胜利。这真是一场非常出色的体育赛事。”	None
“从前，有一个叫萨拉的女孩，她梦想着去月球。她学习天文学，每天晚上都仰望夜空，想着如何实现她的梦想。有一天，机会来了，萨拉得以乘坐宇宙飞船前往月球。当她到达那里时，她被她看到的明亮星星和陨石坑惊呆了，这是她永远不会忘记的景象。她决定带一块月球回来，作为她不可思议的旅程的纪念。”	None
“在一个小而偏僻的村庄里，住着一家人。这个家族世世代代生活在乡村，对他们的边界之外的世界一无所知。但有一天，一位旅行者带着几本书和一些小工具到来了。他向他们介绍了远比他们见过的任何东西都要先进的技术。他打开了他们的眼界，让他们了解了书籍中的知识和思想层面，这让他们开始质疑自己的世界。正是这位访客向他们介绍了外部世界，并向他们展示了进步的力量。”	None
“经过数月的探索陌生的土地，看到奇妙的景象，遇见不同寻常的人，王子终于回到了家。他因这些经历而受益，虽然他没有找到他所寻找的东西，但他找到了更有价值的东西：对世界之美和友谊的更深刻欣赏。”	None
“威尔金斯医生已经做了很多年的医生。他见过许多患者来来去去，但他对一个特别的患者有着特殊的感情。这位患者来找他寻求帮助解决一个困扰他的医疗问题。医生能够提供帮助，多年来，两人建立了密切的联系。随着患者康复，他们的关系从医生和患者发展成为更多的东西。他们开始在患者的约会后见面，一起喝咖啡或在公园里散步。患者感激医生的帮助，无论是身体上还是情感上，而医生则被他的患者的努力和决心所感动。最终，他们的友谊发展成为了更伟大的东西，最后，医生和他的患者相爱了。”	None
“约翰博士是一位在实验室里工作的科学家，周围是充满神秘液体的烧杯和试管。他一直在研究一项新项目，希望创造一种革命性的新药，可以治愈各种疾病。他花了数月时间测试不同的成分组合，最终找到了完美的配方。当药剂在试管中冒泡时，他的兴奋感觉可以触摸到。他几乎没有睡过那个晚上，迫不及待地期待着实验结果。第二天，果然，他的混合物成功地创造出了他一直在努力追求的药物！他终于取得了一个真正了不起的成就。”	None
“两位老朋友凯瑟琳和莎拉坐在公园里，经过数月的分离后，彼此交流彼此的生活。她们谈论工作、家庭以及过去一年的起起伏伏。她们笑了，哭了，回忆起她们一起度过的美好时光。她们计划很快再次见面，并在太阳开始落山时拥抱告别。这是一次让两人难以忘怀的会面。”	None
“艾丽丝捶着方向盘，望着窗外排成长龙的车辆，心中充满了愤怒和挫败感。她迫切希望能够在感恩节前赶到父母家，但似乎每个司机都选择了和她一样的路线。随着时间的流逝，愤怒和挫败感越来越强烈，每一分钟都像是一小时。她唯一的希望是，不知怎么的，她仍然能够准时到达。”	None
“似乎接下来的段落中会发生一些非同寻常且前所未有的事情。”	None
“诗歌”	None
“销售报告不准确。”	None
“所有的成功都建立在努力和奉献的基础上。”	None
“写作、绘画、涂鸦、折纸、剪纸、折纸飞机、拼贴、制作立体卡片、撕碎、覆膜。”	None
“当巨人遇见男孩，友谊将征服恐惧。”	None
“腐败破坏公众信任，削弱一个国家的资源、工具和市场。”	None
“疯狂的麦克斯：狂暴之路”。	None
法官说：“有罪。”	None
“这五个人的平均年龄是30岁。”	None
我对自动驾驶汽车的想法是开发一个人工智能系统，利用机器学习帮助汽车识别其环境。该人工智能系统还能够从错误中学习，提高准确性。此外，自动驾驶汽车将能够检测潜在的危险并警告驾驶员，或在必要时采取纠正措施。车上还将配备一个紧急按钮，以防驾驶员需要手动控制车辆。此外，汽车将能够自动停车，并在电池电量低时自动驾驶到附近的充电站。最后，该软件将能够连接智能手机，使用户即使在行驶中也能访问其导航系统和娱乐选项。	None
我们用于自动生成机器学习模型数据的系统利用了各种技术来创建数据点，包括网络爬取和自然语言处理。这些数据点随后被存储在数据库中，并用作我们机器学习模型的输入。这个系统使我们能够生成比手动完成更大的数据集，减少了训练模型所需的时间和资源。	None
“机器学习可以通过分析和识别运动员表现、比赛策略和团队动态中的模式来改善运动教练。这项技术可以用于为每个运动员开发量身定制的教练建议，以及创建最成功比赛策略的预测模型。机器学习还可以用于为教练提供关于团队和个人表现的实时反馈。”	None
企业可以利用人工智能自动化数据驱动的活动，如客户服务任务和核心运营活动，如供应链管理。人工智能还可以帮助企业更好地利用客户数据并进行个性化推荐，从而使公司增加收入并提高客户忠诚度。	None
“基于AI的聊天机器人可以用于为企业提供全天候的客户服务。它可以快速准确地回答基本的客户咨询，从而释放客服代表处理更复杂的问题。它还可以用于收集数据并提供个性化的建议，改善客户的体验。”	None
我们的新技术产品是一个可以测量医疗保健服务的平台。它可以快速识别医疗保健服务的访问差距，例如地理位置、时间、社会经济地位和种族，为研究人员和政策制定者提供宝贵的数据，以帮助解决这些差距。	None
使用设计思维的两个好处是：（1）能够以创造性的方式识别和解决问题，（2）能够专注于最终用户体验，以开发满足用户需求的解决方案。	None
“人工智能可以用于服务行业，自动化处理枯燥的任务，如客户支持、处理反馈和数据挖掘以实现更好的需求预测。基于人工智能的聊天机器人在客户服务方面越来越受欢迎，使客户能够快速获得答案，无需人类代表。人工智能还可以用于分析客户数据，创建更有效的营销和广告策略以及个性化的产品推荐，从而提高营销效果。”	None
“云计算可以被视为一个公用事业公司，为家庭提供能源。与电力不同，云计算提供存储和处理能力等计算服务，允许用户按需访问并仅支付所使用的费用。就像公用事业公司一样，云计算为用户提供运行应用程序、业务和生活所需的资源，无论何时都可以使用。”	None
“机器学习可以为组织带来许多优势。首先，它可以通过自动化过于复杂或昂贵的流程，显著提高决策能力。它还可以提供有关数据的见解，否则很难看到。机器学习还可以快速准确地处理大量数据，从而更快速、更准确地预测潜在结果。最后，机器学习可以通过提供个性化建议和识别客户趋势来帮助改善客户服务。”	None
"“喜悦如清澈的河流流淌在我身上，
带来欢笑和幸福，让我的灵魂听到。

世界是明亮和美妙的，我能看到，
使每一刻都变得快乐和自由。

我的心感觉轻盈，我的烦恼已经飞走，
当我发现幸福给了我什么。

我张开双臂接受喜悦，
给我的歌曲带来生命，像一个甜蜜的玩具。

每一刻都是珍贵的礼物，
我珍惜并永远不会让它流逝。”"	None
"“晚霞在海岸上闪耀
轻柔的波浪回荡着
当我沐浴在阳光下，所有的烦恼都消失了
海鸥的叫声我现在愚蠢地忽略了
闪耀的沙子，用无声的请求招手着我
闪耀的海水，凉爽而令人耳目一新
夜晚带来了平静，但我找不到任何安宁
但也许在早晨，我会有时间
我打开瓶子里的宁静，倒出来
海洋的声音，让我更加沉醉
只是一瞬间，我闭上眼睛，看到了
海洋的广阔，我现在向我的灵魂展开。”"	None
"'我独自在夜晚，
沉默是沉重的负担。
星星如此明亮，
但没有人分享。

回忆仍然挥之不去，
那些离开的人。
心中感到某种刺痛，
面对白天的黑暗。

但在寂静中有甜蜜的东西，
一次重新与自己联系的机会。
在这一刻，我找到了我的平静，
在那里我找到了力量，看到了必须的东西。

我可能没有其他人在身边，
但我永远不会感到缺乏。
因为独自一人是一件美好的事情，
是生命赐予的珍贵时刻。

所以拥抱孤独，
让它成为你的向导。
慢慢地，你会找到安慰，
在它所提供的深度中。'"	None
"“河流就像长长的弯曲道路，引领我们走向新的道路。
它们就像生命线，保护我们在它们的尾流中。
它们在地面上刻下深深的路径，承载着我们不分享的秘密。
就像彩虹一样，它们延伸到每一片土地上，展示美丽无处不在。

河流为所有生物提供生命之源，包括我们。
在自然中，它们明亮而充满活力；在城市中，它们变得工业化，两岸建有工厂。
但有一件事是确定的，河流会持续流动，即使流向每个方向都在变化。
就像旅程一样，生活总会带给我们新的经历，而河流向我们展示了一切都会好的。”"	None
"""阳光透过树叶过滤
鸟儿唱着甜美的旋律
你停在长椅上休息
梦想着一个幸福的生活

生活看起来如此平淡和缓慢
你希望深度之门会展现
在未知的领域里，没有限制，翱翔
你可以探索云层之上

你仍然记得那个明亮的春天
当冒险家曾在你的心中玩耍
今天，你的恐惧不再存在
你的希望复苏向着天空

你知道旅程是唯一的出路
打破束缚，不再摇摆
你的心敞开，准备起飞
今天是新世界的开始。"""	None
"第一段：
慵懒的日子和晴朗的天空，
幸福弥漫在空气中。
夏日微风的温暖，
到处都充满着快乐。

合唱：
让我们抓住夏天，
度过一个真正愉快的时光。
夏日永不告别，
夏天的乐趣永不消逝！

第二段：
好心情和无压力，
充分地享受生活。
我心无忧，
感觉就像没有什么能阻止我！

合唱：
让我们抓住夏天，
度过一个真正愉快的时光。
夏日永不告别，
夏天的乐趣永不消逝！

桥段：
与家人、朋友、海滩等共度时光，
笑声、歌声、欢乐无限，
夏天是我们所有人都期待的！

合唱：
让我们抓住夏天，
度过一个真正愉快的时光。
夏日永不告别，
夏天的乐趣永不消逝！"	None
"“亲爱的未来的我，

我希望你现在过得很好，生活中感到快乐和满足。我写信给你，提醒你记住今天的自己。记得永远不要停止成长——继续冒险，保持好奇心，永远保持善良。我希望你已经实现了所有你想要做的事情，甚至更多。

保重，
你的过去的自己”"	None
在一个完美的乌托邦社会中，每个人都能和谐共处，摆脱恐惧和压迫。资源丰富，每个人都能满足自己的需求和欲望。每个人都感到安全和稳定，没有暴力的恐惧。人们可以自由地工作、创造和表达自己的个性。教育对所有人都是可及的，每个人都有机会发展自己的才能。所有人都应该被尊重，因为他们是独特而美妙的个体。没有任何等级制度或组织来压迫任何一个群体。每个人都有平等的机会追求自己的激情和才能。在这个乌托邦世界中，所有人都会共同努力，使它成为一个温暖和宜居的地方。	None
"“野花在草丛中显得格外突出，
顶峰的韧性，无法超越。
它柔和的花瓣色彩鲜艳，
展示着它的力量，经受住了所有的虐待。

在冬霜和夏日的炎热中，
它坚定地前行，拒绝分离。
它柔软的花瓣高高地耸立着，
不被大自然所打败，永恒的指引。

色彩鲜艳，美丽无比，
野花体现了分享的力量。
它是勇气和韧性的象征，
野花永不放弃，始终坚强。”"	None
"“我每天早上都醒来，怀着一种使命感，
在我所到之处寻找自由。
我努力用尽全力去抓住它，
用勇气寻找光明之路。

我的思维奔放而自由，
构想着我所发现的世界。
一个自由的世界，和平、真理和爱，
这些是我所追求的品质。

我对自由的希望永不熄灭，
坚定不移，我将追求遥远的天空。
在勇气的合唱中，我将很快歌唱，
直到为所有人带来自由。”"	None
"约翰在人生的十字路口上。他刚刚大学毕业，现在面临一个重要的决定，即选择哪个职业。经过深思熟虑，他决定成为一名会计师，帮助财务上处于不利地位的人们。他一直擅长数字，并喜欢看到他工作的具体成果。

约翰报名参加了会计课程，最初发现它相当具有挑战性。他必须迅速学习多个系统和法规，但他努力学习，最终在学业上取得了优异的成绩。几年后，约翰开始在他所在城市的一家会计事务所工作。他渴望将他对税收和会计的知识应用于实际工作中。

约翰喜欢他的工作，因为它让他在寻找节省客户资金的策略方面表达了他的创造力。在公司工作几年后，他成为了一名高级会计师，并被要求管理更大更具有挑战性的案例。他现在是金融行业中备受尊敬的人物，但他仍然记得当他只是一个刚刚毕业的大学生，不确定他的人生方向。"	None
从前，有一个年轻的女孩名叫Alexa，她拥有一把不可思议的魔法弓箭。每当她拉开弓弦，放出箭矢，无论它落在哪里，都会发生一些非凡的事情。花儿开放，海洋平静，阳光更加明媚。Alexa的弓箭如此强大，以至于它可以让最不可能的事情变为可能。一天，在一场大风暴中，Alexa使用她的魔法弓箭为她的家乡带来了平静和和谐。她受到全镇的赞扬和庆祝，很快成为了希望和和平的象征。 	None
从前，有一个勇敢的骑士住在一个遥远的王国里。他的任务是从一只凶猛的龙手中解救出一位美丽的公主。勇敢的骑士踏上了危险的旅程，毫不犹豫地面对着龙，解救了公主。当他到达时，他看到龙正在小心地守护着公主，知道没有任何偷偷摸过去的方法。他深吸一口气，勇敢地骑向前方，准备面对他面前的挑战。他英勇地战斗，最终打败了龙，解救了公主。骑士和公主很快结婚了，从此过上了幸福快乐的生活。 	None
"从前，在南美洲的丛林里生活着一只神奇的鹦鹉。它的羽毛五颜六色，包括明亮的黄色、火红色和深蓝色。据说它是从天堂派来的，为丛林中的人们提供指引。

这只鹦鹉擅长语言，能够清晰地说出人类的语言，成为丛林中人们的翻译。它也非常聪明，能够解决难题和理解复杂的概念。

有一天，鹦鹉被派遣去向丛林中的一个部落传递神的信息。当它飞行时，注意到了一件奇怪的事情。在它下方，部落的人们正在聚集在一个神秘的物体周围。当它飞得更近时，发现那个物体是一个神奇的水晶球。

它降落并进入了部落人群的圈子，希望能够一睹神奇的水晶球。当它凝视着水晶球时，水晶球发出了明亮的光芒，它突然听到了神的声音。神选择了它作为他们的信使。从那时起，鹦鹉传播着神的智慧和祝福着丛林中的人们。

这就是南美洲丛林中神奇鹦鹉的故事。 "	None
"数百人聚集在一起参加了一场特别的气球仪式，这是一次感性的活动。这是一个纪念和认可那些已经离开我们的人的时刻，也是一个庆祝那些仍然在这里的人生的时刻。

天空被绚丽的颜色填满，空气中充满了笑声、泪水和欢乐的声音。人群依次放飞气球，上面写着对他们所爱的人的特别信息。

气球将爱和希望的信息传递到天堂之上。来自各个年龄段、各行各业的人们都仰望着天空，感到惊奇和惊叹。当气球消失在远方时，每个人都知道他们的一部分正在被带走，并将永远留在他们所爱的人的心中。

这是爱的力量以及它如何帮助我们与那些已经离开我们的人联系的美丽提醒。随着仪式的结束，每个人都感到了一种更新的希望和平静。 "	None
"从前，有一个叫做莎拉的女孩，她过着美好的生活。她有一个充满爱的家庭，很多朋友，也从不缺乏有趣的事情可做。有一天，莎拉决定做一些特别的冒险，独自一人去旅行。她打包好车，没有设定目的地，就开上了公路。她一直开到天黑，最终找到了一个她从未听说过的小镇。

莎拉开始寻找住处，最终发现了一家迷人的小旅馆。她安顿好自己的房间，开始探索这个小镇，一路上结交了一些新朋友。虽然莎拉知道她在镇上的时间有限，但她很享受了解当地人和这个小镇独特的文化。她在那里待了几天，最终回家，充满了冒险带来的喜悦、惊喜和新体验。"	None
"从前，有一个叫莫娜的女孩。莫娜热爱冒险，有着无与伦比的好奇心。尽管家人警告她不要轻举妄动，莫娜还是决定独自出发。她周游世界，寻找知识和经验。无论她走到哪里，都会遇到奇怪的生物、神奇的地方和神秘的人。

最终，莫娜到达了一座雄伟的山峰，似乎是世界能量的中心。当她到达时，她得知必须攀登山峰才能到达山顶。她被警告说，如果她在夜幕降临前无法到达山顶，她将永远被困在山上。

莫娜决心不惜一切代价到达山顶。她全力攀登山峰。她遇到了暴风雨、滑溜的岩石和野兽，但没有什么能阻止她。当太阳落山时，莫娜已经到达了山顶。尽管她筋疲力尽，但她感到满足和自豪。

莫娜对世界的美和自己意志的力量有了新的认识。她很高兴安全到达山顶。从那时起，她发誓永远不会忘记她在旅途中学到的教训。 "	None
"从前，有一个好奇的小机器人叫做弗雷德，他决心要掌握家务。每天，弗雷德练习并尝试不同的家务任务，比如扫地、拖地和吸尘。最终，他能够以惊人的速度和效率完成这些家务。

其他机器人都嫉妒弗雷德的新发现。他们开始挑战他越来越困难的任务，而弗雷德最终成功超越了他们所有人。每天，弗雷德都能够独立完成清洁、烹饪和洗衣等任务。

最终，弗雷德能够做得比其他机器人更多，房子里的人们都感到惊讶。他们经常称赞弗雷德的技能和创造力，他成为了大家最喜欢的家务助手。 "	None
"从前，在一个遥远的国度，仙女们看着人类日复一日地挣扎和劳作。她们感到了一种召唤，决定是时候帮助人类了。

于是，仙女们飞下来，带来了礼物和魔法来帮助人类。她们在月光下闪烁，撒下仙女粉，传播着爱和善意。每个人都惊叹于这些生物的美丽和力量，并感激她们的帮助。

仙女们带来了额外的欢乐和智慧，帮助人类记住在大自然中度过时光的重要性，彼此友善，不要太过认真地对待生活。

人类永远不会忘记仙女们的善良和魔法，而仙女们也永远不会忘记人类。 "	None
经过数月的思考，约翰终于决定要冒险一试。他已经陷入了困境很长时间，总觉得自己无法迈出人生的下一步。他知道自己有更多的潜力，如果现在不抓住机会，可能再也没有了。约翰深吸一口气，开始计划离开他的小家乡，搬到大城市。他安排好了住处和工作，并开始告诉他的所有朋友和家人他的计划。尽管这是一个令人畏惧的前景，但他感到自己有力量，准备好去面对世界。这个改变人生的决定已经做出，约翰第一次感到对自己的未来充满了乐观。	None
"""DNA代表脱氧核糖核酸。"""	None
给定数据的中位数是7。	None
"""立方体的总表面积：150平方厘米""。"	None
"""一个1千克质量的物体受到重力作用的力是9.8牛。"""	None
"""最大值为25。"""	None
"""6乘以2的积是12。"""	None
"""如果21颗糖果被分给4个人，每个人会得到多少颗糖果？"""	None
"""2、5、10的平均数是5.67。"""	None
"""这个几何形状是一个五边形。"""	None
"""一千零二十四字节等于一千兆字节。"""	None
这个基于Web的应用程序应该使用数据库来存储图像和相关的分类信息。该应用程序应该允许用户上传图像并为它们分配标签。此外，应该有一个界面，可以通过标签搜索和过滤图像。最后，该应用程序应该使用计算机视觉技术，如目标检测和图像分类，将图像分类。	None
财务会计的目的是提供相关准确的信息，帮助企业做出明智的决策并有效地管理财务。它还提供了可靠的财务交易记录，这对于开展业务至关重要。	None
使用GPT模型有许多好处。它可以通过使用大型数据集快速准确地生成文本，可用于自然语言处理任务，如摘要、问答和文本生成。GPT模型也具有可扩展性，意味着它们能够使用最少的资源处理复杂任务。它们快速且不需要人力培训，这使它们在各种任务中快速生成结果非常有用，其中手动工作可能过于昂贵或缓慢。此外，GPT模型非常灵活，允许开发人员根据自己的喜好轻松调整输出。简而言之，GPT模型是一种高效且经济实惠的生成文本的方式。	None
使用Python，我在一组信用数据上训练了一个逻辑回归模型。我通过填充缺失值和缩放数据来预处理数据。然后，我将数据分成训练集和测试集。该模型使用训练集进行训练，准确率为87%。然后在测试集上评估该模型，准确率为97%。	None
人工神经网络的组成部分包括输入单元、隐藏单元、输出单元、权重、偏置和激活函数。输入单元负责接收数据的输入。隐藏单元处理输入并生成输出，而输出单元生成神经网络的输出。权重和偏置确定单元之间连接的强度。最后，激活函数根据前一层的加权输入确定神经网络的输出。	None
软件开发生命周期包括五个阶段：规划、需求收集和分析、设计、实现和测试以及部署。规划阶段从分析商业案例、用户需求和预算分配开始。需求收集和分析阶段是确定项目目标和需求的阶段。设计阶段是根据项目需求设计软件的阶段。实现和测试阶段涉及软件编程、单元和系统级测试以及各种组件的集成。最后一个阶段，部署，涉及软件的安装和设置。	None
"1. 贪心算法：贪心算法是一种算法策略，它在每一步选择最优解以最大化目标函数。
2. 梯度下降：梯度下降是一种迭代算法，它通过跟随给定点的最陡下降来寻找最小值。
3. 模拟退火：模拟退火是一种元启发式算法，用于寻找给定目标函数的近似全局最优解。
4. 遗传算法：遗传算法使用进化概念，如变异、选择和交叉，对解决方案进行采样，以寻找全局最优解。
5. 分支定界：分支定界是一种算法技术，它将问题分解为子问题，并限制解空间以保证最优解。"	None
"构建聊天机器人的步骤包括：
1. 定义聊天机器人的目标和目的
2. 收集和分析数据
3. 理解用户的需求
4. 选择适当的平台和技术
5. 构建和测试聊天机器人
6. 部署聊天机器人
7. 收集用户反馈并迭代聊天机器人。"	None
一个应用程序开发者负责设计、编码、测试、调试和维护移动应用程序。他们利用自己对计算机编程语言和软件设计的知识，为各种移动平台开发应用程序。应用程序开发者还与项目经理和其他技术团队合作，确保应用程序运行顺畅、外观良好、性能高效。他们还负责分析用户需求、提出解决方案并创建高效、具有成本效益的代码。	None
敏捷方法论是一种强调协作、灵活性和持续改进的项目管理方法。它基于团队和个人应该被赋予创造自己的解决方案和承担自己工作的自主权的理念。敏捷方法论还促进了迭代方法，团队从想法到开发快速迭代，并从错误中学习，沿途进行小的调整。该过程旨在可重复和易于适应，允许团队根据用户反馈调整任务和技术。最终，敏捷方法论使团队能够创建满足客户需求的创新产品和服务。	None
"""勇敢、英勇、大胆、有力、勇武、坚定、无畏、大胆、勇敢、敢为、顽强、勇敢、坚定、勇敢、无畏、有勇气、不屈不挠、勇敢、鲁莽。"""	None
"""坚持不懈、顽强、决心、坚定、坚定不移、不动摇、不屈不挠、持之以恒、执着。"""	None
"""华丽、威武、雄伟、勇敢、聪明。"""	None
"""坚定、持久、坚定、果断。"""	None
"""新鲜的花瓣充满了空气 / 新的季节已经开始 / 树上的阳光"""	None
"""喜悦、悲伤、恐惧、愤怒和厌恶。"""	None
"""积极的情感。"""	None
"""让ACME带你环游世界！"""	None
"""橙色渐渐变黑
太阳在远方的天空中落下
宁静的夜晚到来"""	None
"""每个人都应该受到平等对待，不应受到压迫。"""	None
"泰式椰奶炒米粉

材料：
- 4盎司米粉
- 2汤匙植物油
- 1瓣大蒜，切碎
- 1个红甜椒，切丝
- 2杯绿豆芽
- 1茶匙芝麻油
- 1/2杯椰奶
- 2汤匙鱼露
- 2汤匙酱油
- 2汤匙蜂蜜
- 1/4杯葱花，切碎
- 2汤匙酸橙汁

做法：

1. 将米粉浸泡在热水中5分钟，然后沥干。
2. 在大平底锅中用中火加热植物油。
3. 加入大蒜、甜椒和豆芽，煮至蔬菜刚刚变软。
4. 加入芝麻油、椰奶、鱼露、酱油和蜂蜜。
5. 炒2-3分钟，然后加入米粉。
6. 煮1-2分钟，直到米粉变软。
7. 关火，加入葱花和酸橙汁拌匀。
8. 热着享用泰式椰奶炒米粉。"	None
"“食材：1个洋葱，切丁；2瓣大蒜，切碎；2汤匙橄榄油；28盎司罐装碎番茄；2杯蔬菜或鸡肉汤；1茶匙干牛至；1茶匙干罗勒；1/2茶匙糖；1/2茶匙盐；1/4茶匙黑胡椒粉；1/2杯重奶油。

做法：
1.在大锅中用中火加热橄榄油。加入洋葱和大蒜，煮软约3分钟。
2.加入碎番茄、汤、牛至、罗勒、糖、盐和黑胡椒粉。煮沸并煮15分钟。
3.离火并加入奶油。
4.用手持搅拌器或在搅拌机中分两批纯化至光滑。
5.如有必要，回到锅中并煮沸。热食。”"	None
"""巧克力蛋白煎饼：
材料：
- 1杯燕麦粉
- 2勺巧克力蛋白粉
- 1茶匙发酵粉
- 2个熟透的香蕉
- 2个鸡蛋
- 1/2杯杏仁奶
- 1茶匙肉桂粉
- 2勺蜂蜜
- 2勺椰子油
做法：
1. 在搅拌器中混合燕麦粉、蛋白粉和发酵粉。
2. 在另一个碗中捣碎香蕉，打入鸡蛋。
3. 将湿料混合到干料中，搅拌均匀。
4. 然后加入杏仁奶、肉桂粉、蜂蜜和椰子油。
5. 在中火上加热平底锅，喷上烹饪喷雾。
6. 将1/4杯面糊倒入锅中，每面煎约2分钟。
7. 配上新鲜水果和蜂蜜享用！"""	None
"“素食咖喱
材料：
• 2罐鹰嘴豆
• 1个洋葱，切成小块
• 1瓣大蒜，切成细末
• 1英寸姜，刨成姜泥
• 1茶匙孜然
• 1茶匙咖喱粉
• 1茶匙姜黄粉
做法：
1. 在大锅中用中火加热油。
2. 加入洋葱、大蒜和姜，煮至洋葱变透明，约5分钟。
3. 加入香料，搅拌至香味散发。
4. 加入鹰嘴豆，搅拌均匀涂上香料混合物。
5. 加入1杯水，煮至轻微沸腾。
6. 煮15分钟或直到酱汁变稠，鹰嘴豆变软。
7. 搭配煮熟的米饭、藜麦或花椰菜米食用。享受美味！”"	None
"'1. 准备所需食材，包括新鲜水果和其他想要添加的配料，如酸奶、果汁或牛奶。
2. 将所有食材放入搅拌机中。
3. 盖上搅拌机盖子。
4. 打开搅拌机并搅拌至混合物变得光滑。
5. 将冰沙倒入玻璃杯中。
6. 品尝美味的冰沙！'"	None
"1. 预热烤箱至350°F（175°C）。
2. 在一个9英寸的馅饼盘上涂油。
3. 削皮并切成薄片的苹果。
4. 将苹果片放入涂油的馅饼盘中。
5. 在一个碗中混合1/2杯白糖、1茶匙肉桂粉和一点肉豆蔻。
6. 将混合物撒在苹果上。
7. 把黄油切成小块，铺在苹果和糖的混合物上。
8. 擀出足够覆盖馅饼盘的顶部饼皮。
9. 把顶部饼皮放在苹果和黄油上。
10. 捏紧边缘，在顶部切开口。
11. 在预热的烤箱中烤35到45分钟，或者直到金黄色。 "	None
"步骤1：预热烤箱至350°F（176°C）。用黄油涂抹一个9英寸（23厘米）的圆形蛋糕模具或9x5英寸（23x13厘米）的烤面包模具，并在内部铺上烘焙纸。

步骤2：在一个中等大小的碗中，将普通面粉、泡打粉和盐混合在一起，搅拌均匀。

步骤3：在一个大碗中，将融化的黄油和糖混合在一起，搅拌均匀。一个一个加入鸡蛋，搅拌均匀。加入香草精，搅拌均匀。

步骤4：慢慢地将干性材料加入湿性材料中，搅拌均匀。然后加入切碎的坚果（如果使用）。

步骤5：将蛋糕糊倒入准备好的模具中，烤约50分钟（圆形蛋糕）或1小时（烤面包）左右，直到顶部呈金黄色，插入中心的蛋糕测试器取出干净。

步骤6：烤好后，让蛋糕在模具中冷却1-2小时，然后取出并转移到切菜板上。切成薄片，享用！"	None
这个简单的烧烤食谱是夏日晚餐的完美选择！首先预热烤架并准备好所需材料。用盐、胡椒粉、大蒜粉和一点辣椒粉调味一磅你喜欢的鸡肉。将鸡肉放在烤架上烤至熟透。在鸡肉烤制的同时，将番茄酱、红糖、苹果醋、芥末、伍斯特酱和辣酱混合在一个锅中制作出一份酸甜可口的烧烤酱。将酱汁煮沸10分钟，然后将其刷在鸡肉上，直到鸡肉完全裹上酱汁。搭配土豆和你喜欢的夏日沙拉，享受美味的烧烤鸡肉吧！	None
"预热烤箱至摄氏350度。涂抹并撒上面粉在一个9英寸的圆形蛋糕模具中。

在一个大碗中，将2杯面粉、1杯黄油和3/4杯糖混合在一起，直到变成粒状。加入2个鸡蛋、1茶匙小苏打和2茶匙香草精，混合均匀。倒入蛋糕模具中，烘烤25-30分钟或直到蛋糕中心插入牙签后取出干净。在食用前让蛋糕冷却。 "	None
"'1. 准备食材 - 选择水果、蔬菜和其他喜欢的冰沙材料。
2. 搅拌食材 - 将食材放入搅拌机中，搅拌至顺滑。
3. 享用冰沙 - 将冰沙倒入杯子中，享用。'"	None
"'1. 创新领域的最新趋势是什么？
2. 创新的哪些方面具有最大的成功潜力？
3. 企业最近面临的与创新相关的挑战是什么？
4. 企业可以采用哪些策略推动创新？
5. 技术进步如何帮助塑造新的创新模式？
6. 哪些独特的创新方法已被证明是成功的？
7. 什么原则指导成功的创新项目？
8. 新兴市场存在哪些创新机会？
9. 合作如何促进创新？
10. 如何利用想法促进创新？'"	None
和陌生人开始对话的好方法是介绍自己并询问他们的问题。例如，你可以说：“你好，我是[你的名字]，很高兴见到你。你从事什么职业？”	None
“全球变暖可能会带来哪些潜在后果？”	None
"“- 2008年选举中，候选人和利益集团在广告宣传方面面临哪些挑战？
- 候选人如何确保他们的广告在这个选举周期的大量广告中脱颖而出？”"	None
“在网上购物时，技术可以发挥哪些最有效的作用来提高客户满意度和忠诚度？”	None
"1. 金融风险：缺乏财务资源、资本不足、意外的现金流问题
2. 市场风险：过度饱和、不利的经济条件、被新技术取代、政府政策不支持
3. 运营风险：不足的商业模式、不熟练的员工、业务流程效率低下、不利的位置
4. 法律风险：法规合规、知识产权纠纷、意外的诉讼、税务问题
5. 战略风险：战略不足、竞争对手的优势能力、合作伙伴的不利谈判、高客户流失率。"	None
"1. 技术在课堂上的应用如何改变学生的学习方式？
2. 教师如何最好地利用技术来增强学生的学习？
3. 与基于技术的教育相关的潜在风险是什么？
4. 基于技术的教学方法在提高学术表现方面有多有效？
5. 教育领域中技术最成功的应用有哪些？"	None
"1. 使用可再生能源的优缺点是什么？
2. 有哪些可再生能源来源？
3. 可再生能源系统需要哪些基础设施？
4. 可再生能源的成本与化石燃料的成本相比如何？
5. 有哪些提高可再生能源系统效率的策略？
6. 如何利用可再生能源来减少空气污染？"	None
"“- 你的人生故事是什么？
- 你的爱好和激情是什么？
- 你喜欢如何度过空闲时间？
- 你最自豪的成就是什么？
- 你读过的最好的书是什么？
- 如果你有一百万美元，你会做什么？
- 你在寻找伴侣时看重什么？
- 你想追求什么职业？
- 你收到过的最好的建议是什么？
- 你希望留下什么样的遗产？”"	None
“在计算机科学中，大O符号表示的重要性是什么？算法和程序之间有什么区别？人工智能在计算机科学中的作用是什么？”	None
"""负面的"""	None
"""非小说类""。"	None
"""娱乐"""	None
"""快速地"""	None
"""英语"""	None
"""河流"""	None
"""中立"""	None
"""悲伤"""	None
"""基于观点的"""	None
"""闲暇"""	None
这本书的主题是在意外悲剧面前的韧性，以及小镇居民如何团结一致克服困难时期。	None
《别让我走》是一部由石黑一雄所写的反乌托邦小说，讲述了三个朋友一起上学，但他们并不知道这所学校正在为他们准备一个可怕的命运。随着他们的成长，他们开始了解自己真正的目的，并被迫面对即将到来的命运所带来的道德和伦理困境。	None
故事的主角是一个贫穷的农村男孩。	None
"1. 杰伊·盖茨比举办盛大的派对，希望赢得黛西·布坎南的心。
2. 黛西的表兄尼克·卡拉威目睹了盖茨比和黛西的重逢。
3. 盖茨比和黛西计划一起私奔。
4. 汤姆·布坎南发现了他们的计划并与盖茨比对峙。
5. 黛西决定留在汤姆身边，让盖茨比心碎。
6. 盖茨比被乔治·威尔逊杀害。
7. 黛西意识到盖茨比对她的爱的深度，但为时已晚，内心充满了愧疚。
8. 尼克重新考虑了自己对盖茨比的看法，意识到他是一个伟大的人。"	None
虚构小说的创意包括：一名高中生发现自己拥有特殊能力，政府阴谋威胁着一个毫不知情的村庄的生命，一家人被迫面对过去的创伤，一群陌生人被困在神秘的小镇中，一位科技天才被派遣阻止危险的人工智能武器，一位年轻女子踏上拯救她的王国的任务，一群不合群的人利用先进技术拯救世界。 	None
《麦田里的守望者》是J.D.塞林格于1951年出版的小说。它讲述了一个青少年Holden Caulfield在成人世界中寻找自己位置的故事。小说跟随Holden一起试图理解他周围的世界，包括他与家人和朋友的关系，以及他与社会的互动。最终，Holden意识到成长和承担责任的重要性。他通过艰难的方式学会了拒绝和失败是生活的一部分，但在小说的结尾，他能够以一种新的态度面对生活。	None
《金翅雀》是畅销作家唐娜·塔特于2013年出版的小说。它讲述了来自拉斯维加斯的孤儿西奥多·德克在参观大都会艺术博物馆时，他的母亲在一次炸弹爆炸中丧生，他因此被卷入一个混乱的世界。在此之后，他的世界永远改变了，他发现自己要面对艺术、古董和犯罪的世界。整本书中，西奥多努力生存并在社会中找到自己的位置，同时也要面对他母亲和他的画作《金翅雀》的记忆。最终，西奥多发现找到真正的幸福的唯一途径是接受过去并展望未来。	None
《哈利·波特与魔法石》讲述了一个年轻巫师成为“活下来的男孩”的旅程。在这个过程中，他发现勇气和友谊是克服邪恶和拥抱无限可能的关键。这部小说聚焦于家庭、忠诚和接受的主题，最终展示了人类精神的力量。	None
《三只小猪》讲述三个兄弟建造三个不同的房屋，以保护自己免受大野狼的侵害。最终，他们的决心、机智和团队合作使他们能够智胜狼群，从此过上了幸福快乐的生活。	None
《小红帽》是一个经典的童话故事，讲述了一个年轻女孩去拜访她的祖母，但在路上被一只狼拦住了。狼骗她透露了关于她祖母的信息，最终吃掉了她。然而，一个伐木工人通过切开狼的肚子救出了她和她的祖母。最后，小红帽与她的祖母团聚，并学到了一个重要的教训，即要小心谨慎。	None
"'def count_unique_chars(string):
  char_dict = {}
  for char in string:
    if char in char_dict:
      char_dict[char] += 1
    else:
      char_dict[char] = 1
  return len(char_dict)

print(count_unique_chars(""Butterflies""))
# Output: 9'

""计算唯一字符数的函数：def count_unique_chars(string)： char_dict = {} for char in string: if char in char_dict: char_dict[char] += 1 else: char_dict[char] = 1 return len(char_dict) 打印输出唯一字符数：print(count_unique_chars(""Butterflies"")) # 输出：9"""	None
"<html>
  <body>
    <form action=""signup.php"" method=""post"">
      <h2>注册我们的通讯</h2>
      <label for=""firstname"">名字: </label>
      <input type=""text"" id=""firstname"" name=""firstname"" placeholder=""输入您的名字"">
      <label for=""lastname"">姓氏: </label>
      <input type=""text"" id=""lastname"" name=""lastname"" placeholder=""输入您的姓氏"">
      <label for=""email"">电子邮件地址: </label>
      <input type=""text"" id=""email"" name=""email"" placeholder=""输入您的电子邮件地址"">
      <br><br>
      <input type=""submit"" value=""注册"">
    </form>
  </body>
</html>"	None
"'""""""
给定三个数，找出它们的最大公约数（gcd）
""""""

# 找出两个数的最大公约数（GCD）
def find_gcd(a, b):
    while b > 0:
        a, b = b, a % b
  
    return a

# 给定三个数，找出它们的最大公约数（GCD）
def find_gcd_of_three_numbers(a, b, c):
    gcd_a_b = find_gcd(a, b)
    gcd_b_c = find_gcd(b, c)
    gcd_a_c = find_gcd(a, c)
  
    gcd = find_gcd(gcd_a_b, gcd_b_c)
    gcd = find_gcd(gcd, gcd_a_c)
  
    return gcd

if __name__ == '__main__':
    print(""3个数的GCD是："", end="""")
    print(find_gcd_of_three_numbers(18, 24, 30))'"	None
"'""""""
在给定的字符串中找到最长的回文字符串
""""""

def find_longest_palindrome(s):
	# 初始化结果
	max_length = 1

	# 初始化起始和结束索引
	start, end = 0, 0

	# 遍历输入字符串
	for i in range(1, len(s)):

		# 找到最长的偶数长度回文字符串
		low, high = i-1, i
		while low >= 0 and high < len(s) and s[low] == s[high]:
			if high - low + 1 > max_length:
				start = low
				end = high
				max_length = high - low + 1
			low -= 1
			high += 1
		# 找到最长的奇数长度回文字符串
		low, high = i-1, i+1
		while low >= 0 and high < len(s) and s[low] == s[high]:
			if high - low + 1 > max_length:
				start = low
				end = high
				max_length = high - low + 1
			low -= 1
			high += 1

	# 返回结果
	return s[start:end+1]

if __name__ == '__main__':
	s = ""babad""
	print(""最长的回文字符串是："", end="""")
	print(find_longest_palindrome(s))'"	None
"'""""""
# 在列表中查找重复元素

def find_duplicates(data):
    seen = set()
    duplicates = []

    for element in data:
        if element in seen:
            duplicates.append(element)
        else:
            seen.add(element)
    
    return duplicates

if __name__ == ""__main__"":
    arr = [3, 2, 1, 2, 3, 4]
    duplicates = find_duplicates(arr)
    print(duplicates)
""""""'

这是一个查找列表中重复元素的函数。它使用了一个集合来存储已经出现过的元素，如果一个元素已经在集合中出现过，就将它添加到重复元素列表中。最后返回重复元素列表。在主函数中，我们定义了一个列表arr，并调用了find_duplicates函数来查找其中的重复元素，并打印输出结果。"	None
"'def remove_duplicates(sentence):
  word_list = sentence.split() # 将句子拆分成单词列表
  new_list = [] # 新列表，包含不重复的单词

  # 循环遍历列表中的每个单词
  for word in word_list:
    if word not in new_list: # 如果单词是唯一的，则将其添加到新列表中
      new_list.append(word)

  # 将新列表中的单词连接起来形成新句子
  return ' '.join(new_list)'"	None
"<!DOCTYPE html>
<html>
<head>
    <title>表格示例</title>
</head>
<body>
    <table>
        <tr>
            <th>姓名</th>
            <th>年龄</th>
        </tr>
        <tr>
            <td>詹姆斯</td>
            <td>24</td>
        </tr>
        <tr>
            <td>约翰</td>
            <td>30</td>
        </tr>
    </table>
    <button>添加</button>
    <button>删除</button>
</body>
</html>"	None
"""def bubbleSort(list):
    n = len(list)

    for i in range(n):
   
        for j in range(0, n-i-1):
           
            if list[j] > list[j+1] :
                list[j], list[j+1] = list[j+1], list[j]
  
bubbleSort(list)"" 的中文翻译为：

""定义冒泡排序函数（bubbleSort），参数为列表（list）：
    获取列表长度（n）；
    循环n次（i）：
        在每次循环中，循环n-i-1次（j）：
            如果当前元素大于下一个元素：
                交换这两个元素的位置；
    调用冒泡排序函数，参数为列表（list）；"""	None
"归并排序（A，startIndex，endIndex）：
    // 如果数组中只有一个元素，则返回
    如果startIndex == endIndex：
        返回

    middleIndex =（startIndex + endIndex）/ 2

    // 对数组的左半部分进行排序
    归并排序（A，startIndex，middleIndex）

    // 对数组的右半部分进行排序
    归并排序（A，middleIndex + 1，endIndex）

    // 合并两个已排序的数组
    合并（A，startIndex，endIndex）

合并（A，startIndex，endIndex）：
    middleIndex =（startIndex + endIndex）/ 2
    leftIndex = startIndex
    rightIndex = middleIndex + 1

    // 临时数组用于保存已排序的数组
    tempArray []

    // 遍历数组的两个半部分
    for i in range（startIndex，endIndex + 1）：
        // 如果左半部分已经遍历完，则从右半部分添加
        如果leftIndex > middleIndex：
            tempArray [i] = A [rightIndex]
            rightIndex ++

        // 如果右半部分已经遍历完，则从左半部分添加
        else if rightIndex > endIndex：
            tempArray [i] = A [leftIndex]
            leftIndex ++

        // 比较当前元素并添加较小的元素
        else if A [leftIndex] <A [rightIndex]：
            tempArray [i] = A [leftIndex]
            leftIndex ++
        else：
            tempArray [i] = A [rightIndex]
            rightIndex ++

    // 将tempArray复制回A
    for i in range（startIndex，endIndex + 1）：
        A [i] = tempArray [i]"	None
"'def largest_element(arr):
    """"""
    获取一个元素数组并返回数组中最大的元素

    参数：
    arr（列表）：整数数组

    返回：
    largest（整数）：数组中最大的元素
    """"""

    # 将数组的第一个元素初始化为最大值
    largest = arr[0]

    # 遍历数组中的其余元素
    for i in range(1, len(arr)):
        # 如果元素更大，则更新最大值
        if arr[i] > largest:
            largest = arr[i]
    # 返回最大元素
    return largest'"	None
华氏温度为59度。	None
34.4摄氏度	None
"分类1：铅笔，苹果
分类2：手机"	None
洛杉矶湖人队。	None
巴西、墨西哥、加拿大。	None
11英寸。	None
乌尔、亚述、巴比伦、耶利哥、梅吉多。	None
孤立、凄凉、孤独、荒凉、被遗弃、阴暗、空虚、疏离、失望。	None
印度：新德里。加拿大：渥太华。埃及：开罗。	None
挪威的图森弗鲁德游乐园。	None
这个客户群体是指年龄在18-25岁之间的美国在线购物者。他们通常是精通科技的年轻成年人，喜欢为了方便和多样性而在线购物。他们经常购买各种物品，从服装到电子产品不等，并且习惯使用不同的支付方式，如信用卡、借记卡和数字钱包。	None
提供免费大学教育的优点包括使教育更加普及，增强对熟练专业人才的获取，为所有人提供平等机会，促进经济发展。另一方面，缺点可能包括增加税收和政府负担，某些专业毕业生过多，教育质量下降，某些大学过度拥挤的风险增加。	None
供给法则指出，随着产品或服务价格的增加，向市场供应的数量也会增加，因为生产者受到增加的利润潜力的激励。同样，随着产品或服务价格的降低，向市场供应的数量也会减少，因为利润潜力降低。	None
基督教的两个主要分支，天主教和新教，在许多重要问题上的信仰存在差异。天主教承认教皇是教会的最高权威，而新教则分为许多不同的教派，承认其他形式的权威，如圣经或教会议会。天主教承认七个圣事，而新教只承认两个，即洗礼和圣餐。天主教还相信物质转化的教义，即在圣餐仪式中，面包和葡萄酒变成耶稣基督的真实身体和血。	None
木制棒球棒通常比塑料棒球棒更重，更耐用，更适合长期使用。木制棒球棒一般在击球时会发出更响亮的声音，而塑料棒球棒则声音较轻。木制棒球棒击球时会有更多的反弹和震动，而塑料棒球棒则感觉更柔软。此外，木制棒球棒可能有更大的甜点区，使得与球的接触更容易，而塑料棒球棒则不太容易。	None
作者对速度是生产中最重要的因素的想法持负面态度。他们认为，过分关注速度往往会以技术熟练度和工艺为代价，导致产品质量降低。此外，作者暗示加快生产速度可能会有害，因为工人没有足够的时间来修复任何错误。这表明作者认为速度不应优先于质量和工艺。	None
美国实行混合经济体制，即将自由市场资本主义与政府经济监管相结合的系统。这个系统允许企业在自由竞争的市场中竞争，同时保护消费者并提供就业和安全监管。此外，政府还提供教育、医疗保健和基础设施等社会服务。通过这种方式，它试图平衡市场和社会的需求。	None
基督教徒和穆斯林都坚信只有一个上帝，但他们在关于上帝的本质和揭示上帝意愿的信仰上存在差异。基督教徒相信耶稣是上帝的儿子，是连接造物主和人类之间的桥梁，而穆斯林则认为穆罕默德是上帝的使者，向人们传达上帝的意愿。此外，基督教注重耶稣的教导，崇拜他作为上帝之子，而伊斯兰教则遵循《古兰经》和穆罕默德的教导，崇拜真主作为唯一的上帝。	None
股票分拆是公司将现有股份分成多个股份的一种企业行动，以提高股份的流动性。这意味着股份总数增加，而股价相应调整。	None
个人表现与个人所做的行动和决策有关，而社会表现则关注整个团体或组织的行动和决策。个人表现更注重个人的需求和目标，而社会表现则基于集体目标。个人表现可以更容易地被衡量和量化，而衡量社会表现的影响可能更困难，因为它通常涉及评估构成更大画面的个体组成部分。	None
"""分数4/16等于1/4，因为分子和分母都可以被4整除。将分子和分母都除以4得到1/4。"""	None
"""二次方程的解为x=-4和x=1/3。"""	None
"""定义一个求平方根的函数sqrt(n):
    low = 0
    high = n
    
    while low <= high:
        mid = (low + high) // 2
        if mid * mid == n:
            return mid
        elif mid * mid < n:
            low = mid + 1
        else:
            high = mid - 1
            
    return low - 1"""	None
"""y = mx + b，其中m是直线的斜率，b是y轴截距。"""	None
"""10和15的几何平均数为\(\sqrt{10\times 15}=12.25\)。"""	None
"""水的化学式是H₂O。"""	None
"""插入排序算法的时间复杂度是O(n^2)。"""	None
"""给定正方形的面积为25平方厘米。"""	None
"""这个三角形是等腰三角形。"""	None
"""一个五边形的内角和为540度。"""	None
"抱歉，""e9gKyd2D""并不是一个需要翻译的文本，它可能是一个编码或密钥。请提供需要翻译的具体文本。"	None
'865' 没有明确的中文含义，可能需要更多的上下文才能进行翻译。	None
'30932'并不是一个需要翻译的文本，它只是一个数字。请提供需要翻译的文本。	None
抱歉，您没有输入任何文本需要翻译。	None
"抱歉，""uxTpyT9X04""不是一个需要翻译的文本，它可能是一个代码或者标识符。请提供需要翻译的具体文本。"	None
抱歉，无法翻译该文本，因为它不是有效的语言或单词。	None
'XLII' 没有明确的中文含义，它可能是一个数字、一个代号或者一个名称。请提供更多上下文信息以便进行翻译。	None
"抱歉，""MIGG"" 不是一个常见的词汇或短语，无法进行翻译。请提供更多上下文或信息。"	None
抱歉，无法翻译该文本，因为它不是一个有效的句子或单词。	None
"抱歉，""d1q3Bz2X""并不是一个需要翻译的文本，它可能是一个编码或标识符。请提供需要翻译的具体文本。"	None
介绍一款正在风靡全球的革命性新产品：智能球棒！智能球棒是一款革命性的设备，将智能手机、语音激活的AI助手和运动传感器的功能结合在一个方便的球棒形状的设备中。凭借其直观的界面和强大的人工智能，智能球棒是任何在外出时想要保持联系和了解信息的人的完美伴侣。无论您是在办公室还是在家里，智能球棒的创新功能都能满足您的需求。所以不要等待，立即购买智能球棒，让您的生活达到新的水平！	None
"""Mac上最好的屏幕截图工具之一是Skitch。它易于使用，具有强大的注释、标记工具和云存储功能，方便分享。它还允许定时截图，并具有内置的截图编辑器。此外，您可以将截图保存为各种格式的图像或视频文件。"""	None
"""SportShack的形象是一个充满活力、外向、热情洋溢的人，对体育有着深厚的热爱。SportShack相信领导健康的生活方式，挑战极限，让体育运动对所有人都可达。他们旨在为各个级别的运动员提供最好的装备，让每个人都能体验到竞争的激情。SportShack以周到和创新为傲 - 提供高质量的产品和出色的客户服务。"""	None
“在工作期间吃的健康零食可以是富含蛋白质的能量棒，例如燕麦花生酱棒。这种快速简便的零食富含维生素和矿物质，是一种很好的能量来源。它便携且可以轻松地放在办公桌抽屉里，随时享用。”	None
"""介绍全新的iPhone 11 Pro，这是一款终极全能设备，拥有令人惊叹的OLED显示屏、强大的三摄像头系统和持久的电池寿命。选择iPhone 11 Pro，您将体验先进的技术和令人着迷的性能。无论您是想拍摄令人惊叹的照片和视频，还是体验惊人的游戏和应用程序，iPhone 11 Pro都将为您带来强大和便携。"""	None
“旁白：想要一个亲密舒适的剃须体验吗？介绍一下我们的新款电动剃须刀，来自XYZ。凭借我们先进的技术，您每次都能得到完美的剃须效果。所以，每天都换用XYZ，轻松顺畅地剃须。”	None
“这本宣传册旨在提供有关回收的重要性的信息，例如减少废物和保护资源的好处，可以回收的不同类型的材料以及个人可以采取的行动来帮助回收努力。”	None
我最近购买了一台戴尔Inspiron 15笔记本电脑，非常满意我的购买。这台笔记本电脑配备了强大的处理器和足够的内存，非常适合多任务处理。显示屏亮度高、清晰，观看电影时提供了极佳的视觉体验。电池寿命也不错，让我能够在需要充电之前使用几个小时的笔记本电脑。触摸板平滑、反应灵敏，使得导航笔记本电脑变得简单。到目前为止，我很喜欢我的戴尔Inspiron 15，强烈推荐它。	None
“想要跟上最新的时尚潮流，展现最佳的形象吗？来看看我们最新的服装系列吧！从休闲到正式，我们的款式应有尽有，一定能找到适合你独特风格的衣服。而且，我们的价格无与伦比，你不需要花费太多的钱就能穿得漂亮。今天就来我们的店里，找到适合你的完美装扮吧！”	None
“我建议看看华硕Vivobook笔记本电脑。它拥有时尚的设计、强大的性能和出色的电池续航能力。它非常适合日常使用，是市场上最好的选择之一。”	None
"珊瑚礁是最多样化和美丽的生态系统之一，它们正面临着被人类活动、污染和气候变化摧毁的危险。因此，通过实施保护措施来保护这些宝贵的环境非常重要。为了更好地了解保护珊瑚礁的选择和策略，了解环境的生态和结构、威胁以及保护提供的好处非常重要。

珊瑚礁是复杂而高度结构化的生态系统，物种相互作用和共同进化。它们由称为珊瑚的小无脊椎动物群落组成，形成复杂的网络和独木舟。除了在生物学和生态学上非常重要之外，珊瑚礁还提供重要的好处，如食物、海岸保护和保护免受极端天气事件的影响。

不幸的是，人类活动已经在全球范围内对珊瑚礁造成了重大破坏。最重要的威胁是过度捕捞、沿海开发、水污染和气候变化。全球变暖导致珊瑚褪色，当珊瑚受到压力并排出生活在其中的藻类时，这可能是致命的。此外，有机污染物和排放到水中的沉积物可能会窒息和损坏珊瑚礁。

为了保护这些宝贵的生态系统，必须实施几项关键策略。最重要的是通过控制农业径流和排放物来减少污染，控制沿海开发以最小化沉积物，减少对珊瑚礁的人类活动，建立海洋公园和保护区，增加公众对珊瑚礁保护的重要性的认识。此外，监测水温变化以防止珊瑚褪色，并研究和采用珊瑚礁恢复方法也非常重要。

珊瑚礁保护是一个紧迫的问题，需要个人、组织和政府的紧急行动。为了减轻人类活动的影响，现在必须实施保护策略，以保护这些美丽而宝贵的环境，为后代留下。 "	None
医疗保健行业是当今发展最迅速的行业之一，人工智能在改变这个行业中扮演着重要的角色。人工智能解决方案使医院、诊所和其他医疗服务提供商能够为患者提供更精确和个性化的护理。人工智能解决方案被用于自动化数据收集和分析等乏味的任务，从而为其他更重要的任务释放资源。人工智能解决方案还被用于提供对患者健康的预测性洞察和及时检测疾病。人工智能驱动的技术在诊断癌症等疾病时特别有用，因为它能从医学图像中识别出模式。人工智能启用的机器人手术也可以为患者提供精确和微创的手术。总之，人工智能正在改变医疗保健的提供方式，使医疗从业者能够为患者提供更好、更高效的护理。 	None
“学生债务危机是美国和加拿大的一个重大问题，尽管两个国家之间存在一些差异。在美国，学生债务在2019年达到了创纪录的1.5万亿美元，平均每个学生欠款约为32,600美元。在加拿大，债务情况并不像美国那么严重，但仍然令人担忧。加拿大的平均学生债务约为26,300加元，2019年总学生债务达到了超过354亿加元。与美国相比，加拿大确实有一些优势，例如更慷慨的政府贷款计划，使得学生能够以较低的利率偿还贷款。然而，近年来两国的学生债务一直在稳步上升，这很可能仍然是一个重大问题。”	None
"使用分布式数据库有许多优点，例如提高速度和灵活性，改善可扩展性和可用性，以及提高容错性。

首先，分布式数据库允许用户更快地访问数据。这是因为数据被分成较小的块并存储在多个服务器上，从而实现更快的访问和检索。这提高了整体性能和用户满意度。

其次，分布式数据库提供了改善的可扩展性和可用性。由于数据分散在多个服务器上，随着数据量的增加，可以轻松地进行扩展而无需从头开始。此外，如果一个服务器出现故障，其他服务器将继续运行，以便数据仍然可用。这提高了系统的可靠性和数据的安全性。

最后，分布式数据库具有改善的容错性。这是因为数据在多个服务器上进行镜像，从而降低了由于单个服务器故障而导致数据丢失或损坏的风险。有了这个系统，即使一个服务器失败，数据仍然是安全和可访问的。"	None
"“在需要快速响应或大规模客户支持的情况下，聊天机器人比人类助手更有用，例如客户查询、销售询问或金融交易。聊天机器人可以提供即时、准确和个性化的响应，帮助自动化客户服务任务，让用户快速、方便地获取所需信息。

例如，在客户服务设置中，聊天机器人可以询问客户的问题，收集客户的所有必要数据，然后为客户提供解决方案或将其引导到适当的渠道以获得进一步支持。这为客户和人类客户服务代表节省了时间，因为聊天机器人可以更快、更有效地回答客户的问题。

此外，聊天机器人还可以用于大规模客户支持和营销。例如，聊天机器人可以用于向客户发送定向促销或个性化消息，帮助企业快速、轻松地接触客户，而无需使用大量客户服务人员。这可以帮助企业完善其客户外联策略并增强客户服务。”"	None
"""Julia是一种高级通用编程语言，旨在易于阅读和编写，并允许用户简洁明了地表达操作。它将动态语言的速度和表达能力与静态类型的效率和安全性相结合。Julia的多重分派功能使用户能够仅使用一种代码编写高效的通用算法。它还具有强大的并行和分布式计算支持，使其能够快速高效地处理大型数据集。Julia具有强大的模块系统，允许用户使用来自各个领域的工具和算法扩展基础语言，包括机器学习、数据分析和可视化、Web编程、网络编程和机器人技术。Julia还包括一个优化的即时编译器（JIT），使其能够生成接近静态类型语言的本地代码，并与C或Fortran相当。

总的来说，Julia是一种功能强大、可靠且高性能的编程语言，专为技术计算而设计，使其成为数据科学、机器学习和其他数学密集型应用的理想选择。"""	None
"“文科教育的价值

文科教育常被认为是一种过时的教育形式，对现代社会的实际应用有限。然而，文科教育具有许多好处，可以让你在生活中获得优势。文科教育可以提供技能、知识和经验，帮助你充分发挥潜力，创造成功、有意义的未来。

文科教育最明显的优势之一是，你可以发展批判性思维和做出明智决策的能力。在文科课程中，没有“一刀切”的学习方法；相反，你学会了独立思考、分析问题和创造解决方案。这种宝贵的经验在任何职业中都能帮助你做出决策、解决困难问题并理解周围的世界。

文科教育还给你提供了探索各种主题的机会，让你获得全面的教育。这使你能够更深入地了解某个特定主题，如历史、音乐、艺术或文学，并且还可以提供对你可能不会追求的主题的见解。随着你接触不同的主题，你会发展出识别模式、在各种主题之间建立联系并获得独特视角的能力。

最后，文科教育还给你与同龄人一起工作和学习的机会。通过讨论、辩论和建设性的批评，你能够从具有不同背景、信仰和观点的其他学生中学习。这种经验可以帮助你拓宽世界观，提高你的沟通和人际交往能力，并最终让你更好地理解全球问题。

文科教育是无价的，不应被那些认为它已经过时的人所忽视。它可以为你在各种领域取得成功提供必要的技能和知识，并为你提供可以在整个生命中使用的经验。无论你选择从事科学、人文或艺术职业，文科教育都可以为你提供达到全面发展的优势。”"	None
"随着世界日益数字化，技术正在成为日常生活的一部分。这包括在医疗保健、物流、交通和刑事司法系统等领域使用人工智能（AI）。 AI有可能协助减少犯罪，提高法庭效率并改革刑事司法系统。

AI有能力帮助警察部队降低犯罪率。 AI可以用于CCTV系统中以检测可疑行为并通知当局。 AI还可以用于分析犯罪趋势和检测模式，以便警察可以预测并找出犯罪可能发生的地点。此外，AI还可以用于帮助执法机构预测和防止犯罪活动，以及识别嫌疑人。

AI还可以用于减轻法院的负担。 AI可以快速准确地分析证据，以减轻法官和陪审团的工作量。 AI甚至可以预测陪审团的决定，以帮助法庭达成和解。 AI还可以用于跟踪和监控缓刑犯，节省时间和金钱。

最后，AI可以用于帮助改革刑事司法系统。 AI可以用于分析和识别系统中的问题并提出潜在解决方案。例如，AI可以用于检测司法系统中的种族主义和歧视，以及创建更公正的法庭裁决和判决。

总的来说，AI有潜力彻底改革刑事司法系统，使其更加高效、公正和公正。从预测犯罪活动到促进更公正的法庭决定，AI可以帮助减少犯罪，为法院带来效率和准确性，并改革刑事司法系统。"	None
"“人工智能（AI）是计算机科学的一个领域，涉及创建能够从数据和经验中学习的智能机器。AI是一个快速发展的领域，影响着我们生活的许多方面，从我们的交流方式到我们的工作和生活方式。AI承诺解决我们最紧迫的全球挑战之一，例如开发新的疾病治疗方法，提高能源效率和减少人类的苦难。

近年来，AI技术迅速发展，并在许多领域越来越普遍。例如，AI系统可以用于解释图像或文本以确定含义并提供信息。此外，AI可以用于机器人中，以提高安全性，减少对人工劳动的需求，并预测需求和请求。甚至在医学诊断中也使用AI来更准确快速地识别症状。

AI革命各行各业的潜力是巨大的。AI可以用于自动化繁琐、耗时的任务，释放人类去做更有创造性和解决问题的工作。此外，AI可以提供有关客户行为的见解，这些见解可以用于优化营销活动，改善客户服务并创建更个性化的体验。AI还可以用于检测在线欺诈和其他网络安全威胁。

尽管AI具有令人兴奋的潜力，但重要的是要记住，它只有输入的数据一样好。AI算法必须经过精心开发，特别是当它们用于对人们生活有重大影响的应用程序时。此外，为了确保AI的积极和广泛影响，我们还必须确保它对每个人都是可访问的，而不仅仅是那些具有资源、知识和技术来利用其优势的人。

总之，AI是一种非常强大的技术，有潜力大大改善我们生活的许多方面，但也存在一些潜在的陷阱必须解决。通过精心开发AI算法，使AI对每个人都可访问，并努力实现积极、广泛的影响，我们可以确保AI为我们带来更美好的未来。”"	None
"全球变暖是当今世界面临的一种存在威胁。它是由于大气中温室气体的积累导致全球平均温度升高，从而导致气候模式、海平面和极端天气事件的变化。大多数人为温室气体来自于化石燃料的燃烧、森林砍伐和其他释放二氧化碳进入大气的人类活动。

化石燃料是全球变暖的最大贡献因素。当这些燃料燃烧时，它们储存的碳被释放为二氧化碳和其他污染物，这些污染物会在大气中形成温室效应，增加全球温度。这进一步导致了一个恶性循环，释放更多的碳导致进一步的升温。除了长期的人为影响外，自然事件如火山爆发和地球轨道的变化也可能导致变暖，但这些过程需要更长的时间，因此不是当前快速全球变暖的原因。

全球变暖的影响是广泛的，可能导致全球气候的严重变化。例如，温度升高可能导致极地冰盖融化，导致海平面上升并淹没沿海地区。此外，极端天气条件将变得更加普遍，导致致命的洪水、干旱和其他与天气有关的灾害。更令人担忧的是，全球变暖可能会引发环境的突然和不可逆转的变化，对全球气候、经济和人类健康产生重大的不利影响。因此，需要采取更积极的措施来减少全球碳排放，以减轻全球变暖的影响。 "	None
“这段文本的语气是关切的，认识到COVID-19大流行对世界所造成的巨大影响。它承认了病毒所引起的动荡，以及我们的生活已经发生了巨大变化。”	None
句子末尾应该使用问号（？）。	None
“猫狗天”这个习语意味着雨下得很大。	None
句子中两个词的关系是比较。	None
这个陈述背后的概念是慷慨和利他主义。	None
这是一个描述性的句子。	None
"'![alt text](https://i.imgur.com/feA1JWS.png)'

这是一段代码，无法翻译成中文。它显示了一张图片。"	None
这句话不正确，应该重写为“他们一点都不好”。	None
这段文字是暴风雨和悬疑类型的例子。	None
“Wind”是不同寻常的词。	None
"'def isBST(root):
如果根节点为空：
	返回真

如果左子节点不为空且左子节点的值大于根节点的值：
	返回假

如果右子节点不为空且右子节点的值小于根节点的值：
	返回假

返回左子树和右子树是否为二叉搜索树的布尔值'"	None
"""定义函数lcm(a, b)：
  如果a>b，则greater=a
  否则，greater=b
  while(True)：
    如果(greater%a==0)且(greater%b==0)：
      lcm=greater
      break
    greater+=1
  返回lcm

print(lcm(15, 18))
# 输出：90"""	None
"""删除指定元素后的数组为：[1, 3, 6, 7]."""	None
"'a. 将指针设置为数组中的第一个元素
b. 将指针设置为数组中的最后一个元素
c. 当低指针小于高指针时
d. 如果低指针处的元素高于高指针处的元素
  i. 交换这两个元素
  ii. 将低指针加1
  iii. 将高指针减1
e. 重复步骤c，直到低指针等于或高于高指针
f. 使用相同的方法对两个指针之间的子数组进行排序
g. 重复以上步骤，直到子数组完全排序'"	None
"'1. 将未排序的列表设置为[5, 3, 9, 1]
2. 遍历未排序的列表
3. 比较未排序[i]和未排序[i+1]
4. 如果未排序[i]>未排序[i+1]，则交换它们
5. 重复步骤3到4，直到列表末尾
6. 观察列表现在已经排序。'"	None
"'""""""
反转数字列表的函数
""""""

def reverse_list(input_list):
    reverse_list = input_list.copy()
    reverse_list.reverse()
    return reverse_list

if __name__ == '__main__':
    l = [1, 2, 3, 4, 5]
    print(reverse_list(l))
    # 输出: [5, 4, 3, 2, 1]'"	None
"'""""""
计算字符串中字符频率的函数
""""""

function countCharacterFrequency(string) {
    let freqObj = {};
    for (let c of string) {
        if (freqObj[c]) {
            freqObj[c]++;
        } else {
            freqObj[c] = 1;
        }
    }
    return freqObj;
}

if __name__ == '__main__':
    str = ""hello world"";
    console.log(countCharacterFrequency(str));
    // 输出: { h: 1, e: 1, l: 3, o: 2, w: 1, r: 1, d: 1 }'"	None
"'""""""
将摄氏度转换为华氏度的脚本
""""""

def celsius_to_fahrenheit(celsius):
    return celsius * 9/5 + 32

if __name__ == '__main__':
    celsius = 37
    print(celsius_to_fahrenheit(celsius))
    # 输出: 98.6'"	None
"'import random
def random_array(n):
    arr = []
    for i in range(n):
        arr.append(random.randint(0, 100))
    return arr'
中文翻译：'导入随机模块
def random_array(n):
    arr = []
    for i in range(n):
        arr.append(random.randint(0, 100))
    return arr'"	None
"'def sum_numbers(x, y):
    """"""
    返回两个数字的和。
    
    参数
    ----------
    x : int
        第一个数字
    y : int
        第二个数字

    返回值
    -------
    int
        两个数字的和
    """"""
    return x + y'"	None
"""森林砍伐是清除和移除森林的过程。森林砍伐的后果包括土壤侵蚀、水质下降、生物多样性减少、大气中二氧化碳增加和野生动物栖息地的丧失。当帮助保持水和土壤的树木被移除时，土壤侵蚀就会发生，导致土壤颗粒被冲走。这可能会导致河流和溪流淤积，影响水质并导致洪水。此外，当树木被移除时，野生动物失去了它们的栖息地。这可能导致物种濒临灭绝，进一步导致生物多样性的损失。森林砍伐还可能导致大气中二氧化碳增加，因为光合作用期间吸收气体的树木减少，这可能会导致气候变化。"""	None
“最近的一项研究表明，全球气候变化是世界上最紧迫的问题之一。除了海平面上升、极端天气事件和生物多样性丧失外，它主要是由人类活动如燃烧化石燃料引起的。如果不加控制，气候变化将产生深远而毁灭性的后果。”	None
气候变化对环境和地球上所有生命都产生了深远的影响。它导致全球气温升高，极端天气变化如洪涝和干旱，以及海平面上升。除了这些物理影响外，气候变化还会产生情感影响。它会导致焦虑和压力，因为人们担心未知和潜在的破坏。最后，它不成比例地影响低收入家庭，这些家庭没有资源来获取清洁能源和适应不断变化的环境。	None
寒冷温度引起的四种疾病是体温过低、冻伤、冻疮和战壕足。体温低于95°F时会出现体温过低，可能导致器官衰竭。冻伤是一种由寒冷引起的损伤，皮肤部分冻结，可能导致组织损失甚至截肢。冻疮是由于暴露在寒冷环境中引起的瘙痒和疼痛的皮肤疹。最后，战壕足是由于长时间暴露在潮湿和寒冷的环境中引起的极度不适甚至感染。	None
“冠状病毒是一种病毒，可以引起从普通感冒到严重疾病（如中东呼吸综合症（MERS）和严重急性呼吸综合症（SARS））的疾病。该病毒因其表面上类似皇冠的尖刺而得名。它主要通过与感染者的密切接触传播，通过咳嗽或打喷嚏后从鼻子或口中释放的小水滴传播。症状可以包括发热、疲劳和干咳。在严重病例中，它可以导致呼吸困难、肺炎、肾衰竭甚至死亡。”	None
“森林砍伐对野生动物有一系列的后果，包括栖息地的丧失、生态系统和食物链的破坏、物种的迁移、竞争的加剧以及易受捕食的风险增加。此外，森林砍伐还可能增加气候变化的风险，导致温度变化和不可预测的天气模式，进一步破坏野生动物的栖息地。”	None
“吸烟会导致多种疾病，包括癌症、肺气肿、慢性支气管炎、心脏病、中风和糖尿病。此外，吸烟还会增加患上肺炎、哮喘和支气管炎等呼吸系统疾病的风险，同时还会增加婴儿出生缺陷和发育迟缓的风险。”	None
"“2019年12月：中国武汉报告首例病例
2020年1月：冠状病毒传播到多个国家
2020年2月：世界卫生组织宣布公共卫生紧急状态
2020年3月：COVID-19被宣布为全球大流行病
2020年4月：许多国家开始重新开放
2020年5月：疫苗研究和开发开始
2020年6月：世界卫生组织宣布开始向低收入国家分发疫苗
2020年7月：发达国家开始接种疫苗
2020年8月：美国开始进行疫苗试验
2020年9月：出现新的病毒变种
2020年10月：全球病例超过4000万
2020年11月：美国开始疫苗接种
2020年12月：病例数达到历史最高水平。”"	None
“北极地区正在经历前所未有的高温，这表明气候变化对敏感的极地环境产生了影响。”	None
“最近的研究表明，气候变化正在加剧，全球气温和海平面上升，导致更加极端的天气和与自然灾害相关的风险增加。”	None
“有许多减少空气污染的方法，例如转向可再生能源，鼓励使用公共交通工具，禁止燃烧化石燃料，实施减少工业源排放的政策，以及实施车辆排放标准。此外，个人可以通过减少汽车使用、避免燃烧木材和更换节能电器等方式来减少空气污染。”	None
“减少家庭用电可以采用多种策略。这些策略包括用节能的LED灯泡替换低效的灯泡，不使用电器和电子设备时拔掉插头，尽可能使用自然光而非电灯，使用无触碰水龙头减少热水器的使用，使用智能恒温器自动监测和调节温度，安装太阳能热水器，以及不使用电子设备时关闭它们。此外，确保正确安装和密封窗户和门以减少空气泄漏也有助于减少用电量。”	None
"- 对工业废物处理实施更严格的监管
- 增加使用绿色技术进行废水处理
- 给减少用水和减少废弃物产生的企业提供激励措施
- 教育公民节约用水和防止污染
- 提供回收计划以减少塑料废弃物
- 用可生物降解的替代品替换一次性塑料制品
- 改善下水道系统
- 重新引入本地植物物种
- 培育人工湿地和绿色基础设施
- 在水处理厂提供过滤系统
- 实施农业径流的最佳实践
- 增加水质研究和监测
- 在水生环境和陆地活动之间建立缓冲区。"	None
“随着全球寻求应对气候变化的解决方案，可再生能源的使用正迅速增长并变得越来越重要。太阳能、风能和水力发电等可再生能源是可持续的，对环境的影响比传统能源如煤炭和石油要小得多。转向可再生能源可以减少碳排放，改善空气质量，减少对非可再生资源的依赖，并提供稳定和安全的能源未来。可再生能源对于实现可持续发展至关重要，应成为任何国家能源组合的重要组成部分。”	None
"""回收纸张的三种方法是：
1. 堆肥：将纸张分解成类似土壤的物质。
2. 再利用：使用纸张制作新的基于纸张的产品或手工艺品。
3. 能源生产：在焚化炉或气化厂中使用纸张产生电力。"""	None
“可再生能源，如太阳能、风能和水力发电，提供了一种清洁、可靠和可再生的能源来源。它们减少了我们对非可再生能源（如煤炭和石油）的依赖，同时减少了有害排放。可再生能源也具有成本效益，并在当地社区创造就业机会，同时有助于减少全球变暖。此外，它们可以用于在偏远地区发电，减轻了昂贵的基础设施和运输的需求。”	None
“风能具有多种环境优势，因为它是一种可再生能源，不会产生任何排放物。风力涡轮机可以减少温室气体排放，减少我们对化石燃料的依赖，并对全球气候变化产生积极影响。风力涡轮机还可以帮助减少空气污染，因为它们不是通过燃烧化石燃料来发电的。此外，风力涡轮机对栖息地的影响很小，因为它们可以安置在远离敏感栖息地的区域，如鸟类筑巢地。”	None
"可持续能源是指从不会枯竭且可再生的能源来源中获取的能量。这些来源包括太阳能、风能、生物质能、地热能和海洋波浪能。可持续能源提供了丰富的能量，不会对环境造成损害。它还导致了对耗尽资源的依赖减少，以及废物和排放物的减少。

使用可持续能源可以在长期内节省大量资金，因为它不需要生产，因此不再需要化石燃料。可再生能源在传统能源不可获得的地区特别有用，在传统能源会对环境造成损害的地区，如沿海地区和大量林业的地区，也非常有用。

可持续能源有助于减少温室气体排放，从而有助于缓解气候变化。它比传统能源更加高效，不需要大量的安装成本。此外，它不需要大量的土地用于安装，允许大部分能源和资源在本地使用，这有助于创造就业机会和刺激地方经济。

总的来说，可持续能源对于节省资金、保护环境以及为所有人提供健康繁荣的未来非常重要。"	None
“使用环保型洗涤剂和肥皂是减少水污染的一种方式。”	None
“塑料袋对环境的影响是显著的。塑料袋是一种一次性塑料，不可生物降解，意味着当它们被丢弃时，它们不会分解或腐烂。它们是塑料污染的重要组成部分，可能会堵塞水道，污染海洋，并对填埋场做出贡献。此外，塑料袋还可能是化学污染的来源，因为许多塑料袋中含有可以渗入环境中的物质。”	None
"""她颤抖着打开门，期待着见到她的朋友。然而，门口站着一个被黑暗笼罩的高大身影。被这个意外的存在吓了一跳，她向后退缩，心脏怦怦直跳。那个身影没有发出任何声音，静静地站着，似乎陷入了沉思。她想开口说话，但在她能说出一句话之前，那个身影向前迈了一步，手中露出一朵玫瑰。接过玫瑰，她感到一种无法解释的强烈感觉，一种未知的感觉。"""	None
"大自然的美丽永远是如此宏伟，
一幅令人惊叹的景象遍布大地。
天空在上，大地在下，
如此之多的景象，没有一只眼睛能够理解。

树木伸展向天空的要求，
花儿的舞蹈像一支奇怪的乐队，
听那风的轻声低语，
它在大自然的命令下拂动着树叶。

河流弯曲、奔流不息，
像一场甜蜜而不起眼的演出，
太阳隐藏在薄雾中，多么辉煌的光芒，
它投射出它的温暖，融入它的怀抱。

哦，大自然的美丽，永远宏伟，
一个激励人心的愿景，带着巨大的喜悦。"	None
太阳正在地平线上落下，用鲜艳的橙色、黄色和粉色调色板绘制着天空。橙色的色调在闪烁的海洋中得到了反射，创造出令人惊叹和宁静的景象。咸咸的海风从海面吹来，海浪拍打着岩石，创造出一种舒缓的声音合唱。	None
"1. 鹿在地上吃掉了它的橡子。
2. 我们徒步爬到山顶，可以看到数英里远的景色。
3. 他买了一艘船在广阔的海洋中航行。"	None
"威廉·华兹华斯的《水仙花》。

我独自漫步，如同漂浮在山谷和山丘上的云彩，
突然间，我看到了一群，一群金色的水仙花；
在湖畔，在树下，
随风飘荡，翩翩起舞。"	None
他望向地平线，看到一片静谧的景象，只有海浪轻轻拍打着海岸线，美得让他心痛。他知道自己已经有一段时间没有走出城市的喧嚣，享受大自然的宁静了。但现在，他终于踏上了这片偏远的海滩，被辉煌的寂静所包围。这是他一直渴望的放松，也是摆脱烦恼的绝佳机会。	None
"""美丽的天空是一曲蓝色的交响乐，
大自然的奇迹总是在眼前。
树木和花朵，它们充满了空气，
我们的星球是我们共同分享的奇迹。
轻柔的微风，带来新的生命，
因为在大自然中，我们看到了勇敢和真实的景象。"""	None
"1. 雷声如军队的鼓声，敲打着激烈的战争进行曲。
2. 狂暴的风声像是一只野蛮的、尖叫的女妖。
3. 闪电照亮了夜空，像是一百万颗闪闪发光的钻石。"	None
"一条蜿蜒的河流穿过小镇，
温柔而强大，优雅而恒久，
它闪耀着如皇冠上的钻石般的光芒，
自由地流淌，迅速、欢快、响亮。

它带来了每一次的涨落的清新和生命，
给绿色的田野、花园和下面的一切带来了生机，
人们感受到它的存在，无论他们走到哪里，
它制造出美妙的音乐，潺潺低语。

这条河流沿着蜿蜒的路线弯曲前行，
日复一日地丰富着它经过的每一个地方，
给它遇见的每一个人带来善意和生命 -
它带来希望和欢乐，用它的轻柔的节拍。"	None
"世界不断地旋转，
一次又一次。
旧的复苏，
新的诞生。

春天带来了阳光的温暖，
随着寒冷的融化和花朵的绽放。
夏天绽放着明亮的日子，
逃离寒冬的苦难。

秋天接管了一整年，
日子虽然凉爽，但没有什么可怕的。
冬天将世界笼罩在黑暗中，
唤起我们失去的记忆。"	None
"""3x + 5y - 9 = 0"" 的中文翻译是 ""3x + 5y - 9 = 0""。"	None
"""y = [1, 4, 9, 16]"" 的中文翻译是：y = [1, 4, 9, 16]。"	None
'2x^2 - 5x + 3x + 15 = 2x^2 + 8x + 15.' 的中文翻译为：'2x的平方减去5x再加上3x再加上15等于2x的平方加上8x再加上15。'	None
"""y = mx + b"" 的中文翻译是：y等于斜率m乘以x再加上截距b。"	None
"""2 + 3 = 5."" 的中文翻译是 ""2加3等于5。""。"	None
"""x = 2
y = 3"" 的中文翻译是：x等于2，y等于3。"	None
"""(1/2)x^3 - (1/3)x^2 + 2x - 3."" 的中文翻译是：""(1/2)x的三次方减去(1/3)x的二次方加2x减3""。"	None
"""dy/dx = 3x^2 + 2x"" 的中文翻译是 ""dy/dx = 3x² + 2x""。"	None
"""for i in range(1,11):
    print(i)"" 的中文翻译是：

""使用循环从1到10输出每个数字。"""	None
"""10 x 6 = 60
11 x 8 = 88
12 x 5 = 60"" 的中文翻译为：
""10 x 6 = 60
11 x 8 = 88
12 x 5 = 60"""	None
在加利福尼亚州洛杉矶，我建议去Rossoblu意大利餐厅。	None
“介绍我们的新款超级清爽水果冰沙！这款冰沙仅由最新鲜的水果制成，是保持精力充沛和获得每日所需营养的美味途径。今天就来尝尝吧！#冰沙 #水果冰沙 #清爽”	None
“这道菜肴鲜美多汁，令人垂涎欲滴。”	None
“我最近去了La Taqueria，我非常印象深刻。食物非常美味，服务也非常出色。氛围舒适宜人，员工友好且关注所有顾客。总的来说，我强烈推荐La Taqueria，享受美味、满足的用餐体验。”	None
"""今天我第一次去这个洗车店，非常印象深刻。员工友好热情，场所看起来非常干净整洁。整个过程快速高效，车子洗完后就像新的一样。强烈推荐！"""	None
“这道菜很美味，服务也非常出色。”	None
“日本料理以其微妙而细腻的口味为特色，融合了咸、甜、酸和鲜味。它还注重使用新鲜的食材，保留它们的自然风味。”	None
布鲁克林最近的餐厅是位于719 Myrtle Avenue, Brooklyn, NY 11205的Nju是受欢迎的中餐厅。	None
"""一个完美的放松和休息的地方 - 一杯咖啡和一个舒适的咖啡馆。"""	None
“儿童派对的主题活动可以包括脸部彩绘、化妆、寻宝游戏、音乐椅、艺术和手工制作站、像捉迷藏这样的派对游戏，以及装满小吃的彩纸屑球。对于食物和饮料，你可以包括健康的选择，如小蔬菜拼盘、彩色纸杯蛋糕和果汁，以及爆米花、薯片和冰淇淋。”	None
我们正在寻找一位数据分析顾问来支持我们的运营。该顾问将制定策略，以理解、解释和利用数据洞察。该顾问应具备数据可视化和仪表板开发、机器学习以及向内部和外部利益相关者传达数据洞察的经验。理想的候选人将具有出色的解决问题的能力，注重细节，并能够自信地与不同层次的利益相关者合作。	None
约翰是一名软件工程师，已经编程了5年。每天他早早起床，准备迎接新的一天。他会先吃个快速的早餐，然后跳进编程的世界，创建新项目和修复现有的错误。几个小时后，他会休息一下，在桌子上吃午饭，与同事讨论新想法，集思广益解决遇到的任何棘手问题。下午到来，约翰专注于他的代码，处理最复杂的问题，同时密切关注潜在的改进。他的一天会以轻松的阅读结束，学习新的编程语言，以确保自己跟上最新的行业进展。这样，他的一天就结束了。	None
“公共演讲的三个技巧包括：1）提前准备，通过排练演讲和熟悉话题来准备；2）清晰地讲话，使用停顿来强调重要的观点；3）练习与观众进行眼神交流，更好地吸引他们的注意力。”	None
一个成功的销售演讲应该吸引潜在买家，因为吸引他们有助于建立信任和关系。当潜在买家被吸引时，他们更有可能听取销售人员的意见，并理解产品或服务所提供的价值和好处。一个引人入胜的销售演讲也更有可能帮助潜在买家得出结论，因为他们更有可能积极参与对话。吸引潜在买家还有助于销售人员了解他们的潜在客户以及如何最好地为他们的需求量身定制演讲。	None
拥有一位导师可以带来巨大的好处，包括指导、建议、支持和联系人脉。导师可以提供有价值的反馈，帮助制定目标和策略，并提供必要的责任感来实现所需的目标。他们还可以提供新的视角，帮助创造新的想法和解决方案。	None
"写一篇10页论文的步骤包括：
1. 收集和研究信息
2. 为论文规划一个逻辑结构
3. 写出论文的提纲
4. 写出引言和正文段落
5. 撰写一个引人入胜的结论
6. 重写和完善论文
7. 编辑和校对论文。"	None
“撰写求职信是求职过程中的重要步骤，因为它让雇主有机会了解申请人更多的信息。它可以用来展示对职位、公司和行业的了解，同时展示相关的技能和经验。一封好的求职信还可以提供专业的第一印象，这可以让申请人在其他求职者中获得竞争优势。”	None
"1. 对话要简洁明了，用尽可能少的词语表达你的意思。
2. 每个角色应该有独特的语言风格和词汇，基于他们的背景和个性。
3. 对话应该有助于发展角色和推进情节。避免无意义的闲聊和没有贡献于故事的交流。"	None
"写作一篇文章的五个步骤包括：
1. 思考想法并选择一个主题。
2. 用引言、正文和结论构建文章的结构。
3. 收集资料、阅读和研究。
4. 写草稿并进行修改。
5. 编辑和校对文章。"	None
这个在线课程将为学生提供必要的技能和工具，以提高他们的自信心和听众的信心，从而有效而无畏地发表演讲、展示和其他公共演讲。	None
"""可及物的。"""	None
"""真的。"""	None
"""消极的。"""	None
"""明天会下雨吗？"""	None
"""168平方厘米""。"	None
"""施与者。"""	None
"""消极的。"""	None
"""展现你的风格。"""	None
"""甜滑的蛇。"""	None
"""未来完成时。"""	None
““Go Fish”是一个适合10岁孩子生日派对的卡牌游戏。它很容易学习，对所有人都很有趣。”	None
这个游戏需要两个玩家轮流在一个6x6的棋盘上下棋。每个玩家有两个棋子，其中一个是国王，另一个是将军。目标是让你的国王到达棋盘的另一侧，同时保护将军，防止被对手拿走。棋子有不同的能力，国王可以朝任何方向移动，而将军只能朝任何方向移动一格。当一个玩家的国王到达对手的棋盘另一侧时，游戏就赢了。游戏的策略涉及提前规划和做出明智的移动，以确保你的棋子不会被对手捕获。第一个捕获对手国王的玩家获胜。	None
“对于家庭游戏之夜，可以考虑设置一个动作字谜或画画游戏，一个经典的桌游之夜，例如知识问答或大富翁，或者一个马里奥卡丁车或PlayStation的比赛。此外，家庭游戏之夜还可以包括纸牌游戏，例如Go Fish或Crazy Eights，拼图或知识问答挑战。”	None
"“1. 每个玩家必须在10回合内建造一个建筑。
2. 第一个建造任何类型建筑的玩家将获得奖励。
3. 任何两个玩家不能在彼此建造建筑的30回合内建造相同的建筑。”"	None
足球是一项团队运动，场地为矩形，每队有11名球员，试图将球射入对方的球门。球员可以使用身体的任何部位，除了手和臂，来移动球并传给队友。比赛90分钟结束时进球最多的队伍获胜。如果比分相同，可能会进行额外时间或点球大战。	None
从标准的52张牌的牌组中抽到2的概率是1/13或7.69%。	None
一个提供教育游戏的应用程序，允许用户相互连接和挑战。玩家可以创建自定义关卡，查看排行榜和排名，并可以访问教育游戏库。参加教育游戏比赛可以获得奖励和经验值。	None
"""<picture src=""endangered_game.jpg"">

<caption>一张移动游戏《拯救物种》的图片。游戏玩法包括控制濒危动物穿越2D世界，了解它们及其栖息地，寻找不同的拯救方式并完成任务。</caption>"""	None
“断指游戏”是一款可以用纸和笔玩的双人游戏。玩家在纸上画一个方格网，给每个方格标上一个数字，然后轮流给每个方格分配字母。如果一个玩家完成了四个字母的横向、纵向或对角线，那么他们就得分。第一个达到五个得分的玩家获胜。	None
玩家应该能够使用键盘或鼠标在游戏环境中移动。移动应该是直观的，玩家应该能够向任何方向移动，包括上下左右。此外，为了更加逼真的移动，玩家应该能够在任何方向上对角线移动，并能够跳跃或奔跑。为了帮助玩家定位，环境应该提供地标或其他导航辅助工具的视觉线索。	None
这幅画描绘了一个美丽的日子里，绵延起伏的山丘和一条蜿蜒穿过地形的河流的广阔景象。	None
格雷瓦是小说《日出》中权力腐化的典型例子。作为矿业公司中唯一一位升至高层的矿工，格雷瓦为了自己的利益而背叛了他的前同志。他从一个忠诚善良的矿工变成了一个冷酷的监工，喜欢压制矿工的精神，并因为微小的过错惩罚他们。他的转变生动地说明了那些被权力腐蚀的人有比以前更加无情和残忍的能力，他的经历概括了“权力腐化”的主题。	None
这首诗《我们走出夜晚》涉及爱、孤独和夜空之美的主题。星星像孤独一样哭泣的意象暗示了一种忧郁的情感，暗示着爱既是必要和可取的，但也可能是困难和痛苦的。这可以象征生命的过渡性质和在世界中找到自己位置的困难。	None
《神奈川冲浪里》是日本艺术家葛饰北斋于1830年代初期创作的木刻版画，描绘了一股强大的海浪在前景中拍打，背景中可以看到三艘船和富士山。这幅画独特的色彩和颗粒状的笔触风格强调了巨浪运动的力量和敬畏之情。	None
这首诗的主题是表达爱意。诗人说接收这些话的人就像糖一样甜。这首诗有浪漫的感觉，表达了对另一个人的欣赏。	None
这首诗描述了一种浪漫的爱情，就像一年四季不断开放的玫瑰一样永恒。玫瑰也是美丽和爱情的象征，因此诗人传达了两人之间的爱情是坚固、美丽和持久的。	None
约翰·邓恩的诗歌《日出》向太阳提出了一个论点，即即使日出不可见，诗人和他的爱人也能在他们的爱中感到满足，因此太阳的光线并不需要。他声称他和他的爱人构成了“世界”，他们的爱将会持续下去，即使太阳释放出它的光。诗歌以向太阳保证他们的爱将永存，即使太阳撤回它的光，他们的世界也将保持不变而结束。	None
"在菲利普·拉金的诗歌《树》中，叙述者反思了自然之美，同时也传达了一种悲伤和哀思。整首诗中，树象征着人生的旅程，包括它的美丽和悲伤。 ""新近的芽"" 代表新的开始和生命的脆弱。叙述者承认生命既美好又悲伤，因为 ""绿色"" 传达了喜悦和悲伤。这首诗最终传达了生命的悲伤，但也带来了希望。"	None
这首诗象征着浪漫的爱情，玫瑰代表着美丽、爱情和成长。玫瑰也是女性美丽的传统象征。这首诗还暗示着，如果用心呵护，爱情就像玫瑰一样会继续成长和开放。	None
这篇作品以诗意的风格创作。	None
基于规则的文本处理是基于手工制定的规则来理解文本的。它依赖于人类专家来定义规则，这可能需要大量的时间和精力。它能够准确地解析和操作文本，但在准确性和速度方面存在局限性。基于深度学习的文本处理使用算法从数据集中学习并从文本中提取模式。它能够以高精度和比基于规则的文本处理快得多的速度处理文本。深度学习模型也更加灵活，可以轻松适应不同的任务。因此，深度学习更适合于更复杂的文本处理任务。	None
本文介绍了一种新的深度学习技术——生成自动小波（GAW），它结合了自编码器和小波变换，用于压缩和提取文本中的相关特征，以用于自然语言处理任务。	None
机器学习是人工智能的一个子集，它使用算法从数据中学习并在没有明确人类编程的情况下提高任务的性能。深度学习是一种机器学习类型，它使用人工神经网络从大量数据中学习并进行预测。深度学习比传统机器学习更强大和准确，但也需要更多的计算能力。	None
人类大脑通过神经元网络和突触连接来存储信息。当经历被记忆或回忆时，这些突触会增加神经元之间的连接，这就是记忆编码和存储的方式。此外，海马体作为大脑的门户，有助于干预记忆的形成和回忆。	None
物联网（IoT）利用连接到互联网的物理传感器和设备收集数据并自动化处理。这些设备可以相互交互并发送数据进行处理和分析。这样可以实现高效和复杂的监控和控制，从而增加自动化、洞察力和响应能力。	None
“机器学习可以用于自动化枯燥的任务，如文档分类、情感分析、预测分析和自然语言处理。这些任务对人类来说可能很繁琐且耗时，但机器学习算法可以快速准确地执行它们。机器学习还可以用于更复杂的任务，如物体识别和自动驾驶，这需要先进的算法和大量的数据。机器学习使得许多原本需要手动完成的任务自动化，节省时间和精力。”	None
“分析技术可以应用于体育运动中，以更好地了解团队和球员的表现。数据可以用于识别比赛中的趋势，例如哪些球员在不同情况下最成功，哪些策略最有效，以及如何优化团队的表现。分析技术还可以用于监测球员的健康和福利，使教练能够更好地管理球员的疲劳和预防受伤。”	None
“技术在许多方面改变了教育，例如为学生提供更好的学习材料，使教育工作者能够根据每个学生的个体需求量身定制课程，并使学生更容易地与其他学生合作。例如，在线课程管理软件可用于组织课程内容，提供作业和评分机会，并促进与学生的交流。”	None
虽然机器学习和深度学习都是人工智能的子领域，但两者之间存在差异。机器学习算法依赖于一系列手动制作的特征和标记数据来训练模型。另一方面，深度学习模型能够学习数据点之间的复杂关系，而无需手动进行特征工程。深度学习还能够进行多层次的学习，意味着它可以学习数据中的多个抽象和关系，而机器学习通常只能进行单层次的学习。此外，深度学习模型最近在许多任务上取得了令人印象深刻的结果，如物体识别和自然语言处理。	None
机器学习是人工智能的一个应用，它使系统能够在不需要明确编程的情况下自动学习和改进。这个机器学习的过程涉及数据挖掘技术，可以预测结果、识别模式和分类数据，而不需要明确定义规则。	None
她勤奋地工作。	None
我喜欢去徒步旅行。	None
她写了一部小说，灵感来自于她的祖父。	None
她充满热情，就像得到了一股能量的推动。	None
她在追求卓越的道路上不屈不挠。	None
她喜欢在图书馆里阅读书籍。	None
我喜欢阅读。	None
这个人很有同情心。	None
他喜欢听音乐。	None
弹钢琴就像用琴键创作一幅杰作的绘画。	None
这句话表明教育是通向成功的道路或基础。它强调了知识和学习对于成功的生活和职业的重要性。教育不仅仅指正式的教育或资格，还包括获得知识、人生经验和经历。	None
“行动胜于言语”这个短语的意思是，没有相应行动的言语不如行动有意义或有效。它表明，最好用自己的行为来展示自己的信仰，而不仅仅是说出来。	None
作者的主要观点是，为了获得更客观的世界理解，我们必须首先向内看，认识自己的主观价值观和信仰。他们认为，只有通过理解自己的认知偏见和倾向，我们才能希望获得真正客观无偏的世界理解。	None
“省一分钱就等于赚一分钱”这句话的意思是，如果你节省了钱，就像赚了钱一样，因为它让你不必花费它。换句话说，这是一种说法，当你节省钱时，你实际上是在赚钱。它鼓励人们节省他们的钱，并注意他们的节约习惯。	None
通过正念培养韧性和幸福感。	None
例如，A人在一次考试中得了不满意的成绩，他们立刻责怪B人没有给他们足够的帮助。	None
“如今的就业市场就像一片雷区 - 雇主是被派去巡逻的士兵，而求职者则是金属探测器，小心翼翼地经历一个又一个的过程，以找到一份适合自己的工作。”	None
“人生就像在一艘帆船上的航行，途中有起有伏，有平静的水域也有暴风雨，沿途还有很多地方可以探索。”	None
“在正确的时间做好一件工作，将会预防以后更困难的问题。”	None
“重要的是要欣赏和享受现在，而不是担心未来。”	None
“开箱即用”一词指的是创新或创造性解决问题的方法或方案。它用于表明特定的解决方案不是传统或典型的方法，而是一种创新的方法。	None
在美国，KIPP是一种“公私合作伙伴关系”。	None
“制作艺术”的正确术语是“工艺技艺”。	None
“蜿蜒曲折地移动，通常是穿过某个区域”是指“蜿蜒”的意思。这个词可以用来描述物理运动，也可以用来描述比喻或哲学上的旅程。”	None
“慷慨的例子是指那些自愿在慈善机构中帮助的人。”	None
"'Ambiguous: 不明确或具有多重含义
Capricious: 不可预测或倾向于突然改变决定
Arbitrate: 通过公正地判断事实并做出决定来解决争端。'"	None
在过去的5年中，“人工智能”这个词汇的流行度稳步增长。根据Google Trends的数据，自2015年以来，该词汇的搜索兴趣增长了22%。该词汇在美国最为流行，通常与计算机科学、机器人技术和自然语言处理等主题相关。	None
“Bemused”意味着轻微的困惑或者被逗乐。它也可以用来描述陷入沉思或者被吓到的状态。	None
“stoic”的反义词是“情感的”。	None
“upcycling”一词指的是将废弃物品重新加工成更高价值的产品或材料的做法。	None
"""Telegram"" 的中文翻译是 ""电报""。"	None
"""0, 2, 3, 4, 8"" 的中文翻译是 ""0，2，3，4，8""。"	None
"""def maxProfit(prices):
    min_price = float('inf')
    max_profit = 0

    for price in prices:
        min_price = min(min_price, price)
        profit = price - min_price
        max_profit = max(max_profit, profit)

    return max_profit""

中文翻译："	None
"""def isRotation(s1, s2):
    if len(s1) != len(s2):
        return False

    s3 = s1 + s1
    return s3.find(s2) != -1""

中文翻译："	None
"""7, 9"" 的中文翻译是 ""7，9""。"	None
“they are”的缩写是“they're”。	None
'333' (这是一个数字，没有具体的中文翻译)	None
X9KAE5（这是一个由字母和数字组成的字符串，没有具体的中文翻译意义）。	None
"""15, 5, 8"" 的中文翻译是 ""15年5月8日""。"	None
"""D-C-B-A-D G-A-G-F-E-D D-C-B-A-D E-G-A-G."" 的中文翻译是：「D-C-B-A-D G-A-G-F-E-D D-C-B-A-D E-G-A-G。」"	None
"- 中国的文化和习俗
- 中国经济的最新发展
- 中国的教育体系
- 中国的政治格局
- 传统和现代中国菜肴的比较
- 中国对国际关系的立场
- 中国的医疗保健系统
- 中国人口对经济的影响"	None
"1. 哪种云朵以山脉命名？
A. 卷云
B. 层云
C. 积云
D. 雨层云

2. 哪种云朵与雨淋有关？
A. 积云
B. 层云
C. 卷云
D. 高层云

3. 哪种云朵常被描述为一堆棉花球？
A. 层云
B. 高层云
C. 积云
D. 雨层云

4. 哪种云朵有最高的垂直生长？
A. 层云
B. 积云
C. 高层云
D. 雨层云

5. 云朵的两个主要成分是什么？
A. 灰尘和水
B. 风和水
C. 空气和水
D. 冰和水"	None
"'1. 增加内容创作。
2. 优化内容以适应搜索引擎。
3. 建立反向链接网络。
4. 利用社交媒体平台。
5. 运行电子邮件营销活动。
6. 制定促销计划。
7. 监控分析数据以跟踪表现。'"	None
这是医生Susan Jones博士的Twitter个人资料，她致力于为患者提供优质的医疗保健服务。在她的先进设施中，Jones博士提供个性化治疗、预防保健和评估，以确保最高水平的护理。她还提供教育内容，帮助患者保持信息和安全。关注她的页面，了解最新的医疗新闻，学习更多关于医疗保健和健康的知识。#DoctorJones #MedicalDoctor #Healthcare #Wellness #HealthyLiving #HealthyLifestyle #MedicalAdvice #HealthTips #HealthEducation #HealthyHabits #MedicalUpdates #Medicine #WellnessTips #PatientSafety #PreventativeCare #Diagnosis #HealthAwareness #Prevention #MedicalTreatment #PrimaryCare #PrimaryCarePhysician #Medicine #MedicineUpdates #WellnessJourney #PersonalizedTreatment #PremiumHealthcare #HealthSeniorCare #HealthSeniorAdvice #AdvanceCarePlanning #DoctorAdvice #DoctorResources #PatientPrivacy #MedicalEthics	None
"「I. 简介
A. 技术的定义
B. 技术对社会的影响

II. 技术的影响
A. 正面影响
B. 负面影响

III. 结论
A. 影响总结
B. 建议」"	None
"1. 乐观
2. 自信
3. 感恩
4. 创造力
5. 同情心"	None
"""软件工程师，专注于开发具有功能性和效率的Web和移动应用程序，具有Java、JavaScript、React.js和HTML/CSS方面的专业知识。负责确保应用程序具有高性能、可扩展性和可维护性。"""	None
"1. 引言
   a. 经济学的定义
   b. 影响全球经济的主要因素概述

2. 经济不稳定的原因
   a. 全球化的影响
   b. 贸易不平衡
   c. 货币汇率
   d. 通货膨胀和通货紧缩

3. 经济趋势的影响
   a. 消费和投资模式的变化
   b. 就业和失业率的影响
   c. 财富分配的转移

4. 结论
   a. 实现经济稳定的解决方案
   b. 克服经济挑战的建议
   c. 全球经济现状的总结"	None
"'1. 提高可扩展性和灵活性
2. 降低成本
3. 增强协作和集中数据访问'"	None
"1. 网络自动化如何优化您的业务
2. 哪些行业应该实施网络自动化？
3. 网络自动化工具和服务概述"	None
"""炒洋葱和大蒜，加盐和胡椒粉。"""	None
"'1. 鸡蛋
2. 牛奶
3. 面包
4. 奶酪
5. 香蕉'"	None
"""花生酱香蕉吐司。只需烤两片你喜欢的面包，涂上花生酱和一层切片香蕉即可。"""	None
"“杂货清单：

- 意大利面：洋葱、大蒜、碎牛肉、罐装番茄、牛至
- 墨西哥玉米饼：碎牛肉、玉米饼、生菜、芝士、番茄、洋葱、鳄梨
- 烤鸡肉：鸡胸肉或鸡腿肉、腌料、盐、胡椒
- 炒菜：蔬菜（西兰花、胡萝卜、荷兰豆、甜椒）、姜、大蒜、酱油、熟米饭。”"	None
"1. 水果坚果隔夜燕麦
2. 蔬菜煎蛋卷
3. 鳄梨吐司配煮鸡蛋
4. 酸奶燕麦冰沙"	None
"1. 芹菜棒配花生酱
2. 苹果片配奶酪
3. 燕麦棒配坚果和干果"	None
"早餐：加入新鲜水果的燕麦粥
午餐：蔬菜和烤鸡的藜麦沙拉
小吃：生蔬菜配鹰嘴豆泥
晚餐：番茄酱全麦意大利面和蒸蔬菜
甜点：肉桂味的苹果片"	None
将食谱分类为五个类别之一：开胃菜、主菜、甜点、饮料和小吃。	None
"""你可以用这些食材做出一些可能的菜肴，包括：烤大蒜鸡肉和彩椒、烤大蒜彩椒鸡肉、大蒜彩椒鸡肉炒、铁锅大蒜鸡肉和彩椒、大蒜彩椒鸡肉卷饼和番茄大蒜鸡肉彩椒汤。"""	None
"“土豆泥：不健康
凯撒沙拉：不健康
水煮三文鱼：健康”"	None
“在公园或花园里拍摄野餐主题的照片怎么样？让家人穿上有趣和奇幻的服装和姿势，并使用复古家具、户外配件和装饰等道具。另一个想法是在游戏厅或游乐场拍摄照片，让家人穿着相匹配的服装玩游戏。”	None
"1. 提供适合年龄的阅读材料。
2. 鼓励孩子大声朗读。
3. 使用多媒体资源，如音频或视频，来激发兴趣。
4. 引入新词并讨论其含义。"	None
"- 改善身体健康。
- 提高心理敏锐度和知识水平。
- 缓解压力，提高情感幸福感。
- 培养团队合作和领导能力。
- 培养社交技能，如沟通和体育精神。"	None
"- 安排感恩节晚餐的日期
- 开始购买食材
- 发送邀请函
- 计划活动
- 开始布置场地
- 研究食谱
- 计划菜单
- 购买葡萄酒
- 摆放桌椅
- 购买纸盘和纸杯
- 制作购物清单
- 要求家人带一道菜
- 设立酒吧区域
- 制作座位表
- 制定活动时间表
- 制定餐后清洁计划
- 清洁房屋
- 准备食物
- 尽情享受！"	None
"以下是周末可以和朋友一起做的4个有趣活动：
1. 举办游戏之夜
2. 去看电影
3. 打保龄球
4. 野餐"	None
“为了预算友好的感恩节餐，计划以经济实惠的方式提供传统的节日美食。从填料、土豆泥和肉汁开始，然后包括简单的菜肴，如青豆、玉米、蔓越莓酱和面包卷。对于美味的甜点，考虑自制南瓜或山核桃派。在可能的情况下，尽量购买季节性的食材，并确保提前计划以减少食物浪费。”	None
为什么不鼓励你的孩子去附近的城市进行一次公路旅行，探索他们最喜欢的博物馆、画廊和公园呢？在路上，他们可以制作一个寻宝游戏，帮助他们识别地标、有趣的标志和他们沿途发现的任何其他事物。当他们到达目的地时，他们可以用照片和记忆日记记录他们的旅程，以便以后回忆。	None
"- 尽可能多地阅读和听目标语言的材料。
- 使用语言学习应用程序练习词汇和发音。
- 尽可能与母语为目标语言的人交流。
- 沉浸于文化中，以更好地理解语言。
- 通过在上下文中学习新单词和短语。
- 设定定期的目标并跟踪自己的进度。
- 保持动力并享受学习过程！"	None
"1. 制定并坚持预算。
2. 跟踪你的支出。
3. 削减不必要和奢侈品的开支。
4. 寻找折扣和促销。
5. 首先偿还高利息债务。"	None
"'1. 观鸟
2. 建造童话花园
3. 进行自然散步
4. 安排户外电影之夜
5. 制作收集雨水的容器浇水'"	None
"""小猫咪 - 名词
经常 - 副词
欢快地 - 副词
四处蹦跶 - 动词
兴奋地 - 副词"""	None
"""隐喻""。"	None
动词：走；形容词：有趣的；副词：快速地。	None
"""犹豫不决是指在决策或行动方面摇摆不定的状态。它表现为无法做出坚定的决定或承诺。"""	None
“疑问句。”	None
“疑问句。”	None
"""Discreet/Flaunt
反义词：Discreet/Show off。"""	None
"""蓝色的形容词列表包括：
1. 蔚蓝的
2. 海洋的
3. 绿松石的
4. 钢铁般的
5. 电气般的
6. 皇家的
7. 钴蓝的
8. 天蓝色的
9. 蓝宝石的
10. 青金石的"""	None
"""爱意""。"	None
“整篇文章，不包括不属于的段落。”	None
"""法国的首都是巴黎。"""	None
"""冬季是最寒冷的季节，常常伴随着雪。"""	None
"""美国中西部地区的5个州是伊利诺伊州、印第安纳州、密歇根州、俄亥俄州和威斯康星州。"""	None
"""由于紧张局势和暴力升级，无数平民因为害怕生命安全而被迫离开家园。"""	None
"""1860年亚伯拉罕·林肯的当选是历史上的一个革命性时刻，因为它挑战了当时美国的现状。这标志着第一次选举出一位不来自民主党或辉格党的总统。此外，林肯表示致力于打击奴隶制度，这一直是全国争议的问题，他站在反奴隶制的平台上。这个重要的事件预示着内战和奴隶解放。"""	None
"""申根区域的国家包括奥地利、比利时、捷克共和国、丹麦、爱沙尼亚、芬兰、法国、德国、希腊、匈牙利、冰岛、意大利、拉脱维亚、列支敦士登、立陶宛、卢森堡、马耳他、荷兰、挪威、波兰、葡萄牙、斯洛伐克、斯洛文尼亚、西班牙、瑞典和瑞士。"""	None
"""澳大利亚是世界上第二大的国家。"""	None
"""与法国接壤的三个国家是比利时、卢森堡和德国。"""	None
"""艾米琳·潘克赫斯特被铭记为英国妇女选举权运动的领袖和妇女权利的倡导者。"""	None
"""IBM目前的CEO是阿尔文德·克里希纳。"""	None
“臭兰是一种多年生开花植物。”	None
“考试成功完成的及格分数为75分。”	None
“在第一年末，银行账户中的金额将为106美元。在第二年，金额将为112.36美元，在第10年末，金额将为160.54美元。这说明了复利的威力。”	None
“绿色债券是发行用于资助旨在减缓气候变化和促进可持续发展项目的债务工具。”	None
“设计团队被分配了设计一种内部团队成员通信工具的任务。”	None
“由于卫生不良引起的三种疾病是腹泻、胃肠炎和霍乱。”	None
“一个占地1000平方英尺的公寓在加利福尼亚的每月电费预计为105美元至200美元左右，具体取决于用电量、绝缘和节能设备等因素。”	None
“一位乘客使用5美元的共乘应用程序的司机评分为4.5颗星。”	None
“汽车经过的声音效果会是一个低沉的隆隆声，在汽车靠近时逐渐增加音高和强度，然后逐渐消失在背景中。”	None
"“- 环法自行车赛是一项每年在法国举行的为期三周的公路自行车比赛。
- 它是世界上最负盛名和最具挑战性的自行车赛事之一。
- 它通常覆盖平坦、多山和山地地形，路程为2,180至2,200英里（3,500至3,700公里）。”"	None
六	None
六	None
六	None
七	None
六	None
蓝色	None
九	None
九	None
七	None
加拿大	None
一个原子由核心组成，其中包含质子和中子，周围环绕着绕核运动的电子。质子和中子带有正电荷，而电子带有负电荷，导致整个原子是中性的。每种粒子的数量确定了原子的原子序数和类型。	None
植物细胞呼吸是一个复杂的过程，其中植物将葡萄糖转化为可用能量。该过程始于植物从环境中吸收二氧化碳，并利用阳光的能量将其与水结合形成葡萄糖分子。然后将这些葡萄糖分解成更简单的二氧化碳和水分子。在此过程中，释放的能量用于产生三磷酸腺苷（ATP）分子。植物使用ATP来驱动其他过程，如生长和繁殖。此外，ATP还可以进一步分解产生热能，有助于维持植物的温度。在此过程中产生的二氧化碳和水分子随后释放回环境中，以完成循环。	None
非可再生能源是指在人类时间尺度内无法再生的能源。非可再生能源的例子包括化石燃料，如石油、天然气和煤炭，以及核能。这些能源是有限的，随着时间的推移，它们最终会耗尽。	None
光合作用是植物将阳光转化为食物能量的过程。在这个过程中，植物从空气中吸收二氧化碳，与水结合产生葡萄糖和氧气。这个葡萄糖被用来为植物产生能量和氧气，释放到空气中。光合作用很重要，因为它为生物提供了主要的食物能量来源，也负责维护地球大气层的稳定。	None
内质网（ER）是一种膜网络，具有蛋白质合成和脂质代谢的功能。它参与蛋白质的折叠和修饰，并在膜蛋白的组装中发挥作用。它还负责脂质代谢，包括脂质的形成和它们在细胞内的运输。它还作为钙离子的储存器官。	None
细胞的组成部分包括细胞核、细胞质、细胞膜、线粒体和其他细胞器。细胞核是细胞的控制中心，包含遗传物质，而细胞质是填充细胞并包含细胞器的凝胶状物质。细胞膜是半透性屏障，调节进出细胞的物质。线粒体是细胞的“动力站”，为细胞提供能量。	None
“水和油在某些方面相似，它们都是液体物质，但它们有几个关键的区别。水由两个氢原子和一个氧原子组成的分子构成，比油密度低。相反，油由碳和氢的分子组成，密度比水高。此外，水是良好的电导体，而油是电绝缘体。水的粘度低，而油的粘度高。”	None
“新陈代谢是发生在生物体内的维持生命的化学过程。这些生化过程使生物体能够生长、繁殖和对环境做出反应。新陈代谢需要能量，可以分为两类：分解代谢和合成代谢。分解代谢将分子分解成较小的组分并释放能量，而合成代谢则将分子组合成较大的组分并消耗能量。”	None
"“进化论的基本原理是由查尔斯·达尔文提出的，它认为地球上所有的生命都是从一个共同的祖先演化而来的，这种演化是通过自然选择的过程随着时间而发生的。自然选择是指那些适应环境更好的个体更有可能生存、繁殖并将其特征传递给后代的过程。这个过程导致了新物种的形成，并允许在不断变化的环境中进行适应。

此外，进化论解释了新的遗传变异是如何产生的，生物如何获得遗传特征，以及物种如何随着时间的推移而分化。”"	None
液相色谱和气相色谱都是用于分离样品中化合物的技术。它们之间的主要区别在于所使用的移动相类型。在液相色谱中，移动相是液体，待分离的混合物成分溶解在液体中，而在气相色谱中，移动相是气体。此外，液相色谱具有更小的颗粒，因此可以保留比气相色谱更多的成分。	None
"""SELECT * FROM Customers ORDER BY id LIMIT 5;"" 的中文翻译是：从顾客表中选择所有数据，按照id排序，只显示前5条数据。"	None
'^[0-9a-f]+$' 的中文翻译是“匹配由数字和小写字母a-f组成的字符串”。	None
"""SELECT name FROM authors;"" 的中文翻译是：从作者表中选择姓名。"	None
"""SELECT name, age FROM students WHERE city='Brisbane';"" 的中文翻译是：从学生表中选择姓名和年龄，其中城市为布里斯班。"	None
"""SELECT name FROM Employees WHERE department_id = 21;"" 的中文翻译是：从员工表中选择部门ID为21的员工姓名。"	None
"""SELECT * FROM customers;"" 的中文翻译是：从客户表中选择所有数据。"	None
"""SELECT email FROM Users;"" 的中文翻译是：从用户表中选择电子邮件。"	None
"""SELECT * FROM customers ORDER BY first_name, last_name"" 的中文翻译是：按照名字和姓氏排序，从客户表中选择所有数据。"	None
抱歉，这是一个正则表达式，无法直接翻译成中文。它的含义是以字母s开头，后面跟着任意数量的字符。	None
"""SELECT COUNT(*) FROM Products WHERE DateSold BETWEEN 'MonthStart' AND 'MonthEnd';"" 的中文翻译是：在产品中选择日期在“MonthStart”和“MonthEnd”之间的记录数量。"	None
"""橡树：植物
铜矿石：矿物
大象：动物"""	None
"""跑步、吃饭、睡觉、打电话、发短信、工作、阅读、观看、写作、听音乐、玩耍、烹饪、购物、跳舞、学习、步行、驾车、飞行、跳跃、笑。"""	None
"""橙子、葡萄柚和柠檬。"""	None
"""家具，伪装，石膏"""	None
"""草莓、蓝莓、覆盆子、葡萄、猕猴桃、橙子、苹果、梨子、芒果、木瓜和菠萝。"""	None
"""约翰和丽莎"""	None
"""水、空气和火。"""	None
"""夏洛蒂·勃朗特"""	None
"""家具，厨房用品，厨房用品"""	None
"""咖啡和樱桃是列表中最昂贵的两个物品。"""	None
计算机主板是计算机中的主要电路板。它是系统的支柱，连接所有其他组件，如处理器、内存、存储、显卡和外围端口。它为所有这些组件之间提供通信路径，使它们能够相互交互和协同工作。主板负责调节电源，并且还有扩展卡槽和USB、音频、以太网和其他连接类型的端口。	None
线性回归模型是一种机器学习模型，可以用于从一组输入变量中预测或估计连续数值变量的值。在这个模型中，通过拟合一条直线到一组数据点上，使得数据点到直线的平方距离之和最小化。这条最佳拟合直线可以用来根据输入变量的值估计输出变量的值。	None
API代表应用程序编程接口。它是一组指令或编程指令，允许两个应用程序相互通信和交换数据。API提供了一种方式，使开发人员可以访问和操作其他应用程序或平台提供的数据和服务。它们是现代Web开发的重要组成部分，允许开发人员使用模块化组件开发复杂的应用程序和网站。	None
个人电脑（PC）是一种桌面或笔记本设备，通常由个人用于个人活动。它连接到同一网络中的其他设备，并可以访问在线服务。服务器是一台计算机，旨在管理、存储和链接多台计算机和应用程序。它通常用于为大量用户提供服务，例如在线应用程序和网站。服务器通常比个人电脑更强大，具有更大的数据存储和处理能力。	None
神经网络是一种受人类大脑结构和功能启发的人工智能系统。它是由人工神经元组成的互联系统，利用数据集的信号进行预测或决策。神经网络由输入层、隐藏层和输出层组成。输入层接收来自外部的数据。隐藏层处理和操作数据。输出层向外界提供预测或决策。神经网络被用于各种任务，如图像识别、文本分析和预测。	None
二分查找是一种用于在有序列表中定位目标项的搜索算法。它通过反复将列表分成两半，检查中间项以确定目标是大于、小于还是等于它。如果找到目标，算法立即返回该项的索引。如果没有找到，根据比较丢弃其中一半列表，然后重复此过程，直到找到目标项或完全搜索完列表。	None
随机森林是一种基于集成方法的机器学习算法，可以比单个决策树获得更高的准确性。它通过集成多个决策树的预测结果来工作。每个决策树都会做出独立的预测，这些预测结果可以通过平均概率或者多数表决的方式进行合并。这种方法可以降低决策树预测结果的方差，从而提高预测的准确性。此外，它还可以减少决策树过拟合的程度，因为它将每个决策树做出的独立决策组合在一起，从而平滑任何随机波动。	None
决策树是一种基于特定条件的问题可能解决方案的图形表示。它是一种帮助人们通过创建有组织的视觉决策过程图来选择多个选项的工具。树从单个根节点分支到一个或多个终节点，每个终节点包含一个潜在的决策或结果。树中的每个节点都是分支的交叉点，这些节点代表决策点。节点的分支表示基于给定决策可能发生的可能结果，而叶子表示树的结束。决策树用于评估和预测结果，以便做出明智的决策。	None
黑盒测试是一种软件测试类型，它在不查看应用程序或程序的内部结构或设计的情况下测试其功能。这种测试对于评估系统的准确性能非常重要。它还测试应用程序的可用性和可靠性，并用于识别和纠正代码中的任何错误或漏洞。	None
这个任务适用的机器学习技术是卷积神经网络（CNN）。CNN通常用于图像分类任务，能够检测视觉数据中的模式。	None
"- 为经常光顾的顾客提供折扣和忠诚度计划。
- 与当地餐厅合作，推广他们的美食。
- 培训送餐人员处理订单并提供良好的客户服务。
- 使用移动应用程序和网站进行订购。
- 为客户提供多样化的付款选项。
- 允许客户自定义订单。
- 使用可回收和可堆肥的包装装食物。
- 推出定期客户的订阅模式。
- 提供基于客户喜好的食品建议等特殊服务。
- 提供无接触送货和路边取货服务。
- 为大订单和特殊活动提供餐饮服务。
- 使用在线营销和社交媒体平台吸引更多客户。
- 创建激励措施鼓励客户尝试新菜品。
- 创建包含所有必要配料和食谱的餐套装。
- 利用食品配送机器人和无人机。
- 为客户提供忠诚度积分系统。
- 与当地农民合作采购农产品和原材料。
- 提供素食、纯素和无麸质选项。
- 允许客户选择送货时间。
- 实施基于人工智能的客户推荐。"	None
"- 聪明购物，只购买所需物品。
- 储存剩余食物，必要时冷冻。
- 监控食品过期日期，及时食用。
- 参与社区或公共食品共享计划。
- 堆肥剩余食物残渣。
- 重复使用容器、罐子和袋子。
- 利用餐厅折扣减少过量点餐。
- 将短期过期的食品捐赠给当地食品银行。
- 购买接近过期日期的更多农产品，并尽快准备。
- 在外就餐时点小份。
- 教育自己和他人关于食品浪费。
- 提前计划餐食，并根据餐食制定购物清单。
- 正确储存食品以减少变质。
- 确保冰箱温度适宜。
- 建立一个系统来跟踪冰箱里的剩菜剩饭。
- 食用食品的所有可食部分，包括茎和皮。
- 使用创意食谱利用整个食品。
- 将否则会被扔掉的食品用于动物饲料。
- 参与使食品可持续性成为一个问题的活动。"	None
"- 当感到压力过大时，要休息一下，放松一下。
- 给自己留出时间，学会放松。
- 经常锻炼，保证充足的睡眠。
- 听自己喜欢的音乐，或者泡个热水澡。
- 坚持健康饮食，摄入必要的维生素和矿物质。
- 向朋友和家人寻求支持。
- 尝试芳香疗法或瑜伽。
- 做一些创意活动，比如画画、绘画或写作。
- 参与让你感到快乐和平静的活动。
- 避免滥用药物或过量饮酒。
- 练习深呼吸和渐进性肌肉放松。
- 学习一项新的爱好来保持自己的精神状态。
- 将大任务分解成更小、更易管理的任务。
- 积极地自我对话，保持自己的士气高昂。
- 如果必要，与治疗师或信任的导师交谈。
- 为有趣的活动和社交事件留出时间。
- 优先处理任务，制定每周计划。
- 制定行动计划，找出解决问题的方法。
- 学会原谅自己和他人。"	None
"- 在社交媒体平台上实施付费广告活动。
- 利用影响力营销。
- 联系科技博客和网站。
- 通过口碑在朋友中分享应用程序。
- 创建演示视频和教程以解释应用程序的功能。
- 为早期采用者提供折扣和特别激励。
- 建立一个基本网站来解释应用程序的目的和功能。
- 利用应用商店优化技术。
- 发送电子邮件和通讯，通知新用户有关应用程序的信息。
- 争取在应用商店获得奖项和好评。
- 在电子邮件签名中包含应用程序链接。
- 尝试促销新闻稿和活动。
- 鼓励用户在应用商店评价和评论应用程序。
- 利用用户生成的内容来推广应用程序。
- 将应用程序与现有或流行的应用程序集成。
- 进行赠品或比赛活动以推动参与度。
- 在公司网站和博客上展示应用程序。
- 与其他应用程序、网站和社交媒体平台进行交叉推广。
- 创建博客和播客等促销内容。"	None
"第一天：从圣保罗大教堂开始你的一天，然后漫步到繁华的博罗市场，接着乘船游览泰晤士河。之后，穿过肯辛顿花园的郁郁葱葱，欣赏肯辛顿宫的美景。在伦敦最具标志性的餐厅之一享用晚餐，结束你的一天。

第二天：开始你的一天，参观历史悠久的伦敦塔，然后乘坐泰晤士河上的景色优美的船只。之后，前往泰特不列颠美术馆，探索英国艺术的精华。然后，在美丽的牛津街和海德公园练习你的摄影技巧。

第三天：参观著名的大英博物馆，然后前往繁华而充满活力的科文特花园。之后，漫步到伦敦最具标志性的钟楼——大本钟，结束你的一天，享受环绕伦敦眼美景的宁静舒适的晚餐。"	None
"部署机器学习模型一开始可能会让人感到害怕，但一旦你分解了这个过程，它其实非常简单。无论是在自己的生产环境上部署模型还是将其推送到现有的部署系统中，都有明确的步骤。为了使这个过程更容易，我们列出了部署机器学习模型最重要的步骤。

首先，你需要打包你的模型。这意味着创建一个容器环境。你可以使用像Docker这样的平台来快速设置容器。这将使你能够轻松创建一个可重现的构建环境，其中包括你的模型的所有依赖项。

接下来，你需要创建一个部署环境。通常，这将是一个基于云的平台，如亚马逊网络服务。这使你能够轻松地提供计算和存储资源，而无需手动管理它们。

第三，你应该设置一个持续集成系统。这将使你能够轻松地在生产环境中测试模型，并获得有关模型性能的即时反馈。你可以使用Jenkins、Travis CI或任何其他持续集成（CI）平台。

第四，你应该测试和部署模型。这是你可以使用你的CI系统在生产环境中测试模型的地方。如果测试成功，你可以将模型部署到生产环境中。

最后，你应该监控模型的性能。这对于机器学习模型尤其重要，因为它们的性能可能会随时变化。你可以使用像Splunk或Datadog这样的监控工具来跟踪不同的指标，如准确率和推理时间。

通过遵循这些步骤，你可以快速高效地部署你的机器学习模型。如果你需要帮助其中的任何步骤，你可以随时联系一支经验丰富的工程师团队，他们可以确保你的模型被正确部署。 "	None
"顾客：您好，我想了解一下航班上有哪些零食可供选择。

空乘人员：当然！我们有各种零食可供选择，包括薯片、饼干和糖果棒。您想购买一些零食吗？

顾客：是的，我想购买一些零食。您有健康的选择吗？

空乘人员：是的，我们提供各种健康的选择，比如酸奶、坚果混合和水果。您想选择其中的哪些？

顾客：是的，我想购买一份酸奶。多少钱？

空乘人员：酸奶的价格是3美元。您想购买吗？

顾客：是的，我想购买酸奶。谢谢！

空乘人员：不客气，这是您的酸奶，祝您旅途愉快！"	None
"“10个理财规划技巧

1. 制定预算并坚持执行。知道每月收入和支出的金额是制定健全的财务计划的关键。

2. 跟踪支出。记录所有支出，以便您可以准确了解您的钱花在哪里。

3. 投资股票。投资股票是长期增加财富的好方法。

4. 还清债务。尽快摆脱高利率债务。

5. 制定储蓄计划。每月留出一部分收入是创造财务稳定的关键。

6. 关注信用评分。监控您的信用评分，以确保您在金融产品上获得最佳交易。

7. 研究税收抵免和减免。了解可用的各种税收激励措施可以帮助您在所得税上节省钱。

8. 保护您的资产。投资于房屋、汽车和健康等方面的保险。

9. 投资退休账户。退休账户对于创造长期的财务安全非常重要。

10. 寻求专业建议。理财顾问可以帮助您充分利用您的资金并为未来做好准备。”"	None
"与LinkedIn上的某人就与工作相关的建议展开对话的逐步指南：

步骤1：确定您想要联系的人 - 思考您需要的职业建议，并搜索可能提供该建议的人的LinkedIn个人资料。

步骤2：查看他们的个人资料 - 仔细阅读该人的个人资料，以更好地了解他们的背景、资格、他们感兴趣的话题以及他们过去进行的对话类型。

步骤3：创建引人入胜的信息 - 创作一条引人入胜的信息，表达您的兴趣，解释您为什么联系他们，并提出请求或提问。

步骤4：发送信息 - 发送信息并等待回复。

步骤5：根据需要跟进 - 如果您没有立即得到回复，请礼貌地提醒一下，大多数情况下，您会得到回复。 "	None
"1. 制定内容计划：确定您想在博客中涵盖的主题以及博客文章的频率。
2. 想出一个引人注目的标题：确保您的博客标题有趣、引人入胜且吸引眼球。
3. 编写引人入胜的内容：提供有趣且详尽的内容，让读者觉得有用和有趣。
4. 推广您的博客：使用社交媒体、电子邮件营销等营销方法来推广您的博客并让它受到关注。
5. 与读者互动：提出问题并回应评论，建立关系并创建引人入胜的对话。
6. 经常更新您的博客：经常更新您的博客以保持读者的参与和兴趣。
7. 分析您的博客表现：跟踪您的博客指标，如访问者、参与率等，以了解您的博客表现如何。"	None
“标志应该采用绿色主题，具有辨识度和记忆性，例如回收符号或回收箱的风格化表示。标志还应包括传达网站目的的文本，例如“回收”或“走绿色”。”	None
“标志设计应该简单、现代、独特。它应该捕捉应用程序的本质并传达其功能。标志应该采用醒目的粗体颜色，设计应该适应各种大小和平台，如网站和移动设备。”	None
数据库应该包含员工姓名、职位、薪水和日期等字段。它还应该包括一个员工经理的字段，以便薪水可以正确地分配到各个部门。数据库还应该能够生成有关部门或个人薪资支出的报告。	None
网页应该包括机器人学的介绍，涵盖什么是机器人以及它如何在各个行业中应用。它还应该包括机器人学的历史部分，对该领域的主要进展和当前趋势的概述。应该包括有关不同类型的机器人及其应用的信息，以及进一步研究的资源链接。	None
“野餐清单应包括三明治、薯片、水果、蔬菜、饼干、酱料、奶酪、饮料和零食等物品。可选物品可能包括餐具和盘子、垫子、防晒霜、帽子和太阳镜、驱虫剂、纸牌或棋盘游戏、飞盘或球等玩具，以及必要时的冰袋。”	None
设计一个现代和专业的标志。使用蓝色、绿色和橙色的组合作为配色方案。标志应该包括一个抽象的圆圈在中心，两侧各有两个三角形代表网站正在建设中。在圆圈内或边缘附近包括公司名称。字体应该粗体且易读。标志应该简单，但引人注目。	None
"1. 清晰、简洁、有组织的格式。
2. 专业的摘要，突出关键的资格和优势。
3. 详细描述以前的工作经验和教育背景。
4. 联系信息，如姓名、电话号码、电子邮件和实际地址。
5. 相关技能和成就的列表。"	None
一个典型的两层房屋需要一个管道图，它由两个主要组成部分组成：一个主阀系统和从主阀系统分支出的分支管道。在主阀系统上，供水应该来自市政提供的连接。分支管道应该通向安装在两层房屋中的设施（浴缸、水槽、淋浴等）。分支管道可能需要T型分配器来调节流量并允许连接多个设施。此外，排水管应连接到单个主排水管出口，通向化粪池或市政污水系统。	None
这个咖啡机应该能够用咖啡豆或预包装的咖啡豆制作咖啡。它应该有可调节的杯子大小、冲泡强度和温度设置。它应该具有自动关闭、数字计时器和可调节的玻璃壶。它应该采用不锈钢材质，易于清洁和耐用。	None
“这座桥应该使用正确的工程和材料进行设计。考虑因素应该包括桥的大小和重量、两个岛屿的位置、环境因素以及最适合在给定位置建造的材料类型。例如，浮桥最适合水域地区，而钢桥则适用于交通量较大的地区。仔细的规划、工程和建设将有助于确保桥梁安全、牢固和耐用。”	None
“非常抱歉您对购买不满意。我们希望所有客户都能满意，因此我想提供您全额退款，并为您下次购买提供15%的折扣。还有其他什么我可以为您做的吗？”	None
"""在1-5的评分中，您对我们的服务满意度有多少？"""	None
"亲爱的[客户]，

感谢您提出此问题。我们对产品问题感到抱歉。我们将尽快处理您的退款请求。如果您需要其他帮助，请告诉我们。感谢您的理解。此致敬礼，[公司]"	None
"经理：“早上好，有什么可以帮您的吗？”
顾客：“我正在寻找一台新的笔记本电脑。您有什么推荐吗？”"	None
“我能从我的电脑上访问这个网站吗？”	None
"'顾客：你好，我想订一份披萨。

聊天机器人：你好！你想订什么口味的披萨？

顾客：我想订一份大号的意大利辣味香肠披萨。

聊天机器人：好的！需要加配料吗？

顾客：我可以加蘑菇吗？

聊天机器人：没问题 - 一份大号的意大利辣味香肠披萨加蘑菇。还需要别的吗？

顾客：就这样。

聊天机器人：好的，你的订单已经下单，一份大号的意大利辣味香肠披萨加蘑菇。请确认你的地址，我们会尽快送达。'"	None
"在线购物可能存在以下问题：
1. 在线欺诈和身份盗窃
2. 产品质量不满意
3. 交付问题，如延迟或丢失包裹
4. 网站导航和可用性困难
5. 运费和额外费用
6. 在处理退货时缺乏客户服务
7. 支付处理的安全性。"	None
"""亲爱的[姓名]，

希望你一切都好。

我们写信是要通知你，你的订单已经准备好发货了。"""	None
我会询问画廊他们展示的艺术家，以便更好地了解他们的选择。我还会询问他们鉴定艺术品的过程，以及他们为保护艺术品提供的支持和资源。我还会询问价格、付款方式和运输政策。此外，我还会询问他们的退货政策以及他们提供的其他服务，如安装和保护。	None
"""欢迎来到我们的商店！我们提供全面的产品选择，竞争性的价格和优质的客户服务。"""	None
"""三原色是红色、蓝色和黄色。"""	None
"""一个文化习俗的例子是日本茶道。"""	None
"""液体的两个例子是水和油。"""	None
"""正确的顺序是：准备，打包，旅行。"""	None
"""食品保鲜中发生的一种自然过程是发酵。"""	None
"""橙色是一种黄橙色。"""	None
"""非洲和北美洲是拥有最多食肉动物的两个大洲。在非洲，狮子、豹子、猎豹和鬣狗是一些最常见的食肉动物，而在北美洲，灰狼、棕熊和美洲狮是常见的食肉动物。"""	None
"""讲故事的第一条规则是在最开始的几句话中吸引观众。"""	None
"""不同类型的加密货币包括比特币、以太坊、莱特币、达世币、Zcash、门罗币、狗狗币和瑞波币。"""	None
"""一份包含五个物品的杂货清单可能包括鸡蛋、牛奶、苹果、面包和奶酪。"""	None
一个Web服务应该由几个组件组成：客户端应用程序、一组API（应用程序编程接口）与客户端进行交互、用于存储数据的数据库、运行服务的服务器以及用于处理请求的客户端应用程序。API应该采用RESTful架构设计，服务器应该使用像Python或Ruby这样的语言构建。数据库应该根据需要存储的数据进行定制，客户端应用程序应该处理API的响应。此外，出于安全考虑，某些请求应该使用加密或身份验证机制进行保护。	None
“病毒和蠕虫的主要区别在于，病毒需要用户交互才能传播，而蠕虫可以自行从一台计算机传播到另一台计算机。病毒可以修改文件并损坏数据，而蠕虫通常被设计为自我复制并传播到其他计算机。病毒也可以通过感染的媒体和文件传播到其他计算机，而蠕虫通常利用安全漏洞来传播。”	None
区块链是一种分布式账本技术，用于存储和记录交易。它使用分布在全球的计算机网络进行安全保障，因此既安全又去中心化，没有中央机构控制其中存储的数据。区块链中的每个“块”都包含一个独特的交易或事件记录，以加密安全的方式记录到区块链中。区块链是不可变的，一旦交易被记录，就无法更改或删除，提供了信息的永久和安全记录。	None
区块链技术的主要目的是作为分布式账本，使各方之间进行无需信任的安全交易。区块链技术的无需信任特性是通过加密实现的，可以防止数据篡改和未经授权的访问。这项技术允许数据存储在安全的公共数据库中，提高交易的效率、透明度和安全性。	None
亚马逊网络服务（AWS）是一个云计算平台，为组织提供一套服务和基础设施。AWS的好处包括可扩展性、可靠性、经济性、安全性、性能和全球可用性。此外，AWS支持多种操作系统和编程语言，为用户在构建和部署应用程序方面提供了灵活性。此外，AWS还包括一系列功能和服务，包括分析、存储、计算、机器学习、人工智能、物联网和无服务器计算，因此组织可以在需要时使用他们所需的服务。	None
网络中立是指互联网服务提供商（ISP）和政府应该平等对待互联网上的所有数据。这意味着ISP不能因为提供对特定网站或服务的访问而收取不同的价格，也不能歧视或给予某些数据优先处理。这确保了每个人都能够访问相同的资源和内容，无论他们的收入水平或地理位置如何。	None
"""Docker容器是一种隔离的环境，可以在其中打包和运行应用程序。它由应用程序、系统库和其他必要的配置文件组成，用于完成特定的任务。容器在Docker主机内运行，该主机将容器与其他主机资源隔离，并负责管理其生命周期。Docker容器轻巧且高度可移植；它们可以快速启动并传输到不同的环境，例如云、裸机和本地环境。容器与底层主机系统隔离，因此可以安全地运行和管理。Docker还使用像快照一样的镜像，使得在不同的环境中可靠地部署和运行应用程序变得容易。"""	None
"计算机网络主要有两种类型：局域网（LAN）和广域网（WAN）。

LAN通常用于小范围地区，如企业和家庭，涉及使用共同的通信协议连接单个区域中的多台计算机。它们通常限于几英里的范围，并为用户提供高速连接。

相比之下，WAN连接跨越多个国家的大范围地区的计算机。它们使用专用租用线路，如电缆或卫星信号，将多个LAN连接在一起。因此，由于涉及距离，它们比LAN慢。

每种类型的网络都有其优缺点，哪种网络更适合将取决于给定情况的背景。"	None
社交媒体对社会产生了重大影响，既有积极的一面，也有消极的一面。在积极方面，它使人们能够轻松地与他人联系和分享信息。它还是分享全球新闻和观点的宝贵工具。在消极方面，它与注意力减退、心理健康问题增加有关，因为它导致了更高水平的比较、孤独和网络欺凌。此外，它被用来传播错误信息和替代事实，导致更大程度的不信任和不和。	None
"Linux和Windows操作系统之间的主要区别如下：
1. Linux是开源的，而Windows是专有的。
2. Windows更易于使用，具有图形用户界面，而Linux需要更多的技术知识，并具有命令行界面。
3. 由于其设计和开源性质，Linux更安全，而Windows容易受到恶意软件和病毒的攻击。
4. Linux比Windows更可定制，允许用户修改和调整操作系统以满足其特定需求。
5. Windows与某些硬件和软件更兼容，而Linux可能需要更多的手动配置和调整。"	None
“大萧条”是指从1929年持续到1939年的一次严重的全球经济衰退。它的原因包括1929年的股市崩盘、经济结构上的弱点、消费者支出低、高失业率以及对银行系统缺乏信心等多种因素。其他的贡献因素包括商品过度生产、依赖借贷来融资投资、农业过度生产以及国际贸易的减少。	None
“经济学是研究社会如何利用有限资源来生产和分配商品和服务的学科。”	None
“贸易逆差是指一个国家进口的货物多于出口的情况。当一个国家的出口价值低于进口价值时，就会出现贸易逆差。通常通过查看一个国家在一定时间内进口和出口的货物和服务的总价值来评估贸易逆差。”	None
“如果某种商品的需求增加，那么为了平衡需求和可用供应，该商品的价格将会上涨。这是因为当需求超过供应时，价格必须上涨以分配资源并防止供应耗尽。”	None
“主要来源是指原始信息来源，例如目击者的陈述或在历史事件发生时编写的文件。次要来源是对主要来源的解释或分析，例如历史文献或与目击者的采访。次要来源提供了事件的不同视角，而主要来源提供了事件的未经过滤的视角。”	None
“粉色是一种柔和、淡雅的色调，通常被描述为粉彩或婴儿粉色。它通常被视为女性色彩，甜美浪漫。它常常与纯真和爱情联系在一起。它也被认为具有镇静作用，可以创造一种责任感和接受感。粉色通常被认为是无条件的爱、同情和理解的颜色。它也被称为无条件接受和无条件理解的颜色，邀请我们欣赏生命的所有奇迹。”	None
“经济学是研究人们和社会如何决定生产和消费商品和服务的学科。例如，一家面包店可能会根据市场状况决定生产多少面包并相应定价，以最大化他们的利润。”	None
“一种解决冲突的技巧是协作问题解决，它涉及协商并找到双方都可以同意的解决方案。这个过程包括理解问题，确定双方的利益，探索选项和解决方案，并找到双赢的结果。”	None
“俳句是一种传统的日本诗歌形式，通常由三行组成。第一行和最后一行各含五个音节，而中间一行含有七个音节。这些句子通常唤起一个单一的形象，其中包含两个对比元素的并置。俳句的结构和语言通常非常简单，旨在表达一个顿悟的瞬间。”	None
“贸易保护主义是指通过征收关税或其他限制措施来保护国内产业免受外国竞争的做法。这种做法可能对实施它的国家的经济有害，因为它提高了进口商品的成本，使它们对消费者来说不那么负担得起。这降低了对这些商品的需求，导致销售减少，国内生产者的收入也减少。保护主义还可能减少国内企业创新或提高效率的动力，导致市场效率低下。最后，保护主义还可能在国家之间制造经济紧张局势，导致报复性关税进一步限制贸易。”	None
"""想要移民到美国的人数增加了，引发了围绕移民的利弊争议和争论。美国的移民辩论变得极具分裂性。"""	None
"""管理部门的员工将执行新政策。"""	None
"""严格实施公共卫生政策有效地遏制了Covid-19病例的流行。"""	None
"""从主页中按重要性降序排列选择前5个元素。"""	None
"""卫星是人造物体，它绕地球轨道运行，用于接收和发送信号、图像和数据。它还用于通信、导航和监视等目的。"""	None
"""杰夫·贝佐斯是最成功的CEO之一，他将亚马逊的市值从1997年的25亿美元增加到2020年的1.6万亿美元。"""	None
"""最近鲜花授粉者数量的下降很可能是由于易感疾病、自然栖息地的破坏和农药的使用所致。"""	None
"""用肥皂和温水洗手至少20秒钟。擦洗手部所有区域和手指之间的部位。用干净的纸巾彻底冲洗和擦干双手。"""	None
"""解冻冷冻食品时，将食品放在冰箱里过夜或者放在温水中浸泡数小时。一旦解冻，不要再次冷冻未煮熟的食品。"""	None
"""软件测试确保产品符合指定的要求。"""	None
“睡得像个木头。”	None
“这是什么样的一天？”	None
“这些强盗泄露了他们的同伙。”	None
“蓝天如此美丽。”	None
“离家去上大学是一次令人害怕的经历。我必须放弃熟悉和安全感，独自穿越未知的水域。”	None
“教授准确地回答了学生的问题。”	None
“鸽子，上面，手套，因此，推动，因此，因此，因此，因此，因此。”	None
"“什么东西充满了钥匙，但却不能打开任何一个锁？
答案：钢琴。”"	None
“我曾经认为大脑是最重要的器官。然后我想，告诉我这个的是什么！”	None
"“曾经有一只非常敏捷的狐猴，
它喜欢跳上天空。
它会轻松优雅地荡过树枝，
让其他动物不禁惊叹不已。”"	None
一个收敛边界的例子是北美板块和太平洋板块之间的边界，它们正在收敛形成塞拉尼瓦山脉。	None
“天空呈现蓝色是由于地球大气层中分子的光散射。阳光进入大气层并与分子和粒子相互作用，导致光粒子向各个方向散射。蓝色光具有最大的穿透大气层的能力，因此它比其他颜色更容易到达我们的眼睛，使天空呈现蓝色。”	None
"""元素周期表中符号为C的元素包括碳（C）、钙（Ca）、钴（Co）、铜（Cu）、锔（Cm）和"	None
氮元素	None
“一个质量为5千克，高度为10米的物体的重力势能为490焦耳。”	None
“由于全球变暖，地球的平均温度正在上升，导致地球气候永久性变化。”	None
“月亮在不同的夜晚看起来不同，这是因为月亮相对于地球的位置不断变化。随着月球绕地球运行，月亮的位置每晚都会改变。这意味着阳光反射在月球上的角度会改变，月亮的照明也会不同，导致不同的外观。此外，月亮每个月都会经历不同的月相，满月时，月亮被完全照亮，看起来比平常更大更亮。”	None
如果地球的自转突然停止，由于缺乏有效的引力，地球的大气层将逐渐漂向太空。因此，行星表面温度将急剧上升，大多数生物可能无法承受极端的温度变化。此外，没有科里奥利力，海洋洋流的熟悉模式也将发生巨大变化。	None
“地震是一种常见现象，全球每年估计有超过50万次地震发生。大多数地震的震级都小于3.0级，人类无法察觉。迄今为止记录的最大地震是2011年日本海岸的8.9级地震。地震可能会造成重大破坏和生命损失，但它们也是创造新岛屿和改变土地的原因。”	None
“稀土元素是一组17种天然存在的元素，具有独特的磁性、发光和催化性质。稀土元素的例子包括钪、钇、铕、钆、铽、镝、钬、铒、铥、镱、镥和钷。”	None
"1. 设定目标并制定行动计划。
2. 将任务分解为更小、可实现的目标。
3. 庆祝成功，成功会激励你。
4. 保持积极的态度和观点。
5. 让自己周围充满鼓舞人心和激励人的人。"	None
"'1. 确定要比较的产品特点。
2. 分析每个产品的特点。
3. 将特点进行并排比较。
4. 计算成本效益比。
5. 做出最终决定。'"	None
"1. 给予员工更多灵活性，平衡个人和职业生活。
2. 增加数字工具的投资，以安全地管理远程团队。
3. 通过消除地理限制扩大人才库。"	None
"1. 开发虚拟工作坊和课程模块，帮助人们使用和理解常见的数字应用程序。
2. 主办或合作举办关注数字素养的活动，如黑客马拉松、网络研讨会或虚拟展览会。
3. 为那些无法负担数字工具或互联网接入费用的人提供财政援助。
4. 创建一个在线资源门户网站，以传播数字素养意识并提供进一步指导。"	None
"1. 提高可访问性。让客户能够轻松地与您联系。
2. 提高客户响应能力。确保客户的关注和反馈得到及时解决。
3. 投资于客户教育。为客户提供有用的信息和资源。"	None
"1. 更低的前期成本和更多的现金灵活性。
2. 更低的维护成本和无需担心房产税。
3. 在需要时更灵活地搬到另一个地方。"	None
"1. 一个优秀的团队领导应该具备出色的沟通和人际交往能力。
2. 他们应该能够激励和鼓舞团队保持专注并达成团队的目标。
3. 他们应该能够分派任务并适当管理团队的资源。
4. 他们应该能够为团队创造一个支持性和协作的环境。
5. 他们应该是一个优秀的问题解决者，能够快速识别和解决出现的问题。"	None
"1. 设定现实目标：制定可实现的目标和合理的完成时间表。
2. 优先处理任务：组织待办事项清单，优先处理最重要的任务。
3. 将任务分解为小块：将大型任务分解为小而可管理的步骤。
4. 跟踪进度：跟踪时间并记录占用过多时间的活动。
5. 安排休息时间：定期休息，以保持一整天的专注和高效。"	None
"学习新技能三个月计划：
1. 研究目标：研究该技能并获得基本的理解。
2. 分析现有知识：评估当前的知识水平并确定需要提高的领域。
3. 寻找资源：寻找可信赖的资源，如书籍、网站或教程。
4. 制定计划：制定时间表并概述学习该技能的行动计划。
5. 设定里程碑：设定目标并将过程分解为可管理的步骤。
6. 定期练习：定期实践技能并跟踪进展。
7. 建立联系：使用技能完成实际项目或与该领域的其他专业人士建立联系。
8. 寻求反馈：向同行和专家寻求反馈和建议。
9. 跟踪进度：通过持续的实践和审查监控进度并保持动力。"	None
"1. 解释环境可持续性的概念，强调它不仅仅涉及回收和节约能源。
2. 描述环境可持续性的重要性以及不采取行动的后果。
3. 讨论一些全球性的环境问题，如气候变化和塑料污染。
4. 解释个人可以采取的行动，例如减少对一次性塑料的依赖或节约能源。
5. 解释企业、社区和政府可以采取的促进环境可持续性的措施。
6. 总结主要观点并鼓励人们采取行动。"	None
该应用程序应该允许客户从本地企业和附近商店订购物品，提出具有详细交付要求的交付请求，并跟踪他们的订单。它还应该允许客户轻松找到和支付服务。该应用程序应该允许企业管理订单，跟踪交付和司机，设置交付边界和价格。它还应该具有帮助企业促销其产品和服务的功能，以及提供客户反馈和支持的选项。	None
一个社交媒体机器人，它被编程为识别用户情感，并根据情感自动发布相关内容。	None
网站的账户创建过程通常包括提供基本信息，如用户名、电子邮件地址和密码。然后，用户将通过点击发送到他们电子邮件收件箱的链接来确认他们的电子邮件地址。确认后，用户的账户将被激活，他们将能够登录并使用该网站。	None
新餐厅将位于城市繁华的高流量区域，提供广泛的美味菜单和价格合理的饮品选择。除了餐厅，还将提供外卖和餐饮服务。氛围将会温馨舒适，展示当地艺术家的艺术作品。商业计划旨在建立一个可持续和盈利的企业。预算包括启动成本和持续性支出，如租金、保险、工资、营销和公用事业费用。	None
我的网页顶部有一个标题，显示我的名字、链接到我的社交媒体资料和欢迎信息。在下面有一个容器，包含链接到不同部分的页面，如我的博客、作品集和联系页面。还有一个页脚部分，显示我的版权信息。	None
“一个由AI驱动的聊天机器人的词汇表可能包括以下单词：问候语（你好，嗨，嘿等），问题（什么，何时，为什么，如何等），肯定回答（是的，不，绝对，当然等），命令（打开，关闭，停止，开始等），请求（请你，我可以，帮帮我等），以及表情符号。词汇表可以帮助聊天机器人理解用户的意图，并提供更准确、更自然的回复。”	None
利用谷歌地图可以带来许多好处，从快速找到位置到获取实时交通更新。	None
"1. 开发一个能够追踪空气质量水平并在恶化时发出警告的应用程序。
2. 创建一个虚拟现实应用程序，突出显示气候变化对环境的影响。
3. 开发一个利用人工智能和机器学习来检测和修复环境问题的应用程序。
4. 创建一个消息应用程序，允许用户分享提示并讨论如何变得更加环保。
5. 开发一个用于跟踪塑料废物并使其更容易回收的应用程序。"	None
"""AI助手可以通过自动化繁琐和重复的任务、帮助我们记住和管理我们的承诺和日程、提供教育和娱乐内容、使我们更加高效、提供有用的见解来帮助我们日常生活。AI助手甚至可以提供医疗和健康相关的建议。此外，它们可以让我们与朋友和家人保持更好的联系，并获得特定兴趣的新闻和内容。"""	None
"1. 加入投票、测验和调查等互动元素。
2. 添加多媒体以增加视觉吸引力。
3. 使用社交媒体集成来吸引访问者。
4. 在重要内容中包含清晰的呼吁行动按钮。
5. 提供简洁易懂的信息内容。"	None
"""<nooutput>这种类型的指令无法由GPT模型完成。"""	None
"""词嵌入是自然语言处理中最强大的工具之一。它们是单词或短语在向量空间中的数学表示，允许测量单词之间的相似性以及它们所使用的上下文。词嵌入对于情感分析、文本分类、预测序列中的下一个单词以及理解同义词和类比等任务非常有用。它们允许将单词处理为数值，为机器执行自然语言处理任务提供了更简单的方式。"""	None
"""AI算法是一组指令或规则，用于使计算机或AI系统解决问题或实现所需目标。AI算法可用于捕获和分析数据、分类对象、开发预测模型和自动化能力。"""	None
"""AI可解释性是指AI系统能够清晰易懂地解释其决策的过程和结果。这种解释可以包括可视化、叙述性描述和其他输出，AI系统使用这些来解释其决策过程和结果。AI可解释性有助于使AI和机器学习模型更加透明和可信赖。"""	None
"""决策树在某些问题上比线性模型更好，因为它们能够捕捉预测变量和结果之间的非线性关系。它们还能够考虑预测变量之间的交互作用，并且可以轻松地解释和可视化结果。决策树非常适合在数据集中找到最重要的预测变量，因为它们可以快速确定哪些因素显著影响模型的结果。最后，它们比线性模型更灵活，可以通过调整参数来适应不同的情况。"""	None
"""实体法律制定了管理行为和行为的规则和法规，而程序法律确定了实体法律如何执行。实体法律定义和调节权利和义务，通常包括刑法、民法和行政法。程序法律关注的是法律系统如何处理在实体法律下产生的争议，通过概述民事和刑事法庭的步骤、规则和程序来解决。"""	None
"""C++是适合游戏开发的编程语言，因为它是一种高性能语言，可以处理复杂的计算。此外，它对面向对象编程和内存管理有很好的支持，使其非常适合创建复杂的游戏引擎功能，如人工智能和物理模拟。"""	None
"""Microsoft Word和Google Docs都是用于创建文档的文字处理程序。Microsoft Word是一种传统的软件程序，它在Windows操作系统上提供，并需要购买才能使用。Google Docs是一种基于云的应用程序，作为Google Docs套件的一部分提供。Microsoft Word提供更直接的页面格式和设计控制，而Google Docs提供实时协作和云存储。两个程序都提供强大的功能，包括表格、图片、格式等。"""	None
"""弹劾是指对公职人员提出正式指控，以便将其罢免。它由一个组织（如立法机构）执行，以调查不当行为的指控，并在发现足够证据的情况下导致官员被罢免。"""	None
"""可以用来计算风险的工具之一是决策树图。决策树图是一个图形化的表示与决策相关的潜在风险的工具。它有助于可视化不同的路径和它们的潜在结果，从而更容易识别和管理与决策相关的风险。"""	None
“这个定义是错误的，因为鼹鼠实际上是一种生活在地面上并以昆虫为食的小型哺乳动物。它最明显的特征是长长的鼻子和宽阔的、像桨一样的脚。然而，它经常挖掘洞穴作为生活和庇护的场所。”	None
“沙漠生物群落有两种类型，干旱沙漠和亚极地沙漠。”	None
“猫和狗都是受人喜爱的宠物，但它们有重要的区别。狗通常更外向和精力充沛，而猫被认为更独立。狗倾向于更社交和活跃，喜欢散步和与其他动物玩耍。另一方面，猫倾向于更孤独，更喜欢在温暖的地方放松和蜷缩。狗通常需要更多的照顾和关注，而猫更加自给自足。尽管存在这些差异，猫和狗仍然是受欢迎和可爱的宠物。”	None
海狸的学名是加拿大海狸。	None
“藻类是一类简单、多样化的自养生物，包括单细胞和多细胞形式。它们的大小从微小到大型海藻不等，被归类为植物王国，但与植物不同的是，它们缺乏真正的根、茎和叶。藻类通常生活在潮湿的环境中，包括海洋、淡水和陆地系统。”	None
雪豹（Panthera uncia）是一种濒危的动物物种，原产于中亚和南亚的山区。	None
“老虎是一种体型庞大、肌肉强壮的猫科动物。它们身上覆盖着短而红橙相间的毛皮，有着黑色的竖条纹。头部的条纹更窄更深，尾巴长而尖端通常是白色的。它们有着大而有力的爪子，体重可达660磅。老虎的眼睛是黄色的，有着竖直的黑色瞳孔。它们有着锋利的牙齿和大型可收缩的爪子。”	None
“濒危动物物种可能会出现在保护它们栖息地的地区，例如国家公园、野生动物保护区或其他指定区域。例如，佛罗里达美洲豹可以在佛罗里达州西南部的佛罗里达美洲豹国家野生动物保护区中找到。另一个例子是美国白头海鹰，可以在加利福尼亚的海峡群岛国家公园中找到。”	None
“猫和狗都是人类驯养了数千年的宠物。它们通常都是充满爱心和忠诚的伴侣，需要关注和关爱。然而，猫更加独立，由于它们的可缩回爪子，更擅长攀爬；而狗通常需要更多的互动和实践训练。猫通常体重较轻，占用空间较小，在小型居住区更易于维护。而狗则通常需要更多的运动和空间，并且可能需要比猫更多的维护。”	None
库克巴拉是一种中等大小的鸟类，生活在澳大利亚。它通常被称为“笑鸟”，因为它独特的叫声听起来像是响亮的笑声。它的羽毛色彩丰富，翅膀和背部呈明亮的蓝色和栗色，胸部和颈部为白色，尾巴上有装饰。它以各种昆虫和小爬行动物为食，也吃水果和坚果。	None
“在COVID-19大流行期间在家工作有其自身的挑战。当感到疲惫或孤立时，保持高效率可能会很困难。为了充分利用这种情况，时间管理和专注于目标可以帮助保持动力。此外，确保休息，与同事进行有趣的交流，并在工作时尽量避免社交媒体。最后，确保有一个指定的工作空间，以便保持组织和高效率。”	None
“这项研究的意义很明显：青少年正在将社交媒体放在生活的其他方面之上，比如社交、学习和锻炼。这可能会导致负面的心理健康影响，如抑郁和焦虑，以及身体健康问题，如体重增加和社交孤立。因此，家长、教师和其他成年人帮助青少年学会如何健康平衡地管理他们的在线时间非常重要。”	None
“教育具有为社会提供许多世界问题长期解决方案的力量。人们必须获得良好的教育基础，才能做出明智的决策，并具备应对这些挑战所需的知识和技能。”	None
"在课堂上使用技术的五种创意方式包括：
1. 使用在线协作工具，如Google Docs和Slack，促进小组合作和同伴学习。
2. 利用视频和音频工具，如Prezi和YouTube，创建互动多媒体课程。
3. 使用虚拟现实探索概念，将数学、科学和历史带入生活。
4. 使用计算机辅助设计工具创建3D模型和动画。
5. 使用增强现实应用程序和游戏激发学生对各种主题的兴趣。"	None
“要求三年工作经验是合理的，因为它可以让雇主评估申请人的解决问题的能力、沟通能力和独立工作的能力。这可以帮助他们确定申请人是否具有在工作中表现出色所需的经验和知识。”	None
“虚拟学习可以对学生的表现产生积极和消极的影响。一方面，它可以为学生提供更多的灵活性，使他们能够按照自己的节奏学习，并允许他们从任何地方获取材料。另一方面，虚拟学习可能具有挑战性，因为它需要更高程度的自我激励和奉献精神，以及对使用的不同技术的理解。”	None
"“科技在我们日常生活中的优缺点话题。

科技已经成为我们生活中不可或缺的一部分，从使用计算机和智能手机到使用各种类型的软件进行通信和娱乐。然而，科技对我们生活的影响既有积极的方面，也有消极的方面。这篇文章可以讨论科技的利弊，并探讨其使用如何既能改善又能削弱我们的生活。它还可以探讨我们越来越依赖科技的伦理影响以及它对我们的关系、工作安全等方面的潜在影响。”"	None
“放弃私家车可以给个人带来许多好处。首先，您可以节省与汽车相关的费用，如燃料、保险、维护和税费。其次，它可以通过减少排放和减少对非可再生资源的依赖来减少您的环境影响。最后，它可以让您在旅行时有更多的时间享受体验 - 因为您可以选择步行、骑自行车或乘坐公共交通工具，您可以花更多的时间探索和与周围的环境互动。”	None
“是的，对于那些寻求挑战的人来说，这是一份很好的工作，因为计算机编程需要解决问题的能力和批判性思维，以及创建和调试程序的能力。”	None
“公共交通是减少道路上汽车数量的一种高效且经济实惠的方式。它可以减少道路磨损、空气和噪音污染以及温室气体排放。此外，它是一种更为经济实惠的旅行选择，适用于所有人，包括那些无法承担汽车所有权和维护费用的人。同时，它也是一种避免驾驶压力的好方式。”	None
“风铃发出宁静而悦耳的声音，混合了高音和低音。铃声像一阵轻柔的微风，反映了轻松的夏日氛围。”	None
"“叶上的露珠闪耀着光芒，
轻柔的夏日微风吹拂着，
附近传来蝉鸣声。”"	None
“猫咪蜷缩着发出呼噜声，它们是我们温柔的伴侣，让我们沉浸在宁静的安逸中。”	None
"“雪已融化，
鲜花绽放明亮，
鸟儿在各处歌唱，
这是春天的美丽愉悦。

阳光照耀着温暖的光芒，
草地闪耀着绿色，
一阵宜人的微风吹过，
一种愉悦的感觉可以看到。

树上落下过去的花瓣，
这是新季节的美丽标志，
一个新的开始，注定要持久，
美丽的感觉唤起了原因。

一个充满喜悦的温暖季节，
一个注定会留下的季节，
一个缓解我们悲伤的季节，
这个季节被称为春天。”"	None
"“绿色，如此宁静和令人愉悦。
它让我想起为什么我一直相信。
茂盛的生命带给我愉悦的感觉，
看到世界在所有的光线中。
起伏的山丘和高大的树木，
它们给所有人带来平静的存在感。
充满活力的草地一定会让人满意，
我忍不住抓住它的柔软。
常青树增添了场景的美感，
带来了意想不到的宁静和魅力。
绿色带着许多回忆，
它肯定是一个值得我珍惜的颜色。”"	None
"“无尽的波浪，冲上岸边，
平静的蓝色深度，古老的传说。
雄伟的海洋，永不止息。”"	None
"“月亮在夜空中柔和地发光，
它的光芒闪烁，永不消逝；
它是黑暗中的灯塔，
为我们提供无尽的光明。”"	None
“威武的剑啊，你拥有着无比的力量，请赐予我勇气和意志，以勇气战斗。让我无畏地面对明天的战斗，无论结果如何，愿我能以优雅的姿态接受。”	None
“微风穿过田野，带来了凉爽的微风。”	None
“月光抚慰着沐浴其中的宁静波浪，无尽而平静。”	None
"""美国国家航空航天局多年来在太空探索方面做出了重大贡献，例如开发了第一艘可重复使用的航天飞机，发射了使全球通信成为可能的卫星，开发了广泛的宇宙目录，以及对其他行星和卫星进行了机器人探索。他们的研究解锁了许多科学发现，极大地推进了我们对宇宙及其地位的理解。NASA计划还使人类实现了令人振奋的飞跃，例如登上月球，向火星发射机器人探测器，以及使普通公民能够进行太空旅行。"""	None
"""计算模型可以用于分析文本，自动化复杂任务。它们能够快速处理和检测大量数据中的模式，实现准确和高效的分析。此外，计算模型不受人类偏见的限制，可以帮助发现之前未被认识到的特征之间的关系。总之，计算模型可以成为分析文本和从中提取有意义信息的强大工具。"""	None
"""区块链技术可用于安全交易和快速支付。例如，它可以用于存储和处理医疗记录，允许医生和患者之间安全和即时地共享信息。它还可以用于安全的数字投票，允许投票被安全准确地计数，同时仍然允许选民保持匿名。"""	None
"""全球在线金融系统面临的潜在安全威胁是网络犯罪。由于在线金融系统的复杂性和获取敏感数据（如财务信息或信用卡号码）的潜力，网络犯罪分子经常针对这些系统进行攻击。网络犯罪分子可能使用恶意软件、钓鱼和身份盗窃等方法来获取系统访问权限并窃取资金或数据。全球金融系统需要采取强有力的安全措施来防范这些威胁。"""	None
《影响态度和行为的社交网络》一文讨论了在线社交网络如何影响人们的态度和行为。它认为在线网络能够触达更多的人，这可能会导致更广泛的态度和行为的剧烈改变。该论文认为，网络中的某些个体可以成为影响者，对周围人的观点和行为产生超出比例的影响，这对社会的运作有着重要的影响。该论文进一步建议，研究在线网络是一个关键的研究领域，可以更好地理解和预测社会变革。	None
"""人工智能是一门旨在通过技术复制或增强人类能力的研究领域。它的应用大多是平凡的，围绕着任务自动化、模式识别和未来事件的预测。然而，由于其不断增强的能力，存在可能的存在威胁的担忧。"""	None
"""神经网络可以通过分析股市数据，如过去的价格、某些股票的表现、新闻事件和其他与股市相关的数据，来预测股票价格。神经网络利用这些数据来学习股票价格的模式，然后利用这些模式来预测未来的股票价格。这种预测建模在许多情况下被发现非常准确，可以用来做出更明智的投资决策。"""	None
"""解决这个问题的合适机器学习算法可能是监督学习算法，如线性回归、随机森林或支持向量机。输入数据可以包括历史股票价格、市场趋势和其他相关的财务指标。然后应该对算法进行训练，以便它能够准确地预测股票价格。"""	None
"""在未来10年内，人工智能预计将对医疗行业产生重大影响。由人工智能驱动的系统将能够准确诊断疾病，推荐治疗方案并提供患者反馈。由人工智能驱动的聊天机器人将能够快速回答患者的问题，并帮助远程地区的患者进行诊断。人工智能还可以帮助医院更加高效，并降低行政成本。"""	None
"""人工智能（AI）是计算机科学的一个领域，专注于创建能够像人类一样思考和行动的智能机器，利用算法和数据来进行决策和解决问题。"""	None
"""我们不能继续浪费资源，忽视环境退化问题。让我们为子孙后代创造一个更加绿色、更加健康的星球。 #拯救环境 #环境保护"""	None
"""追随未来 - 与{公司名称}一起实现你的梦想""。"	None
"""客户服务至关重要！一定要提供最好的客户体验。#客户服务 #满意的客户"""	None
"""我们每个人都可以在世界上产生影响。#分享就是关爱。让我们一起努力，为每个人创造一个更美好的未来。"""	None
"""用我们完美开创性的口红找到你完美的嘴唇。"""	None
"""让我们在本周激发内在动力和力量！#MotivationMonday #MondayMotivation #BeMotivated"""	None
"""解码未来：理解人工智能的力量""。"	None
"""制作美味佳肴 - 在我们的手机游戏中烹饪乐趣！"""	None
"""让你的选票有价值：2008年选举的投入有多少是太多？"""	None
#新品牌冒险	None
"亲爱的史密斯先生，

我想表达我对您过去所做的一切的衷心感激。您的努力对我们的成功做出了重要贡献，我无法想象有比您更好的合作伙伴。您的智慧和指导是无价的，我感谢您的奉献和辛勤工作。

再次感谢您的帮助和支持。

真诚地，
[姓名]"	None
"“亲爱的约翰·史密斯，

我写信邀请您加入我们的团队。我们是一群充满激情的人，共同努力提供创新解决方案并产生影响。您的意见和专业知识在这个追求中将非常有价值，我相信您会喜欢这个经历。如果您有兴趣，请告诉我，我会回答您可能有的任何问题。

最好的祝福，
[姓名]”"	None
"亲爱的[姓名]，

希望这封邮件能够找到你一切安好。我写信是为了通知你关于[主题]的事情。[主题的描述]。

如果你有任何问题或疑虑，请随时联系我。

真诚地，

[姓名]"	None
“你好！我的名字是[姓名]。我目前是一名[职位]，最近毕业于[学位]专业。我最大的热情是[热情]，我很高兴能够在这里扩展我的人脉。我期待着学习更多关于这个行业的知识，同时认识新的人。”	None
"“亲爱的[人名]，

非常抱歉由于我们延迟交付您的订单而给您带来的不便。我们的团队过去一直努力确保及时交付，这次未能达到您的期望，我们深表歉意。您的满意是我们的首要任务，我们再次诚挚道歉。

我们希望您考虑再给我们一次机会，展示我们对您满意度的承诺。

真诚地，
[公司名称]”"	None
"“亲爱的（姓氏），

我们非常遗憾听到你心爱的狗狗去世的消息。虽然我们的话语无法与你的损失相比，但我们想要表达最真挚和深切的慰问。请知道我们在想念你，希望你在这个艰难的时刻能够坚强和得到安慰。

真诚地，
（姓名）”"	None
"“尊敬的编辑，

我写信是为了表达我对于当前问题（插入问题）的看法。我认为（插入观点）。我感觉（插入原因）。此外，（插入额外原因）。

我认为让（插入受众）意识到这个问题并采取行动非常重要。 （提供解决方案/号召行动）。

此致敬礼，
[姓名]”"	None
"“尊敬的史密斯教授，

我叫Jen，非常高兴得知我将参加您的在线课程。我目前是一名计算机科学领域的本科生。我相信这门课程将为我提供更好的计算机科学基础知识，并帮助我在职业上成长。我已经了解了您的研究工作，受到您惊人的研究成果的启发。我期待着向您学习并参与这门课程。

真诚地，
Jen”"	None
"亲爱的乔，

谢谢你告诉我你即将度假的消息。祝你玩得愉快！

最好的祝福，"	None
"亲爱的客户，

我很高兴地告诉您，我们有一款新产品，我相信您一定会喜欢。这款产品经过精心设计，旨在满足您的需求并提供最高质量。同时，我们还提供满意保证，让您放心购买。

如果您对产品有任何疑问或想下订单，请随时与我联系。我非常乐意为您提供帮助。

期待尽快收到您的回复。

此致

敬礼，

[您的名字]"	None
"'1. 帐篷
2. 睡袋
3. 手电筒
4. 火柴/打火机
5. 驱虫剂
6. 备用衣物
7. 急救包
8. 露营炉
9. 炊具
10. 生物降解肥皂/洗发水'"	None
"'标签1：字符数据
标签2：字母数据
标签3：非字母数据'"	None
"'1. 清晰简洁。
2. 尊重礼貌。
3. 使用积极倾听。
4. 思想开放。
5. 提供反馈。'"	None
"'- 线条
- 颜色
- 形状
- 纹理'"	None
"'帐篷
- 睡袋
- 手电筒
- 烹饪用具
- 便携式炉灶'"	None
"'1.面罩
2.安全帽
3.安全眼镜
4.呼吸面罩
5.耳塞'"	None
'100 °C.' 一百摄氏度。	None
"'- 苹果
- 香蕉
- 橙子
- 葡萄
- 草莓'"	None
"""WiFi设置说明书.doc"""	None
"'| 评分 | 百分比 |
| ------ | ---------- |
| 1      | 10%        |
| 2      | 20%        |
| 3      | 30%        |
| 4      | 25%        |
| 5      | 15%        |'"	None
最长小说的标题是“戈代尔”，作者是卡罗琳·雷德弗恩。	None
在陀思妥耶夫斯基的小说《罪与罚》中，主人公拉斯科尔尼科夫犯下了一起谋杀案，他相信这将证明尼采主义思想中的超人可以超越道德。然而，最终他没有得到社会的奖赏，反而被罪恶、悔恨和痛苦所消磨。	None
"""一部小说的创意可以包括两个敌对家族成员之间的禁恋故事，一个设定在由超自然生物居住的另一个宇宙的故事，一个在偏远岛屿上进行的自我发现之旅，或者一个关于一个不太可能的情侣被神秘组织雇用的喜剧故事。"""	None
电影《泰坦尼克号》的主要角色包括杰克·道森、罗丝·德维特·布卡特、卡尔登·霍克利、露丝·德维特·布卡特和法布里齐奥·德·罗西。	None
《杀死一只知更鸟》是一部备受喜爱的经典作品，它聚焦于吉姆·克劳南时期南方存在的不公正现象。通过年轻主人公斯考特的叙述，读者得以了解社区中根深蒂固的种族主义和偏见。斯考特的父亲阿提克斯·芬奇是小说的道德中心，体现了勇气和正义的价值观。小说所反映的失去纯真和反对种族主义的主题，反映了小说所处的动荡时期。《杀死一只知更鸟》是一部永恒的经典，至今仍在影响着读者。	None
《猫咪戴帽子》的作者是苏斯博士。	None
萨尔瓦多·达利的三件著名作品是《记忆的永恒》、《奴隶市场上的伏尔泰消失半身像》和《记忆的解体》。	None
这本小说的标题是《诺博士》。	None
奇幻小说的标题可以包括《加勒里昂的魔法》、《奥林匹斯之剑的探寻》、《山那边的土地》、《鬼王的诅咒》、《精灵群岛的宝藏》、《银塔的秘密》、《棱彩群岛的传说》、《古代之门的战斗》、《仙境之路的编年史》、《被遗弃的土地上的龙》和《永恒阴影中的巫师》。	None
《指环王》中的甘道夫是一个自我牺牲的虚构角色的例子。他穿越中土大陆保护霍比特人，并且为了拯救同伴而献出了自己的生命。	None
西班牙的首都是马德里。	None
美国的三大山脉是落基山脉、阿巴拉契亚山脉和内华达山脉。	None
美国的三个政府职位是总统、副总统和参议员。	None
中国人口最多的六个城市是上海、北京、广州、深圳、武汉和成都。	None
加拿大的三个历史事件是1867年建立加拿大自治领、1965年采用加拿大国旗和1988年签署加美自由贸易协定。	None
根据最新估计，截至2021年，印度的人口为13.8亿。	None
2010年美国有11,078起枪支杀人案件，主要使用手枪。	None
美国有50个州。	None
美国最长的河流是密苏里河，长度为2341英里。	None
海底由许多不同的结构组成，将海洋分成不同的区域。海底有三个主要区域 - 大陆架、大陆坡和海底。大陆架是大陆的边缘，是一个浅海，通常不超过650英尺深。大陆坡是陡峭的下降，通向深海，深度可达三英里。海底由平原和海沟组成，马里亚纳海沟是最深的海沟，深度超过11,000米。海底还包含脊，这是大型水下山脉，横跨数千英里。	None
这句话是法语。	None
这个游戏令人兴奋且愉快。	None
我很累。	None
夏威夷！	None
晚安。	None
"1. 你好！
2. 问候！
3. 欢迎！"	None
她做了很多好事。	None
你好，你怎么样？	None
可持续性。	None
"""炒饭是皇后""。"	None
“好的领导者具备自信、强大的沟通技巧、诚信、同理心、接受反馈的开放心态、责任感和强大的决策能力等素质。他们能够激励和鼓舞人们为共同的目标而努力工作，创造积极的工作环境，解决问题，有效地分配任务，并以身作则领导。好的领导者还具备情商，通过认识到员工的优点和理解他们的缺点来发挥他们的最大潜力。”	None
“一个成功的经理应该具备强大的领导和沟通能力，能够战略性地思考，了解并掌握行业趋势和最佳实践。他们应该有组织能力和足够的资源，能够管理人员、激励员工并激发他人的潜力。他们应该能够创造一种信任和尊重的文化，提供反馈和指导，并创造一个成功的环境。他们还应该能够舒适地做出困难的决定，对自己的行为负责，并愿意从错误中学习。”	None
“项目经理的角色是领导一个团队，以达到项目的目标。他们负责规划、组织、指导和控制项目的活动。这包括设定目标、制定详细的行动计划、协调资源并监督完成进度。项目经理的目标是确保项目按时、按预算和按照设定的标准完成。”	None
“当客户打电话查询订单状态时，客服代表应首先询问客户的订单号码。然后他们应该检查客户的订单历史记录，并向客户提供订单状态的更新。这可以包括订单处理、运输和预计交货时间等信息。最后，客服代表应为客户提供通话确认号码。”	None
“成功的企业家具备强大的组织和沟通能力，具有纪律性、坚韧不拔和适应力，并且始终寻求创新的方法。他们还具备敏锐的问题解决和决策能力，展示出一流的客户服务并与利益相关者建立关系，能够明智地管理财务和分配资源。最重要的是，他们专注于自己的长期愿景和目标，并且永远不会失去这些目标的视野。”	None
“与客户建立信任非常重要，因为它有助于建立强大的关系并创造客户忠诚度。当客户看到一个企业是可靠和值得信赖的，他们更有可能返回购买更多的产品或服务。建立信任还有助于提高客户体验，可以导致增加客户满意度。通过与客户建立信任关系，企业可以获得他们的信任并更好地了解他们的需求和期望。”	None
“情感分析场景可以涉及分析客户对产品的评论，以确定客户的总体态度或产品的整体质量。”	None
“设计思维通过提供以人为中心的方法，考虑人们的需求、技术的潜在用途和成功创新的期望结果，帮助组织进行创新。它允许组织通过关注最终用户体验并开发满足用户需求的解决方案，以创造性的方式识别和解决问题。”	None
“设计思维是一种创造性的问题解决过程，考虑了利益相关者的需求、技术的潜在用途和成功的期望结果。它旨在以创新的、以用户为中心的方式识别和解决问题。”	None
“设计思维是一个创造性的过程，考虑了利益相关者，并利用技术来帮助解决问题。它是以用户为中心的方法，专注于实现成功的结果。它依赖于设计师的工具包，将人们的需求、技术的潜力和成功的要求整合在一起。”	None
“烤牛排的一种独特方式是水浴烹饪法。这种方法将牛排缓慢地在密封袋中的自身汁液中以低温烹煮。牛排被真空密封，然后在水浴中以精确的温度长时间烹煮，确保它完全熟透但仍然鲜嫩多汁。”	None
葡萄糖（C6H12O6） → 2 乙醇（C2H5OH）+ 2 二氧化碳（CO2）	None
“素食饮食有许多健康益处，包括降低心脏病、中风、肥胖和某些癌症的风险。它还可以改善消化健康、增加能量水平和改善整体健康。此外，素食主义者通常更加关注其饮食对环境的影响，因为素食食品的生产通常需要更少的能源、水和土地。此外，素食饮食对动物有益，因为它们不涉及屠宰动物或使用动物产品。”	None
“一个均衡的饮食应该包括碳水化合物、蛋白质、健康脂肪、维生素和矿物质以及充足的水。全谷物、水果和蔬菜、瘦肉、鱼和禽肉、坚果和豆类都是重要的组成部分。”	None
"""番茄和西瓜都是水果，但它们有着明显的区别。番茄有着红色多汁的果肉，以其鲜美的味道而闻名，而西瓜则有着甜美多汁的果肉，通常被视为甜点食品。番茄有一个中空的中心，而西瓜则充满了种子。番茄的皮比较厚，而西瓜则有着薄薄的绿色外皮。这两种水果的质地也非常不同，番茄有着柔软的果肉质地，而西瓜则有着脆脆的质地。此外，番茄通常是煮着吃的，而西瓜通常是生吃的。"""	None
"带有种子的水果：苹果、草莓
不带种子的水果：香蕉、鳄梨"	None
维生素C的化学式是C6H8O6。它通常被称为抗坏血酸。	None
“一个健康的上午小吃可以包括一些水果，比如苹果或香蕉，一些坚果或种子，比如杏仁或南瓜子，酸奶或冰沙。”	None
钠是一种化学元素，符号为Na，原子序数为11。它是碱金属族中银白色、柔软、易塑性的成员。钠是所有生物体的必需元素，在自然来源中是碱金属中最丰富的元素。它的一些显著物理特性包括低熔点、低密度和高反应性。它是地球和人体中按质量计算第六丰富的元素，对生命至关重要。它也是许多家庭和工业产品的主要组成部分，如食盐、小苏打和洗涤剂。它的其他值得注意的用途包括在核反应堆、医学成像和激光中的使用。	None
"""合成纤维是由人造材料制成的纤维，如聚酯、尼龙和丙纶。这些纤维价格便宜，通常耐用，但不太透气或舒适。天然纤维是由天然材料制成的纤维，如棉、羊毛和丝绸。这些纤维透气、舒适，通常更昂贵，但不如合成纤维耐用。"""	None
"'人物1：你知道水力发电现在被用来发电了吗？
人物2：真的吗？太不可思议了！它是如何工作的？
人物1：嗯，水力发电利用流动水的能量来发电。通过捕捉和利用落下或流动的水的能量，水力发电可以用于高效的发电。'"	None
"""约翰是一个高大、黑发的男人，他有着温和的微笑和眼中的闪光。他性格温和，关心他人，总是努力理解别人。他热爱学习和探索新的地方、经历和文化。"""	None
"""我，麦克斯韦·斯马特，在餐饮行业拥有丰富的经验。我有着出色的客户服务和有效的问题解决能力的强大记录。我的同事和上级赞扬我致力于使工作场所更加积极和高效。此外，我是一名优秀的表现者，因激励他人的能力而受到认可。"""	None
"""现代篮球比赛充满了激动和娱乐。球场的氛围充满了肾上腺素，球员们让观众兴奋不已。欢呼声和呐喊声随着比赛的进行响彻整个看台，狂热的球迷们希望自己的球队能够获胜。总的来说，一场篮球比赛有潜力点燃体育迷们的热情灵魂。"""	None
"""我生命中的一个重要事件是我从大学毕业。经过四年的努力，当我走上舞台领取学位时，我充满了自豪感和成就感。这是奉献和毅力的结果，它向我展示了只要你下定决心，没有什么是不可能的。"""	None
"""大卫于1980年出生在加拿大一个小镇上，在大学期间他是一名优秀的学生，专攻工程学位。他是一个热情的学习者，在大学里是一颗闪耀的明星。"""	None
"""花些时间关注你的成功。写下你已经完成的事情以及你朝着目标所取得的所有进展。提醒自己你的优点和你做得好的事情。这将帮助你找到前进的动力，你将能够通过重新振作自己来获得更新的希望和目的感。"""	None
"""黑暗神秘的森林是一个充满阴影和秘密的地方。高大古老的树木笼罩在头顶上，遮挡了大部分阳光。浓密的树叶将树木缠绕在一起，形成了一个几乎无法穿透的墙壁，将森林与外界隔绝。空气浓重沉闷，一种怪异的寂静笼罩着这个地区。偶尔会传来远处的动物叫声。人们对神秘森林内部的真正情况知之甚少，但它所隐藏的秘密仍然深藏在它的深处。"""	None
"""马克斯和汤姆是来自不同背景的两个男孩，但他们有一个共同的兴趣：足球。尽管他们有所不同，但他们很快成为了朋友。周末他们会去公园踢足球，聊天并更好地了解彼此。随着他们的友谊不断加深，他们分享了自己的希望、梦想和故事。他们很快成为了最好的朋友，公园成为了他们的第二个家。通过他们共同的足球爱好，马克斯和汤姆建立了一种不可思议且牢不可破的纽带。"""	None
"""埃隆·马斯克是一位企业家和工程师，因在多个领域取得的成就而广为人知，包括汽车工程、能源生产、金融和太空探索。他的成功归因于创新思想、前瞻性领导和对追求雄心勃勃目标的无限热情的结合。在他的职业生涯中，马斯克展示了惊人的冒险精神，以实现他的愿景。他的成就已经彻底改变了许多行业，并为技术进步的未来奠定了基础。"""	None
本文的主要观点是气候变化是一个全球性问题，对环境产生了不利影响，导致极端天气事件增加和海平面上升。	None
“替代能源在减缓气候变化最严重影响方面是绝对必要的。随着世界从化石燃料向更可持续的能源来源，如风能、太阳能和水力发电转型，我们可以减少大气中的温室气体数量，防止地球进一步变暖。此外，使用可再生和替代能源将创造数千个就业机会，有助于创造一个健康、稳定的经济。投资替代能源是一个明智的决定，也是我们有效应对气候危机所必需的一步。”	None
"""环境保护对于维护地球未来世代的健康至关重要。人类活动，如排放、农业和森林砍伐，正在导致气候变化、空气和水污染、生物多样性减少以及其他环境威胁。通过优先考虑环境保护，我们可以限制环境破坏的速度，保护自然资源供我们和未来世代使用。"""	None
“太阳能和风能等可再生能源是清洁、可持续和丰富的。它们减少空气和水污染，有助于保护宝贵的生态系统，并创造无法外包的就业机会。可再生能源还有潜力大幅减少全球变暖排放和应对气候变化，使它们对人类和地球的未来至关重要。”	None
"1. 燃烧化石燃料，如煤、石油和天然气。
2. 森林砍伐和垃圾填埋，增加大气中二氧化碳的浓度。
3. 畜牧业生产，增加温室气体的数量。
4. 高强度农业，产生甲烷等排放物。
5. 工业过程，产生二氧化碳、甲烷和其他温室气体。"	None
可再生能源在我们的世界中变得越来越重要，因为我们努力减少对化石燃料的依赖并转向更可持续的能源来源。风能、太阳能和水力发电等可再生能源提供清洁可靠的能源，可用于为我们的家庭、企业和车辆提供动力。与其他能源来源相比，可再生能源也更具成本效益和效率。此外，可再生能源产生的污染和温室气体排放很少，有助于减少气候变化。可再生能源还有助于减少我们对外国石油进口的依赖，从而使我们的国家更加安全。可再生能源是建立我们星球更可持续未来的重要组成部分。	None
一个人口增长迅速的城市应该考虑投资公共交通，以缓解交通拥堵。这可以包括公交车、地铁系统、轻轨选项，甚至是自行车共享计划。这些解决方案具有成本效益，并有潜力减少交通和空气污染，使人们更容易出行。此外，为了满足交通需求的增加，城市还可能需要投资基础设施，如道路扩建和停车场。	None
大家早上好！今天我来跟大家谈谈气候变化的影响，以及它将如何影响我们的环境、健康、社会、经济和未来。气候变化是我们星球面临的一个不断存在且日益增长的威胁，作为世界公民，我们有必要采取行动来减少我们的环境影响。	None
“我们都有责任应对全球变暖的原因，因此我敦促我们每个人都参与到应对气候变化的斗争中。”	None
"1. 太阳能是可再生和可持续的。
2. 低持续成本和无燃料费用。
3. 不产生污染或噪音。
4. 可轻松扩展到不同类型的应用。
5. 太阳能在大多数地区都广泛可用。"	None
“介绍Alisha的全天然果酱，用最优质的原料手工制作，充满爱心！准备好享受美味的口感吧，让你的味蕾爆炸！尝试我们的五种惊人口味：草莓、蓝莓、桃子、覆盆子和黑莓。现在购买，与世界一起享受美食时光！#零食时间 #全天然 #果酱 #味蕾 #新鲜水果 #自制 #美味 #盐田湾”	None
“可再生能源是美国的未来”。	None
“面对疫情，我们的行动是最终的挑战。”	None
“生日快乐！愿这特别的一天带给你快乐、笑声和你应得的一切祝福。祝你未来的一年美好无比！”	None
“在上次会员会议上，提出了以下5个改进俱乐部的想法：1.增加会议频率，2.创建导师计划，3.开发网站宣传俱乐部，4.创建预算以资助活动，5.提供激励措施以鼓励参与。”	None
“一口好滋味-为您的全家提供健康零食！”	None
"""介绍一下苹果iWatch - 完美的时尚与科技结合！今天就获取你的iWatch，保持连接和时尚！#苹果 #iWatch #获取你的 #保持连接 #时尚"""	None
“现在的美丽-与{品牌名称}一起释放你的光彩”	None
"“曾经有一个难得的节日
人们从四面八方准备好
迎接充满欢乐的一天
和许多美妙的玩具
分享圣诞快乐和欢乐的时光！”"	None
“你通常去哪里徒步旅行？”	None
“尤利乌斯·凯撒在公元前44年3月15日（即三月的伊德斯）在参议院大厦被由盖乌斯·卡西乌斯·朗基努斯和马库斯·尤尼乌斯·布鲁图斯领导的多达60名共谋者暗杀。”	None
“古巴导弹危机和越南战争是20世纪最大、最致命的两场冲突之一。古巴导弹危机涉及美国和苏联在古巴的苏联核导弹基地之间的对峙，而越南战争是北方（得到苏联支持）和南方（得到美国支持）之间在印度支那地区的一场长期军事冲突。古巴导弹危机在1962年10月的13天内展开，通过外交协议得到解决。越南战争持续了19年，始于1954年，终于1973年签署的《巴黎和平协定》。虽然这两场冲突都与冷战有关，但在原因、目标、战略目标和结果方面也有很大的不同。古巴导弹危机没有导致任何直接的军事冲突，主要是通过外交手段和决定从古巴撤回核武器来解决的。另一方面，越南战争是一系列长期战斗，导致双方都遭受了重大损失。越南战争也对美国产生了重大影响，因为它突显了长期冲突的现实和美国军事干预的局限性。此外，越南战争还极大地改变了公众对军队和武力使用的看法。”	None
“滑铁卢战役发生于1815年6月18日，是拿破仑战争中最后一场重要的战役，标志着拿破仑·波拿巴的统治结束。这场战役是在现今比利时的滑铁卢镇附近，由拿破仑的法国军队和由惠灵顿公爵领导的英国、荷兰、比利时和普鲁士联军之间进行的。这场战役是拿破仑军队的失败，结束了拿破仑对法国的统治。拿破仑本人被流放到圣赫勒拿岛，在那里于1821年去世。这场战役标志着法国对欧洲的统治结束，为该地区的和平开启了一个新时期。这也是拿破仑战争中最后一场重要的战役，被认为是历史上最重要的战役之一。联军在滑铁卢的胜利有助于结束法国在欧洲的帝国野心，也确立了英国作为欧洲最强大的国家之一的地位。这场战役采用了步兵、骑兵和炮兵的战术组合，展示了战争性质的变化。尽管法国军队人数远远超过联军，但他们的战略和战术错误导致了战败。这场失败标志着法国帝国在欧洲的统治结束。滑铁卢的遗产至今仍然存在，巩固了英国帝国在接下来的一百年中的地位。”	None
“世界上最著名的画家通常被认为是意大利文艺复兴时期的艺术家莱昂纳多·达·芬奇。他的作品包括《蒙娜丽莎》和《最后的晚餐》，都被认为是杰作。达·芬奇也是一位科学大师，发明了直升机和坦克等发明。他还是一位多产的音乐家、雕塑家和建筑师。他的作品激发了几代艺术家的灵感，并且至今仍受到崇敬。”	None
“查理二世在英国内战和他父亲查理一世去世后登上了英格兰王位。他于1661年加冕，统治期间一直持续到1685年去世。查理二世也是艺术的赞助人，与当时最伟大的画家和雕塑家合作。他还鼓励戏剧和体育，并对天文学和自然历史感兴趣。查理二世是一个温和的统治者，尊重公民的民事和宗教自由。他对其他宗教持宽容态度，并赋予犹太人和天主教徒更多的王国权利。查理二世也是皇家海军的坚定支持者，这使得英格兰在世界上的实力增强。他还促进了工业和商业的发展，帮助现代化了这个国家。查理二世的统治是英国在经历内战动荡后恢复君主制的重要一步。”	None
“将北美洲和南美洲分开的经线是巴拿马运河的经线。这条经线穿过巴拿马地峡，将南美洲和中美洲分开。它总长度约为800公里（500英里），于1914年建成。巴拿马运河是一个重要的航运路线，是连接加勒比海和太平洋的国际水道。”	None
“艾米莉亚·埃尔哈特是美国航空先驱和著名的航空人物。她是第一位独自飞越大西洋的女飞行员。尽管遭遇悲惨的境遇，她被铭记为一个鼓舞人心的榜样和勇气、冒险和决心的象征。她的开创性成就推动了性别角色的界限，激励了许多人。”	None
玛丽·居里是一位波兰-法国科学家，以其对放射性研究的贡献而闻名。她获得了两次物理学和化学诺贝尔奖，成为唯一获得两次诺贝尔奖的女性。她对放射性本质的研究彻底改变了我们对原子的理解，开启了核科学和发现的新时代。她建立了第一个研究辐射的实验室，并将元素钋命名为她的祖国波兰。	None
1969年的石墙起义被认为是LGBTQ+权利运动发展的关键时刻。6月28日晚，纽约市一家同性恋俱乐部石墙酒吧发生了一次警察突袭，引发了一系列自发的示威活动。这一事件团结和激励了LGBTQ+社区为争取平等权利和能见度而斗争，被广泛认为是现代LGBTQ+解放运动的开始。	None
“文艺复兴时期是欧洲的一个伟大的变革和创造时期，始于14世纪，持续到17世纪。这是一个人们庆祝希腊和罗马社会的古典价值观的时期，引发了对艺术、科学、哲学和政治的重新关注。这个时期看到了一个从以前的中世纪世界观的戏剧性转变，并引领了一个更加人文和创新的视角。”	None
"""def factorialize(num):
  factorial = 1
  for i in range(num, 0, -1):
    factorial *= i
  
  return factorial""
  
  翻译成中文为：""定义一个函数factorialize(num)，其中num为参数，函数的作用是计算num的阶乘。函数内部定义了一个变量factorial并初始化为1，然后通过for循环从num开始倒序遍历到1，每次将i乘以factorial并赋值给factorial。最后返回计算结果factorial。"""	None
"""def factorial(n):
    if n == 0:
        return 1
    return n * factorial(n-1)"" 的中文翻译是：

""定义一个阶乘函数，输入参数为n，如果n等于0，返回1，否则返回n乘以n-1的阶乘。"""	None
"""def toUpperCase(str):
    return str.upper()"" 的中文翻译是：定义一个函数 toUpperCase，它将字符串转换为大写并返回。"	None
"""定义一个反转函数（reverse），参数为头节点（head）：
    初始化prev为None，cur为head；
    当cur不为空时，执行以下操作：
        将next设为cur的下一个节点；
        将cur的下一个节点指向prev；
        将prev设为cur；
        将cur设为next；
    将head设为prev；
    返回head。"""	None
"""def mean(lst):
    return sum(lst) / len(lst)"" 的中文翻译是：定义一个函数mean(lst)，返回列表lst的平均值。"	None
"""def alphabetic_sort(lst):
    return sorted(lst, key=str.lower)"" 的中文翻译是：定义一个函数 alphabetic_sort(lst)，返回一个按字母顺序排序的列表，排序时不区分大小写。"	None
"""def is_anagram(s1, s2):
    s1 = sorted(s1.lower())
    s2 = sorted(s2.lower())
    return s1 == s2"" 的中文翻译是：判断两个字符串是否为变位词：将两个字符串都转换为小写字母并排序，然后比较它们是否相等。"	None
"""def F2C(F):
    C = (F-32)*(5/9)
    return C"" 的中文翻译是：将华氏温度转换为摄氏温度的函数，公式为C = (F-32)*(5/9)，返回摄氏温度C。"	None
这段代码创建了两个变量 - x和y。变量x被赋值为3，然后将x的值加上4并赋值给变量y。因此，y被赋值为7。这段代码将值3赋给x，然后将4加到x的值上，并将结果赋给y。 	None
"一种简单的解决方案是遍历数组并跟踪到目前为止遇到的最大和。可以使用以下方法来实现：遍历数组，对于每个元素，更新到目前为止遇到的最大和。

在任何时候，到目前为止遇到的最大和要么是元素本身，要么是先前最大和与当前元素的和。

因此，该算法可以递归地定义如下：
maxSum(i) = max(arr[i], maxSum(i-1)+arr[i])

其中maxSum(i)表示以arr[i]为最后一个元素，arr[0...i]为给定数组的最大和。"	None
“我曾经在一家建筑公司担任项目经理时，做出了一个艰难的决定。我负责的一个项目需要在特定日期之前完成，以满足客户的期望。然而，由于意外的延迟，我们无法按时完成，因此我不得不做出一个艰难的决定。我决定延长截止日期，但我必须进一步拉伸团队的资源并增加预算。虽然这是一个冒险的决定，但我最终决定继续下去，以确保项目按时完成并满足客户的期望。最终，项目成功完成，这被视为我的领导和决策能力的证明。”	None
“自从新冠疫情开始影响全球人民的生活已经一年了。在大规模封锁和社交距离的情况下，我们成功地了解了一些关于这种病毒的知识。首先，它显然非常具有传染性，像野火一样在全球范围内传播。我们也意识到，这种病毒只针对那些没有遵循特定协议的人。戴口罩、洗手和待在家里已被证明是最终的解药，是避免感染的唯一障碍。采取预防措施已经显著减少了病毒的传播，然而，人们仍然生病。这种病毒是有选择地选择感染对象吗？这就没有道理了！我们可能永远不会知道答案，但至少我们可以尝试保持安全和健康。”	None
大家早上好！今天我来跟大家谈谈投票的重要性。我相信你们都听过“你的一票很重要”的说法，这是真的。即使看起来不起眼，你的一票也可能对选举结果产生巨大影响。因此，我敦促大家发出自己的声音，让自己的一票有所作为！	None
"店主1：“自从我们重新开业以来，生意怎么样？”
店主2：“比预期的要好。我们看到很多老客户回来了，也有不断涌现的新客户。”"	None
"同事1：嘿，项目进展如何？

同事2：嘿，进展不错。我已经完成了前两个草稿，现在正在进行一些小的调整。你呢？

同事1：我也快完成了。只需要确保所有内容都有组织。应该在几天内完成。

同事2：好的，听起来很不错！等你完成后，我会检查我的工作并进行最后的修改。

同事1：计划听起来不错。我们应该很快完成这个项目。"	None
“我最近参观了我所在城市的艺术博物馆。那是一次难忘的经历，因为我有机会探索那里众多美丽的艺术品。当我走在无数杰作之间时，我注意到了围绕博物馆的独特文化。那里有一种神秘和平静的能量，就像我进入了一座古老的、神圣的艺术殿堂。我沉浸在每幅画作和雕塑的细节中，欣赏每位艺术家的巨大才华。当我离开博物馆时，我感到一股满足的浪潮涌过我，因为我知道这个地方是创造力和想象力的避风港。”	None
"""这是第一天上学，小Mia感到很紧张。她很兴奋地想见到她的新同学和老师，但也有点害怕。她走进教室，立刻注意到有比她预期更多的学生。她惊奇地环顾四周，看着其他孩子，直到老师开始讲话。李老师很亲切幽默，很快Mia感到更加舒适。每个人都在微笑，她甚至交了几个朋友。到了一天结束时，Mia已经学到了很多，期待着接下来的学年。"""	None
我在两个城市之间的公交车上，注意到一个陌生人坐在我旁边。我们都在自己的事情上，但过了一会儿，他开始问我关于我的生活的问题。我们最终进行了一次迷人的对话，他告诉我一些有趣的故事，让我笑了。他分享了他对生活、灵性和哲学的想法，到了45分钟的旅程结束时，我感觉自己交了一个新朋友。当我们到达我的站点时，我感谢他分享他的见解，并祝他在他的旅途中一切顺利。 	None
到达派对后，我立刻试图在舒适的环境中找到自己，寻找熟悉的面孔或话题。我也深呼吸，微笑，甚至开了几个小玩笑。每当我成功地参与了一次对话，我就会问一些有意义的问题，让我更了解周围的人。随着时间的推移，对话变得更加自然，我最终结识了一些新朋友。 	None
"角色A：“你最近几天没有联系我，我感到很沮丧！”
角色B：“我意识到我犯了错误，没有联系你。对不起，我被工作缠身，没有注意到这一切。”
角色A：“我理解，但你这样忽视我还是让我很受伤。你打算怎么解决这个问题？”
角色B：“我可以承诺更经常地与你联系，让你知道我的近况。这样可以帮助你吗？”
角色A：“是的，这会让我感觉好些。谢谢你的理解。”"	None
他吃完饭离开了餐厅。	None
船长读了新闻报道。	None
他跑到公交车站，因为公交车还有五分钟就要到了。	None
我买了一本书。	None
他正在阅读书籍。	None
他进来时把每个人都吵醒了。	None
她将步行去上学。	None
房子着火了。	None
她参加了这个活动。	None
她来商店买东西。	None
“人工智能（AI）是机器和计算机具有类似于人类的决策和完成任务的能力。AI可以从数据中学习，识别模式并进行预测。AI技术可以自动化繁琐和复杂的过程，帮助减少人力和错误，并实现更准确和高效的决策。AI可以应用于广泛的应用领域，从机器人和自主车辆到医疗保健和金融。它越来越成为日常生活中不可或缺的一部分。”	None
"1968年：ARPANET，第一个互联网网络被创建。
1973年：TCP/IP被创建，使得计算机之间可以相互通信。
1983年：DNS被创建以简化通信过程。
1989年：万维网被创建，诞生了公共互联网。
1995年：JavaScript被开发，为网页引入了动态内容。
2001年：维基百科上线，提供在线百科全书。
2004年：Facebook上线，迅速发展到10亿用户。
2007年：苹果推出iPhone，使移动设备变得普遍。
2009年：云计算开始革命性地改变数据存储。
2011年：HTML5发布，鼓励更丰富的网络体验。
2013年：物联网（IoT）出现，连接了数十个耐用设备。
2015年：""语音优先""技术，如亚马逊的Alexa，推出。
2018年：5G网络开始推出，允许更快的连接速度。
2020年：人工智能开始被用于驱动像Alexa这样的家庭助手。"	None
“人工智能（AI）有潜力通过实现更快、更准确的诊断和治疗、发现新的风险和疾病进展来彻底改变医疗保健行业。AI辅助医疗设备有助于提高诊断和治疗的准确性，减少错误，而自动化系统可以处理大量的健康数据，生成新的见解。AI还可以通过提供个性化的建议和健康趋势的见解来改善患者护理。此外，AI还可以用于改善患者、医生和医疗保健提供者之间的沟通和效率。”	None
"""Photoshop是由Adobe开发的一款照片编辑软件，用于通过操纵和组合现有数字图像的部分来改善图像或创建效果。Photoshop使用户能够调整图像的色调、颜色、光照和纹理，以及创建文本、创建3D对象、添加数字效果和应用滤镜。"""	None
HTML（超文本标记语言）是用于创建网页结构的标记语言。CSS（层叠样式表）是用于样式和布局网页的语言。HTML是一种标记语言，提供网页的结构，包括HTML元素和属性。这些元素和属性定义了页面上出现的内容和任何视觉元素。CSS用于修改和增强页面的视觉外观。它包含一组分配给元素、属性和属性的值，控制页面的呈现方式。这些包括布局、颜色、字体和动画。CSS允许更灵活地设计页面。因此，HTML定义了网站的结构和内容，而CSS用于设计和使其看起来更具吸引力。	None
“GPT语言模型是一种用于自然语言处理的人工神经网络。它是一种自回归模型，使用一系列数学运算来预测序列中的下一个单词。它通过大量的文本语料库进行训练，学习语言并可以生成类似于其训练文本的文本。”	None
“超文本标记语言（HTML）是一种用于创建网页和应用程序的语言。它用于为网络结构和呈现内容，包括文本、图像、视频和其他形式的内容。HTML用于描述网页的结构，如标题、段落、列表和链接。它还描述了内容应该如何在网页上显示。”	None
“量子计算机使用量子比特或qubits来编码信息，而不是传统的比特。这些qubits可以组合在一起工作，使它们比传统计算机更有效地处理和存储数据。量子计算机使用量子算法使它们能够解决在经典计算机上无法解决的复杂问题。”	None
“人工智能被用于各种应用，从自动驾驶汽车到面部识别软件。AI被用来帮助自动化流程并以比人类更快、更准确的方式做出决策。AI还可以用于预测分析，计算机可以检测数据中的模式并预测未来可能发生的事情。”	None
“AI可以用于解决复杂问题，如疾病诊断、自然语言理解、自动驾驶和图像识别。例如，AI系统可以通过分析患者记录和医学图像进行分类和早期疾病检测，用于癌症诊断。AI还用于自然语言理解，通过识别单词和短语并提供智能建议和上下文，为人与计算机之间的对话提供支持。自动驾驶车辆使用AI来导航道路、感知和避免障碍物，并提供安全、舒适的乘车体验。最后，AI可以通过分析数字图像并识别模式、颜色和物体来识别图像和物体。”	None
"- 加拿大
- 美国
- 墨西哥
- 巴西
- 阿根廷
- 智利
- 哥伦比亚
- 委内瑞拉
- 古巴
- 牙买加
- 厄瓜多尔
- 秘鲁
- 乌拉圭
- 巴拉圭
- 哥斯达黎加
- 巴拿马
- 洪都拉斯
- 尼加拉瓜
- 危地马拉"	None
"1. 老虎
2. 大象
3. 黑猩猩
4. 大猩猩
5. 狼
6. 狐狸
7. 袋鼠
8. 刺猬
9. 豪猪
10. 海狸"	None
"1. 斑马贻贝
2. 葛根藤
3. 欧洲绿蟹
4. 棕树蛇
5. 亚洲鲤鱼"	None
"- 现代风格
- 乡村风格
- 现代化风格
- 北欧风格"	None
"- 绘画
- 雕塑
- 摄影
- 电影/视频"	None
"蔬菜：胡萝卜，洋葱
水果：橙子，香蕉"	None
"与潜水相关的物品：
- 潜水服
- 脚蹼
- 呼吸管
- 浮力控制装置（BCD）
- 面镜
- 气瓶调节器
- 潜水电脑
- 潜水刀或剪刀
- 配重带或救生衣
- 水下手电筒
- 气瓶和气罐
- 手电筒
- 潜水日志册
- 指南针"	None
"现金流量表：
现金净增加额：7500美元
经营活动现金流量：1200美元
投资活动现金流量：2100美元
筹资活动现金流量：3200美元
净现金流量：6500美元"	None
1. 意大利（54个遗址）2. 中国（52个遗址）3. 西班牙（48个遗址）4. 法国（45个遗址）5. 德国（43个遗址）	None
"“鸽子 - 鸟
鸭子 - 鸟
燕子 - 鸟”"	None
“我最近观看了由奉俊昊执导的电影《寄生虫》，我被深深地震撼了。这部电影巧妙地融合了多种类型——既是黑色喜剧，又是对阶级主义的评论，结尾的转折更是出人意料。演员表现出色，特别是宋康昊饰演的穷人家庭的家长，摄影也非常出色。电影恰到好处地平衡了幽默和发人深省的戏剧性，看完后你会在接下来的几天里一直谈论结局。总的来说，我强烈推荐《寄生虫》；它是一部非常出色的电影，让你难以忘怀的一次观影体验。”	None
我最近读了《麦田里的守望者》，被J.D.塞林格捕捉青少年生活中的挣扎的能力所震撼。这个成长故事讲述了霍尔顿·考尔菲尔德在成年过程中的旅程，他在应对身份认同、疏离和绝望等问题。这部小说通过幽默生动的写作方式，成功地揭示了一些困难的主题，使它成为一本令人愉快和发人深省的读物。	None
《教父》被广泛认为是一部永恒的经典，原因很充分。它是一个关于犯罪和家庭关系的扣人心弦的故事，演员阵容表现出色。故事情节巧妙，表演精彩，使人难以忘怀。有时可能会有些慢，但不要让这阻止你观看这部杰作。	None
《寄生虫》是一部惊人诚实且及时的探索经济不平等和社会阶级分化的电影。通过其精湛的摄影技巧和精心塑造的角色，它提供了一个引人入胜且深刻的洞察力，展示了财富如何分裂我们，以及如何将我们团结在一起。它是一个强有力的提醒，我们永远不能忘记我们周围的不平等，也不能把我们拥有的特权视为理所当然。这种对阶级分化和道德复杂性的深入探索使《寄生虫》成为必看的电影，值得在任何十佳电影清单中列出。	None
《火星救援》是一部令人兴奋、惊险和鼓舞人心的电影，肯定会刺激观众的感官。故事讲述了NASA宇航员马克·沃特尼被认为已经死亡后被困在火星上，他必须运用自己的科学和工程技能在这个严酷的星球上生存并找到回家的方法。《火星救援》是一部扣人心弦的电影，描绘了在极端环境下生存的斗争，以及被救援的希望。演员和特效给故事带来了逼真的感觉，使它更加吸引人。这部电影绝对是必看的，也是人类机智和韧性的伟大代表。	None
我最近读了J.K.罗琳的小说《哈利·波特与魔法石》，非常喜欢！哈利·波特的魔法世界对所有年龄段的读者都是一个迷人而令人愉悦的旅程。从霍格沃茨小巫师学校到潜伏在阴影中的神秘危险生物，罗琳生动的描写使这个故事栩栩如生。角色塑造得很好，让人喜欢，情节充满了曲折和转折，让你一直猜到最后。我强烈推荐这本书给任何寻找娱乐逃离现实的人。	None
《麦田里的守望者》这本书的主题是探索青少年的孤独和疏离感。	None
保罗·柯艾荷的《牧羊少年奇幻之旅》是一部鼓舞人心、发人深省的故事，讲述了个人成长和发现的旅程。通过其角色独特而引人入胜的旅程，本书带领读者踏上自我发现之旅，并鼓励他们追随自己的梦想。它引人深思的教训对所有读者都易于理解，并提供了关于决心和激情力量的深刻见解。这是一本绝妙的书籍，一定会给人留下深刻的印象。	None
主角是一个二十多岁的年轻女性，心中充满了雄心壮志。她勇敢、坚定，不怕为自己信仰的事情冒险。她聪明独立，喜欢通过书写表达自己。	None
我看了一部关于凤尾鱼的纪录片，非常有趣，里面充满了很多有趣的事实！	None
五种减少能源消耗的方法包括：不使用电子设备时拔掉插头；离开房间时关闭灯光；更换LED或CFL灯泡；安装感应式灯开关；通过更大的窗户和天窗使用自然光。此外，更换旧电器为节能型号和安装气密条以减少漏风也可以帮助减少能源消耗。安装隔热材料和太阳能电池板，升级智能恒温器，减少水浪费都可以为更高效的家居和减少能源使用做出贡献。最后，学习节能知识和改变习惯，例如刷牙时关闭水龙头和用冷水洗衣服，也可以帮助减少能源消耗。	None
“清洁银器的方法是，先将水槽或盆子注满热水，加入一汤匙小苏打。将银器浸泡在水中，静置几分钟后用洗碗布擦洗。彻底冲洗银器并用干净的毛巾擦干。”	None
“拧下路由器或调制解调器上的电缆，然后从电源插座或墙壁插座拔出另一端。”	None
“患者可能正在经历心脏病发作，应立即寻求医疗救助。应检查患者是否出现心脏病发作的迹象，如胸痛、呼吸急促、冷汗、恶心、头晕或眩晕感。此外，还应检查患者是否存在其他相关问题，如高血压、糖尿病或心律失常。需要注意的是，任何与心脏有关的问题都可能非常危险，需要立即就医。”	None
"- 转向可再生能源，如太阳能和风能。
- 安装节能电器，如LED和CFL灯。
- 只煮所需的水，减少烧开的水量。
- 重复使用和回收物品，如塑料和纸张。
- 通过缩短淋浴时间、不使用水龙头时关闭水龙头和安装低流量水龙头来节约和减少用水。"	None
"1. 在家中安装低流量水龙头和马桶，以减少用水量。
2. 使用节水淋浴头。
3. 使用扫帚而不是水管清洁室外表面。
4. 修复管道或水管装置中的任何泄漏。
5. 早上或晚上浇水以避免蒸发。
6. 收集雨水用于花园。
7. 使用覆盖物保持土壤中的水分并减少蒸发。
8. 重复使用淋浴或洗澡水来冲厕所。"	None
"1. 工具 - 钳子、锤子、扳手、螺丝刀、锯子、钻等。
2. 车辆维护用品 - 发动机油、火花塞等。
3. 清洁用品 - 桶、海绵、拖把、水管、清洁剂等。
4. 草坪和花园工具 - 耙子、铲子、割草机、除草机等。
5. 油漆用品 - 刷子、防护布、搅拌棒、油漆盘等。"	None
"想法1：让自然光进入教室。
细节：安装更大的窗户以获得更好的照明和通风。在教室里放置一些小植物，营造更愉悦的环境。有可调节的遮阳板，必要时可以关闭或在演示期间减少反光。
想法2：创建一个开放的工作空间。
细节：移动桌椅以创建一个开放的空间。消除学生和教师之间的任何物理障碍。提供舒适的椅子，确保学生在整个课程中能够正确地坐着。提供豆袋或垫子，使座位更加舒适。"	None
"保护笔记本电脑安全的步骤：
1. 使用大小写字母、数字和特殊字符混合的安全密码。
2. 对所有账户使用双重身份验证。
3. 确保反病毒和反恶意软件是最新的。
4. 只从可靠的来源安装可信赖的软件。
5. 在使用公共网络时使用VPN加密数据。
6. 点击链接或回复电子邮件时要小心。
7. 避免使用不受信任的USB驱动器。
8. 经常备份重要文件。
9. 使用完笔记本电脑后始终注销。
10. 不要在公共场合或未锁定的情况下离开它。"	None
"1. 使用香蕉皮制作全天然杀虫剂，方法是将成熟的香蕉皮压碎后浸泡在温水中几个小时。得到的混合物可以用于喷洒植物，帮助防止害虫。

2. 将香蕉皮涂抹在皮肤上，可以对抗痘痘和皱纹。香蕉皮中的酶和维生素可以帮助减少红肿和炎症。

3. 使用香蕉皮擦拭银器可以使其恢复光泽。香蕉中的钾元素有助于去除银器上的污渍，因此用香蕉皮擦拭银器可以使其恢复光泽。"	None
“巴塞罗那的自然风光非常壮观，有着美丽的海岸线和古老的哥特式街区。”	None
我在澳大利亚最喜欢的旅游目的地是弗雷泽岛，它位于东海岸。	None
"1. 莱昂纳多·达·芬奇 - 意大利文艺复兴时期的多面手，以其精湛的艺术作品而闻名。
2. 米开朗基罗 - 雕塑家和画家，以创作宏伟的壁画和雕像而闻名。
3. 雷姆布兰特 - 荷兰画家、素描家和版画家，是艺术史上最重要的人物之一。
4. 巴勃罗·毕加索 - 著名的西班牙画家、雕塑家和陶艺家，他在20世纪革新了艺术。
5. 文森特·梵高 - 后印象派画家，他的名声在他去世后达到了巅峰。"	None
向东北走，沿着马克特街走向巴恩霍夫街，左转进入巴恩霍夫街，再左转进入伯恩街，第一条路右转进入豪普特街，继续前行到穆尔巴赫街。左转进入因特拉肯街，稍微向右转进入格韦尔贝街。跟随指示前往劳特布伦嫩，右转进入泽勒韦格路。在路口处右转进入斯坦布里奇路，沿着蜿蜒的道路一直前行到劳特布伦嫩。 	None
“在树林里徒步旅行是享受大自然的好方法。你可以体验到自然环境中的景色、声音和气味，欣赏大自然的美丽。此外，你还可以锻炼身体！”	None
第一天：洛杉矶，加利福尼亚州 - 探索好莱坞、圣莫尼卡码头和格里菲斯天文台。第二天：加利福尼亚州圣巴巴拉 - 参观圣巴巴拉动物园和巴蒂基托斯泻湖自然中心。第三天：内华达州拉斯维加斯 - 花一天时间玩老虎机、参观胡佛水坝和品尝美食。第四天：亚利桑那州大峡谷 - 跟随导游探索大峡谷的壮丽景色。第五天：科罗拉多州丹佛 - 参观丹佛艺术博物馆，探索城市的美食之旅。第六天：德克萨斯州达拉斯 - 品尝美味的烤肉、参观历史遗迹，并在达拉斯世界贸易中心购物。第七天：德克萨斯州休斯顿 - 参观NASA的休斯顿航天中心和自然科学博物馆。	None
旧金山最好的墨西哥餐厅是Nopalito，位于Mission区。它因其正宗的墨西哥美食而备受好评，包括tacos、enchiladas、tamales等等。	None
从伦敦到莫斯科最直接的路线是先飞往阿姆斯特丹，然后转乘前往莫斯科的航班。或者，您可以直接从伦敦飞往圣彼得堡，然后乘火车、公交车或汽车前往莫斯科。	None
你会看到由科罗拉多河在数个世纪间侵蚀而成的令人惊叹的多彩悬崖，颜色有红色、橙色和棕色。景观令人叹为观止，由深谷、狭窄的侧峡谷、石灰岩高原和隐蔽的山谷组成。俯瞰峡谷，你会看到绵延数英里的陡峭岩壁，周围是广阔的沙漠、砂岩丘陵和针叶林。	None
“这片景色与众不同。天空呈深紫蓝色，太阳在崎岖的岩石地形上投下诡异的阴影。树木扭曲变形，枝条上有奇怪的弯曲和形状。下方，一条河流沿着山丘切出一条路径，蜿蜒穿过古老的立石和废墟，有些上面刻有神秘的符号。”	None
妈妈：如果你朋友从悬崖上 跳下来，你也会跳吗！ 我：我会先跳！ 我媽: 	None
我:今天我一定要完成计划的任务，过充实的一天。五分钟后还是我。蚂蚁大战香蕉片点击观看。	None
准备睡觉。想你。翻来覆去的想你。直到睡着。	None
朋朋：你看到哪一集了？我：第2集。朋朋：哦那还可以。我：第5季的。朋朋：可是你昨天才聞始看的.	None
当你和陌生网友聊天觉得自己的话不够礼貌时	None
人类挠猫猫。猫猫挠人类。	None
我。激情讨论世界杯的人。我。激情讨论世界杯的人	None
“等等，你的意思是让他们想说什么就说什么？”“对。”“对了，别忘了给他们枪！”“笑死，这个国家肯定会变成地狱。”	None
众所周知：油浮于水。第一步：等雨来。第二部：全身涂满油。第三步：起飞。	None
你萝想中的工作是？ISFP：我的夢想中没有工作	None
当我的奶奶知道我喜欢AJ后： 	None
连校长都在担忧你的成绩	None
我好像下载到错的真人版泰山	None
男人最无声的炫富是什么？关钓了一条一米多长的鱼，然后在小区里面迷路了，也不问路，就转悠。	None
天哪我好响出去丸	None
这个可以带来快乐 这个不可以带来快乐 给我去死	None
心理医生：你值得被爱。我：我不相信你，继续说。	None
过度思考。我	None
悲报。您已经度过2023所。有的法定节假日。	None
我们有时间应该聚一聚！必须的。我们有时间应该聚一聚！必须的。我们有时间应该聚一聚！必须的。RIP：我们有时间应该聚一聚！RIP：必须的。	None
我钱呢。cnm.。	None
"我怎么不记得了有这事
桃避"	None
我：你好，我刚才开车撞倒一只动物然后现在车子基本报废了，我想问下我这个情况在理赔范围之内吗？客服：在的先生，能说一下具体是什么动物吗？我：一只鱼	None
美国学校：由于新冠病毒蔓延，所有课程改在网路上进行。校园枪手：	None
我在说话时 听见的自己的声音。我实际的声音 	None
现在的Firefox。10年后的Firefox。现在的Twitter。10年后的Twitter。现在的Reddit。10年后的Reddit。	None
*没有人*正义联盟片头的超人：	None
朋友们，你们有没有需要口袋的？每一天，我们都在和上帝渐行渐远。	None
危险报警闪光灯按钮。老子想停这里就听这里灯按钮	None
和朋友玩这些体育游戏的首要规则：在开始玩之前跟他们说自己已经多久没玩这些项目了	None
我本是上市公司的老总。却被坏人所害！夺走公司！我只想夺回我的公司！今天肯德基疯狂星期四。谁请我吃。待我夺回我的公司。公司50%股权作为报答！	None
总有一天你会找到一个会一直想摸你屁屁的人你我	None
当小浣熊弄翻了100个垃圾桶后终于解锁了黄金皮肤	None
我是脸先着的地	None
我真是个小可怜	None
有企鹅称号的资本家：	None
崩溃边缘	None
先生别急，我們的專業團隧已經在全力修你的電腦。：	None
这个家伙一脸[诶?是我吗?我啥也没干呀]的表情。	None
我不会从贫穷中获利： 我会做我必须做的事来保持健康 S Dos 	None
但你意识到杰瑞是个恶霸而汤姆是受害者时，你就知道你是一个成年人了	None
获取验证码输入错手机号： 那个人·. 	None
没有人：。10岁的我：。	None
我独自待在我的小房间里回想看上次和你doi的所有美好细节	None
蓝  瘦	None
我怎样才能拥有一个我真的很喜欢而对方也刚好也非常喜欢我的人呀？。	None
老师：这个问题大家有没有理解清楚啊？ 正在上网课的学生：是的	None
还有一件事！没有人：呐，这就是艺术。	None
当有人在半夜12點第一個傅記息祝你生日快樂时	None
My friend does taxidermy.What's your Wish?	None
当你在火堆旁边爽爽的， 突然想到明天要摘10个小时的浆果	None
你做的很棒！保持下去！：）	None
你好，我要一份不开心乐园餐，一份苦条和一杯无糖可悲。MC Gorh	None
在我的那个年代，当我听到TikTok我想到的是Ke$ha	None
当他们都说你是垃圾，于是你找到了真正关心你的人	None
居然能够遇见你	None
做作业时的我： 讨论游戏时的我： 	None
他们不知道我放屁了。边上那个人放屁了。真恶心，咱们还是跳舞吧。我闻到屁味了。边上戴帽子的那个	None
委屈到流泪	None
我觉得很伤星	None
皱眉	None
老师讲 课堂内容 老师讲 作业内容 下课铃声 	None
"我
生活"	None
当马尔福准备叫哈利波特名字的时候：。	None
2014年后的游戏键盘。2010年的游戏键盘。	None
使不得使不得。	None
等等，你把我落下了	None
我：*把洗好的衣服从洗衣机里拿出来*某支袜子：	None
你躺在床上你喜欢的人洗完澡出来了ta钻进了你的被窝从背后抱住了你	None
虽然你也许没有能力改变你的过去...但是你依然有着搞砸未策的能力!!	None
潸然泪下	None
儿子，为什么你的家庭作业文件有80个G啊？拜托，我是计算机专业的诶!	None
电影里的甘道夫：。书上的甘道夫：。甘道夫。	None
没有什么东西是注定要破碎的。额，我的糖原阿。	None
越长大我越能理解童话故事里，那些自己隐居在森林里然后杀掉所有来打扰自己的人的巫婆	None
这就是你永远不该叫一个男人把吃的装起来的原因。阿吃的是没装起来吗？	None
**好香好软	None
内向的人就像：要不要一起出去玩。不要。但我喜欢被人这样问。	None
洗完澡裹着浴巾等着妈妈给我挑一套衣服穿的6岁的我：	None
我和他是假玩 和你才是真玩 	None
我的crush：天气真好。我：谢谢。Single。	None
不要再想ta了!你在干嘛？嘿！我正在想你呢！	None
女神节女生节仙女节就是不叫妇女节。让我看看你是个什么东西。鼓吹消费主义丑化劳动友性煽动年龄焦虑加剧男女对立。我就知道。	None
"当我给朋友们展示完自己引以为傲的
特殊技能""后他们就只是说“酷欻″然
后随即转移到别的话题上去时"	None
麻烦停一下	None
当你听到直升机 在天上飞的声音时 你： 	None
每天早上当我意识到我还要存在。	None
小脑斧的咆哮 嗷呜~	None
啊~行了行了。	None
过度思考的我，意识到正在过度思考的我，思考过度思考这件事的我，过度思考过度思考这件事的我	None
医生：为什么我让你9点吃的药你6点就吃了？我：我想吓病毒一跳。医生：	None
一些故事开始的地方。谷歌。苹果。亚马逊。华莱士。	None
边走路边踢小石头。小石头被踢到了车底。	None
"南
南倒我了"	None
早上刚醒： 打算看会手机清醒清醒的你 	None
首先，创造一个问题，然后 出售解决方案	None
我妈：说今天是我的生日。餐厅里的每个服务员	None
七岁的我：“哈！看我多厉害！” *然后什么都没干*  爷爷奶奶：	None
当别人跟你说做自己就好，于是你居然开始想象正常的自己是什么样的	None
14岁白人女孩：	None
虚无主义者：一切都是没有意义的。我：	None
当你被赶出客厅的时候，还有你 的朋友。 10 	None
游泳大佬在泳池里：俺就是速度。我在泳池里：爷尿了。	None
當爸爸带女兒。當爸爸带兒子	None
我再也不和你天下第一最最好了	None
告诉我他们以前要走十公里才能到学校的父母。告诉孩子我曾经在一场全球瘟疫中幸存下来的我。	None
我在认真的听我对象跟我分享的趣事。	None
当你赛跑取得了第一名，但是老师对大家说“你们所有人都是获胜者!”胡扯。	None
小孩儿：我们今天学习了除法！你随便问我一道题！我：7÷4。小孩儿：	None
#停止霸凌；史蒂芬忘记了他现在并不是在推特上	None
当你以为袋里还有最后一块肉干结果抽出来一包干燥剂	None
如果现在让你和所有和你做过爱的人战斗，你的状况有多糟？	None
我盯着房间里的一个随机点,试图欺骗那个幽灵以为我可以看见他站在我背后的幽灵6@训练有素的普通人	None
混油皮be like。我的脸颊：我的T区：	None
想象一下这种情况会有多尴尬哈哈Zero Chills接触性病会变色的避孕套获得了科技奖time.com/3935464/std-se..	None
我，独自在家对着镜子自我欣赏：	None
"当你们有着截然不同的爱好
但仍然尝试着适应彼此时"	None
编程第一铁律 如果它能运行就不要再碰它 	None
我：我必须要开始吃得健康点了。当我觉到一点点压力时：	None
当你为每一个人都准备了一个不同的性格这样他们就能够喜欢你时：	None
警方在杀人犯的家中发现电子游戏。媒体朋友：。	None
当网友的基金跌的比你更狠时。	None
当爸妈发现自己做错时的道方式： *装作无事发生* 过来吃饭了 	None
全国统一服饰 我想你也有一件： 	None
当家里的客人离开后我终于可以变回正常公民而不用像个逃犯一样躲在房间里。	None
没有人：维恩图：	None
我希望你过得很好不要让我为了你担心你真好看	None
政治老师。抬杠的同学。课前忘了上厕所的我	None
我希望你优先考虑的是你自己你的抱负、你的生活和你的未来保持专注！	None
当你难过的时候大吃特吃 现在你因为体重过重而难过 	None
原来牛爷爷这么厉害： 牛爷爷配的电脑真的是太棒了！ 	None
别的宿舍:积极学习参与各种活动。我和我的室友:	None
好莱坞根本不是真的。花钱请的演员	None
主持人：哈里，你会认为自己被妻子牵着鼻子走吗。不他不会	None
葡萄味汽水喝起来一点都不像葡萄， 但我觉得紫色尝起来一定是葡萄味汽水的味道	None
一枪打在脸上	None
当你的手受伤时。你的大脑。	None
多大点儿事儿啊。	None
政府制作伪造的马蜂窝用来隐藏人脸识别摄像机。下次你看到一个马蜂窝，打坏它然后取出摄像机。	None
人类:*用铲子来挖土* 地鼠:*用爪子来挖土* 蚯蚓:	None
在我打扫卫生前 我必须找到我想听的郡首歌！ aimo 	None
当朋友没等你就先打完了BOSS冷微傅舒烤川著茶	None
自动存档：你信任我吗？游戏玩家：不	None
EduardoValdes-HeviaCalciumhyperproficiencyisararecomplicationofvitamin D deficiency,where excess calciumfromboneresorptionformscomplexstructuresresemblingprimaryteethNeoformedteethgrow ondifferentbones,suchas this patient's hand, causing fractures andjoint dysfunction.	None
根据科学表明，很多哺乳动物为了减少和人类接触，主动的改变自己的作息习惯。	None
没有人：播放国际歌需要vip的音乐软件	None
和扣糖饼难度相当的游戏： S 	None
"确定到底郦天洗头发来对应
上自己的出行计划的我"	None
我*在超市里和女同学打招呼。我妈：	None
团体旅行就像：刚开始计划，旅行出游前10天，出游前3天，出發當天...	None
当我约我喜欢的人出来。我奶奶对我的每一次赞美	None
游戏中的沙漠地图：*存在*背景音乐：	None
当你在网络上购物 9.9不包邮 9.9包邮 	None
薛定谔的调情：我是真的在跟你调情还是只是开玩笑而已取决于你喜不喜欢我说的话。	None
我妈：你明天自己去看一下医生吧。22岁的我：	None
我：太好了我有一整个周末的时间用来完成我没做完的事情甚至还可以做些其他的事情！周末的我：	None
成年后每次遇到事情都怕被占便宜，所以都会打电话跟妈妈确认的我：	None
Pov:压力大又焦虑的你	None
分享阿拉伯富豪企鹅，近日會得到一筆財富。	None
我们能花点时间欣赏一下这些人在角色扮演上付出的努力吗？	None
这是他第一次尝试“坐下”这个指令：。LUBIN。Zapsza。	None
心理医生：你要打开你的心房！ 我：门又没锁 	None
喂，我听说她能具体地说出去想去哪个餐厅吃晚餐！	None
“我喜欢你的性格”“谢谢，我这还有三个”	None
当我在大冬天忘记带唇膏的时候。	None
当有人吼我：你在哪学的开车啊？！我	None
要我一直吗？	None
当你不小心点到前置摄像头但是没关系因为你很可爱。	None
S属性大爆发。Study。	None
老婆要查我聊天记录，这一百元给你说修不好	None
研究警告说，戒手银会增加焦虑、抑有郁和勃起功能障碍的风险	None
当有人进了你的房间然后出去了但没有把灯关了:	None
他一直跟着我我得去洗个澡让他呆在浴室里然后他哭了，因为他看不见我。	None
当我看到自己五年前发的动态时：噢甜心，不，你在想什么	None
凌晨一点：“亚米亚米”，第二天早上：	None
嘿宝贝。嘿就是。你听我说。	None
当小时候的你不小心弄哭了你的妹妹或者弟弟所以要在父母发现之前和他们拼命道歉时：	None
你们这些人就像这样离线、勿扰模式、请勿打扰，但实际上一整天都在上社交app	None
我听说他在找到垃圾桶之前会把垃圾揣在兜里	None
左耳进。右耳出。宁继续说。	None
英雄：你为什么变这么坏？！反派：这个社会	None
正在讨论一场永远都不可能发生的旅行的我和我的朋友们：	None
根据迪士尼的说法，王子的长相。现实生活中王子的长相。	None
总有一天，所望之处将全部都是你的。核泄露之前这里要看上去比现在好很多…。但是不管怎么样，这里总有一天将都全是你的	None
"""THESOLITARY""。- Age 15-25。- Neither handsome nor ugly。- Has 3 good friends。- Listens to music 24/7。- Enjoys being alone。- Does poorly in love。“孤独”。-15-25岁。一不好看但也不丑。一有三个好朋友。一全天候听音乐。一喜欢独处。一在爱情中表现不佳。"	None
冷漠	None
CEVING为对方服务送礼物。陪伴IMEPHYSICAL贴贴TOVCHIDVIMO	None
知人知面不知心阿 	None
20N。5m。	None
超人：真正的神。闪电侠：地球上最快的人类。蝙蝠侠：我是一个口袋里装满钞票的危险男孩	None
现在的我。以前那个，年轻又有活力的自己。	None
安详	None
我在游戏里的角色。 我现实中的样子.	None
"动漫人物的眼睛
他们的鼻子"	None
算我求你的宠宠我好不好	None
“安全意识” 一刻也不能掉以轻心： 	None
你喜欢水吗？我喜欢，所以你是说你已经喜欢72%的我了吗？	None
人类为什么认为自己比其他动物高等呢；我们可以解决复杂的数学问题，还能…；你能吗	None
某天你在床上醒来时看到窗外的景象是这样时你会去做什么？	None
这是一种致命的颜色	None
没关系。又活了一天已经很厉一了。	None
我理完头发的狗勾看起来像戒了酒一样	None
你有多久没有这种感觉了 你睡得太香了，以至于醒来还是迷迷糊糊 需要再睡两个小时才能从舒服的睡眠里缓过劲儿来 	None
电视广告里面的母亲是这样把孩子叫醒的：。我妈是怎么叫醒我的：。	None
我在等待我最在乎的那个人给我发信息	None
"爱情的カ量很强大
但是重カ更强大"	None
弹不下去的我：为什么每次都是你们三个？拉赫玛尼诺夫。李斯特。肖邦。	None
当你跟人吵完架打算收拾东西走人，结果那家伙嘴里又念叨了一句	None
11:5 50我对不起我睡看了～ 11：51.没关系， 你在千什么？ 11：52.我 	None
这个简单的技巧可以让你在钉钉子时不会敲到自己的手指	None
我喜欢的人：“你有什么怪癖吗？”我：不是我的手我咬的	None
雨女无瓜	None
靠北...我好像。通过自己的做烂决定的能力，创造了一个独属于我的地狱。	None
索尼克可能出事了	None
老二街在哪裡	None
蔬菜汁太好喝了。诶?你的晚餐呢。	None
每次遇到朋友的你：他的屁股你	None
新年亲戚饭局上自行隐身并且在认真干饭的我	None
life 这谁扛得住	None
畅兴台球俱乐部。老板为情所困关门十五天。	None
我没图了，我投降	None
香菇	None
我比较高冷内向，喜欢安静。实际上是因为我讲的话没人在听。	None
当你凌晨5点才睡着。然后第二天7点就起床去上班。早上好。去死吧。	None
小时候玩的游戏的感觉:现在打开同样的游戏的感觉	None
伤心的人听着伤心的歌	None
人间不值得	None
对不起嘛不分手我不分手不分手绝对 对不起	None
睡了勿扰回聊	None
打败我的不是天真是天真热	None
我的愿望是还能许100万个愿望	None
性生活。异地恋。	None
各種让男人兴奋的！聲音	None
朋友：事物是无法填充你内心的空虚的。我，一个受过科学教育的人：	None
你在学校是哪一种学生？A。B。	None
以前 现在 有人讲我 有人讲我 JLYU 你对你对 你才有问题啦 凭什么讲我 你讲1+1=4也对 	None
抱歉。我不是你要找的宝物。我只是我而已。按Y赞同。	None
小时候不能出门 只能在窗户看外面的小朋友玩！ 	None
在写完论文的标题之后。奖励给我自同四个小时的休息时间的我	None
我给游戏角色穿的。我给自己穿的。	None
明明没干嘛但还是好累： 	None
委屈	None
你有多懒？我：	None
n 3^07 !把手機转过來	None
狗确实不能上沙发，但如果我是一只海豹呢	None
老公真的不要我了	None
网友：发个性感露骨的照片着着我：	None
我 突然打了我一下的表弟 你知道自己马上要完犊子了吗？	None
当cush让我去问我的朋友是否单身时。阁下，有一条关于你的消息。	None
你赚到一笔钱想换個名牌包時，别忘了鸣人直到当上了火影都还在用他的青蛙包	None
成长： 刚入社会： 多年后: 停，你不对！ 对，你都对！ 	None
我：难过。狗勾：我说我们今天要开心起来。	None
瑜伽 伏特加 	None
我仅有的两个脑细胞正在帮我做我 人生中每一个重大决定： 	None
当你好不容易换掉手上这把烂枪结果别人拿着你刚刚那把烂枪把你干掉了	None
惊恐	None
你的良心不会痛么~~	None
小时候被父母训斥后 回到被窝里想着如何离开这个家 	None
我觉得你很花星	None
欢迎来到天堂。要想进入，你必须获得被你杀死的每一个人的原谅。我从没杀过人。游戏里的也算。GTA玩家。	None
我在上课的时候在干什么？。认真听课。在想“如果我保留现在的知识水平回到幼儿园会怎么样？”。	None
欲骂又止	None
"生活
我"	None
这甘蔗怎么这么難拔	None
说出一部在你小时候给你带来精神创伤的恐怖电影。	None
女生:亲亲、抱抱、坐在对方的大腿上男生:握手时间超过3秒	None
最难画的东西：	None
"*边看剧边玩手机
*
*错过了重要的剧情片段*
*
一不小心把时间线拉回去太多*
*然后又为了等那个剧情接着开
始玩手机
*
*又错过了那个剧情片段*"	None
当我拽毯子的时候一拳锤到自己	None
我妈：客厅不准有玩具！我妈当阿嬷后：	None
弃音	None
你觉得我好看吗?我觉得你好看得很激进	None
当你爸正要捧你家里来了客人： 	None
当我发现一首唤醒我心中火焰照亮我的灵魂的新歌并单曲循环了整整两个小时之后的我。	None
「祢也會討厭吧?明明是女生卻被叫做阿強什麼的」	None
噫	None
在今天看着朋友圈里的情侣发过节照片并为他们按赞的我	None
在回家路上捡到的小狗，本來想送去中途的，但是不管我的笑有多烂，它都会一直笑，看他那么捧場，所以我决定收编他	None
代价是什么？我的手指。	None
好了在座的各位，你们中谁在互联网上裤衩乱飞	None
卑雁南飞	None
小组分工。作业。我。	None
理想型女朋友喜欢我喜欢我喜欢我喜欢我喜欢我喜欢我喜欢我喜欢我	None
发现别人已经找到替代我的新人时的我：。那个在别人眼里比我好的多把我替代的人。	None
把所有美味的东西都变得不健康后的上帝	None
本想拿看妈妈的手机玩会小游 戏但看到国庆布置的作业后： 你： 	None
当你肚子饿到真的没心情了然后有人想逗你笑	None
狗勾也是我杀的。	None
嗯 有点凉凉 好甜甜呀~ 看完这个视频后的我： 	None
我没钱……	None
任何学院：*获胜*。邓布利多：。哈利今天叠被子了，因此…。给格兰芬多加10000分！。	None
一天一苹果，医生远离我。买大量苹果。用医生覆盖苹果。起飞。	None
月食；日食；世界末日。	None
没有人：我盯着房间里的任何东西看：	None
我希望我的生活能更轻松些。酷！	None
那些考试说考砸的人。自信的我。	None
一个很棒的未来，并不意味着…你也要拥有一个…很好的过去	None
如果我的心理健康是一辆车	None
泪，6了下来	None
萌新动漫迷。你推荐给我的那些动漫都很棒！你能给我推荐更多吗？	None
朋友： 这段时间听说附近闹鬼 我洗澡时： 	None
我要充电。我还要充电	None
我超喜欢这个收神猫的啦贴了好几次了	None
你对我有什么感觉吗,我对你感到抱歉.	None
你说有钱多好我要有钱也这么玩	None
当你做了尴尬的meme没有人同感时。我：	None
就蒜挤进去也是个橘外人 	None
这是鲍勃,他出生时没有尾巴,取而代之的是一对厚厚的脸颊@训练有素的普通人	None
我裂开了	None
我的梦想。我	None
嘿！拿著弓的人！救命！快射熊。但是。射就对了！	None
可伤心了！	None
你一开始是用的哪个手柄？	None
当我把现在遭遇的痛苦和我童年的创伤联想在一起的时候：	None
当我喂了我的猫之后：一会见，臭傻逼。	None
这结局，猜不透	None
我的两种心理状态：世界上没有正义。世界上没有正义！	None
为什么只有人类成年以后还会喝牛奶？这对你们来说很容易，你们有超市什么的。嗨，玛丽，我可以从你的乳头里吸点奶吗？滚吧傻逼。你看	None
当我的宠物以一个可爱的姿势睡着的时候：	None
去超市。出现疫情前。我要报警了。出现疫情后。我要报警了。	None
爸爸：*打开电视* 大约69毫秒	None
当网课老师突然点名让你来回答问题。	None
我的一天：保持专注。在完全没用的事情上。	None
我他妈直接害羞	None
"银行：“你打算怎么还清贷款呢？”我：“我会去点赞那些""点赞后明天醒来你的银行存款就会多十万元""的帖子。”银行：“合作愉快。”"	None
被老师点名提问完的我：	None
当别人和你吹生皮 你不爱听时 !!! 对对对。 !!! 快别说了 	None
小底迪、你們是第一次來這種店嗎?	None
当我坐在车上看着窗外那个我想象中的跑酷小人被一辆车直接撞飞。	None
一到凌晨12点时我的大脑*我的睡意*	None
我喜欢生活的理由。我不喜欢。没开玩笑我真的开心不起来。	None
我是梅西 现在慌的一B	None
早上起床 那种困顿 那种悔恨 我都想盘死昨晚熬夜的我 可每晚那种清醒 那种自信 那种嚣张 我都忘了自己是谁 	None
科学家：“解释睡眠的重要性 凌晨三点看他解释的我！ 	None
起的比鸡早	None
我和对象在其他人面前时：。我和对象两个人独处时：。	None
平行线：同一平面内永不相交的两条。直线。我举个例子：你。你的crush。	None
当生活一团乱麻，你装作若无其事的时候	None
"紧张
你想对劳资做什么"	None
我現在想做的事。我們老板。	None
宝贝怎么了？我看你都不怎么吃卷背龙。	None
别偷懒！我受够了。坚持住老兄后世人会永远记住我们的付出的。嗯…外星人的杰作	None
是啊doi是很酷，但曾经你有没有试过和另一半打电话一直打到有人睡着为止?	None
*10岁小孩拍抖音视频*10岁时的我：	None
下面，为大家呈现世界上最高的公共汽车。	None
喜欢穿孔的人们就像这样：。	None
"喝掉这瓶奶
忘掉那个仔
忘仔牛奶"	None
我的精神状态。酒精。	None
佛佛系背单词	None
被谭警官问你的车子能拉吗	None
嗨我是不是太粘人了..	None
你有男朋友吗？ 嗯 	None
别不说话，和你姨说两句！ 	None
被生活压秃了脑阔	None
刚学会一点小知识后就开始看不起别人的我。	None
日本。我家乡	None
有没有美女想要垫个下巴请联系我我有双下巴打算买一个	None
当我最喜欢的博主回复了我的评论的时候：	None
你的关心是独我一份的，还是他人都有的。若不是独我一分的，那这份关心不要也罢。	None
这里乌青	None
哈巴狗的铲屎官:我的狗好可爱。哈巴狗:	None
在开学时对自己这学期的学业作出规划的我。	None
老师：同学们不要在桌子上刻字哦！ 你： 	None
我：这样真的安全吗？ 我爸：放心 很安全！ 	None
如何喝茶。1.泡一杯茶。2.嘬一口。3.茶太烫了。4.放着等茶凉。5.完全忘掉你泡了一杯茶。	None
大脑：快做。我：为什么？大脑：别问，赶紧做就对了。我：	None
当你很清楚自己不是考研的料。可你还是硬着头皮去读时。	None
lay了	None
当场去世	None
手机：1个消息提醒“可用额度不足抵扣次月月租	None
一旦非常开心就会产生负罪感的infj。ta大脑的全自动自我打击系统	None
老师： 这次考试很简单 考试题目：请定位黑色的点 	None
翔式苦笑	None
没有人: 明明听见别人夸奖我,但是想再听一遍所以故意装聋,问他们在说什么的我:	None
我：*出门后锁门*5秒过后我：我刚刚锁门了吗？我的大脑：	None
当我发现昨天花10贝壳买的石斧今天只要5贝壳	None
有时候我真的觉得你莫得感情	None
school:me:	None
出门	None
小孩子瞄准的地方。成年人瞄准的地方。公共厕所里的人瞄准的地方	None
当你和朋友聊起了你们 都很讨厌的那个人时 	None
海法市道路上的一只野猪在吃完垃圾之后倒在路边睡着了	None
下课时： 要买东西又不想去的人： 要去上厕所 的我： 	None
我。虽然从来没见过面，但是总是给予我支持和鼓励的网友	None
质问为什么这个变形药水这么快就失效的哈利和罗恩。赫敏	None
唯一一种能够被我吸引的雌性。	None
现代奴役需要现代枷锁。	None
Me trying to make her smile. Me mycrush inner me	None
点下“已满18岁”的我。你相信我吗？18禁网站。全心，全意。	None
狗狗做错事 猫猫做错事 	None
这是我他媽看過最有用的刺青：）/停式幽默	None
当有人骂你时： 你的兄弟骂你时： 你喜欢的人骂你时： 你 你： 	None
当你长大后发现其实你心里的恶魔还挺有意思的。	None
我不明白我怎么还有头发！ 	None
我：在洗碗。我妈：往洗碗槽里加了个碟子。我：	None
"睡不着
（一只羊 两只羊..）"	None
当我意识到自己反应过度， 像个小题大做的人时但是已经太晚了所以我必须坚持我的立场。	None
这个电影有点无聊你觉得呢。嗯嗯	None
FaceIDTry Again再试一次取消	None
我能怎么办我也很绝望啊	None
上班途中	None
听说他有一枚比特币。	None
哇！今天这么早就上床了，我应该早点睡这样明天就能早点起。哇，今天这么早就上床了，是时候躺着玩手机玩到很晚了，只因为我能	None
当你只睡了4个小时就要爬起来去上班,到了公司突然来了一股干劲	None
摇晃你的头。	None
几乎每一个反派的背景故事：他以前也是个好人。直到后来他不是了	None
当我爸看到我因为做了他允许我做的事而被我妈胖揍。	None
难过到GUCCI	None
配送费16块。我爸：	None
*她的举动。我问我的。可爱女友。是否愿意。让我靠近。她的心。	None
我：我有点不舒服。妈妈：没啥事儿。医生：没有什么问题。百度：	None
旁边的人：你喜欢的女生过来 了，你表现得正常一点 我： 	None
外向者的社交电池vs我的社交电池	None
如果发生这种情况你会怎么办？	None
每天都做着重复的事过着一样的生活，我想知道幸福什么时候会到来	None
当你拆家拆到一半发觉自己只是需要一个拥抱。	None
聊不下去了	None
我第一次见到我喜欢的人时。第69554次见到我我喜欢的人时	None
我唯一想看的杂志：	None
友情提醒：“尽最大努力”并不意味着要工作到精神崩溃的地步	None
性。各种吻拥吻、额头吻、脸颊吻鼻尖吻、脖子吻、耳边吻温柔的吻、粗暴的吻	None
肚子很痛。放个屁。我好朋友不会怎样的。	None
刚洗完脸 又出一层油	None
图片说明了一切· 	None
我们总是有做不完的工作	None
显然他们找到了一个更吸引眼球的展示童装的方式:	None
神奇的是不用看脸我们就能知道他是谁	None
*你會怎么形容最近的生活。我：	None
各就位...预备。跑	None
第一个给狗狗喂了巧克力的人：记下来了	None
ONLINE,ONLINE,ONLINE. LAST ONLINE 2YEARS AGO, ONLINE, LAST ONLINE 3YEARS AGO.	None
我爱你。我也爱你。你好可爱。每天都在热恋中。保持新鲜感。想见就见。没有冷战。没有ntr。只有纯爱。	None
当你正在生气但有人给你递食物时。	None
为什么这些动物都没有发现摄影师在拍摄它们呢？摄影师：	None
九岁的我，当我开始认真对待一场乒乓球赛的时候。	None
-你和你的朋友真是形影不离啊！-你为什么会这么说？同时我和我的朋友：	None
我们都知道有个“怪人”是这样洗澡的阿呀，这水温完美	None
如果你现在身上有这个东西的话，那么你就是个巨有责任心的人。	None
等到你打开任务管理器之后的程序。我们刚刚未响应但我们现在行了。	None
我轮陷了 你呢	None
在知识的海洋里。假装快乐。	None
一般情况下，动漫角色的嘴巴是这样的： 接吻时，动漫角色的嘴巴是这样的：	None
我：*聊天的时候提到了个女生的名字*。我妈：。我爸：。	None
收拾你的东西，我刚刚咬了房东！	None
你未来的对象*你应得的爱和关注*The love andattention you deserve	None
也许很多人都觉得你非常有吸引力，只是他们羞于表达。Don't do that. Don't give me hope.	None
别人：你别想太多。我：	None
凌晨失眠时的我：焦虑满了！杏玉满了！	None
没眼看鸭	None
当你回家看到喜歡的人：	None
当别人一直跟我讲话所以我不得不一直摘下耳机。	None
当你正在忙自己的事情然后突然听到有人聊天的时候念到你的名字。	None
当你同桌要你抄完作业再给ta抄。真可悲。	None
动画片：*原子弹爆炸*。站在爆炸中心的角色	None
*智能手机发明于1993年*。1992年时上厕所的人：	None
坦克玩家们和辅助玩家们之间的暧昧是这样的：。	None
【抱抱]「我們只是建物］「不管，抱抱」「好啦可是只能一下下喔］湾陈老盘	None
你愿意和我坠入爱河吗？。好。几个月之后.。	None
她所期待的和她最终得 到的 想象一下今天是你的情人节 现实..….. 	None
当你在《我的世界》创造模式中说“嘿来看看我新造的房子”	None
朋友就好像胸部 有些大有些小 有些是真的，有些是假的 	None
我妈：你浇完草坪后过来和我们谈谈你这次考试的成绩。我：	None
当你妈妈在超市碰到了她的朋友时：	None
当我说我需要一个派对我的意思是：	None
气凝胶：我这里面99.8%是气体。可悲。	None
对8起	None
德州细盲蛇看上去就和蚯蚓没什么两样，但是如果你仔细看会发现它有一个小嘴，可以用来尖叫	None
我能买烟吗？不行，你才五岁。我能喝酒吗？不行，你才五岁。我能开车吗？不行，你才五岁。我能吃性激素然后改变我的性别吗？当然！这是你的权利！	None
你们玩吧我已经没钱了	None
“抱歉嘻嘻我看信号灯明明是灰色的呀”	None
我在網路上買了这個超好用的蛋白分離器！不過上頭的鎖是用來做什的？。：好色龙。	None
玩手机。去干正事。我。	None
变得快乐的秘诀在于。只需要假装自己很快乐。然后最终你就会忘记你的快乐是假装出来的了。	None
谁是乖乖麦克风呢？是啊你就是乖乖麦克风	None
2022新款桌機電競椅。中古高CP值手游電椅	None
哈里已经适应在美国生活了。	None
近视600度的我去理发 发现托尼老师剪的还蛮不错。带上眼睛后	None
父母：努力赚钱为了给孩子更舒适的生活。孩子：*舒适地生活*。父母：	None
阅读553条微博评论区的骂战：。为了做作业看一页论文	None
我怎么跟我父母说的我怎么跟我朋友说的我怎么跟医生说的我在互联网上是怎么跟网友说的	None
开学快两个月了。还是自己一个人吃饭。	None
这个人给我的感觉，就好像学生时期的课桌抽屉变成人形的样子。	None
我：*靠近猫猫*。猫：*盯着我*。我：*蹲下*。猫：*跑掉了*	None
不出去约，不逛街	None
其實我没有很喜歡吃虾我最喜飮吃虾了	None
“其实我也不知道我应不应该和你说这个，但是...”。我。	None
对8起 我这就爬	None
我太累了太辛苦了	None
给别人提供生活建议然后搞得自己好像真的知道应该怎么做的我：	None
老妈做的糯米藕可是好像那个蟑螂啊追冲浪指南	None
耳机是什么时候发明的1910。1910年之前的人们。	None
弱小咕独	None
其实我注意到了你表情里的每一个微小变化，只是我太没有安全感了不敢相信你对我有兴趣哈哈，是我太笨啦！我根本不懂别人想调情的信号	None
我：*一整天没做啥事*。我的身体：。现在我们来随机抽一个。部位痛。关节。肩膀。头。腰。whcel。手腕。屁股。	None
当你边走路边沉浸在自己的音乐世界里，旁边。的路人突然爆发出一阵难绷的笑声时。	None
哦？那又关我什么事呢？	None
热狗	None
理财: 同龄人 投资基金股票百发百中，我存入零钱通。	None
你终于放下手机打算睡觉。你听到了鸟叫。	None
当我听看朋友对我的批评 一边忍住心痛一边还要等 ta继续说	None
小时候的我： 	None
上学时一定做的四件事： 	None
用电影名描述你的性生活	None
物理学，如果当时牛顿躺在椰子树下的物理学。	None
露易丝。复活超人的蝙蝠侠。超人。	None
最近过得怎样？ 我:	None
对象不理你时给ta看。	None
哦	None
老二摄影请上二楼	None
心如死灰	None
小孩：妈妈，为什么有些人好年轻就死掉了？母亲：因为上帝需要那些有用的人去帮助他。旁边年逾古稀的奶奶：	None
当然，doi很好但是你是否曾经常喜欢一个人，甚至对方的睡姿都让你很看迷？	None
我好像要过生日了，嘿嘿嘿！ 过生日时！ 	None
我已经放气了	None
人与人的悲欢并不相通	None
牙医：最近工作怎么样啊？ 我：啊啊啊…啊哈哈啊啊哦…牙医：看来最近过得不错啊	None
别人的鼓励。因为有人对我这么好，而感到困惑和焦虑的我	None
人耳猫。你们每画出一只猫耳娘,就会有一只我存在.下次动笔前先想想后果是什么	None
德国人完全没有幽默感，你们不知道怎么找乐子，上次我们找乐子的时候，是美国人救了你们	None
慌张。	None
Blind.Ultra Blind.Ultra Blind Pro Max. Where is the sea?	None
我能抄一下你的作业吗？可以，但是不要抄得太明显了。	None
妈妈买衣服买大了的时候： 仅正你都会长大的 	None
太喜欢你了，你和其他人都不一样，你很特殊。这句话你跟很多人都说过吧？嗯啊现在轮到你听了	None
犯罪现场：。罪犯：。	None
哎鸭	None
当你正要打卡下班时，一位顾客向你求助。	None
节食怎么样，我。	None
希望他不要被晒伤不然解释起来可就麻烦了	None
*救救猪猪。你为啥要救那头猪？因为每一个生命都独一无二。那你蜘蛛网上哪些虫子呢？让天杀的虫子见鬼去吧。	None
我们的开始与现在，为什么现在连卡车得到的爱都比我还要多	None
哄不好了	None
微博上有75%的人是单身状态,你们可以互相约会啊	None
父母长辈：生活会给你很多选择的。我拥有的选择：自我了解、放弃	None
如果你对我有意见，请发信息给我。如果没有我的联系方式的话。就证明我们还没有熟到你能对我有意见。	None
你说这话我都不知道咋接	None
我应该做的事VS我实际做的事	None
这里有医生吗？是的我是。你的专业是什么？我是一名数学博士。我朋友快死了。再加一个	None
猶：因为美貌与聪慧被古埃及人当作神明来祟拜。现在养猫的人：只有蠢逼オ会钻进这个盒子里。	None
3、遇到这样的公司应该怎么和他辩驳？。洗手间。TOILET。上厕所。禁止带手机。违者50元一次。O27。	None
我一句可以彻底击溃对方的嘲讽，突然的结巴	None
没有人：我的猫：	None
期末考试。自以为复习充分的我。	None
好几把难过	None
电子游戏导致暴力行为！不知道开大卡车穿越欧洲能导致什么暴力行为的我	None
我：爸爸，为什么好人都死的那么早？爸爸：因为父神想要早一点剪刀他心爱的仆人。我今年109岁的爷爷：哈？	None
我往脑子里灌输积极的念头be like：	None
嘿小家伙今天过得怎么样啊。是啊。	None
是我不配	None
当你在游戏加载时看到了反射在屏幕上自己的脸。	None
橡皮擦。铅笔。小时候的我。	None
脏衣服。脏碗碟。只想好好休息下的我	None
如果你仍然保存着这个..那我想你应该是一个很靠谱的人	None
*没有人。我：*0% Sweet	None
噢，买噶地！	None
知道前任毁了别人的生活我怎么睡得着。	None
其他人；我；70%水分；100%过度思考	None
哪一家游戏公司最差劲的？	None
25岁的我逛B站的感觉就像是	None
妈妈：有人躲在柜子后面吗~~~ 5岁的我：没有哦~~~~~ 	None
ta太可爱了，我想坐在ta身上再像这样摸着ta的脸	None
被堆积如山的待办事项困扰着吗？来，先拿出最难办的任务。然后将它分为一个个更小、更容易被忽略的任务。	None
世界上其他国家的人：使用米制单位。美国人：1标准香蕉尺。	None
*骚话**下流的话	None
当嘲笑我检测评级D的哥们得知他们自己是D-时。	None
当你挑的电影恐怖到 闺蜜躲进毯子里不敢观看： 	None
蒜了，不好笑	None
玩新音游的音游人。简单。中等。困难。大师	None
“我就对那个小偷说，‘你走吧，我不会咬你的。’然后你猜猜我干了什么。我趁那蠢蛋转身狠狠地咬了他！”	None
你年级不小了，该结婚了。	None
如果你不喜欢我的这一面。那么我就不会让你见识到我的这一面。	None
一事无橙	None
当我摸了摸我的头发。	None
生活中的破事。玩手机。我爸妈	None
两个黄鹂鸣翠柳 到底还要堵多久	None
如果你把字典读完，那么你读的所有书就只是remix。	None
886	None
坐下来和我一起放轻松深呼吸，我想说的是。我为你感到骄傲，因为我知道你已经尽力了。	None
小时候一定做过的四件事： 树枝当机关枪 无人的时候爬楼梯 把水彩笔连成光剑 看冰箱灯什么时候关 	None
现在10岁小孩手里拿的手机。我以前10岁时拿的手机	None
每当我被蚊子叮	None
叫俺妈次达了俺一顿	None
我买了一辆车！每个人 人都劝我说应该买红色 的。但是我选择了蓝色 看起来好多了。。 	None
扼住命运的后颈皮	None
"生活中所有的破事
all my life problems
奶茶"	None
没有过杏生活的人，不要再天马行空你的杏幻想了！根本就不是那回事！没xsh还喜欢。口嗨的网友*。	None
老师：考试时遇到不会的题先圈一下，做完其他题再来做。我的试卷	None
啊这。	None
我：*在洗碗*。我的大脑：你说我们要是拿起刀扎自己一下会怎样？	None
趴在手臂上睡着后醒过来的感觉。	None
我和那些每天捧我场 的那几人粉丝 	None
当要进行答时： 替我力喷八方的导师： 瑟瑟发抖的我 	None
我在网上诉说的痛苦。我真实的痛苦	None
当我朋友来我家的时候，我的狗：要我帮你杀了他们吗？	None
你看我有想理你吗	None
50岁离异男士的社交软件自拍：	None
每次爸爸出门时，比格都坐在躺椅上，伤心的等着爸爸回来，他为什么这么多戏？	None
30分钟后：	None
想数羊	None
得意。	None
支持我作品的人永恒的感激之情DE*我*	None
当你因为没有学习而感到罪恶感但还是没有开始学习。	None
需要这个	None
我离大佬只差这么点	None
如何把一根塑料叉子变成金属叉子	None
当我同学穿了这件编織衣服来上课	None
这也太那个了吧。	None
穷人:至少空气是免费的薯片公司:	None
真的不行鸭	None
医生请问我到底有什么问题。很多问题。但你所有问题的终极原因只有一个。你没钱。	None
真好闻..	None
生活技巧：经常遛狗可以延年益寿。	None
自闭	None
如果没人知道你在做什么，你就不会做错。	None
当你合上双眼咽下最后一口气然后再度张开双眼时，一旁的外星人朋友接住你摘下的VR眼镜问「感觉如何？1	None
快跑!这根胡萝卜要过来揍你了训练有素的普通大	None
你是学什么专业的? 。啊哦哇呜啊呜啊。哇，真不错，在哪所大学啊? 。吱噫啊呜 呜啊哇呜。	None
我，为了确保我的朋友没有感到被冷落的时候：	None
我以為我搞丢了第六集哭得要死，之后才發現第六集一直在裡	None
很遗憾地告诉你你被确诊为新冠患者。不应该啊。我都已经屯了几十罐桶装水和两百卷厕纸了。	None
妈妈，我学会上网了。	None
等等！不要跳！ 这里不够高，我带你去天台。	None
凉马桶座。暖和的马桶座。湿马桶座。湿马桶座。黏马桶座。	None
說了要穿自己最俗氣的衣服來見面、結果彼此都穿了互送的衣服來	None
正常发型的特朗普	None
*期末考了0分*学科总分从85降到59*期末考100分*学科总分从85升到86	None
当我试图回想起，脑中突然出 现的一首歌的下一句歌词 	None
INFJ。INFJ每天想的。INFJ实际说出来的o	None
当你因为压力大想躲厕所偷偷哭。发现每一间都有屎时。	None
天上所有的星星，都不如你明亮。	None
史上最猛发摊位！ 许愿池	None
爸妈：新年有什么愿望吗？我	None
狗狗完全不懂全景拍攝是什麼意思、拍到哪裡跟到哪裡	None
倒过来就能看到一头鲨鱼	None
当你和你的朋友不是一类人，。但你们还是相谈甚欢：。B05。	None
当你一不小心点开那个你一直回避的消息的时候：哦草 Oh Shit	None
“鞋” 无真天 	None
当你生病了然后你非常讨厌你的邻居时：	None
老兄，老兄你去哪	None
如果她出去我们就关门，他讨厌这样。所以：	None
上学时： 这位同学你的寒假作业呢？ 额……我可能落在家里了 NARDWU THEHUN SERVIET 	None
长颈鹿。为了能轻松地够到食物，我进化出了更长的脖子。蝙蝠。为了能在黑暗中寻找食物，我进化出了回声定位能力。鳄龟。为了能够更好地捕获食物，我进化出了类似蠕虫的舌头。猫。为了能从两脚兽那骗来免费的食物。我进化出了更加可爱的外表。	None
他用的是什么牌子的洗发水，在线等急	None
路上躺着的一片酥酥脆脆的树叶；20岁时的我	None
妈妈：你为什么要拍路边店家的空瓶。我：网络上的人会懂的	None
当一条烈性犬差点扑死一个儿童时，它的主人：它还是有几分善与爱在心中的	None
When the Puzzle says 3-5 years but you solved it in 6 hours:	None
一直都很穷还分什么瞬间	None
“来啊，下来跟你的亲戚讲讲你前几天做的那个艺术课报告”	None
当你想躺在没有枕头的床上看电视	None
嗨WinRAR!我有东西要给你，你好人类，今天要解压哪些文件呢？事实上，我是想付给你钱	None
美国电影里的澳大利亚。现实中的澳大利亚。	None
以前需要解锁的皮肤。现在需要解锁的皮肤。	None
“他妈的我的东西跑哪去”，“啊原来在这啊”	None
每一天我的两种模式：	None
我（6岁）画的画。妈妈给我一块三角板后我（6岁）画的画	None
自己做事情的时候 别人看着我做事情 的时候 	None
一张维恩图。所有存在的狗狗。好狗狗。	None
Hair. Hwater. Hfire. Hearth	None
当网页加载巨他妈慢所以你点了重新加载。然后你发现网页就在你点下重新加载的前0.0001秒被加载出来时。	None
你有多反社会？我可以在我的房间里连续待一个星期也不会感到无聊，只要我有吃的和网络就行	None
Elon Musk holding an Elon Musket at an Elon Mosque surrounded by Elon Mosquitos at Elon Dusk.	None
果咩那塞	None
Darwin，Darlose	None
这里是检查站！。让你的输入法自动完成句子：我是.。	None
是啊，冷战是很痛苦。但是你有没有经历过你看到一张很想分享给某人的搞笑梗图，但是你意识到你们已经不再聊天了	None
日了狗了	None
我的肾好痛！！！	None
我们给Cooper买了一个屏障不让他爬到前面。。。他真的在测试他的阻力。	None
当你不小心堵住了一个路口，每个人都盯着你看。	None
How to have fun as an adult。成年后该如何享受乐趣。	None
me。you。	None
一人一个瞒着父母的高消费！想听听你们的高消费都多炸裂。	None
我:“你出去时记得关下门。”其他所有人:	None
我的同学：*买房子、结婚、生孩子*。我：。嘿！看我买了什么！。	None
连续放好几天假时的我： 	None
收留我把！	None
"这...
橘外人竟是我自己"	None
每天宅家不出门只会在网上发疯的我等着灵魂伴侣神奇地找到我。	None
堵塞了一天的鼻孔终于通了Club换另一个鼻孔堵塞	None
生活花钱赚钱	None
你知道。打翻咖啡比喝下咖啡让人更有精神。	None
emo了	None
我觉得自己快要窒息了	None
当你坐下来准备好好玩把游戏但是突然间家里人都要你帮忙时：	None
人类吃饭的声音。宠物吃饭的声音。	None
上班途中到公司@训练有素的普通人	None
真希望你在这。然后像这样。抱着你。	None
我:放了假我要尽情狂嗨!!! 放假的我:	None
Papers。Scissors。Oh sh*t,you're free to go sir。	None
我要抱抱	None
你最年轻的照片其实是你的最老的照片	None
巴斯光年：你在Andy妈妈的房间里找到了什么玩具？胡迪：	None
哲学家的一生。1）出生。2）为什么。3）死亡	None
"尼玛！！
还有这种事？"	None
老师，我找一些没回答过问题的同学来回答吧；我：	None
有时候你得点下“无需打印小票”来拒绝这种证明你的生活有多惨的东西。	None
她：他肯定在想其他女人。他：天都这么亮了我们怎么还他妈在床上	None
中年男性如何自拍照片？	None
蓝瘦香菇	None
视频会议前的必要准备	None
我过了很棒的人生.. 但是看来,我的时间 不多了.…. 你终于赢了，死神。这只是个普通的星期一，你给我起来， 	None
每天在线数小时的顶级专业玩家。一天辛苦的工作后回家只想玩玩游戏放松一下的我。	None
剧集开头的演员阵容。剧终时的演员阵容。	None
弱小，可怜，又无助	None
等着哥斯拉从水里出来的金刚。	None
我在大学期间内学到的东西。应聘单位要求我掌握的东西	None
小时候： 家里来亲戚 期盼着他们 从包里拿出礼物的我： 	None
情人节。白色情人节。没有情人节	None
我网路上的好朋友。父母：他们是通缉犯吗？	None
给您的司机打分。布莱恩。MARTIN。ROSNER。	None
女朋友：我受够你每天装作侦探的样子了，我想我们应该分开。我:好主意，这样我们就能找到更多的线索了。	None
当科比在天堂听到有人说“没有人能1v1赢我”	None
当老师带她的小孩来学校时。全班的女生就像这样： 	None
现在你得花时间陪我	None
巫师，帮帮我,我是一个混蛋。没有人喜欢我。现在你可以像混蛋一样生活了，而且人人都会喜欢你。	None
没有人.一个来自澳大利亚的热气球。	None
当你看到视频里那个人为了展示锤子的厉害，随手就砸烂了10部 phone。	None
D区。	None
生活对我上手了	None
BOO!!该死的，别这么做了！别忘了你是一个鬼，你可以去任何地方。为什么要一直待在这里呢？..huh	None
"東 東 北 西 北 南
南 南 南 南 南 南 南
西
我简直南上加南"	None
别吐槽一线城市房子贵了，连鸟都这么卷。去年台风又吹倒了几棵树密度更高了	None
顶不住了	None
因为摸鱼被抓了起来	None
你在哪人场景会容易想太多？洗碗时洗澡时睡觉前在公共场所时	None
春节前。春节后。	None
当你打出“holy fuck”但是输入法自动帮你纠正为“holy duck”时：	None
我们变得形我终于有影不离，一了一个最起打卡了很好的朋友多美好的事但是ta谈ta谈恋爱了恋爱了made with mematic	None
拿這個化缘效率高 渡化無缘人 当年要是有這东西師太就不會被方丈擒卖了	None
我单身蒜了	None
理发店墙上挂的 理发师给我剪的 	None
巨人：存在。苏伊上运河事件：	None
上晨课的4个阶段：	None
你卖的是什么产品？	None
"洗澡洗澡
干
时间快来不及了忘记放音乐了"	None
不好意思朋友们，这个meme还在施工当中。麻烦你们自己想象一下这是你看过的最搞笑的东西。	None
当你最喜欢的那首歌的那个部分到了。	None
“感谢你，已付款成功！”我：	None
布鲁斯韦恩：*拥有一栋在哥谭市最黑、最前卫的大厦。哥谭市民：那个总穿着黑色前卫战袍的蝙蝠侠到底是谁	None
你醒啦！快来搬砖吧！	None
威尔史密斯：疫情期间建议大家和我一样呆在家里。威尔史密斯的家：	None
我emo了	None
当你赢了一场跑步比赛，然后老师说“参加比赛的大家都是赢家”的时候：。放你妈的屁	None
小鸡游戏。看鸡。你赢了:）	None
当你看到服务员端着你的食物走过来时：。	None
如果这种情况发生了，你会怎么做？用chrome就好了。	None
他们：你不开心的时候你做什么？。我：看梗图。。他们：可是你每天都在看梗图。。我：。	None
即将被生活压倒	None
你这像素是用座机拍的吗	None
每当我看到比特币的价格时。Wow！It's still rising!	None
我的emo状态。我现在难过100倍的状态但是因为要上班所以必须着装得体。	None
真希望我怀里抱着的是你	None
某固漫突然出現奇怪叫声，拼命跟媽媽解释的你：	None
我是一名小学生利用课间买点辣条有错吗！？辣条五毛	None
这就是我的狗下班后欢迎我回家的方式。	None
别人穿CK。我穿CK	None
当我向当地人问路然后他们开始使用“向东”“向西”等词汇时。	None
玩手機，直接單身没人管。交男朋友，每天放闪。我。JAKE-CLARK.TUMBLR。	None
当你听到你妈突然喊你全名时: Pray祈祷@训练有素的普通人	None
当两个聊的很熟的网友第一次见面时：	None
肖战：*因为吊威亚淤青上热搜* 所有网民：要哭唧唧吗？Gonna Cry?	None
新的冒险！出发！第一个敌人！我们上！欢迎来到黑暗之魂婊子。	None
和他睡觉。被他介绍为“我女朋友”。	None
午后的拉伸运动。	None
宝宝不开心	None
这就是我想象中未来的自己的样子…当然衣服的颜色可能不大一样，我不是很喜欢棕色	None
唉呦肚子好饿	None
我在10年前做的糗事。凌晨2点我的大脑。	None
当你们正在亲吻然后她说“去把门关好”。	None
*电脑突然断网*我：	None
我。磁力链接。包含违规内容无法下载。	None
嫌我烦了是叭行呗我走	None
*撒娇*妈咪，有一个世界上最好的女儿是什么感觉呀？我不知道耶，这个你得去问问你外婆哦。	None
孤单的人会洗更久、更热的澡，以此来取代在社交或者感情上缺失的温暖。行吧没想到自己会被这样破防	None
有时候你不需要制作meme，meme自己就制作好了自己。	None
“就因为你今天的衣服不搭所以你就要哭？”我：	None
不想再經歷任何歷史大事件的我：	None
。。。。。。	None
别人：啊，你在流眼泪吗。我：没啊。别人：看着我。我	None
听音乐的音量：静静欣赏。听听力的音量：听不清啊。	None
蒜头王八。	None
当有人突然找你说话而且对你的态度还好到不行。 疑心倍增。	None
后面那些都是她曾经的对手。夭寿啦老兄快看她的血量条	None
我在这呢	None
老师：谁再笑给我到后面站着去： 我看了一眼我的朋友，他的脸 	None
真是的 这样下去前途堪忧啊	None
“你人真好”谢了我只是再也受不了别人不高兴时对我耍脸色的样子了。	None
不管什么颜色的 mam豆 味道都是一样的	None
我太难了	None
去奶奶家： 来之前 走了后 	None
当家里的东西坏了时 	None
“我挺喜欢你的性格的”ENFP：谢谢，我还有另外3种。	None
当冰箱里的蔬菜这周第三次看到我订外卖时：	None
忘崽牛奶	None
哈哈哈哈啊哈哈哈，我不行了笑拉了哈哈哈	None
当你不得不陪你女朋友完她最爱的那个游戏	None
服务员：十二岁以下的孩子免费。我：太好了给我来两个。服务员：	None
打扫家务的我： 没有音乐 有音乐 	None
你在情人节之前脱单的几率： 13% 87% 不可能 红色也是不可能 	None
雨女无瓜	None
"""岛""在你们的语言里怎么说
美国人： Island
德国人： Insel
西班牙人：Isla
瑞典人：o
???
瑞典人:
o"	None
演到很恐怖的时候按了暂停但莫名的好笑：	None
历史老师：马丁路德金为什么是一个值得尊敬的人。我：当然是因为他宣扬的人人平等的思想。我的大脑：	None
你把你的宠物关在家里的？他是个喜欢室内的人类啦。嘿乖崽想不想出去外面玩呀。嘶——	None
如果指甲划到黑板的话： 	None
six six six	None
你爱我吗？ 今天。 明天 永远。 23 17 30	None
冷漠凄清又惆怅	None
没有人：；8岁的我：	None
敖丙。一辆帅帅的摩托车。又死一次。	None
老师：你笑什么呢？我：没事。实际上我脑子里：Billie Irish	None
进入委屈模式	None
逛到脚肿	None
因为涉及到隐私的关系，我们不能直接喊病人的名字。得痔疮的那位现在可以进来了。	None
没有人：自从2011年就卡在体育馆天花板管子上的篮球：	None
“谁她妈给我打电话啊不知道我马上要迟到了？”。“哦老师我在路上了马上就到”	None
School nurse.We happy?Me.Yeah, we happy.	None
手机内存低。删掉一年多没打开过app的我：	None
一整天的我。上課时。睡覺前	None
完全搞不懂对方想表达什么而假笑的我。	None
当你走在路上突然一个尴尬回忆浮现在脑海里	None
ta：“我想分手。过度依赖对方的你：。	None
Why do Astronas use Linux？Because they can't open Windows in space.	None
手机响起 不是销售就是诈骗	None
她：我喜欢叛逆的男孩子。我：	None
当你在理发的时候突然感觉鼻子很痒	None
蕉虑	None
第一视角;你已经远离了所有的破事和傻逼	None
当你妈妈一边给你梳头一边夸你梳完头发有多好看	None
当你已经躺在床上了 但是发现忘关灯时：	None
全球气候变暖的幕后黑手找到了	None
哭泣	None
如果别人不知道你在做什么的话。那你就没有做错	None
我背后很痒，可以帮我挠挠吗？好的，哪里痒？巴西和俄罗斯	None
当花洒的洗澡水太烫，以至烫到后背的时候。	None
冷静过后看自己之前的投资行为就像：	None
我的爸爸过来接我，我的爸爸是只鸟，明天见，明天见，上次在线：六百万年前	None
算我求你的放过我好不好	None
我已经等不及要用叉子戳这些好东西了。	None
当你在简历上胡扯但最后还是得到了这份工作	None
我根据不同朋友的幽默程度，向他们发送不同的表情包：。	None
你是否曾经在一场谈话中说了某些话。却感觉自己选错了对话选项？。	None
头头是DAOINFJ一遍又一遍的沉浸在幻想中的现实世界	None
爱因斯坦26罗写出狭义相对论 牛顿22岁发明微积分 a 我21岁无视风险继续安装 	None
他们开始给专业足球运动员注射疫苗了	None
“你的猫不是你的小孩。”我。	None
在鹅卵石堆里发现的，有懂化石的吗	None
潜行任务一开始的我。潜行任务结尾时的我。	None
当3岁的我通过给妈妈呼呼手就让妈妈的手不疼了的时候。我是个医护小帮手。	None
"当领导在开会时说""我们不仅是一个工作团队，我们还是一个家庭！""时："	None
磕死我了。磕死我了。	None
当你在马路上看到你认识的人	None
丹京受怕	None
我在互联网上的状态：。发癫。发情。	None
嘘。。。我告诉她这是莫扎特。	None
我要减肥我不会再吃任何东西了！ 晚上的你 在 	None
货到了？你很重要。真是好货。	None
这台车上只有一个人	None
没人能抵挡得住被大姐姐支配的感觉	None
病毒在我体内看到的最后一幕。维他命糖果。我早上吃的苹果。	None
晚上躺在床上睡不着 起来看手机的我 	None
为什么自己女朋友穿丝袜看着就没感觉。	None
指检中...小伙你这年纪轻轻的指检中….这肛门怎么这么松驰啊孙健肛肠科主任成都肛肠专科医院一公立三甲	None
当有小偷闯进我家 正在翻找值钱的东西时： 我跟你一起找 	None
心肥意冷	None
朋友：蜘蛛人是怎么在空旷处摇摆的？我：ThanksGiant-Ma	None
呜~抱~	None
哦对了，我没有胸	None
人家真的很想买这个嘛	None
如何与比你矮的人交谈：NoYes	None
电子地图诞生之前	None
老師：你為什么迟到這么久？我：(解原原因）老師：哪来那么多理由！我：	None
一个包都不给我	None
每天看PS5价格的我。这次一定要跌。	None
当你知道乔乔福音是一部快连载了10年的漫画时：	None
起床禮拜一了！你：ciscia	None
朋友：你怕痒吗？我的回答：不怕。怕。被挠痒痒	None
犯人的特徵嗎?還滿好吃的。	None
当你間朋友今天過得如何？你朋友：	None
我不知道该往沙拉里倒沙拉汁还是圣水。	None
如何插U盘。不对。不对。这回对了	None
我妈描述中的我。made with mematic。	None
当主人问谁是好狗勾呢而你心 中已经知道了答案： 	None
小时候家里来亲戚 拿出了你从未见过的零食： 这是什么？？？ 	None
希腊人：为他们的神打早了雕像。阿兹特克人：为他们的神造了祭祀神庙。埃及人：	None
在我忘记之前。我会一直记住的·。	None
当你遇到无法跳过的过场动画时的五个阶段	None
"奥普拉?温弗瑞刚刚透露了她到了64岁
还能保持无压力状态的方法Xon.ec/
2DCZ/ic
Kazeem Famuyide o
@ Reallifekaz微博@冬眠乐事
第一步：拥有十亿美元"	None
当家里来过一群可爱的小朋友后： 	None
我每天都在手机上听同样的十一首歌	None
凌晨三点：要不要去尿尿？ 你： 	None
委屈得一比满脸不开心你要哄我要请我喝奶茶带我吃好吃的	None
政治老师。抬杠的同学。等下课的我	None
游戏的机制。+10护甲。+200护甲	None
我记几玩	None
12岁的我看到门票在我的名字前面加上了'Mr.'时：	None
我自闭了	None
防止晚上睡覺時被幽靈偷袭的符令袜子。	None
每次我都在反感舆心疼中律徊。真的好痛苦。	None
没错我是挺害羞的，但我不是“”的害羞，我是“”这种的害羞。	None
朋友：你看了我给你发的视频了吗？。我：看了。。朋友：你最喜欢哪个部分？。我：对。	None
我和我的治疗师，可爱的小猫小狗。我的抑郁症	None
当我在从来没有准备过的考试中得到A时。	None
哎其实我的皮肤也没那么差嘛。我的皮肤。	None
每当一部纪录片需要向观众介绍某个物体有多大时	None
把华尔街搞得天翻地覆的Reddit。对股票一无所知的我。哈哈给爷死。	None
明明一生行善积德。	None
你小时候用过哪块橡皮擦？。PLASTICERASER。GlearRada。MONO。HIPOLYMER。Tombow。ERASER。SEED。Pentel。透明<消。FABER-CASTELL。LATEX-FREE。FACTIS。INIINNI。24R。STAEDTLER。dust。exam。apsara'。	None
就在短短一個月裡成功甩掉了70公斤	None
我小时候看的恐怖片：现在的恐怖片：	None
发出反派的笑声。	None
就这么在家躺着吃东西，你也能像他一样。一周后。一周前。	None
没衣服穿了	None
鬼知道我经历了sen mo...	None
我爱我的早餐咖啡。	None
当我洗澡时 一首我不喜欢的歌突然出来时： 	None
这样可以增加艺术品的数量	None
在干了。	None
当我在公共场合听到有人在唱动漫主题曲时	None
“嘿！你喜欢的女生往这边走了，表现得酷一点！”我：	None
*当狗勾想要睡觉时*我：恭喜！你被宠幸了！Congratulations! You are being loved!请不要拒绝这份爱 Please do notresist	None
普通人传达爱意的方式。艾伦传达爱意的方式。	None
我妈妈说，“我让你们两个做什么？ 一我和我弟弟： 	None
当我路过班里的投影仪。	None
上次自拍是这件衣服不能再穿了	None
本来是想把我侄子扮成一个僵尸，结果到最后越看越像一个饱经风霜的打工人。	None
当你妈妈再给你买电脑，然后销售人员一直在介绍这台电脑的游戏性能有多强。你能闭嘴吗兄弟？Will you shut up，man？	None
当你在美国受了伤,然后有人说要帮你叫个救护车时:@训练有素的普通	None
别人：你是怎样看这个世界的；我：俯角/消沉的看法	None
十二岁的我在电影院看完电影后把电影中最酷的角色的性格悄悄安装在自己身上时：	None
某电动车中国区总部现况。	None
亿万富翁们：快来投资阿你也能成为百万富翁！。散户：投资然后成为百万富翁。亿万富翁们：。	None
三岁国际象棋天才 Misha Ospirovt战胜国际象棋大师 Averbakh，与此同时在思考那些人到底怎么把车开进超市展览区的20岁的我：	None
漫画 动漫 网飞真人版	None
10个在其他国家完全不同的电影镜头。	None
不要把什么都上交给我	None
你妈妈：别笑了你俩看起来像个大SB 你和你的弟弟： 	None
我喜欢你。你就是我最好的朋友。	None
怎么会这样	None
人类恐惧AI会掌管地球。AI：	None
当你朋友正在和他爸妈吵架，所以你只能静静地坐着等着他们吵完的时候：	None
還以為是飛船什麼的結果是鳥	None
脚哇。大腿哇	None
这些在法庭工作的狗勾的任务就是安抚那些被笼罩在受虐待阴影下的受害者的心情，防止他们情绪失控。	None
我的自信等级。網上聊天。護電话。視讯。见面	None
我：翻到了第83页。我的雀雀：	None
没有人是通过伤害别人来治愈自己的。吸血鬼。	None
哦？是吗？	None
我和我喜欢的人在一起时就像这样	None
装睡袋的袋子。睡袋。	None
老板是看我挣不到钱。才给我加工作量的。（加班到现在才下班）。（自我pua）。命有多长。加班时长就有多长。（想家）。加班使我快乐。	None
当我发现不是从大学毕业后就能自动得到一份好工作。	None
化妆前的我vs化妆后的我	None
委屈	None
女生：不行我得找个厕所，我要尿尿  男生：啊哈！！一棵树！	None
考试时的监考老师 	None
打游戏时队友对你口嗨海： 我的脑子： 我的嘴： novermind 算了，没事 	None
你為什磨説你吃飯的時候想到我？因為我闻到魚露	None
 当你约了人出来玩结果对方没通知你就带来了ta的朋友。	None
我能怎么办？我也很绝望啊！	None
当我去拜访时，他们问我 :你想要苏打水还是咖啡? YO: 潘康 断续器 一杯苏打水 当水煮咖啡的时候 	None
寄几玩就寄几玩	None
柯基犬的动力空气学。	None
喝酒段位图。	None
我能用我的大脑发射激光。稍微等一下。pew pew pew	None
我只是想要有一复好看狗信個要求很过分吗	None
"学习了三分钟后开始幻想自己以后事业
有成光宗耀祖受到亲朋好友敬佩的我"	None
这并非河里。	None
我最喜欢的博主/up主2016年时：我最喜欢的博主/up主2021年时：	None
我们总能在最糟的地方遇到爱情	None
朋友：他刚刚是怎么打中我的！我明明躲在掩体后面！我靠这把有大哥！！！我朋友和他的掩体：	None
看着心仪的电视节目的我拿着被我偷偷拆掉电池的遥控器狂按的我弟	None
好尴尬哦。。	None
R1betodo夏天快到了，希望你能早到晚由前至后都保持充足的水份	None
我：*想在周末睡个好觉*。我的舍友吃饭声音	None
我。四年级的表弟	None
小时候的我： 没有任何理由： 怕我 My eraser 我的橡皮擦 	None
"00:00
深夜了"	None
当你在家族聚餐的时候亲戚问你怎么还是单身	None
别班的下课时 我们班的下课时 	None
英雄：这个坏蛋的藏身处可能在任何地方！坏蛋的藏身处：	None
当你的游戏正在加载于是你停下来思考了一会儿你的人生	None
快！哄劳资！	None
当你好朋友的家里人说“你哪里是外人，你都算是自家人了”的时候:	None
七岁时 没在午休的我 十七岁时 少睡十分钟的我 	None
自杀	None
我：睡觉的时候压着我的手臂，睡醒后，我的手臂无法和世界连接	None
我的教授每次都会评论我作业背面的涂鸦	None
我用我的胸毛给女友做了一个枕头，这样她就可以假装每晚都躺在我的怀里	None
你觉得冒犯啊？我倒觉得很有趣，这就是我活的比你开心的原因	None
当有人对你表示赞赏而你却不知道该作何反应	None
猎鹰看起来总是一副知道了你的小秘密的样子：	None
“最近过得怎么样？”我：	None
如果你看到我在阳光明媚的日子里带着伞，别管闲事。	None
你家狗好凶啊，他刚刚咬了我。你骗人，肯定是你先去挑衅他的。你家猫好混蛋啊。是的，我知道。	None
当你真的很喜欢你的另一半时	None
牛奶很好喝，但第一個知道牛奶能喝的人到底做了什么。懂的都懂	None
她说答应 快醒醒！ 你了 你能听见声 音吗？ 你买的彩票 中大奖了！ 你写的日记被 我看到了 	None
眼看要换季了	None
当我看到好玩的东西： 却发现你已经不在了： 	None
那天过后。小莎莉学起了自行车 	None
60年代的电脑。我用2kb的内存就把人类送上了月球。现在的电脑，呜呜好多标签页反应不过来惹。	None
我现在 年轻时候 微博 	None
曾经最好的朋友，永远都是好朋友。	None
当蝙蝠侠面对刚复活的超人时。（咯咯）。我要没了。	None
a市如何发展现代农业。产品深加工 延长产业链 打造品牌。	None
十二岁的我过马路： 现在的我过马路： 来啊来啊，我要你往我这开，撞我啊	None
当你在简历上撒谎但仍然得到了这份工作	None
90年代的歌末尾的音量	None
五十年后我告诉孙子有关那年一月份发生的澳洲大火、三战以及新冠肺炎的事情	None
五角大楼 塔克钟快餐店。五角大楼 塔克钟快餐店	None
在学校的其他所有人:靠，今天外面太他妈的冷了吧。某个小逼崽子:	None
我觉得我花钱买这个猫爬架真是傻。	None
不上没钱花心里更痛苦	None
当你吃了过多的油炸食品以至于胃里积了太多油。	None
如果我最好的朋友认为我不是他最好的朋友怎么办。	None
当公司楼下开了家奶茶店	None
闲着没事把我的鲨鲨拿去扫描了。这是扫描结果。	None
宝宝知错了	None
ROAR!ROAR!LE ROAR?LE SCREAM!	None
这是蜜蜂 这是蚂蚁 这是蜘蛛 这是长了翅膀的贱逼 	None
总有一天我们会在同一个屋檐下同一张床上快乐地在一起	None
谁会赢？金色战车。白银体验。	None
起身上厕所却忘记耳机还连着电脑这就像：	None
"666
大声喊出来！"	None
你朋友 为什么一直显示正在输入啊？ 你 表情包TM的去哪了！ 	None
你会在大学里交往到的六种女孩。大学最后一学期的我：她们在哪？！	None
妈你能帮我问一下吗？当然可以啦。你好，我儿子有问题想问你。你背叛了我…	None
照目前这个形势来看我应该是变胖了	None
凑合过呗。还能离咋的。	None
给个机会嘛在吗在吗我反省认错回来了人家再也不敢了	None
与中国“脱钩”，就是与机遇“脱钩”	None
大海在哪里呢？6岁的我：	None
感到难过越来越胖穷困潦倒没有朋友。没有做任何事来改善自己生活的我	None
出门前的我：哎反正也没什么东西就不背包了。5分钟后：	None
早期防弹少年团追杀 Travis Scotte的珍贵照片	None
天啊，我已经好久没听过这首歌了。以前的日子再也回不去了的按钮。	None
杰夫-贝索斯 艾伦马斯成为世界首富 媒体 已经失联好久的马云	None
服务员: 请问还需要再加甜品吗? 其他人:没事不用了,账单拿过来吧。我:	None
你可能不知道，但他们是同一个配音演员。	None
当ta发现了你遮掩身上最不满意的部位时ta温柔的抚摸并吻了上去	None
原作设计。同人。	None
在孤单的节日强颜欢笑	None
incorrecto X Correcto 1 Yo: 	None
不要相信任何人，不信倒着看这张图。	None
我。我的投稿。评论区	None
人类: 发明夜视仪。一些动物 :进化出夜晚依然能看见的眼睛蝙蝠。	None
嗯哼，我今天要不要帮我妈洗一下碗？今天你可以洗一下碗吗？靠。。。我现在不太想洗碗了。	None
当有同学用了一种比更方便的思路来解题的时候，老师是这样：的确。确实很厉害。但。这是非法的。	None
微博热搜：XX怀孕 流产 XXX自杀 XXX跳楼 XX分手。点开发现时网剧剧情	None
人类：用手电筒在黑夜里认路。猫头鹰：用眼睛在黑夜里认路。蝙蝠。	None
搞不懂为什么微笑特效不管用 后来我发现了原因： 	None
两位列车长开着火车擦肩而过 	None
当你跟你妈吵完架之后关门的时候一不小心太用力关门的时候: 遗嘱	None
心肥意冷	None
看起来是： 穿起来感觉像：	None
在我用了“无泪配方”的洗发水之后。	None
当电视打开一小时后。电视。我。手机。	None
我觉得好委屈啊	None
只因邻居一句玩笑丈夫执意要做亲子鉴定妻子：我有90%的把握社会百态孩核子百分之九十没问题	None
我还差一点就复习完。	None
当强盗威胁你吧手上的烟交出来但你烟瘾犯了：You wouldn't get it	None
当你小学时在全校是跑得最快的学生	None
我的闹钟：响了。熬夜了一整晚没睡的我。	None
我太难了	None
老师：*让大家分成两人一组。*我：*寻拢我的好朋友*。好朋友：*和喜欢的人一组了*。我：我允许了。	None
我：是时候睡觉觉啦！我的大脑：《你干过的五十大蠢事精选》。	None
老师：今天我们要讲埃及历史！ 班上女同学：好无聊哦~ 班上男同学：然胡” 	None
当你找人问路结果对方说的都是“往南走”“往北走”	None
你在的時候。你不在的時候。	None
我去商店买针线，结果买回来发现里面全是曲奇饼干…什么鬼？	None
如果你今天过的很不好,不妨来看看这个人他发现自己已经死了居然还坚持要去上班	None
电视剧里的继母。工于心计，无恶不作，虐待小孩，欺骗伴侣。电影里的继母。会卡在任何地方。	None
我在女咖啡廳叫女畫清明上河圖。	None
我开始做某件事。失败。失败。失败。	None
当我遇到一位和我有看完全相同品味和性避的新朋友时：你好结婚	None
没有人: 当我想找到被子的长边在哪时,被子: 	None
被我的约会对象抛弃了，所以我想会和这个特别的女孩约会。	None
讨厌我的人。有福啦。我真的过得很惨。	None
欢迎来到畅所欲言meme区除了擅长凑合你还擅长什么敏感词请自行和谐感谢（翰）微博	None
网抑云	None
网上的我vs现实中的我。我很害羞，请给我一些空间。	None
当我的狗狗看到我朋友来我家做客时。要我杀掉他们吗	None
独自走在冷风中	None
"蓝瘦 香菇
蓝瘦 香菇"	None
此时此刻，地球母亲	None
令人做藕。	None
还剩七小时了？	None
微博用户*各种各样的奇怪用户名	None
我是足控2019我是足控2023	None
不是说好要做彼此的天使吗	None
我喜欢你！我也是！我也喜欢我自己!!	None
浴缸里的鱼看到的。	None
当你做菜时不小心把红燒狮子頭掉到了地上	None
正在教我妈妈如何把手机亮度调低。这样她的眼睛就不会被闪瞎了	None
当你觉得自己没用的时候想想幻视这个锁喉	None
喝完这杯想出去走走吗。抱歉我已经有男朋友了。行吧。但是我们要打烊了。	None
这首歌的名字叫做「焦虑」。这就只是静音，但是越来越快...这真的让我很难受。	None
改日再战	None
赖皮	None
雨我无瓜	None
我一点也不难过	None
为了看时间拿起手机。把手机放下来。我：现在几点了？我的大脑：好问题	None
当你最近常用的用户名被占用。海德薇，我到底是谁？	None
你看看我鸭	None
儿子你还好吗？我只想凭空不有任何理由地消失掉	None
悬挂在蜘蛛网下面的小冰锥。	None
哇！是流星！希望它不会击中地球。理解，祝你生活愉快。	None
不好意思我现在很忙。	None
一种名为“gray death”的药物只要极少的剂量即可致人于死地。所以说这是警告还是广告？	None
哎呀音。当你买便宜耳机。第一个月。第二个月。	None
你是怎么做到一直这么开心的？很简单！我一直无视我的问题！但那样不是会造成更多的问题吗？很简单！我继续无视我的问题！	None
我不知道啊	None
瞎问TV：请问你为什么又空了？。	None
当你意识到你不是你最好朋友的。最好的朋友。	None
我知道问题出在哪了，你的吉他里没有小鱼干了	None
发完飙后表现得无所谓的样子但其实一边在听着别人议论的我：	None
人们:为什么你这么搞笑啊?我:我的俏皮话实际上是渴求帮助	None
当我去学校的时候*什么事都没发生*。当我没去学校的时候。-数学老师没来上课-英语课放电影-同学打架。	None
到目前为止《超级马里奥奥德赛》的全球销量是多少？超过三份，超过一千万份，超过一千二百万份，超过一千七百万份。我在试图弄清楚为什么它超过了1700万却没有超过三：	None
我要创造。生命。一时冲动。为什么。而已！。造我？。	None
老板：抛开钱不谈，你最想要什么！ 我：你抛开的钱 你看起来比平常要可笑 	None
No！！！	None
当朋友拉我去玩最新出的游戏时：朋友的3080。我的950m。朋友的3090。	None
你干的。满意了？。	None
當你们已經是這種等級的关系時，已經不可能分手了。	None
当中年男人打开手机自拍时： 	None
默默的看着他们相爱	None
中秋節過后：去年的粽子。去年的月饼。去年的柚子。今年的粽子今年的柚子和月餅	None
周末我宁愿选择这个而不是任何聚会。因为我只想待在家里，整晚抱着我最。喜欢的人。	None
我的女友说这是她想要的生日礼物。	None
你会怎么形容最近的生活： 我 	None
社会:不，你不可能在一两天内获得心智上的成熟也是社会:成人内容17岁零363天18岁零1天	None
你不是一个好狗勾但是我还是爱你。	None
半夜的我：我的爱情呢	None
我：希望我的生日这天一切顺利。生活：	None
安慰出现感情问题的好友。即使我知道三天后这傻逼又会乐呵呵地和对方和好	None
无法肤吸	None
当你朋友正在跟你痛诉他经历的惨事，但此时电视节目里的主持人要揭晓考拉吃屎的秘密了	None
当你动了你男朋友的手机 	None
真希望我也能这样。Jonathan。这他妈是我见过最烂的帐篷。	None
你总这样生闷气说了也不该还说自己乖乖听话	None
我想象中自己30岁的样子。我20岁时的样子。	None
给我看看嘴里吃的什么东西。否则。抽25张牌	None
晚上冷。早上冷。	None
狐狸是非常危险的捕食者,如果你招惹到它下场会很惨。狐狸：	None
当你在班上打开了 一包零食 	None
他所拥有的：他所给予的：	None
我想要成功的欲望，我做懒鬼的欲望。	None
矿泉水太贵 了吧！居然 要2块钱！ 这杯奶茶居 然只要8块 钱！买买买 	None
快说你爱我！！	None
所有人：2021马上就要来咯！我：	None
大难临头。先玩一会儿。	None
20元的衣服 (免运费) 15元的衣服 （五元运费） 	None
每到晚上的我：*发疯**发情*还是我：*凌晨两点后*	None
当你的朋友让你換一首歌。但你歌单里能被社会接受的歌曲已经用完了。	None
三月。十二月	None
当我看见我最好的朋友朋友在追寻自己的道路上不断超越自己的时候：	None
加入购物车按钮的作用，加入购物车，查看价格	None
在朝着电脑屏幕大吼大叫骂脏话.了了几个小时后，你终于打败了那个boss的时候:	None
当你正在玩单机游戏你发现你最爱的那个角色开始咳嗽时	None
这是冬天里要抱抱要蹭蹭的我的猫	None
当我问了一下价格结果发现自己根本买不起所以装作思考一下的样子时：	None
推的意思是推 推倒过来的意思是拉	None
说实话，抽着雪茄再拿个自拍杆自拍的车子我是头回见着	None
男生真正需要的女生真正需要的老实说...每人人都想要这样	None
理想 現實	None
如何告别单身。不知道 	None
你有朋友吗？孩子。有，怎么了？如果我说我有能力让他们全都……离开你呢？大富翁。	None
我男朋友跟我哥哥的名字一模样，所 以我们在做爱的时候我喊了他的名字， 然后我突然想到了我的男朋友...  你给我等一下	None
你看我像有钱的样子吗？	None
我最喜欢的电视剧的最后一集。我。	None
夫君不在寂寞如雪	None
垂头丧气	None
当我爸坐在沙发上静静的看着3岁的我给他讲今天发现了什么并叽里呱啦一顿胡扯	None
你最喜欢哪种音乐？这个嘛···说起来有点复杂···	None
当你单身太久，被正在谈恋爱的好友当作小朋友时	None
来吃啊，这个没什么热量	None
卑微	None
这里怎么会有一只鸽子？管好你自己的事。	None
晚上睡觉前纠结上不上厕所的你： 208 	None
我：为什么没有人愿意和我交朋友： 别人：要认识吗！ 还是我·. 	None
每次我看到监控摄像头的时候	None
这是托比，他现在在家工作。	None
拿着一个薯片罐,两块海绵，一个橡胶手套进了房间后的我: 	None
当早上的太阳照到你的电脑屏幕上：。	None
QQ。小姐姐来一场QQ爱吗。	None
想吃肉肉	None
当小时候的你刚被妈妈批评完然后叫你去吃饭时：	None
根据我父母的逻辑。玩2个小时游戏后我的眼睛。连着上7个小时网课后我的眼睛。	None
火冒三藏。	None
盯着APP看外卖员走到哪里的我 	None
影视剧中，躺在草地上感觉是这样的：。但现实生活中躺在草地上感觉是这样的：	None
即便我經歷了一次又一次残忍的分手，但是我的姊姊仍然在那耐心的安慰我Whats wrong step bro??	None
"今天我是淡定屁儿
既不骂人 也不流泪"	None
我：躺在房间里开心地刷着手机。我妈：走进来直接打开房间里的灯。我的手机：	None
困	None
委屈	None
开开心心的看meme。看到基金相关meme图后看了眼我的基金	None
她：我有恋父情节哦；我：[想要打动她]我喜欢小便后不冲厕所	None
小狗是拖延症晚期。但如果说要去玩，小狗绝对三分钟之内足包出来回应你	None
“够了，苏珊，我见天看到你夸别的狗狗是好孩子了”	None
我愿意承担这个风险，小心恶狗	None
经常在互联网上说骚话的你**现实生活中的你*其实有点社恐	None
试一下洗澡水的温度	None
当生活中的一切都糟透了但是我已经习惯了时：	None
可能*2023年作为一名普通的成年人就像这样：拥有房子的机会没有afrnes没有债务的机会没有zero有机会尽情享受人生没有ZERO	None
别人：有试过通过运动来缓解负面情绪吗？我：	None
谁能帮忙把旁边女的腿P掉。	None
我要准备睡觉了。为什么我从来都没见过微波炉的广告？	None
请立马说出你喜欢的三样东西	None
当有人说：“我不喜欢你这样我：	None
兄弟，你真的会说道，你这张快嘴怎么练出来的？。我。	None
下课刚准备走时： 某同学 老师，作业还没收！ 我 	None
当你在互联网上找到和你有看一样的小众爱好并比你还要疯狂的网发时：。	None
日本少年漫里的女生。日本少年漫里的男主。	None
pi-pi? 	None
这个狗狗派对看起来比我这辈子去过的任何派对都有趣。	None
小家伙刚蜕完皮的样子就像要去参加睡衣派对一样	None
我脑海里自己的声音。录音里我自己的声音	None
迪士尼对木兰的理解be like：	None
愁	None
假装对一切不感兴趣的你！ 	None
老师问这首诗的情感。高洁傲岸忧国忧民。我	None
妈妈：要是你朋友要去跳崖你也跟着：我：	None
？盯盯盯 未成年人的目光	None
大多数男人将会收到人生中的第一束花，而那个场景就是在葬礼。	None
第一次去见男朋友父母。坐了一夜火车下车后腿麻了。他爸来接我们。问了一句怎么一瘤一拐的？。男朋友说：“半路不愿意了，打了。	None
走在未來时尚尖端	None
永不言弃。2018。2021。	None
内向的人是如何交到朋友的。外向的人发现他们,喜欢他们，领养他们。狗勾也算朋友	None
无视摄像头。 我尽量。 好笨。 	None
给我的小仓鼠买了个窝现在我们什么事情都是一起做。	None
好想去日本！。名古屋樂高乐園。岐阜合掌村。北海道富士山。札幌雪祭。北陵看雪。京都清水寺。北海道清池。大阪環球。东京迪士尼。	None
你的计划。神的计划	None
我：明天再做吧。明天的我。	None
我没醉 继续 	None
八岁的我一路狂奔沖到家门口但突然意识到我还得等走在后面的妈妈拿钥匙开门时：比光速还要快的痛苦在于你不得不在黑暗中生存。	None
化好妆的你 没化妆的你 	None
你需要一些。抗生素。你的白细胞。没有在工作。它们在。做什么？。2化：mozi11azgTUBEYT00NS.COM。	None
电影里的黑客像这样:“我黑进来了”	None
妈妈：吃饭就好好吃饭！别乱弄食物！与此同时，餐厅里的厨师：	None
温柔、热情失神的doi过程	None
我爱食垃圾。	None
总有一天我们会在同一个屋檐下同一张床上快乐地在一起	None
"卡机嘛
莓有你我怎么办"	None
*比我高一个头的对象*性感迷人的我*	None
谁会赢？一位虐待狂。一位受虐狂。	None
你知道食人鱼能在30秒内把一个孩子吃个精光吗？不管怎样，我今天丢了水族馆的工作。	None
考前完全没有复习。但非常自信的我。东吴唾手可得也。	None
如果我没有生了你，或者没有跟你结婚，或者没从你这里点了食物，那就请不要敲门。被领养的小孩：。	None
把音响开最大品尝悲情歌曲里的悲伤的我。	None
我：拿出零食。刚刚还在撕咬我内裤的狗狗：	None
以下游戏的主要规则：一：先和对方说一句“好久没玩了！”	None
忍住	None
我也不上天了	None
你会打这些绳结吗？不会？没关系。你的耳机一定会。OVERHAND KNOT。FIGURE EIGHT KNOT。LARIATLOOP。STEVEDORE'SKNOT。SAILOR'SKNOT。KILLICKHITCH。SHEEPSHANK。FISHERMAN'SEYE。TAUT-LINE HITCH。TIMBER HITCH。LARK'S HEAD。HITCHING TIE。MIDSHIPMAN'SHITCH。CLOVEHITCH。FISHERMAN'S BEND。ROLLING HITCH。HALYARD BEND。DOUBLEOVERHAND。HALFHITCH。RUNNINGKNOT。TWO HALF HITCHES。CHAINHITCH。JAUGEES代。	None
中国的memes，澳大利亚的memes，英国的memes	None
也许我们真不是人类。	None
天氣冷了，我的排檔捍也需要保暖	None
我尝试着完成我的数学作业。	None
我昨天看到我前任在街上被人打。你帮忙了吗？没，他们人够多了。	None
当你已经把一个问题很清晰地告诉了对方。结果对方回你:啊?	None
你可能已经老了，但是你有这么老吗？	None
如果你需要扮演你的id一整天。你会怎么样？。	None
你不爱我了吗？	None
一张成人票，谢谢！我都看出来了，你们这衣服下是三只小羊。你确定？当然，你看，一只羊两只羊、三…	None
当你开车驶过一条不以为意的浅沟然后车底传来一阵听起来很昂贵的剐蹭声时：	None
我的对象：“挂啦，回头再打给你，爱你哦”我：	None
"故事的开始
故事的结束"	None
他们在约会。	None
她有着防弹的钢铁之躯…她有着防弹的…防弹的…	None
童年幼稚行为四骑士：	None
男厕礼仪 	None
動漫小同常，当你身边有一個每看一部動漫就愛一角色的朋友*你：他到底有多少老公/老婆	None
当我通过听脚步声来判断是我家哪个人走路的时候：	None
接下来，我们来测试下你的反应	None
它说话了，梅里，大树说话了	None
Blinding Lights正在播放*。The Weeknd: and i said。我：	None
我抱怨我喜欢的艺术家为什么不受欢迎当我喜欢的艺术家变得受欢迎时	None
每次洗完澡的我都会在镜子面前欣赏自己	None
今天的雨跟依萍找她爸要钱那天一样大	None
当人一出生，就被赋予了一个名字，一个宗教，一个国籍和种族。然后绝大部分人会用他们的一生去守护这个虚构的身份。	None
镜子中的我 VS 照片中的我	None
想象一下如果新冠病毒会横向传播那该有多可怕	None
我：*用棒球棒打死了一只老鼠* 在迪士尼乐园的其他人：	None
我妈：我的洗发精哪去了？我在浴室里：	None
医生：你的头部手术非常成功，我们已经切除了肿瘤。我：*余额不足，支付失败*。 医生：	None
“嘿！你这是要出去玩吗？”“是啊！”“去哪里玩啊？”“我不知道啊！”	None
当我喜欢的人用ta修长的手抚摸我的头时	None
一小时的工作或学习后： 我太虚弱了 I'mtooweak 打了8小时游戏： 力量！无穷无尽的力量！ Power!Unlimitedpower 	None
当我喝水时：我的手，水，我	None
我的微波炉看上去好像想让我给他献祭一些东西	None
脚长这样的男人有125%的几率抢走你的女人。	None
我:*尝试在GTA里正常开车5分钟后	None
当我在秋天脱下自己的套头毛衣:	None
我:*把HDMI1换到HDMI2我爷爷奶奶:咱家居然培养出了一个电子黑客?	None
当你带着已经练到满级的号回到新手关卡打boss be like:	None
你错过了青春时期的爱情你没发回头了	None
当你在简历上造假却依然获得了这份工作。其他部门的人都看出你不胜任这份工作可你的领导依然很器重你 	None
我崩溃了	None
明天有一场很重要的约会 凌晨1am的我： 	None
当我想起小时候能从高处跳下来而且着地时膝盖不会痛。天啊我当年真强	None
特瑞大肥鲨来了！他给你带来了一份Minecraft,希望你喜欢。特瑞下次会带着另外一份礼物回来。	None
你知道吗？当你同时踩下油门和刹车，你的车子会截屏。	None
好的要给老婆吃	None
动作片中主角开车冲进小巷。水果摊的老板。	None
磁卑	None
到底是谁能做出这种事！ 	None
你为什么不要人家啦	None
还没有找到你的灵魂伴侣吗？	None
你永远不会意识到你的生活有多无聊，直到有人问你做什么消遣极搏口野菜	None
我以为我坏笑时的样子。 我真正看起来的样子	None
我要闹了	None
医生：安啦，x光不会对你造成伤害的。还是医生：	None
回家洗完澡出来发现自己的猫猫在鞋子里睡着了。	None
成年人的生活就是每天對自己説一句「了這星期就好了」然后下周再重復	None
老师：不要在课桌上胡写乱画 我和同学们： 	None
十分的开心	None
当你试图去撸狗狗，但是那只狗却朝你大叫的时候。	None
吃啥啥不剩干啥啥不行	None
“我要跟你谈谈，但是不是现在，过一阵的”接下来一整天的我：	None
突击检香！用书籍/电影的名字来形容你的性生活	None
小时候的记忆力： 我可以背半本课本 背10首歌词 现在的记忆力： 我进来要做什么了啊 	None
妈妈：儿子，回家啊，亲戚加孩子来咱们家做客了。我：不行，我现在离家太远了。妈妈：他们在玩你的电脑。我：	None
Ferrari。Agrrari。Aurrari。	None
上学时: 这位同学你的寒假作业呢？ 额我可能落在家里了	None
美女流泪	None
想象中染发后的你。VS。从理发店出来的你。	None
当你看的影视剧中，最讨厌的角色死翘翘了的时候：	None
又是平淡无奇的一天	None
当我在路上遇见熟人	None
拥抱时摸摸松手啦我不	None
当你抚摸一只陌生的狗，他们说“她从来不让任何人这样做”我觉得她是我的灵魂伴侣。	None
这人生也未免太绝望了	None
我恋爱了： 我在学习： 生活中的我： 但总是积极的： 	None
我父亲试图通过谈论他得ve我:*月经来了很痛肾结石的经历来给予支持 Me having period cramps You and aren't so different6	None
生无可恋	None
當你们吵架後在等待對方先道歉：。	None
皮克斯：发布了一个电影里面有个母亲角色。同人艺术家：展示实力的时候到了。	None
紙箱的視角	None
老师：你的儿子因为把酒带进了学校被抓了，他说那瓶酒是他的好朋友给他的。老爸：啊…他认为我是他的好朋友吗？	None
当朋友叫我去参加一场不能喝酒的聚会。兴趣0%。	None
我今天累爆了吗？是的。我今晚会早睡吗？不会	None
该死我有点。不想谈恋爱了	None
即使千疮百孔也要保持微笑： 	None
听八卦時候最团结了。他假在说什么，有说我坏话吗	None
和人视频聊天/视频会议中，一直盯着屏幕里自己的我：	None
我：*跟朋友们说起一件我很骄傲的事情* 我的朋友：*说了声“酷耶”然后聊起了别的事情* 我：	None
关注我吧 算我求你了	None
86公斤重的狗被从山顶救起，因为累的走不动了。	None
考试里的考点。我记住的知识点	None
电视剧里那个行为古怪的学生：现实生活中那个行为古怪的学生：	None
什么东西有五个脚趾头但却不是你的脚呢？是我的脚啦	None
能够通过脚步声来识别家庭成员的我：	None
你不在我身我都睡不好。説完两分鐘后的我：	None
承认的你小孩说的观点是正确的。 妈妈们	None
一眼这一年就这么过去了！ 早知道不眼了 	None
当你对自己身体上的不完美而自卑，实际上。这些不完美只会让你在我眼里更加有魅力时：。	None
我在公共场合说话的能力。我想说的话。	None
当我意识到自己做了一件蠢得批爆的事： 噢我该怎么办去垃圾箱吧 	None
当我上课时一不小心放了个巨响的屁 那个老师 全班同学： yes? 我： 我朋友： soli.... 	None
爸爸。爸爸。爸爸。爸爸	None
我听说他在写化学方程式的时候从来不会忘记标沉淀和气体符号	None
当你第一次打黑魂Boss，50次尝试以后	None
养宠物的朋友。有對象的朋友。我	None
诊疗记录病因：你的性格	None
脸大了怎么肥四	None
和喜欢的人关系拉近了。近过头相处成好兄弟了	None
理财真的很关键。我：	None
世界上十大被禁用的武器之一	None
当我在半夜试图找到被子较长的一边时，我的被子看上去是这样的	None
想把我侄子打扮成僵尸，结果他看上去就像个累坏的社畜一样。	None
好想马上见到你。好想马上再见到你。	None
当我发现我毕业之后不能自动 获得一个工作的时候：	None
和喜欢的人大胆告白的我的朋友。站在ta身边的我。	None
This could be us	None
内向的人： 在家： 在外面： 	None
奶油小笙：。。。。我同事疯了。厚切减化。	None
认为每个人都讨厌我的焦虑情绪。告诉焦虑情绪根本没人在乎我所以自己不用担心会被人讨厌的抑郁情绪	None
真的假的。你们乌龟跑的很慢。确实，但我们大多数种类能活上百年。你们怎么办到的。这个嘛。我一定！。一定。一定会逮到你的。就这样。	None
当你的朋友比别人先进入青春期。	None
*喜欢的虚拟角色*	None
当老师已经开始瞪着你，但是你同桌刚刚给你讲的那个笑话一直萦绕在你的脑海	None
当玩家在BOSS战然后残血了：喽啰：*被召唤。同时喽啰：*掉落血包	None
我对八卦没兴趣，真的。	None
当你正在享用你的生日餐但你看到服务员拍着手向你走来	None
当你面对恐惧不得不笑时： 	None
我不是你最爱的小甜甜了吗?	None
当我在考试中 答完所有题的时： 我 	None
我可以挂，科不能挂。	None
好了我真的要开始学习了。现在オ8:17。我等到8:30再开始。	None
“我们会做点什么，但不是现在”特朗普说	None
当他恋爱的时候，他会选择在一些连迪奥都没有的地方闲逛！ 	None
啊	None
当别人拿着我酒后发癫的视频来质向我当时的想法时：	None
当你突然想起以前的一件尴尬的事。Put me on fire。	None
5岁的我告诉爸妈说我永远都不会去亲女孩子。  成年后的我发现我好像真他妈说中了。	None
我：爸爸我可以打电动吗？ 爸爸：可以啊！ 我：太好了！ 因为妈妈说不可以 爸爸： 	None
世界.上第一台移动电话的珍贵照片	None
我以为这位女士一直町着我看，直到我意识到那是一本杂志	None
我来给你拍张照片？我是不是靠太近了？不，你看起来很棒！	None
已经...无所谓.了。	None
刚买的蚊悵，給室友試試水温	None
躺下来吧，来检査一下看了这么多恶心的社会新闻后，你的大脑损伤程度到了什么程度。	None
坏消息：我意外的洗了一件我非常喜欢的羊毛衬衫，他缩水了很多。坏消息;	None
我的超大号歌单就像这：。这个也是我歌单里。的音乐风格。我歌单里的。音乐风格。	None
没什么东西吃·没什么书读没什么好片看没什么衣服穿·.HBDSHOWCRAGTCPXPLVTYIrinaBlok	None
僵尸末日时的其他人：*逃命。植物大战僵尸里的人：	None
七岁的我：想和我老爸一起玩。我爸，刚刚下班且特别疲劳。好呀，我有的是时间。	None
洗碗的我。一根天杀的汤勺。	None
你在玩电子游戏。Boss战音乐响起。音乐有歌词。歌词是拉丁语。	None
哥哥不在不开心	None
当你第一次去朋友家	None
所以世界上到底一共有多少个生日？365个还是70.57亿个？不，不。他说得有点道理。	None
当你吃了薄荷糖后再喝冷水就像： 	None
当我把吸管从麦当劳的被子里拔起来时。	None
6岁的我：哎你说这火能不能摸啊？我朋友：*摸了下火烫得嗷嗷叫*我：已确认	None
当我给别人买了一份礼物。我给你买了个礼物哈哈哈。我现在太兴奋了。	None
这家伙是个天才	None
宝宝不开心了	None
我：根本没有一个舒服的枕头。她： 	None
好苦。像我の命一样。	None
当你咽了一片你没怎么嚼的薯片。现实，你感觉到的：	None
粗奶玩	None
超级赛亚猫。	None
预计此类天气	None
每次我家的狗勾出去遛弯时都会停下来见见她的心上狗，感觉就像罗密欧与朱丽叶	None
一个人发呆	None
每当我突然感觉胸口的一阵揪痛时。死兆已现	None
专业举高高	None
当我和你在一起时：把眼晴闭上睡觉但是我喜欢你	None
会做饭的男人值千金 别的男人： 我会做。你：我会吃 	None
我听看我喜欢的人谈论ta所热的事情，尽管这对我来说听不太懂，但我很高兴ta开心	None
天哪！如果这还不能描述我的生活，我不知道还有什么能。	None
没有人:维恩图:	None
如果微博开发出给评论点踩的功能的话。我们的社会：。	None
我爱你。你是在跟我说话，还是在跟我头上的小鸟说话？。跟你说…。	None
考试前一天 我： 其他人： 	None
我一点也不难过	None
坐车时： 睡着了、 做了个美梦、 	None
不忍直视	None
我太南了	None
腿控歧视链。最不受鄙视的，最受鄙视的。	None
救命！我要淹死了。我来啦！	None
当你扭脖子扭得太用力结果开启了第三人称模式。	None
当我已经知道事情的真相然后看看对方继续说谎时：	None
大脑：去做。我：为什么？大脑：做就完事儿了。我。	None
高街男孩们的x光： 	None
那么在那理才能買得到呢？。Where is it sold?	None
我妈：还不睡觉？都11点了。我：。10：34。	None
每天都在期盼着,我的闺蜜变有钱,然后可以包养我,可是我发现她也是这么想的！ 	None
语文老师叫到其他组的同学。语文老师叫到本组的同学。语文老师叫到同桌	None
小心我的孩子，求你了。	None
谁的珍珠项链落下了！ 	None
我的外教很生气因为我问了他下次抢劫是什么时候	None
当遥控器没反应时	None
大人的世界好難懂	None
你以为我写在了错误的地方？其实上面是一面旗帜啦！	None
Eagan作为一个没有孩子的成年人，我有责任拥有同龄人不能拥有的爱好和娱乐！因为他们牲了三已的自由时间来维持人口，为了向他们致敬，我必须放松心情，做一些有趣的事情	None
但我妈在超市里遇到她很久没见的朋友时。我跟她朋友的小孩。	None
每次我翻看以前酷狗里面的歌单：里面的歌就像。	None
我：*我得剪指甲了*剪完指甲的第二天：	None
女生拍照摆pose时： 男生拍照摆pose时：	None
当小学的我从外婆家回来后。	None
晚上独自走夜路假装成硬汉的你be like。	None
救救我	None
如何上网课： 第一步：闭麦 第二步：静音 第三步：	None
重新下载游戏的我。游戏的新手教程。	None
你们把我的快乐全都给剥夺了	None
看起来是这样的： 穿起来是这样的：	None
朋友：我们去短途旅行一下，带上必需品就好了。我：	None
第一次约会 在一起两年 	None
因为跌的太厉害所以抛掉及时止损。这只股票：	None
小鸟 戴着排队礼帽的蛇	None
"新的一年新的自己
跟""这个明天再做""没有区别
CHANGE MY MIND"	None
网页广告：*存在*。地球上的所有生物	None
"印象中的
实际上的
大型犬
小型犬"	None
当你让一个喝醉的人来命名岛屿WhyIsland为什么岛Becauselsland因为岛WhyIsland69	None
"7000块买的手机
7000块买的电脑"	None
蒜了	None
你能不能理下我	None
我希望婚禮能簡軍就好。你爸媽的客人：	None
我是不是用错meme模版了。	None
小学1年纪的你印象中的6年纪大哥哥的样子：。6年纪大哥哥实际的样子	None
可不可以只吃一下下就好？10分鐘后..	None
我复习的内容，考试的内容。	None
别人：嗯。我：你为什么用这种语气跟我发信息。	None
「等一下，他刚刚说要把我的蛋蛋怎样？」	None
Communists when they realise that the 'C' in Communism is capitalized:	None
当监考老师差点抓到你作整时 于是你就 你： 你： 	None
老师：你喜欢的动物是什么？我：NEKO。老师：什么？我：……	None
我吃完饭在找你玩 	None
当你在凌晨两点鬼鬼祟祟的时候。	None
朋友：我要一口。朋友眼中的一口：我要一半	None
我的酒量是這，你們我喝的量，到虚跟别人説我的酒量	None
这3D拼图也太逼真	None
半夜醒来后喝了满满一杯水的我:	None
這复猫上的表情包含了某種我無法。描述但同時我能深刻體會的情绪。	None
上学时: 坐在最后一排的你 突然答对了一道题 你同排的同学： 	None
虽然今年过的很糟糕，但是一切都会过去的，让我们 来迎接美好的2015	None
Friday.Saturday.Sunday.Monday.	None
满脸都写着高兴	None
我：成功度过NNN。我的stepsister：	None
100年前的人如何拯救世界: 现在的我如何拯救世界: 	None
不许骗龟龟 龟龟也有	None
花在吃饭上的时间。花在找视频上的时间。	None
等你到了30岁,你的思想会越来越保守“我30岁: Siren★ spectacular	None
生活。已经崩溃的我	None
蹲坑。我。小便池 	None
挂科之后的第一感觉： 发现好友也挂了之后： 	None
我妈：快点下楼帮我拿东西。我：	None
当你开始意识到你可能收养了一只北极熊而不是一只狗的时候	None
不行不行不能乱想	None
我和我兄弟在笑 只有我們懂得笑時 	None
注意：辣椒酱免费我们的辣椒酱成本较高制作比较麻烦所以请不要浪费“如果浪费多了”“老板娘晚上回家会唧唧歪歪”以后就吃不到好的辣椒酱啦	None
当你真的很需要第四个愿望。	None
同人小说作家创造了史上最好的故事却再也没有更新过mematic&Tenor	None
我不吃我不喝我要钱	None
科技在进步时代在倒退 	None
我不是很懂摩托车但我可以肯定它现在刚睡醒	None
"Anyone: ""Don't do that"". Me. That."	None
我妈 我忘记洗碗时 me 我妈 	None
不是所有的澳大利亚生物都会杀死你。不要误会我的意思，它们想，但是不会。	None
在两种情绪之间来回摇摆的我：	None
期末成绩出来后表面上的我。实际上我的内心	None
当我去奶奶家里时	None
网抑云	None
当你妈催你减肥之后立刻又问你要不要去吃烤全羊	None
考试到一半时被闺蜜拉到厕所里对答案的我	None
我：明天还要早起，今天要早点休息。半夜3点的我：要是我突然中了500万该怎么花	None
当你已经睡着了 但你还在和你爱人说话！ 	None
当绿灯刚亮了0.000124秒然后我后面的车就开始狂按喇叭时：	None
当你站起身去拿水却忘了。你还戴着耳机	None
你还好吗我不好...我不知道将来要做什么，而且时间越来越近了我感到很不知所措..	None
当我在同桌的书 他立马反击 在我的书上画了一笔 画了一笔 	None
哭泣	None
面试官：告诉我你是个怎样的人吧： 我：我还是满想要这份工作的 所以还是先不要比较好： 	None
当你刚被老妈揍一顿时 尝试坐下的你 尝试坐下的你 	None
真的海星	None
陪完别人了吗可以陪陪我吗	None
身边有一种朋友 电话不是关机就静音 你永远找不到他 除非有一天他想找你！ 提醒我 信息 拒绝 接受 	None
当你听别人讲故事时完全无法感同身受因为你不是傻子	None
我很满足。我不要很多很多的钱。因为有你陪着我我觉得够啦	None
举办晚会庆祝战胜希腊人的特洛伊人。希腊人	None
肝代码到脱发	None
我男朋友给我买了花，形状像我的情人。	None
"別人：""你应该试着多交一些朋友
我"	None
拳王阿里会在每一次比赛前禁欲2个月不做爱,他坚信那样让他在台上所向披靡	None
6岁的我被爸妈捧完 又被他们叫去吃饭时 我： 	None
在鸽子社会，富有的鸽子会把面包制成项链，来 彰显自己的地位 	None
几乎每次家庭聚会时的我。妈妈我想跟你说个秘密。我们什么时候能回家。	None
德拉科.马尔福的超呛人回击: 我爸爸会知道这件事的 	None
别人：你不是前几天刚穿过这件衣服吗。我：	None
看来一大堆人等不及想要逃离2020了	None
上校：做这个演讲真的让我很紧张。太阳揉了揉他的肩膀，说道：“别担心，大个子，你做得到！”	None
快回来	None
尼古拉特斯拉。托马斯爱迪生。	None
洪荒之力都用完了	None
考试结束时知识离开我身体的瞬间	None
世界上最恐怖的东西。黑暗。小丑。鲨鱼。连环杀手。死亡。时速220千米收回的卷尺。	None
兄弟我懂你 HULK WILL SLEEP NOW, AND MAYBE WHEN HULK WAKES up-- .-EVERYTHING THAT HAS MADE HULK TIRED WILLB	None
其他都不容易。除了容易发疯。	None
第一视角：你是一个向日葵。	None
"卑微？？？
能饮一卑无？"	None
枯了我	None
猜猜是谁还要把字母表从头到尾默背一遍才能知道某个字母的下ー个字母是什么	None
我给我自己做的事打分: 6道题你做对了5道! 所以是0分! 	None
我们狗狗的爪子看上去就是他的迷你版。	None
在俄罗斯有个叫做“军事迪士尼乐园”的地方，有很多游客造访此地，包括儿童，在这个乐园里你可以开坦克，用枪射击，甚至可以买卖军械	None
"7岁的你对着车内照明的按钮咔咔一顿按我爸: ""Boy, have you lost your mind? Cause' 'll help you find it"	None
谁是我家的乖乖音响？对你是我家的乖乖音响	None
如果大家都能像在邮件里聊天一样来相处的话，这个世界：	None
跟其他人聊天。跟crush聊天。	None
你的译文。原文。你的想法。翻译过程。	None
现在的迪士尼动画。1940s的迪士尼动画。	None
生活就是到处碰壁对吧Life is a series of closing doors,isn't it?	None
当我特别特别喜欢你时：。这是给你的。我留给自己的。	None
当你洗澡真的洗太久时 	None
我看了看我花了多少钱，然后说，这就是 我的工作 	None
我今天没有在我的窝里便便哦	None
7岁的我，我希我明天还能跟朋友们玩。現在的我。我希望我明天不用见到其他人	None
我他妈要死了症。症状：肚肚疼得有点久。	None
sharingan in the。pickurfighter。Squirter。Cumer。9:48pm·24Jun.19·TwitterWebClient。15.1KRetweets。46.1K Likes。	None
你如何用肢体语言表达你的爱意？”我：*我*	None
世上有2种二段跳玩家：。	None
恐慌	None
根据自己的能力挑选工作时的我。	None
我：*花半小时看一段课文*。我：所以我刚刚看了啥。我的大脑：问得好	None
父母：你朋友看起来很乖哦我：W	None
这匹马看起来就像穿着卫衣的EMO小孩	None
挖个坑把自己埋进去	None
"告辞！
是我多鱼了"	None
赛博朋克里的扎克伯格比真正的扎克伯格还像人。	None
撤回也没用我已经看到，还截屏了	None
当蚊子宝宝第一次飞行时看见人类对它拍巴掌:	None
"柠檬树上柠檬果
柠檬树下你和我"	None
哭了鸭	None
用 Drake的模板。用爱因斯坦的模板因为今天是他的生日。	None
华尔街大鳄们。你觉得这很好笑吗？Reddit散户。	None
放在桌上看着我又一次抱怨没有东西吃的苹果：	None
*三八妇女节女性放假半天* 也想放假的我： 或许我是个女性(Maybe I am a women)	None
6岁的我在游乐场和我的好伙伴永别。我们的妈妈：淦..我们好像..不太在乎。	None
脑阔疼	None
我没惹你们任何人。	None
*学四川话最快的方法*跟四川人说话。看《谭谈交通》	None
试图走进你的心门	None
嘿！那个闯进合照的人，谢谢你毁了这张我和明星的合照！。	None
"数学中虚数的存在这一事实证明了
人类就喜欢自己给自己找麻烦然后
还不断为之抱怨"	None
凌晨两点失眠的我打开手机看时间be like。	None
我妈:这家伙一天不是吃就是睡还从来不洗澡。我和我的狗在想她说的是谁:	None
9岁时以为自己能裸眼看到细菌的我：	None
出来喝酒！。我来接你。	None
期望时。牛蛙嫩点。不然给差评。牛蛙。	None
当和朋友约好明天上午八点出去玩 第二天一早八点九点十点...你： 你朋友： 	None
世界名画： 《我妈在拖地》 	None
看看我给我的崽带空袋子回来以后他有多开心。	None
眼镜是这么工作的：我不戴眼镜的朋友认为眼镜是这么工作的：	None
你辣么好看 我只想和你睡觉	None
实际上的我 我脑海中的自己 	None
我醉了，但我爱你。我知道你是那种假装丢球骗我的人，但是我依然爱你。	None
杯子。微波炉热度。我的牛奶	None
说非常可乐永远神的人。说百事可乐最好喝的人。说百事是洁厕灵的可口粉。没有尝出丝毫差别的我。	None
猫猫好狗狗坏 猫猫坏狗狗好 猫猫好狗狗也好人坏	None
把我这5年来的所有问题都归结于疫情的我：	None
当我的好哥们有事需要我载他一程但是我们两个都是直男时：	None
你无法打败我。我知道，但是他能。	None
当你正在家里干着些奇怪的事，然后你听到大门边传来钥匙声。	None
当你的电脑显示“只有拥有管理员身份才能访问此文件”时 own you!@训练有素的普通人	None
不好！快停下D我好喜欢你！SUNDAE KIDS	None
一言难尽	None
小气包	None
抱歉...这的确是我和我同龄的人：Mostpeople myage*我*	None
看到那个借钱不还的人每天都在 蚂蚁森林偷你能量	None
夏季工作者！ 又到了这哥俩 两班倒的季节了 白班 07:00-19:00 夜班 19:00-07:00 	None
好冷好冷><)ShdeSlideTombl哎呀好暖	None
希腊的孩子：*出生*。克罗诺斯：好吃，终于来了点襄阳的食物。	None
为了组成钢琴我们还需要更多狗勾！	None
为什么这个剃了胡子的基努李维斯会扣格里芬多20分呢。	None
别人清空购物车靠买我清空购物车靠删	None
当你覺得自己一无是处的時候，想想这位在奥游泳館担任救生员的人	None
我：手里拿了一手好牌。大脑：不要表现得太明显做个扑克脸。我：。	None
你要睡觉了吗？是的，请安静。好吧，晚安	None
甚至不需要说话，一个拥抱就足够了。	None
圣诞节约来女朋友： 我妈妈不让我喝酒： TA妈妈:她不可以喝酒 你： 	None
"这是我见过的最可爱的""算了"""	None
下雨。体育老师	None
科学：*伸懒腰有助于身体健康*。我：。	None
丢掉都不给你	None
冰河世纪里的那只树獭。	None
当办公室里的男人望向他的挚爱的时候。	None
准备自驾游。	None
*没有人。当你对象无聊时：。	None
大声吼了ta之后我意识到是自己的错时：	None
很内向。摸鱼都不敢笑出声。	None
指纹认证失败！	None
当公司老板意识到一天有24个小时的时候：	None
当你用尺子画线时不小心被一根手指绊到	None
"行
海星  可以
真不错"	None
当你旁边有人在看你做着你平常最擅长的事情的感觉:	None
“我爱你！”我爱爱爱爱你！*放下手机三秒后*好想她，我有点想他了真希望我们一直这样下去	None
别人：哇你有哥哥啊！ 好羡慕 我也想要个哥哥啊 我: 	None
漫画  动画  Netflix真人版	None
每天晚上的我都在想我到底怎么了。	None
人们认为冷战的样子：实际上冷战的样子：	None
游戏选择女性角色因为好看。游戏选择女性角色因为她的受伤判定范围比较小	None
年龄只是一个数字--。当你想要掌握新技能的时候	None
当我找到了一首新歌，然后那首新歌莫名点燃了我心中的火，所以我听了这一首歌连续两小时的时候：	None
乐高：使用年龄4-99岁。100岁的乐高玩家：	None
我需要一段比GTA加载画面更久的恋情	None
马里奥击败敌人的方式。索尼克击败敌人的方式。星之卡比击败敌人的方式。	None
像被这样抱着	None
我的2020日历。	None
就当我瞎了吧。	None
蚂蚁花卑	None
赞。我妈给我点的赞	None
一边收拾屋子一边听关于毒品，性和犯罪的歌曲的我：	None
如果你看不清下面的数字，那表示你头痛、感冒啦、需要睡觉、低血糖、需要喝水、你是个非常有趣的人	None
虽然不清楚比赛结果，但看起来是左边赢了	None
世界上第一个神奇宝贝大师。	None
你吃啊，吃一口不会怎么样的	None
刚发完压岁钱要开始上班的我。花呗 白条 信用卡 新季度KPI 房租水电	None
当你坐在椅子上摇晃 结果一下过头时： 你 	None
你还年轻。你把钱给我。你自己再去赚。好吗？。	None
当你进了被窝之后发现没有关灯的时候：	None
精神渔散	None
儿子，我有个问题想问你。为什么我每一次进房间。你都在看电脑桌面。	None
当你工作压力很大时，想想这台挖掘机上的人。整个亚欧航线上的船只都在等他把河岸挖开。	None
女朋友：可不可以带我去高消费的地方约会呢： 我： 	None
花圈性保健	None
星星：*无规则地分布在太空中*希腊天文学家。是长颈鹿哎！	None
可的來福意識到。自己可能再也没機會散步了。	None
我的女朋友想要古驰但是我给她买了这个，她好像不高兴了。	None
我：“不行啊我不能去了，我今天很忙”。很忙的我：	None
*不小心花了我所有的时间确保我身边的人感到舒适，直到后来发现全程感到不舒适的人只有我。	None
当你去瀑布后面准备探寻个宝藏,结果偶然激活了一个隐藏boss战6@训练有素的普通人	None
我:那个女生就在后面,不要看的太明显。我朋友。	None
你听说过开放世界吗	None
通常情况下，饮料的味道：。当我刷完牙之后立马喝饮料，饮料的味道：	None
当你不知道自己是怎么了。。。但就是感觉不太对。	None
请问我的朋友需要帮助吗？HELP。I'M OK。我发现了两处线索，但是相互矛盾，脑袋快要炸啦！	None
每天晚饭都吃一样的东西:每天早饭都吃一样的东西:	None
这些看起来很蠢的益智玩具存在的意义。	None
这个动作太可爱了	None
凄凉	None
你被鸭子国王光顾了！他说他要让你这7天拥有享不尽的快乐和财富。DUCKIE'S KINGDOM.	None
把作业和考试都带到商店里做，因为我知道顾客永远是对的	None
我要跟大家认错。你犯了什么错？我看梗圖笑了，但却不按赞	None
过年时我妈让我和来我家做客的半年见一次面、专业不同、平时没联系的表哥聊天时我和我的表哥：	None
我妈:你才10岁，不可以喝酒!那个很酷的小姨:*帮我点了杯啤儿茶爽*	None
"感到蕉绿
又重了"	None
怎么了兄弟？居然马上要二月份了。	None
菠萝，你怎么那么涩	None
屁股冒火。别惹我。	None
*郑爽回应了*。看了微博的我:我看不懂，但我大受震撼	None
每次当ta大声对我讲话时：*我*	None
不忍直视	None
当我想找点东西来吃时，我的冰箱：。当我手上有东西要放进冰箱是，我的冰箱：	None
美国：*靠右行驶*英国：*靠左行驶*澳大利亚	None
坚定。这位美丽的小姐。请你立刻马上。和我结婚。	None
我俩真厉害！10/0/0。0/10/1。	None
MON. TUE. WED. THU. FRI. SAT. SUN.	None
我专门做屋顶。	None
大公鸡喔喔叫外面的世界多美妙。我。旁边的幼儿园。	None
我妈：帮我把面条放到烤箱里然后调到120度让他加热。我：	None
I never asked for this	None
小时候当你朋友的妈妈在训斥她/他所以你只能在旁边坐着等时：	None
鸭很累了	None
酒店介绍：可以坐享海岸景致，实际上：。	None
当聚会中我唯一认识的朋友在和别人聊天时	None
不要再想你很丑这件事情了 你确实很丑，但不要再想了	None
被抑郁症折磨很久，现在一个月都要吃回，希望你们永远都不知道这是什么药。	None
基努李維。激怒李蕾	None
当我只做了20个披萨卷却可以轻松吃掉25个甚至30个的时候。	None
正常人：静静看电影。我：仔细盯着那个在电影里刚刚死去的演员有没有在呼吸。	None
我这么可爱，原谅我嘛	None
班级里聪明的孩子：十年后。班级里调皮的孩子：十年后。班级里有钱的孩子：十年后。	None
害羞人士的惯用伎俩。	None
没有人:马里奥赛车里的跑道:	None
烦人的歌。一直在我脑里循环的歌。很不幸，不是吗？	None
挠头感到无语	None
我在想我的钱都跑去哪了，结果发现我每个月吃外卖居然花了这么多钱	None
广告里的汉堡。你买到的汉堡。	None
我真好看	None
无助可怜弱小	None
科學家：我發明的機器能同时產出物質的三态，就是氣态、液态跟固态。我的屁眼：我自己也勉强算得上科学家了	None
来认识奥利文，他有大拇指	None
当我的女朋友问我哪 张照片更好看时 	None
幼小可怜又无助但非常能吃	None
我怎么又胖啦？	None
没有人时： 逛大超市的我 Cica-Cela Cocao Coca-ocl 	None
老师：在网路上做直播的人都不务正业。现在还是那个老师。	None
没有互联网，只有平静。还有蛇	None
传染几率。极高。高。中等。低。>6 feet。极低。嘿你有没有听说过__?无	None
当你想说些什么，但又觉得不值得说的时 候 	None
当你已经说了第八次“我草那也太那个了”结果对方还是没有停下说话的意思。	None
*别人*你怎么还活着？*经常熬夜到凌晨的人哈哈我也不知道	None
男生：你知道吗，你是第一个和我来马场骑马的女孩	None
他们为什么拿十字 架当做我的logo ??？ 我的故事哪里让他们觉 的我会喜欢十学架了？ 	None
当你在睡觉前被一部剧所吸引 想要再看一集，但又怕明天上班迟到！ 	None
刷视频刷到了 做手工的视频后！ 我的大脑： 我学会了。我的手： 啊巴啊巴，我学废了，啊巴 	None
老师：这个测试很简单，你们应该不会有问题考试答案：	None
妈妈削的土豆VS我削的土豆	None
你的狗好傻哦。不！它超聪明的！你的猫好傻哦。确实。	None
扮猪吃老虎Cos Pig Eat Tiger	None
当你在新手房被人骂垃圾时，不然你以为我为什么会在这？	None
当你室友要你帮他占个座。	None
打印机二 考卷原本的插图 是这样的 打印机 打印出来之后： 	None
*我想打扮成托马斯·谢尔比 期望 现实 	None
23岁的我，车是这样的：。7岁的我，车是这样的：	None
我：*玩手机* 我妈：不能超过十分钟， 我妈在五分钟后，It's been 84 vears	None
当你发现花了一辈子的时间对抗的坏蛋拿了两次奥斯卡小金人时	None
成龙的电影be like：我不想惹任何麻烦！	None
哪句话可以同时用在这两个场景..葬礼上。床上	None
不能fu吸	None
当老师看你上课时心不在焉于是点名你起来回答问题但是你完美答对时。	None
老师：有人来回答下这个人问题吗？不小心和老师眼神接触的我。	None
当我晚了五分钟到达餐桌。我看见的。我妈看见的。	None
工业学大庆 农业学大寨 全国学人民解放军	None
你想象的520： 现实你的520： 宝贝S 上午9:00 宝贝520快乐 只爱你 	None
科学家认为，如果你发出的声音超过1000分贝，你就可以制造出一个黑洞然后毁灭一切；晚上教室突然时总有这么一个人：	None
他没有双腿，却挑战珠穆朗玛峰，你有什么籍口？他的腿不会痛，我的会	None
我理一下，你觉得让有钱人亏钱很有意思吗？。我不装了，确实很有意思。	None
您们有没有注意到当你找不到遥控器时你们会失去对所有人的信任，”你是不是坐遥控器上了？“”我没有“”站起来“	None
当你在两个月前播放那首即将成为他们最爱的歌时	None
当老师问有谁要自愿出来present我and我的朋友：	None
我洗澡时都在做些什么。清洁自己。想象一下如果你和我。在一起会发生什么。	None
我：*意识到喝酒完全就是浪费钱，还伤身也是我：	None
我妈妈和我的关系。	None
田野中一个普通的谷仓，跟天空中扫过的彗星同样独特。从整个宇宙的尺度上看谷仓比彗星要稀少得多。一个珍贵的存在。	None
鸡汤：生活总是会越来越好的。生活：	None
翰入密碼登時第一次第二次第三次	None
你说是，那就是吧	None
我本以为今年会财源滚滚 结果只剩下了滚滚！ 	None
当你跟对方说完再见后发现你俩回去的方向是一样的。	None
人生已经如此艰难	None
它赢了所以我很生气..... 	None
小时候的我从高于一米的地方。跳下来的时候：。	None
这顿饭准备的很简单。	None
所有人：眼睛不要直接对着太阳看。太阳对于8岁的我来说：来嘛，我知道你想更透彻些地了解我的。	None
当你超快的输入了你的手机密码并且没看屏幕时be like:	None
how to sell depression. if you're good at something, never do it for free	None
我那本来就卡爆的电脑。狂点二十下chrome浏览器。	None
在太空中的搭讪妙语。你有见识过黑洞吗？	None
我的手这样是为了她的手能这样。余额不足。	None
我的衣服在白天：我的衣服在凌晨两点的时候：	None
惆怅	None
突然想起8岁时自己喜欢玩火的我。也许我是个哪吒转世	None
要和谐	None
当你终于鼓起勇气发出那条信息。而现在你已经等了20分钟对方还没回复	None
我破防了。	None
晚上感觉到冷VS早上醒来感觉到的冷	None
过年无聊的时候：找新剧看。再看一遍《老友记》	None
不用了，谢谢。嘿。。别乱来。我说了别乱来！	None
"看到蜘蛛后的我：""干！滚出我的房间！”那只消灭了我房间里大部分蚊子的蜘蛛："	None
随机的一位女性路人我走得很快，以便走在她前面，这样她就不会觉得有人在跟踪她而感到不舒服PXN	None
学校：你的论文必须写满5页！现实世界：我没工夫听，给我两句话解释清楚。	None
我和我的闺密视频通话时。	None
对不起妈，我刚刚一不小心给你打了电话。没事儿子，我也是一不小心生下你的。	None
你朋友： 为什么你一直显示正在输入 你： TMD表情包去哪了 	None
我很喜欢床。但我晚上不喜欢睡觉。你们懂吗。	None
超罕见的奥利奥麦旋风狗勾。	None
我的分享欲。我能分享的人/群。	None
伟大的物理学家：*过世*；负责命名物理单位的人：记下来了	None
游戏正在载入时想起自己现实中天杀的人生的你。	None
成年鹅鹏要为自已的行为负责。	None
如果我停止暴饮暴食。	None
一直都是。 等下，他们怎么变成meme了？	None
半夜2点，我的猫。猪突猛进。	None
当你参加军训结束后回到家 妈妈我回来了 	None
别人：如果你妻子年收入100万的话，你会不会当一个家庭主夫？我：	None
“你这么优秀为什么还没有对象？我：CTN。東森電影。這個問题我也想問，我也不明白。	None
永远记住要保持乐观，因为你不知道有谁会因为你的笑容而爱上你	None
如果你点赞的话，今晚你会和他睡觉，如果你刷过去的话，今晚你会和他睡	None
Epic Bug Facts在26键盘上输入“skepticism”后你会发现自已像在打乒乓球	None
哈哈哈哈哈哈哈哈哈。ta和对方聊了三天，就把自己全盘托出，甚至爱上了对方。	None
人在做天在看： 	None
沧桑	None
当你们终于见面时，你们都很害羞。	None
你怎么停下来了。请给我三分起司堡。天啊你不知道她要生了？不好意思再一份兒童餐。	None
11月30号的我：。12月1号的我：。	None
我：*尝试着变得外向* 别人：天呐你居然会说话！ 我：……。哼我现在又不干	None
请勿吸烟 NOSMOKINO 	None
该配合你演出的我。视而不见。	None
当你意识到2021将与2020没什么差别。因为时间只是人类创造的抽象概念。而跟将会发生的事情无关。	None
以前的猫猫。现在的猫猫：我摔倒了。	None
如果没人知道你他妈在做什么。那么你就永远不会做错	None
当特洛伊木马开始说希腊语的时候：当墨索里尼发现草丛开始说希腊语的时候：当数学老师开始说希腊语的时候	None
当我去帮老师搬东西时看到喜欢的女生也在场	None
蓝瘦香菇	None
啊，我想好想当这只狗狗。	None
我弟。我。老妈。	None
武器：雷神之锤T+35电击伤害，但要在充电后才能使用你可以直接召回锤子，但前提是电线在你手上	None
上学时： 当全班都不会的题 被你做出来时： 你： 	None
别伤心了。我帮你缝上。	None
跟着我	None
它正在扶手下方呆着积赞静电能量回去好电死那个逆着毛撸它的家伙	None
该做的事。赚钱的事。我 	None
你会遇到一位在你低谷时陪看你，不想尔继续遭受同样的痛苦，然后在身边鼓励你、保护你的人	None
Pornhub看涩涩片。锻炼花时间和朋友家人在一起。	None
当布鲁斯·韦恩说蝙蝠侠的坏话时。	None
她是真的天使。	None
为什么我一点都感受不到圣诞节的快乐呢？	None
畏惧生物链： 会害怕 会害怕 会害怕 会害怕 会害怕 会害怕 	None
智力，残忍，战术	None
当你手上拿满了东西然后你遇到一个门。要拉门才能进。	None
想和我女儿约会？那你得先问问我手中的战神陀螺	None
热skr人	None
毕业后我的朋友圈。2018.2019.2020.2021.	None
弟：你的电脑密码是多少？我：277353。表弟：哈？	None
恐怕我今天不能上班了	None
当你玩 Minecraft的时候找不到自己家在哪里时。	None
快要哭了	None
当你偶遇了一位和你走了完全不同人生道路的老朋友，但你们仍然能相处的很好。	None
过年回了一次奶奶/姥姥家。小肚子：	None
当她的父母问我靠什么来谋生，Meme Exper	None
你是不是不要我啦	None
当上帝看着我和你的故事在甜蜜地展开时：这才像话嘛！	None
当你开心的时候，你享受音乐。当你难过的时候，你明白了歌词。Pen Pineapple Apple Pen.	None
 nosdrinker他被治好了! haveitjoeway实际上你看他的心脏检测仪,他已经死了训练有索的普通人	None
女孩們：只是樹枝男孩們：	None
helth	None
男生和女人的相处方式？ 我喜欢你哥哥： 我喜欢你妹妹 	None
当你拥有一块新橡皮擦 女生： 	None
"是要我
现在开始酸了吗？"	None
女生偷瞄男生。男生偷瞄女生。	None
我：对面有八倍镜，小心点；队友：	None
你，没错，就是你把你的背给我挺直了。made with mematic。	None
你的肚脐其实是你以前的嘴。STOP!!!!	None
你就是我一直寻找的那个人。今天想我了没。爱你哦宝宝”。	None
当我在假期前早早想好了 要去哪里玩耍！ 假期来临后的我！ 	None
别人：别会心，你的另一半迟早会出现的，一切都由上帝安排好了。上帝给我的安排：	None
无神的双眼失去了对生活的渴望	None
卑微到开花	None
额。那个。没什么就是想跟你说一下刚才好像有人突然闯进来把你新买的沙发给抓花然后就溜走了耶。	None
当家里来了客人： 你妈妈拉着你跟客人打招呼时： 你妈： 你： 	None
我不困	None
ENFP：再过十五分钟就整点了整点一定！课题PPT。期末六级。作业。ddl	None
当我帮爸妈修好手机时 我爸妈眼中的我： 	None
"零钱明细
我的零钱
￥0.00
充值"	None
当老师用你的答案来检验其他同学的答案是否正确。	None
当你过了糟糕的一天后回家，开门前把钥匙掉到了地上。	None
2个小时的电影。10个小时的刷集。	None
"梅有乾
无圣光的呦"	None
当你和你朋友在游戏里选择了相同的角色	None
我：*打开饼干盒*。饼干：。已经碎了。	None
当你放弃了寻找我一段美好关系的所有希望时。内心已死但仍欲火焚身	None
夏天又要来了，你今年有啥衣服想买吗。我。	None
转身时不小心碰到了 热水开关： 你： 	None
当我 一直没回 别人的微信 当别人 一直没回 我的微信 	None
蚌埠住了	None
心理医生：你不能总是把别人锁在心门外阿。 我：	None
电影里的黑客 现实里的黑客 	None
瞧好了：猫和老鼠里的女主人真面目。60后、70后、80后、90后、00后：。	None
晚上11点59分上交作业的我，晚上12点改作业的老师。	None
如今孩子在社交平台发布的照片 我小时候用诺基亚拍出来的照片 	None
"当你偶然看到游戏教程并发现自己
所有事都做错了时"	None
9门课挂科。复习。我	None
你的狗咬人吗，不，他只是朝人扔砖头。	None
确保身边没人所以可以不用再继续用英国口音讲话的英国人	None
当你在跟朋友争辩一件事情，最后你是对的。我都讲是的啦。你又不信我。	None
当时你想收养一只狗，后来你却发现。	None
ta：“你想看科幻片还是恐怖片？”。电影开始十分钟后：。	None
我求求你他妈赶紧去睡觉吧。明早的我。现在还在熬夜的我。	None
这是泡泡，她一根手指都没有，却能握住筷子。而我有十根手指，却掌握不住自己的人生。	None
我:*看到一条好笑的meme*。坐在我大腿上的猫:	None
哭泣	None
嘿大脑，最近如何。是阿。	None
那个用超级贵洗发水、护。发素，并且住在一个很好。的房子里，吃着很健康的。东西的人：。路上随便一个流浪汉：。	None
老婆……	None
这周的作业是。去度过一个快乐的周末！下课！	None
调电视音量：“奇数。”“你们！都滚出去！”“5的倍数。”“除了你。你留下。”	None
"没头发
熬夜冠军奖卑"	None
当我在人群中看到他时	None
我：看完这集了，该睡觉了。内心的我：你反正已经这样了，再看一集呗	None
我个饿死鬼居然以为这个是什么高级火腿。	None
服务员！我的汤里有一个伤心的人脸！ 先生，这是水的倒影 啊	None
当盗摄人员也是EVA粉而且是香党时：	None
我：*找不到我想找的东西* 我妈：这不就在这呢吗！	None
*在床上拥抱/放松。突然，女人：如果明天我死了你会不会娶别的女人？	None
抛物线选项。宣誓主权。公开身份。潜行模式。质疑权威。	None
拍拍自己安慰自己	None
请接受我火热的爱吧。	None
8岁的我和父母看电视的时候一动不动因为他们没注意到已经过了我要睡觉的时间了	None
我们这是要去医院吗？不，你需要获得更专业的治疗！我们带你去社交平台的评论区	None
当分别一段时间的你终于见到心心想念的人时：。	None
嗯啊doi是很爽但你有没有试过和别人暖味聊天过呢？	None
当因为有人一直在旁边和我说话 所以我不得不把耳机摘下来时	None
当别人在说话的时候看着视频小盒子里自己的我。	None
街坊邻里。	None
小时候的我和爸妈去商场然后偷偷把喜欢的玩具放到购物车力然后希望他们不要发现be like:	None
当我求自己不要在严肃的场合笑出来	None
为什么这只狗看起来像刚从吧台对面请了我一杯酒？	None
羡慕他们怎么都恋爱了	None
最美逆行者。各平台评分难看。关闭评分。	None
收到。请放宽心。不保证完成任务。	None
每次说完狠话后瞬间满怀歉意的我	None
教堂中的天使：圣经中描绘的天使：	None
姓吕的快还钱！	None
阿根廷人：我们想要在太平洋游泳。智利：如果我说不呢？	None
当生活试图阻止你前进，但你仍然努力坚持。	None
和女朋友逛街 突然遇到了她的朋友！ 我 	None
原来狗狗也是會有熬夜脍的平时熬夜	None
"我：靠为什么我的腰这么疼
还是我在我坐着的时候"	None
为了多睡八分钟， 我牺牲了我的事业。	None
当奇异博士得知 漫威开始玩魔法却没叫他。	None
如果说迪士尼教会了我什么，那就是：他是个好人。胖嘟嘟。微笑。看上去害羞又有趣。他是个坏蛋。灰色的头发。墨镜。非常奢侈的衣服。	None
我实际的饭量。过年被长辈硬塞的饭菜	None
学生害怕看成绩。成年人害怕看银行账户。大学生两个都怕。阿司四喵。	None
当妈妈迟迟不回来的时候 你以为 你爸以为 	None
人们：你无法闻到图片的味道。我：	None
当你听到别人的铃声是你的起床闹铃时。	None
我：*拔掉病房里那个一直发出嘀嘀的噪音的机器的插头来确保病人睡得安稳一些*“用不着谢我。”	None
“梦是潜意识想要传达给你的信息”我的梦：吃掉这块烂了的部分	None
APPLE：“以后我们的包装盒内将不提供手机”。用户。	None
在朋友家拉完 祈祷 那坨 它快点冲下去的我： 哎我就不走！ 	None
我都替你觉得惋惜喔你的人生这么无趣	None
Is This A Joke To You Brenda?	None
尝试聊天时强忍着不发emoji的社畜。	None
当老师教训你时： 你的样子： 	None
"神灯：*实现了你的愿望*
我：不是这个意思"	None
东道主拥抱	None
永远不要询问女人的年龄。没有问女性年龄的我：我不知道她才3岁啊	None
猜猜看哪个是我捏的角色OVERTIME	None
当28年后的Daft Punk第一次摘下头盔。	None
近日：零钱通。余额宝。基金心碎人。	None
史學家：玄幻小裡的武器蠢死了！一點都不符合事实！史上實際存在的武器：	None
右手刷牙。左手刷牙。	None
我打算玩一款新的游戏： 玩游戏 想游戏ID 	None
司令：我的肩膀有点酸了，你能帮我按一按吗？太阳：这里吗？司令：嗯，舒服多了	None
呜...真是个让人失落的早晨	None
苹蔽	None
渴望阅读。听音乐的欲望。写作的欲望。无法放下手机。	None
我:*低头看了0.01秒的手机*。炉子上的水:	None
失去梦想变成小汤圆	None
我多年的游戏经验告诉我，这个墙后肯定有宝箱。	None
"当你放了一个又小声又顺滑又长的屁而且这个
屁溜出来时顺便帯走了你肚子里先前的疼痛时"	None
特瑞大肥鲨来了！。不幸的是，因为他的东西都放在EverGreen船上了，所以这次他没办法给你带东西。但还是请对特瑞礼貌点：)	None
痛京	None
*如果我没有出生*我爸媽：我如果没有出生你跟爸愿會多很多也比较有自己的人生	None
靓仔醉酒	None
如果你想我，你应该给我发信息。而不是突然出现，在我的梦里。	None
Pov：我需要你。	None
说的真棒我差点就信了	None
在11：59提交论文的我。0：00把我的论文再打回提出修改意见的老师	None
幼儿教育。	None
你以为我很可爱其实我玩很大508☆星星虎	None
真相之盒。放假的前一天比假期当天要好。	None
遥控器正在看着我像傻逼一样地找它：	None
岩浆。摄影师。岩浆。另一个摄影师。	None
在高三正式开学前放假了7天假。当你意识到这是高三第二长的假期时	None
我描述自己的实习经历。面试官问了我一个问题。	None
苹果用户没有任何原因会保留看所有空盒子：	None
吓出迷你心脏病的瞬间。	None
物理题中的场景be like:	None
青少年。脆弱的心理健康。青少年。爸妈。	None
不要生懒人的气。为什么？因为他们什么也没做。	None
虽然又浪费了一年，但这次不是我的错。	None
马克扎克伯格。圣诞老人。给你礼物。很好的大胡子。不是一个真人。想要你的cookies。知道你所做的任何事。把你的隐私数据泄露给别人。	None
帮帮我！我掉进这个洞里了！我这就来！谢谢你！	None
身体疼痛等级：头痛 胃痛 热恋过后的冷暴力分手期	None
当我早上躺在床上不想起来 我的妈妈： 	None
当你妈打你打到一半，突然有客人来到你家。	None
本来要睡的， 却越看越饿 M oopon24hours 	None
我妈：我要删掉你电脑里所有游戏。我：看着她把桌面的游戏图标删了	None
长按电源键来强制关机的感觉	None
一旦你發现，就回不去了。為什么我的影子看起来像烤雞	None
这是我见过最准确的*我**我的幽默感容易被冒犯的人	None
多年来，我一直把大学想象得很浪漫，但当我真的来上大学时，才意识到大学其实有点孤独，交朋友很难，上课也不容易。这并不是我想象中的大学经历。	None
当有人挡住了你要买的商品 所以你装作正在挑选其 他东西时 陌生人 你 	None
我們懿識多久了？快半年了吧。聊天记录。进展進度。那今晚約一下	None
你为什么要这样骑马？不，它不是马，它是独角兽兽兽兽兽兽。	None
当第一个发现牛奶的人准备向大家解释他当时是怎么发现的时候：	None
平时。生日。圣诞。新年。停电	None
早上：。青菜加鸡蛋。中午：鸡蛋加青菜。晚上：商家拌骑手。	None
尿意。舒舒服服躺在热乎乎被窝里快要睡着的我。	None
我：在商店里试鞋。我妈：走两步。	None
这些app流行的时候我的生活比现在好得多。	None
别人过8月14日,而我8月份隔离14日。	None
这个天气你的jio。	None
我完成了看似不可能的事情！我创造了生命！生命：我想死。	None
微笑中透露着绝望	None
这个人在听电子乐还是什么，不好意思我不是很懂音乐。	None
再emo	None
当你在party上和朋友玩真心话大冒险时选了大冒险然后他们让你回家：excuse me what the fuck	None
我和我的其他人格在做决定时。「你们一定很好奇为什么今天我叫你们来这里」	None
爸妈：*在逗婴儿玩，用手把自己脸挡起来*。婴儿：人哪了？	None
大神。好帅。好棒。购吼。咔。	None
你遇到了一个人。你喜欢上了ta。ta和你有共同语言。ta说ta喜欢你你们试着开始交往。	None
思卓博瑞，我舍不得吃你	None
没事的我发了一条信息。我居然发信息给ta了。没事的。为什么我手机没响？为什么还没我被讨厌了吗？我一定是被讨厌了回复我？	None
朋友：“我不允许动物在我的家具上”我的狗：	None
我今天才知道蟹堡王其实是一个捕蟹器	None
我可以肯定地说他没有	None
叔叔拿走五岁的我的鼻子 be like：	None
当现在已经是凌晨点，而你换到了第500个睡姿。还是！他妈的！没睡着！	None
当你正觉得沮丧时，你喜欢的人突然赞了一下你的朋友圈。幸福，是你么？	None
我必须活下去的理由。其他原因。我还没做过。	None
当你只是给朋友看相册里的某一张照片，但他开始左右滑起来	None
啊好爽啊。舒缓的鲸鱼助眠曲	None
给你一个我们星球重命名的机会： 你会叫它什么？ 地球 删除 重命名 	None
借我50块。没有。me。那你就。欠我50块。	None
当你刷到一个感觉还蛮好看的微博推荐视频但你不小心按到了返回	None
夜深了。你还没有睡。是在想我吗。	None
哭泣	None
你信任你的朋友们吗？ 我： 3 	None
我。春节假期	None
不要生气会老	None
没有谈过恋爱的我听着那些关于爱情和心碎的歌：	None
当ta说“你好好看”时。Squeer。当ta说“你好好闻”时。	None
翻车了鸭	None
老公去看一下儿子清醒了没。根本就没有圣诞老公公汽车也不会变成机器人你游戏里的老婆是男的。	None
科学家们认为金字塔的建造始终是一个迷。但在我看来，金字塔无非就是当年哪些埃及人从下往上搭起来的；面对现实把，如果是以这种方式搭的话要困难得多	None
当我听不清别人说了什么时。告诉他们我没听清。靠近他们来听得更清楚点。直说「啥？」。笑而过并希他们不是在问我问题。	None
这完完全全就是我本人高强度冲浪一周失去联系一个月	None
正常人：7+6=13。我：ニ七十四，6比7少1，那么6+7应该比14少，那么6+7应该是13。	None
从猛男变成一个小鲜肉只需要刮掉胡子 	None
当随机出来的歌不是你想听的。	None
人们都说距离产生美小别胜新婚。但我真的受不了不在你身边了。我真的好想你，宝贝。	None
心疼的抱紧自己	None
陪完别人了吗可以陪陪我吗	None
老师：同学们，现在交换试卷，给对方评分。我和我的哥们：。	None
好无聊，夹一下路过约。	None
我很好.。不，宝贝你一点也不好	None
当你想截图时按到了锁屏于是你就盯着屏幕里的那张傻脸发呆	None
人类那里看上去很暖和而且还有一些剩下的事物，我过去看一下，就算是最糟又能发生什么呢？20000年后。	None
心如止水 不喜不悲	None
我永远都不会伤害我的猫猫。但是我有时候会希望自己变成一只猫然后把它们痛扁一顿。	None
治疗师：猫蛛不会主动攻击人类，没必要害怕。家里的猫蛛：。	None
1883年人类发明了垃圾桶。2021年的人：	None
当我睡了一天后准备入睡。	None
当你40岁还单身时。	None
当十岁的我路过内衣店的时候：	None
别人是怎么搭建自己的乐高的：我是怎么搭建自己的乐高的：宇宙飞船。	None
好好学习，找一份好工作，因为你挣的钱越多，你可以收养的小狗就越多。小狗是幸福的源泉。	None
正在把我介绍给大家的我的外向朋友。试图让自己看起来自然一点的内向的我。	None
当你和最好的朋友不在同一个城市时。	None
当我干了一下午活时,我妈:。当我刚打开游戏时, 我妈:	None
我和我妈发生了争吵时： 我自养了你这么多年 	None
一条小腿就有这么长	None
生活不易小宇叹气	None
b站up主：男生/女生勿进！我：*真的没点进去看*up主：不，你不该这么玩	None
"北 北
我太南了"	None
心理医生：你怎么可能会嫉妒一个建筑？。我：	None
把食品包装袋扔进垃圾桶的我。跑回去捡包装袋因为不知道这玩意要煮多久的我	None
这完全是我会做的事。网友。生活好难。我不想活下去了。我。别这样想，生活。其实也没那么糟。*网友。*我。我。网友。	None
在家族聚餐上和一群亲戚家的孩子们坐在一起时。你们这些崽子懂个球的宝可梦	None
当你女朋友穿高跟鞋脚疼，但你阳刚之气十足时nu	None
当你货比了不下三家才下单但买完还是觉得自己亏了	None
如果你不知道这是什么那你应该觉得自己是个幸运的人。	None
刚刚安装了这些新的安全摄像头。	None
我，我的手指	None
玩大富翁的时候：在游戏前期被送入监狱。在游戏后期被送入监狱	None
我们迷失了，我们的船长为什么是一只螃蟹，安静	None
当我拿起手机看我们在一起的这些年时。刚在一起时。现在。  	None
当你在早上被闹铃叫醒。我真的需要这份工作吗。	None
“对面有狙，小心一点”我的队友：	None
关于避孕套和避孕的问题。你有什么想问和想说的。请在评论区里留言。	None
这里有三种类型的：我希望你没事小心点，下次别再摔下来了，地面的味道如何?	None
 没有人: 我哥哥: 	None
"生活
我"	None
而我想要的大多数人想要的186cm175cm	None
众所周知。垃圾浮于水，等雨来，起飞	None
坚持锻炼了35分钟的我：	None
看到爸妈在帮我拒绝亲戚的红包时	None
课堂上在读课文时 突然出现了你的名字： 	None
终于能有一个让我看到真实的上身效果的模特了。	None
*看到一个有趣的meme*。人们以为我的样子。我实际上的样子。	None
和室友的第一次见面 一个月后.·. 	None
路过一群人时的自闭行为： 假装在看手机 我平时是怎么走路的来着？ 努力避免半倒 我要不要眼神接触？ 	None
别人讲故事的方式。 我讲故事的方式 	None
kyoto.kyo.tokyo.	None
毫无兴趣	None
我控几不住我记几啊	None
失蒜了	None
恭喜你！你刷了太久的微博，甚至刷到了一个2010年的暴走漫画。	None
理发师：头不要动。我：还是摇头了。理发师：	None
报社老板：这个该死的蜘蛛侠总有一天我会揭下他的面具！彼得帕克：是啊蜘蛛侠就是个混球	None
KEEP CALM AND TRUST YOUR DENTIST	None
为什么我什么都不敢多吃却胖成这样	None
能叫我一声老公吗哪怕不是真心的	None
叹一口大气	None
如何说不可能。看完这个视频的360人。不可能	None
当你把HDMI转换成电视频道时你爷爷奶奶看你的样子：	None
当疫情结束走出房间我的： 	None
我控制不住我寄几啊	None
像其他人一样入睡。通过幻想创造一个不存在的女友/男友，然后和ta开展一段浪漫故事中慢慢入睡。	None
爱情这杯酒 谁喝都得醉	None
我妹妹刚把我从床上叫起来，。告诉我说牛奶变坏了。	None
如果仙子不存在的话，那么为什么我有一个？	None
当我猜中了自己邮箱的密码时。	None
我如何坐在别人身后。别人如何坐在我身后。	None
别忘了以前和麦当劳叔叔在江湖上走跳的帮派兄弟們，而如今只剩他孤身一人	None
I'm fine我没事真没事没哭很快乐我很好	None
我的父母：你整天在房间作什么？我：	None
当满分100我朋友得了90分时。而我刚好及格时。	None
我：怎么才能让他吃药啊。医生：和食物放在一起！我：他：。	None
当你使用谷歌地图时。鼠标:	None
我要看索尼克。我要看真正的索尼克。完美。	None
为别人甜甜的恋爱干杯	None
YOU TASTES LIKE. DOG.	None
"这也许能解释为什么之前那群相信地平
说的蠢人现在会认为5G会对身体不好
那群人
正常人"	None
我和我最好的朋友对着一个没人能get到的笑话笑到肚子痛。	None
该冲还是冲，要穿鞋子的嘛。抵制耐克，支持国货。买莆田鞋让外国人，给我免费设计鞋子。我	None
把电视音量改成不能被5整除的奇数后的感觉就像	None
我：等会儿我醉了记得好好照顾我。我的朋友：。	None
当我独自一人时我终于可以不用假装自己过得很好了	None
荒原狼。母盒。母盒。	None
嫉妒	None
"我：妈妈明天早上八点叫醒我 早上六点： ""lt's9o'clock 九点了。 "	None
厕所里洗浴用品的作用。洗澡时。便秘忘带手机时。	None
我：“正在洗碗”。妈妈在另一个房间大喊：快去洗碗！	None
有时候你需要的只是那一小块缺失的东西来让自己更快乐。延迟开工的通知	None
很抱歉打扰你刷微博....我想问下你还好吗?说实话。	None
强颜欢笑罢7。	None
哈哈。拿命换来这么点。	None
刀片再锋利也不能砍树，斧头很结实。但不能剪头发。每个人都因其独特的自的而变得重要。所以永远不要瞧不起任何人。除非你收到了陌生人给你发牛子照。	None
医生：昨天预约時間到了，你没来诶。我：抱歉我昨天身體不太舒服。医生：	None
坐火车时有一条陌生人的狗坐在我旁别。	None
看了走近科学 发现自己可以做个吸尘器于是 	None
睡不着想老公	None
面无表情	None
还在为油价烦恼吗？ 学会这招，再也不用去加油站 	None
"生活
硬扛"	None
狗狗的鬼脸自拍。	None
当我的朋友网恋分手时： 朋友 我 我真的好爱她 她才14岁你都25了 朋友 我 年龄只是一个数字而已 监狱也只是	None
当你发现微博上的网友真的有对象和有杏生活时：	None
Ber你没有朋友你新交了Bernie两个朋友。你把朋友互相Bern介绍给彼此他们成了最好的朋友Ber你没有朋友	None
其他人的恐惧：坠落、死亡、演讲我的恐惧：	None
内向的人是怎么成为朋友的?内向的人A:我没有朋友。内向的人B:.哇哦，我也没有朋友诶	None
有人暗恋你，迷恋你，夜里梦见你这些你都不知道？吗的这些人到底是谁？	None
我：黄瓜里98%都是水，所以理论上来说它们只是松脆的水。我的营养师：	None
其他广告跟这个比 完全不是一个级别 DhLar 雕婚律師 	None
悲伤辣么大	None
当房东说屋子里不许养狗。	None
"那个偷偷放了一个屁的人问周围的同学“你们有闻到爆米花的味道吗""所以周围的人都仔细地闻起来。撒旦"	None
当玩桌游玩到一半由于意见不合所以你们必须查看游戏规则时。	None
该睡觉的睡觉	None
没有人：猫：	None
我在数学考试的最后关头抬头看见了这张海报,右边的手上刚好出现了我需要的公式 NO CHEATING	None
为什么我高考完还要被防沉迷伤害**********终于高考完了！我要通宵开黑！对不起，您未满十八岁	None
我的鸭鸭在我的计算器上睡着了。	None
我是不是你最疼爱的人	None
好无聊啊。游戏启动！被气出心脏病。关闭这垃圾游戏。	None
希腊神话中各干各事的女人。宙斯。	None
大师，什么是快乐的秘诀？不要和愚者争论。大师，我完全不同意这就是秘诀。是的，你是对的。	None
该死！女人我好像爱上你了	None
要中暑了	None
我可能复习了假书。但我玩的是真手机。	None
这是水猴子吗？	None
8岁的我洗澡。我手臂上那个酷毙了的汽车人纹身。很荣幸能和你共处。	None
我：嘿嘿这个教程不错。先收藏起来以后学。我的收藏夹：。	None
上学时： 费尽千辛方苦做出一道数学题时： 	None
你可以区区我啊。	None
当我打算和暖味对象更进一步时对方已经在朋友圈里官宣了CLOWN	None
没有人：我书包里的面包：	None
上帝,你为什么要创造我们呢? 感觉自己心情不错~一会删 	None
当你質饮料的時候遇到暑假打工的同享	None
需要达成某项成就才能解锁的皮肤: 那些需要氯金才能得到的皮肤:	None
当你舍友问你为什么你用完他的剃须刀,胡子还一点都没变短	None
莓钱	None
经过多年的努力终于實得起這杯咖啡！	None
防疫政策规定不能离开自家的门。我:	None
好好复习人。我。认真上课人。	None
天使：欢迎来到天堂，在这里你可以拥有任何你想要的东西，许下愿望吧。我：我想要被爱。天使：	None
面试官:你在简历上说你很懂的节约人面试官:你在简历上说你很懂的节约人。我。	None
没有人：迈克尔杰克逊：	None
*我被人给当面侮辱了* 然后我喜欢的人上前来维护我：如果你再说我兄弟一句，我就立马杀了你	None
结完账想要把零钱和小票整理好放起来的我。队伍后面的人	None
以前的爹/现在的 儿子！这些游戏会毁了 你的人生！ 儿子、那个游戏是 烂货，玩我这个！ 	None
我这么可爱，原谅我嘛	None
看上去的样子：实际上的样子	None
没有人：想要游泳的耶稣	None
当我学习了五分钟之后，就开始再想象自己走上人生巅峰赚大钱的时候。	None
金刚：捶胸顿足露出獠牙。哥斯拉：	None
如果痛苦指数是从1到10，你觉得自己现在有多糟？π/π?对，没有多严重但是永无止境	None
准备在客厅沙发上度过紧张又刺激的一天的我：	None
在绝望之際，人類拿出了用来對付哥吉拉的终極武器	None
好累啊	None
三点钟还没睡觉的我，在想象着某个我在乎的活人去世的时候	None
上帝：*创造海洋*人类：赞啦！我们再也不用担心会被渴死了。上帝：	None
好丧——	None
"我：我的肖真的好痛好难受
还是我：*保持着一成不变的坐签*"	None
蝙蝠侠：“现在把事情都交代出来吧。反派小弟：	None
早上五点起床出去晨跑的人。连坏杀手。变态。	None
每当我看到别人秀恩爱的动态时：Why must you hurt me in this way	None
某些00后小孩：没有歌词的音乐根本就算不上音乐！我：小心说话，我们会揍你！	None
汽车烧石油。石油是恐龙化石。汽车烧恐龙化石。我骑恐龙上班！	None
我们生命中最美好的日子 接我放学回家的妈妈 告诉她今天在学校 发生了什么的我 	None
当你已经是个成年人。但你一直都觉得你是一个孩子在装成大人模样。	None
每次我打算努力一下下的时候：	None
他这个血条也太长了。	None
自行车厂商：一切责任由我方承担，没事儿兄弟天塌下来哥给你顶！赶紧把照片加个我们公司的二维码，能散多远散多远	None
当你的宝贝生气了，然后她生气的样子又很可爱，所以你笑了起来，结果她就更气了。	None
当你睡醒后查看手机发现没有人给你发过任何一条信息我被全世界抛弃了.！	None
在外面。在家里。大年三十。大年初一。大年初二-初七	None
我还没有见到我的邻居，但是她的狗狗已经喜欢上我了。	None
小时候： 为了培养我的独立 妈妈让我一个人睡 此时的房间	None
当你去剪头发 刚剪完就后悔了！ 于是 	None
小时的你会毫无理由去做的几件事：	None
呔！	None
一张让你能对付入室抢劫犯的桌子。入室抢劫犯	None
《关于我弟枕着我的手午睡这件事》爸妈回来了以为我打他了，有口难辩系列，真的是睡觉的印子	None
当所有学生在上学的时候看到一只狗狗在操场溜达的时候：	None
当有人帮你把住门时你那段尴尬的小跑：。	None
明天就要考试的我。算美团的满减。	None
上学时被老师叫到办公室： 上小学 上初中 	None
CPU疼	None
虽然我不认识蓝色车的司机 但是我已经知道他要干嘛了！ 	None
"这尼玛都睡觉了
QQ还是响个不停"	None
动漫一点都不好看。JOJO's BIZARRE ADVENTURE。	None
伤感网络	None
医生为盲人妈妈做了一份宝宝B超的3d打印模型。	None
因为没有休息，所以你没法好好工作/学习。但又因为没有完成工作/学习，所以你没有办法好好休息。	None
小智10岁。20年的工作经验。	None
老年海王：	None
当我往吉他里看并想找出我的拨片。	None
六点起床去学习。六点起床去旅行	None
我的手头有点紧	None
当你得知 你不是你最好朋友的最好朋友时 	None
"当快要轮到我点餐时我想点的菜的
菜名还没在我脑海里先排练一遍"	None
我看七龍珠長大的。我看火影忍者長大的。我看進擎的巨人長大的	None
好像买错鞋了？！	None
当你想再次确认女友还有没有在生氣时：	None
我喜欢的人正在给喜欢的人收到我信息时：发信息的我：*话很多的我*	None
某人：你无法仅凭一张照片让人感同身受。我：	None
当小时候的你要表演“杂技”前确定所有人都在看你表演时：	None
要我一直吗？	None
爷青回	None
一去整理行李，带上必需品就好 我： 	None
我爸说我就是个错误。Word文档给我的名字下面加了红色的波浪线	None
你坏坏	None
"为一个铝孩纸
这么香菇"	None
ENFP。生活中所有的破事。换个地方生活	None
我：上Reddit准备看memes。20分钟后的我：开始查找关于股市的知识。	None
为什么受伤的总是我呀	None
在超市里放了14天，在我家放了2天。	None
聚会上通常有两种类型的人00000000:你是哪一种？0(回家)	None
25岁后谈恋爱的我。I'm old and I'm tired. Please do not play me。	None
当你按照自己喜欢的方式生活，但却没有得到自己所期望的结果。甚至活成了自己都感到可怜的样子时。	None
“你怎么那么久都没回我？”	None
那件很有意思的事情，从我的嘴巴里说出来以后。	None
当你手机电量已经100%但是你依然给它充电时：	None
这事不赖我	None
"我
假期"	None
一个你有好感但对方想给予你爱与关注并想和你在一起的人。一个你喜欢的但对方可能不喜欢你甚至你们不可能有未来的人。	None
"我
生活"	None
8岁时想象的20岁的自己vs现在的我。	None
吸烟者20多岁时。吸烟者30多岁时。	None
每一次的小组作业情况：	None
5岁的我在超市里。某位发型和衣服的颜色都跟我妈很像的女士。	None
我：明天来我家吧。来我家一万次的朋友：好啊你家住几楼来着？	None
鸭鸭游戏。看鸭鸭。你赢了：）：）。	None
"milk
嗯 你比我还纯"	None
巨石强森。巨布强森。巨剪强森。	None
当你看到恐怖电影里的角色机智地提出了大家分开走的主意。	None
天哪我好响出去丸	None
如何在买不到卫生纸的情况下解决大便问题：你最好不要拉太多不然你的屎最后还会回到你的屁眼	None
我： 考试考到一半时： 我笔里的墨水 	None
废墟里的远古壁画早已预示着这个小家伙的到来	None
“哎我待会有事要和你说，你等一下啊”接下来一整天的我：	None
队长有看见格鲁特吗？什么格鲁特	None
被我存在手机里占内存的meme疑惑为什么我还没用上它们	None
"快乐
马上橙功
（香橙柚子馅）"	None
jio冷	None
摸一下这只猫。	None
当你刚刮完腿毛时： 唉唉 要不要摸摸看 超光滑的！ 	None
当我发现我把爱和关心给错人时， 默默清理掉的我	None
完全O你妈蛇皮棒棒K	None
总感觉你们在背着我学习	None
当你的狗放气时。	None
别人的遠距爱。我的遠距離爱。我在大便上午。好巧。我也是	None
爸爸，我可以换一个新手机吗？当然，等你现在用的这个坏了以后就给你买。爸爸，别这样。	None
“你要尊重他人的观点”有些人的观点：3^2=6。	None
当你得到一套VR 你身边朋友羡慕的样子 你： 你身边朋友： 	None
糟了！我们的经济！！	None
印度尼西亚总统看上去像是亚洲版奥巴马。	None
你的计划，神的计划	None
当我生病住院！ 一般朋友叠的：好朋友叠的： 	None
你准备要睡觉了。枕头是冷冷的。没有那些尴尬的回忆涌现。窗外开始下雨了。明天还要上班/上课	None
我的手。品客薯片罐的罐口。	None
朋友：*傅息他心情不好 我： 	None
我：今天感觉还可以哦，不错的一天5秒种后我的大脑：踩踩是谁孤单又可悲哦？	None
景区滑索意外停住游客们，就这样被挂在了春天里。	None
太喜欢你了，你和其他人都不一样，你很特殊。这句话你跟很多人都说过吧？嗯啊现在轮到你听了	None
没有人：isfp吃饭时发现今天天空很好看	None
那个班里的活宝在学校里：那个班里的活宝在家里：	None
我是不是你小可爱鸭	None
苦酒入喉心作痛	None
委屈巴巴	None
土豆丝里的姜丝。	None
有位艺术家创造了这艘拉链船，他在航行时就像是在帮大海拉下拉链。地球	None
广告贴这里。文明你我他。	None
我担心人类可能永远不回来了。什么人类？那个养我们、照顾我们、无条件给我们爱的人。没想起来	None
点击你想射击的地方。我：	None
我这一辈子到底是个什么命	None
英语里的x和y。数学里的x和y。生物学里的x和y。	None
疑惑	None
当你和朋友约好了上午十点去玩 然而现在已经9：57了： 	None
艾特一位对你来说很重要的人means the world to you	None
当宝贝打给你的时间推迟了 但你在半睡半醒之间 仍然想和她说话！ 	None
我实在是没空去讨厌别人。我没有那种闲时间。	None
我不是一个很喜欢批判别人的人。还是我：	None
二十几岁时你人生中最好的年纪。二十岁时的我。	None
"宇宙
世界各地发生的暴乱
疫情对生活的影响
疫情对经济的影响
在发生了这一切之后的宇宙"	None
连穿9个小时的袜子。穿上刚脱下来的袜子。	None
时不时的我：。	None
在你身边我可以永远做我自己，谢谢你的陪伴	None
我都看不下去了	None
想要喝点什么吗？都有哪些选择？喝或者不喝。	None
看起来的样子：真正的感觉：	None
我觉得有对象就大方公开啊。有什么好隐藏的。真正喜欢你的人不在乎你有对象	None
本月最佳员工	None
老师，投影仪没打开。	None
没有人： 地球绕太阳一圈时的人类 	None
"有一本书叫做""解决你人生50%的问题""然后我买了两本。傻瓜，买一本然后读两遍"	None
Adam好棒喔他终于见到了自己已的偶像2OLO	None
我给别人出的恋爱建议。我恋爱过的人数。	None
我眼中的你迷人漂亮幽默温柔烦人完美愚鑫性感的要命	None
大脑：把它扣你头上 我：为什么？？ 大脑：扣就完事了	None
JPEG。PNG。PNG	None
所有人：*计算自己的岁数* 出生在2000年的人：呦，我从不计算的	None
当你喜欢的人说了一个超烂的笑话。	None
泪，6了下来	None
当你看到一个夸张的封面图。点进视频却看不到那个封面图出现的画面。托马斯就没见过这么离谱的玩意	None
你好，我要一杯拿铁。好的。我喜欢你的穿衣风格。啊谢谢她喜欢我的风喜欢我的风格她喜欢我我的风格她喜欢我的风格她喜欢我的风格！	None
新买的手机被别人借去玩： 	None
我：明天还要早起，今天早点休息 凌晨3点的我： 我要有一个亿该怎么花？ 	None
当你吃饭时 不小心咬到 了舌头··· 你： 	None
"等公交车的我：在车站站了几十分钟*
旁边一直在等我失去耐心的的士司机"	None
这种地板：*存在*；8岁的我看到的：	None
每次发现自己在监控里的我	None
你难过的时候是怎么排解自己的？S	None
每一次！我Thesame20songs同样的20首歌我已经听好几个月了	None
寻独角兽启事。如果您看见它了。讲真别再嗑药了。	None
当你才发现你一直以来听的歌歌词有多悲伤。	None
当有人挡住了你要买的商品，所以你装作正在挑选其他东西。	None
第一次约会就像这样：我：她：以及尴尬的沉默	None
委屈抱成团	None
放在口袋里被遗忘的钱。现在的我。以前的我。	None
你在你这个年龄本应该取得更大的成就。	None
当你的父母说“我们需要谈一谈”，然后你开始回忆从出生到现在做过的所有错事时：	None
当你拿起笼子里的小木屋时，里面的仓鼠：	None
当你听到一声巨响从你刚刚忘记平衡的离心机方向传来时	None
花了2小時的烹饪只是為了在10分鐘内吃完那些東西，現在我得把所有東西都洗乾淨了.	None
糟糕本公主作业还没写完	None
用手将头发向后撩的我	None
我好饿啊	None
我。嘴巴里不知道吃了什么东西。	None
警官：你不介意告诉我那是什么吧？我：您这是在怀疑那根香蕉吗长官？	None
每天都带着耳机听黑金属旋律死亡金属，金属核，死核，残酷死核的我。我的耳朵。	None
当你努力保持了10秒的潜行然后就被一个小兵给发现了。看来还是得用老方法了！	None
在得知我的观点在网.上冒犯了别人之后,我是这么睡觉的:	None
在扎剪JL里的每个人。	None
老师给我们 老师的课件 复印的课件 	None
在微博讨论屎尿屁。肛泰官方微博:	None
世界上有两种说“我不会画画”的人：	None
如果喜欢听喘声是一场比赛*你。	None
当我和ta都暗恋对方但不知道待在一起该聊些什么时：	None
我：拿自己当梗，讲了一个自暴自弃的笑话。别人：*同意我的观点* 我：	None
七岁的我试图想起来我最喜欢的恐龙的名字：。二十多岁的我试图想起今天星期几	None
妈妈：我很了解我的孩子。好兄弟：不，我更了解。浏览器：。	None
一个新的价格标签？我想知道我究竟会卖到多少钱呢？100$?200$嗯，应该是200$。卖了50$。	None
护士：脱下鞋量一下你的体重 你： 	None
就没有一部国产动画能把马画好吗？KILLER-SEVEN有的，刺客伍六七	None
去奶奶家本以为翻到了一盒零食 	None
当你在课堂上昏昏欲睡。 下课铃声吃吃不响时： 	None
我妈：屋里不要放那么多玩具！！等我妈当奶奶时：	None
专家:你知道吗用棉棒掏耳朵其实很不好， 因为你会 	None
无论你有多希望地球赶紧毁灭今天我还是会照常上班（你也是）	None
零点前：新的一年我要做些有意义的事。零点刚过一秒的我：	None
老师：大家这节课先上自习！ （我和我的同学们） 	None
FROMSOFTWARE的最终boss们：。黑魂1。黑魂2。黑魂3。血源。只狼。	None
这个争论很严重	None
当你带着女票回村时·· 2A0 AHOR 	None
你的大脑。让你做一个完整梦，然后自然醒来。你的大脑。让你做春梦做到一半再把你叫醒。	None
5555。假哭。	None
当你发了条比较冲动的消息过去然后对方已经20分钟没有回了。	None
Isaac Newton: g=9.81m/s2。	None
"哟，穴居人终于出来啦
放下手机打算多陪陪家人的我
是不是断网了啊
没游戏可玩了吧"	None
Is it a crime to throw sodium chloride in your enemy's eyes? Yes that's assault. I know it's a salt but is it a crime?	None
你这样会失去宝宝的	None
兄弟的朋友 弟弟的朋友 朋友的朋友 我的朋友 	None
想打嚏打不出來。於是抬頭盯著日光燈的我。	None
20岁的我，在家庭聚会上被爸妈赶到小孩子那个桌子去吃饭的时候	None
当你在用尺子划线，然后不知道为什么手突然一抖的时候。	None
第一次見岳丈大人。有需要特别注意的？。應該没有吧。啊，有件事要得。等等我叫爸爸的時候。你記得不要有反應。	None
当你在公车上站着，然后司机突然来了个急转弯：	None
医生：你还有30分钟的寿命。我：	None
笑容完全消失	None
眼睛。鼻子。	None
我不喝，我喜欢清醒一点。这样我才能清晰的感受到我的人生有多烂	None
说了脏话。做白日梦来逃避现实而不是真正着手解决问题。	None
每次我家猫朝我喵喵叫的时候，我都会跟ta说“我知道”，但实际上，我一点头绪都没有。	None
用矫正器之前的牙齿。用了矫正器之后。	None
"不用关心我
反正没人在乎我
莓事"	None
我：*我晚上去院子 我的狗因为不知道自己是谁而咬了我 啊，你是我的灯芯绒	None
错误的搭讪用语。Hi!正确的搭讪用语。Hi!	None
当你意识到你正在被你不喜欢的歌给洗脑时：	None
别扶了。朕不学了。	None
人前人后的我： 当我去亲戚家 当我在自己家 	None
温柔地把猫猫的头扭向蟑螂的方向暗示它去猎杀那只崽种的我:	None
不用不用。X旺。我一点也不需要哄。	None
我：*玩捉迷藏，负责找人的是一个女生*。我：*躲进男厕所*。这是一个简单的咒语，但却坚不可摧。	None
好香。像你一样。	None
为什么	None
"""我不能再买那么多没用的东西了！五分钟后："	None
我搬砖回来了	None
10岁时的我在等待妈妈注意到我在她出门时收拾了屋子:	None
当你用你爸妈教你的道理来反击他们对你的批评时，你爸妈：	None
“我想试着修复我的人生”很多人都把注意力放在了那个黄色胶带上，但是真正帮助这个砖块整合而不破碎的是它周围的其它砖块。	None
美国的GTA。欧洲的GTA	None
请简单阐述下你心目中的完美关系。	None
二国雍。然后用利斧砍开头顾。考前迅速摄入知识小妙招。	None
COMPLETE THE DRAWING? NO PROBLEM	None
好看的异性：*和我说话*。我的大脑：Shutting down.	None
長得高的男生  有六塊腹肌的男生 會下廚的男生。	None
他们叫他土豆泥。	None
今天看到绊爱主题的水陆两用巴士..但这怎么。看都是溺水了在求救啊~	None
当动漫人物在漫步时，森林是这样的：当动漫人物在跑步时，森林是这样的：	None
爸爸说行 妈妈说不行	None
我：*用荧光笔的时候并没有碰到笔尖* 我的手指：	None
恭喜各位，你们刷微博刷太久了以至于现在刷到了英国女王小时候的照片了：	None
他们在谈恋爱	None
我。越来越长的白天。	None
1999-2019	None
国产恐怖电影的封面实际上的电影内容	None
我正在洗的那个碗。我。	None
别人：你的灵魂动物是什么？我：。猫猫闯入超市，试图偷走猫粮却不小心睡着。	None
当我妹妹打喷嚏当我打喷是我爸打喷嚏	None
呜鸣，好甜蜜。真希望那是我阿。你的愿实现了。	None
怪我喽？	None
精神昏迷	None
这，是一头牛。如果你看到的是一只猫，说明你已经爱上我了。	None
投胎失败	None
没有人：六岁的我在大冬天里哈气假装自己是个龙的时候。	None
当洗发水上面写着 “损伤修复” 但你用了之后内心还是很痛时！	None
委屈	None
“我加了你的微信”“我加了你的微博”	None
正常人看到的：。我看到的：。	None
虽然我不知道他犯了什么罪但是我总觉得他应该能听到警察来了的。	None
放过那只牙膏吧· 我 在檀子角落的 全新牙膏 快用完的牙膏 	None
可怜无助还想哭	None
有一位朋友跟我分享他财富重新分配的果：	None
脑阔疼	None
每天早上的我	None
后悔药  噫呜呜阿	None
当我的狗勾试图找出谁是世界上最乖的乖崽。最乖的乖崽。	None
當你的座位是第一排的時候。	None
在姐姐抽屉里發現了几颗無限寶石	None
别人：所以你平时都有什么娱乐活动？我：	None
记者：你一定有过成功的经历吧，能跟我们分享一下吗？我：(点了点头然后慢慢看向窗外望着远方)没有	None
视频聊天接通的第一秒：	None
当我剪头发剪到一半时突然感到鼻子有点痒：	None
I love u。I love u, too。	None
当妈妈把我的水果味牙膏换成薄荷味牙膏时：亚カ克斯。25岁。前儿童。欧申赛得，加利福尼亚。	None
强颜欢笑	None
我玩排位回来了。	None
小时候拥有现在拥有的我。100块钱的我100块钱的我。	None
脑子来！。脑子来！。脑子从四面八方来。	None
记录一下最近的感情生活。我。我。	None
正在安慰那个外表看起来强势但过了糟糕一天的朋友的我。	None
[你的密码强度弱]那你是还没看过我想活下去的念头	None
专注看人的狙位。残血的副t。对面铁拳眼中的我。	None
我妈：“你今天起得很早嘛！整夜没睡的我	None
写作业。写举报开挂的理由	None
接下来出场的这位嘉宾将会为我们讲解如何完姜地抛出一颗球以及我们为什么不可以假装把球扔出去	None
为什么不回复，难道对我连一句敷衍都不愿意了吗	None
看成蟑螂差點吓死	None
猫。当我随便喵喵了几句，但是却表达了“躺在键盘上”的指令。	None
太阳朝着鸟儿微笑，鸟儿笑了回去	None
我昨天去的那家中餐馆装饰着中国传统面具	None
埃及发现一个公园前700年的铜像 好眼熟啊 	None
风暴。热带风暴。	None
在和人聊天的时候用到了”我是个不善言辞的人“时的我：	None
"追啊！！
追啊！
梅西拿球了
我玩尼玛"	None
我：我非常平易近人和友好99%时的我的脸：	None
同样的想法，不同的设计	None
我想分享我内心无数的想法。我的一千个梦想。我的一百种感觉。这一切都想和你分享	None
不行啊妈妈我这边估计赶不过去了。妈妈：那好吧，我让几个小孩玩你电脑去了	None
每天早上就像：我的猫咪的菊花。我的脸	None
他睡得很熟知道我问。。。 “谁是好孩子”	None
告诉寄几不楞哭	None
数学在公元前500年被发明。公元前500年前的人们。	None
我的狗太没用了昨天我们俩都被另一只狗追了。	None
JO。JO。这是什么动漫？	None
至少我们这代人是把时间浪费在网络上而不是因为觉得无聊就生了八个小孩	None
如果你不治愈伤害你的东西 你尔会为那些没有割破你的人流血 的。 	None
真叫猫头秃	None
我的两种互联网状态：过度分享一言不发	None
妈妈：记得不要喝太多。凌晨四点拿着捡来的树枝爬回家的我：	None
当你在公司已经咳嗽了好多次 打算不在咳嗽 快憋不住的你： 你： 	None
每个人都有这样一个朋友他能把任何谈话都变得很下流Everyonehasthatonefriendwho can turn any conversation into something dirty	None
手上有六份未完成的作业却故作轻松地打电玩的我。	None
七岁的我在网上搜索自己的名字想看看我的知名度如何:	None
银河系。没有地球的银河系	None
如何在90天内变得更加自信？不涩涩。洗冷水澡。早上八点前起床。渴了只喝水。每周锻炼五至六次。正能量。敢于冒险！坚持健康饮食	None
在所有人都睡着后开始失眠思考自己的人生意义的我：	None
手机在早上醒来的时候。别人。我。早安。亲爱的。啾咪。100%。想你了。	None
注意。感谢你的注意。	None
刚下班鸭	None
你该上路了。我是个好狗勾吗。不是。	None
说唱mv入门装备。	None
别再踢我的座位了，我告诉保安我闻到你身上有毒品的味道。	None
当你弄坏了某样东西，然后你把它摆放成一个刚刚好的样子，这样以来下一个使用者就以为是他破坏了它：	None
“对，我刚刚吃过饭了”饭：	None
新生眼中的学校 学姐学哥眼中的学校 食堂 	None
朋友： 好撑啊吃不下了。我： 放下交给我 我： 	None
这些人根本不会知道现在的我和互联。网上的我是完全是两种人也不知道我。的香癖有多变态。菜。	None
我幼儿园时的画画水平：我现在的画画水平	None
当我拜年到第二十三家时	None
当你突然想到你以后可能回想起现在时会感慨：那时候真好啊.	None
docx还是PDF?耶稣救我。	None
“这人”手 我好像在哪见过 	None
糟糕。大祸临头。	None
古代人为什么那么爱写诗 这里的风景真好 我又被贬官了 	None
我鼓起勇气取消关注一个我看看a成长并遂渐变得越来越无聊的博主	None
长辈：为什么我的手机电量掉这么快 还是长辈： 	None
我生气就会饿。我饿了也会生气。	None
然而，仍有一丝真我apharaohAtem存在于虚假的自我中GAIAPOWER	None
新的一天新的慵懒	None
我：*大喊*妈！ 我妈：什么事。 我：*不吭声* 我妈：你竟敢用咒语来对付我，波特？	None
睡不好又一直被别人惹怒的你。	None
毫无防备地流下了属于真正弱者的眼泪。	None
当完体育课后 上其他的课 	None
请在这个罐子里放进一件你今天发生过的好事。（无论大小）。	None
我有多在乎我的袜子是什么样的。我的在乎程度。我的年龄	None
根据你看过的。虫虫家族。你也许会喜欢。人体蜈蚣。你和我并没有什么不同	None
03:00a.m。等我看完他們怎么用泥巴盖房子我就睡。09: 00 a.m。我他媽真該死。	None
当第一节课老师让你说出3个关于你自己的趣事时。	None
*黑客：我进来了*	None
我很清楚这张照片里谁最上镜。	None
当你凌晨两点不开灯，然后成功地去上了厕所的时候。听声辨位。	None
部分新能源汽车充电桩采用柴油发电。埃隆马斯克	None
当我房间里的恶魔在凌晨三点看到我在哭泣而不是在睡觉：	None
全部回复只看楼主热门正序倒序黑白双王乐园：有一种痛穿越时间和空间，谢谢你，已经痛起来了。下巴狂砸交：突然就两脚发酸了尼玛38°的过客：图片不能传递痛苦，但是这个可以Vacuname:香看全部12条回复	None
感到蕉绿	None
支 这里空空的~	None
当我没听清别人说话时： 告诉对方我没听清 ：走得离对方近一点 回一句“你说了啥？ 不管 装作自己听清了 希望对方说的话 不是问句 	None
嘿老兄你为什么一直带着面具呢？继续保持下去就好	None
当8岁时的你在穿了 新衣服回到班上后的感觉就像 	None
动漫OP。动漫ED。	None
托马斯小火车永远也不会告诉你为什么他没有载回程旅客。	None
爸！！我没钱啦！！	None
"本人诚心应聘电灯泡
吃完就走 绝不打扰"	None
建筑工人正准备围着一辆车。建造一座商场。	None
我在等待我最在乎的那个人给我发信息	None
当你在凌晨两点时看电视剧 我：看完这一集两点半 然后睡觉 2: 35 凑三点再睡 4: 00 5: 00....: 	None
当我看到狗狗。	None
我的數學老師教了我以後：	None
看羽毛球比赛的你	None
这些人永远不会知道我在互联网上玩多大OO	None
把DATA念成DATA的人。把DATA念成DATA的人。	None
我爱你。我爱你。	None
在过了一周后才回复朋友: “还好,你呢?”的我	None
谁能告诉我。人的大脑为什么会这样运作？？对方。暗恋。表白了。答应了。	None
我在莫名其妙消失了几个月后又出现在人们的生活中：	None
当你发完脾气后意识到是自己的错误时。	None
"想象中的火星殖民
真正的火星殖民"	None
想象一下，你只是躺在床上不起来 就被一颗导弹袭击了： 	None
我：刚开学时内向又不善于交朋友那个外向的新同学。	None
当你在咖啡馆打开笔记本插上耳机享受最新最炫的二次元音乐，与此同时笔记本优秀的环绕声音响让你对耳机没插进去这件事浑然不知。	None
隐身天启四骑士	None
根据真实故事改编的电影中，演员扮演的主角:真实故事中的主角的样子:	None
他們不知道我手中有什么王牌！	None
当没人起来主动回答问题于是老师开始叫人	None
这种男生找不到对象因为他宁愿把自己的感觉憋在心里，也不愿付诸行动。这种女生找不到对象因为他宁愿把自己的感觉憋在心里，也不愿付诸行动。	None
半无性恋。（Demisexual）：通常不会对任何人产生性欲，除非有情感上的吸引和共鸣，才会有身体亲密的欲望。大多数人不都是这样吗？不是的。是这样。	None
Thorpes。THORPES。加油!就快到起點鑼!	None
带发光的游戏键盘：	None
当日本動漫裡的女生和男主角说的時候	None
8岁的我看见彩虹。25岁的我看见彩虹。	None
每次我骑自行车时我遇到的每条狗:	None
当你打算左转进入商场入口，但是对面一直有车经过，然后你后面的车开始不停地按喇叭。	None
卖二手椅，附赠設計師	None
听歌的时候。看视频的时候。	None
无论遇到什么困难。穿上它。你紫行。	None
当学校厕所间门上的锁坏了时：	None
流下了有技术含量的眼泪	None
说得我跟你很熟一样	None
我不是说Michael喜欢一类特定的人，但…	None
我：*拿出零食的0.001秒*。我的狗：	None
二年级的小表弟。他的女友。生肖过了两轮的我	None
当你看到别人突然开始哭，然后不知道要做什么的时候。你还好不？	None
又不是小孩子了 没关系的	None
皂动不安。	None
没有人: 香烟包装盒上的字:悄声。我会杀了你的	None
当你跟朋友借手机然后问他密码是多少，他说“密码是我的生日”的时候	None
我现在已经到了。拿外卖也算出门了一趟的年纪了。	None
好了我真的要停止刷手机了。淦现在是12:31了那我1:00再放下手机好了。	None
思卓博瑞	None
当你发了一张你以前的照片然后有人在底下评论：那时候真瘦啊	None
当你听你朋友的歌单时： POOTALL 	None
我该死	None
未成年暴力。游戏。家长和媒体	None
你觉得吃瓜群众会相信吗	None
游戏键盘be like：	None
你以为我很可爱其实我玩很大☆星星虎	None
跟别人睡上下床感觉就像：	None
好吧。嗯。额。你们··。我有点。无话可说了。	None
Cardi B:You fucking with some wet-ass pussy 十四岁的初中女生:	None
"个陌生人：嘿！我跟你同名欻！
我：这么巧！你叫什么名字？"	None
你要赢了吗？妈妈	None
我现实的社交状态：看到猫猫狗狗：看到人类	None
当你们终于见面结果发现你俩都是很内向的人时：	None
跟我走！我是来绑架你的。从来没有人邀请我去他们家里过诶。	None
明天就要考试的我。因为网上的人说的话有错误的地方而开始翻找资料的我。	None
我的，我的.我的,我的,我的	None
请描述你理想的工作环境：。	None
电视台做字幕把Fuck打成F*ck以防止儿童学会脏话。	None
当你点的歌就在下一首，而现在那个拿话筒的人还没打算把麦放下	None
生活终于 对我这只小猫咪动手了	None
见过逆天的，没见过这么逆天的神乐光在东京关注8小时前IP属地：英国只要在互联网上呆的够久，就能看见超越认知的东西。补胎少女日令道化	None
没有人：18世界的法国皇室成员：	None
WASD 键盘上下左右	None
在葬礼上不要做的事：	None
你到底在干嘛呢	None
如何将金鱼变成海豚:	None
老铁 搬砖辣 安全第一	None
离下班时间还有两分钟此 时突然来了一个客人 客人（十分礼貌）： 请问还营业吗? 	None
19.8元/只刘德华烧鸡	None
问题解决！	None
你把我煮了吧	None
偏头痛。高血压。压力太大。幻视	None
没有人洗澡时的我：	None
这只狗看起来就像文艺复兴时期的画家们想象的那样。	None
当你看到你小時候的影片時。你：我到底在做什么	None
当飞机开始剧烈震动，我发现身体内坚信无神论的那部分开始脱离我的时候：	None
我：*双击谷歌浏览器*谷歌浏览器：*没反应*我：*连续双击*谷歌浏览器：	None
考试时的监考老师： 	None
"帐篷
帐篷袋子"	None
一切都会过去的！PatPat	None
99%的人都做不到的手势	None
我的所有衣服。我的袜子。	None
我：我应该怎么交税？学校：闭嘴下来做间操	None
我没钳了！	None
当我发现试卷上需要我填写的不只是我的名字时，镬…操	None
当家里来客人了而一直呆在房间里的我只是想要去冰箱拿瓶水喝时	None
Hi! 你想跳支舞吗?  嗯... 好阿。我们可以坐这边了!他要去跳舞了!	None
我Emo了	None
当游戏加载时的小贴士真的告诉了你一个你不知道的游戏技巧时	None
妈已经走十年了	None
“慢一点” “不然我们就告诉你妈妈” 蝙蝠侠：俺就是速度	None
很多宗教的教义里都告诉人们“不要做个混球”，但是那些超级狂热的宗教信徒都觉得“我才不要呢”	None
被善待被拥抱、互相满足的性被爱、被欣赏我需要的完美关系	None
偏頭痛。血压过高。压力太大。月經还没來	None
我们没有孩子，所以我i和我的妻子带着我们的狗去看附近的灯光。他肃然起敬。	None
简历上我写着：*我能在极大压力的环境下高效完成工作*。现实中的我应对压力的时候：	None
当你秒回对方花了两天才回复你的信息时	None
当你们很生彼此的气，但同时还是打了电话，因为你们你们很想念彼此的时候：	None
哭死我蒜了	None
当你给你的心理医生讲了一个很好笑的笑话他没有笑而是拿起笔开始把刚才的情况写下来	None
你在打Boss的时候，Boss感觉是这样的：。当Boss成为一个你可以操控的角色的时候：。	None
应该说那句的。我应该说那句才对的。	None
難過的話。我可以把你吃了。	None
可怜巴巴	None
当我和别人讲电话时。	None
我吐了	None
这是你2013年的简历。是的，你目前的简历呢？我只会不停地用我2013年的简历。你被录用了！	None
年初目标。年末的我。	None
我所面临的难题。	None
我没死。我就长这样	None
哇！这里就是天堂吗？看来死掉也不是什么坏事嘛。噢你来错地方了这里是狗勾天堂你应该去人类天堂	None
当你来月经的时候你会忽略所有人直到你心情好起来	None
在组装猫猫之前请一定要先详细阅读说明书	None
你们幸福就好。谢谢。细节就不必对我交代。	None
开心地进入 游戏的你 。突然发现需 要更新的你 	None
你总是让我觉得我们的关系不止那样，却又只能这样	None
生鱼忧患	None
生气加载中。98%。你还有2%的机会哄我。	None
做数学题的我。我 计算器。	None
当你在给完建议后加了一句「哎呀我也不知道啦」以免毁了别人的人生	None
"你的鱼塘
我
卑微可爱"	None
蕉緑不安	None
are you ok？INFJ：其实最近真的超崩溃的，觉得活得好累，要烦的事情好多。感觉很多事情都堆在一起，想要解决却没有心力，因为觉得很麻烦，然后事情就越堆越多，多到我快喘不过气了，可是又不能表现出来。I'm fine	None
在上班的时候划水摸鱼	None
儿子的登山包还在家里啊那他早上背的是什么	None
她：“我一般不会在第一次约会的时候这样做”他的狗：	None
迪士尼动画里的公主开始唱歌。方圆几公里的所有动物。	None
当你的朋朋已經搞砸一切但他想拖你一起下水的时候	None
她的兴趣是收集小石头。	None
是啊doi是很爽！但是你有没有试过和某个人双向暗恋并暖味呢？。	None
为什么我没有女朋友	None
酒驾是什么感觉啊爹地，看见前面那四辆车了吗？如果你酒驾的话你就会看到八辆。可是前面只有两辆车啊。	None
哈哈 哈哈 哈哈 哈哈哈 哈哈哈哈 哈哈哈 哈哈 哈哈 哈哈 哈哈哈哈哈哈哈哈哈哈哈哈 哈哈哈哈哈哈哈哈哈哈哈 哈哈哈哈哈哈哈哈哈哈哈 哈哈哈哈哈哈哈 哈哈哈哈哈哈 哈哈哈哈 哈哈哈哈 哈哈哈哈 哈哈 沙雕网友太有意思了	None
”我喜欢你身体的曲线“ 身体的曲线：	None
"没什么只是突然意识到我不仅仅存
在于自己的世界中，别人可以看到
我，并且在心中形成对我的看法"	None
当我开始了成年人的生活时。这趟旅程只会在一种紧急情况下停止。啊当然啦。哭鼻子可不算紧急情况。	None
我快要死啦我的一生会在我眼前快速闪过。不错	None
你相信我吗？不。	None
你将失去你的宝宝！	None
"我滴老天鹅啊
小鸡词典
jikipedia.com"	None
朋友：为什么你回消息那么快！ 我 因为除了你没人他*会找我 	None
已经不行了	None
当我会看我过去的人生。	None
当你逛完商场 发现自己的钱都花光了 于是你开始反复的对账单： 	None
我的快乐源泉。	None
大家在决定晚餐吃什么时没有叫上你。来吃饭时发现大家已经点了你最喜欢的菜。	None
5岁的我从树上摔下来，屁股有点痒。16岁的我从椅子上摔下来，去世·····	None
国际象棋里的国王。其他棋子：	None
10岁的我吃完费列罗。任何一件我够得的物品。	None
上学的最后一天再也不用上学的最后一天	None
*我的性格**我的穿着*	None
Gogoing 千里逃亡 惨遭一箭穿心 NO！	None
一个有的压力怪队友要比一个菜逼队友更可怕。	None
没有人。红绿灯路口的卡车司机。	None
我的心理健康。不断把它们当作笑话讲给我脑海中想象的观众的我。	None
*在微信上讨论一个极其普通的话题* 中年社畜：	None
我太南南南南了	None
当你认识了同样喜歡在上班時拉屎的新水小偷同伴	None
我能怎么办？我也很绝望啊！！	None
请问各位男性是什么阻止你穿成這样	None
生物书试图解释性别：1990:Mother.Father.Baby girl.Baby boy.2021:	None
没有人：我准备睡觉的时候：。好久没看到我身份证了我身份证在哪	None
官方：宣布有一个距离地球上亿公里的小行星将要路过地球。微信公众号文章封面：	None
当你被人嘲讽，但是你忍住了没有说那些会摧毁对方生存欲望笑话时：。	None
别人：你应该试着去多交点朋友。我：	None
做数学题的小学生。做数学题的大学生	None
每到晚上十二点的我：满了！食欲满了！性欲made withmematic	None
当你让对方「冷静一下」然后盯着「对方正在输入」看了十五分钟	None
地圆论研究。地平论研究。	None
我有两面：很怪，更乖。	None
真是伤脑筋呢	None
论划水 你是比不过我的	None
把埃隆马斯克发明出来后的特斯拉公司：	None
朋友非要和我自拍时：。	None
网友们自创的罗志祥梗。首页。打开微博的我。	None
我体息的时候。能不能不要谈论我的未来	None
人类：创造泰坦尼克号。冰山：破坏泰坦尼克号。人类：创造全球变暖。冰山：Outstanding move。	None
没事我很好 I'm ok 没有不高兴	None
2020年3月。2021年3月。	None
当我讨厌的人讲了一个还挺好笑的笑话时：	None
B战生活区的视频封面就像	None
这游戏怎么要加载这么! *按下空格键开始*	None
换价格标签啦？好气我值多少钱也许100美元？也许200美元？应该是200美元吧；50美分/只	None
正在等待楼市崩盘这样他们就可以买到人生中第一套房的千禧一代	None
当你在冬天喝上一杯冰水！ 	None
没有人在看乐高的时候乐高们在做些什么。	None
没有人： 我：	None
完全正常 动漫女神的平均水平。动漫里我喜欢的女神	None
又是平淡无奇的一天	None
痛京	None
当美国人意识到《星月夜》是一幅「油」画时：	None
简直没眼看	None
作為上帝最虔誠的孩子，你怎蘑做？翻/製：IVANMADEgeorgie感谢上帝	None
*在一群小朋友旁边玩手机游戏并展现高超的游戏技术*旁边的小朋友们：	None
活着但是我想死想死但是我死了，我的父母家人朋友宠物都怎么办呢我不想他们伤心难过活在幻想中	None
在网课上打开摄像头感觉是这样的。	None
放一个屁我就会死。	None
当在网上和一个陌生人发现是自已认识的人 聊的来时： 	None
时光机：*被发明*《动物世界》摄影组：	None
我买了一个摄像头，当我不在的时候监视我的狗，我想我的举动被他发现了。	None
兔了鸭	None
被洗澡水冰到后 在等水开始热的你！ 	None
最好的风格！	None
每个人都会撒的谎：“这个留着我明天吃”	None
新手村钓鱼钓到50级的我。第一关的boss	None
30。191-1993年出生的人。	None
听着孩子，这个白痴忘记开炉子了。所以现在我有时间告诉你们任何事情。你想知道什么？	None
欸不是。你们干嘛把我专门放在这里的肿瘤切掉	None
我不是汉堡。 你当然不是汉堡!你是牛排，是火锅，是烤串...你就是餐桌上的百变小可爱	None
当农夫开始给你挤奶但是你意识到你是一头公牛时：	None
当你刚舔完毛人类就用湿湿的手摸你的头。	None
写得倒也是慷慨激昂啊。看到我胡编答案的阅卷老师。	None
没有想到会和同样打扮的人擦肩而过！	None
当收银员意识到他们就是整天站在同一个地方对来来往往的顾客说着同样的话时：也许我就是个NPG。	None
今天没要到饭	None
舍弃那些不必要的東西你就能过得更舒适	None
我：*手肘碰到桌角* 整只手臂：	None
想一起去星巴克学习吗？想一起去星巴克学习吗？帮我想想怎么拒绝这个男生。啊。我的天。没关系的。	None
你礼貌吗？	None
"""我他妈要死了""病。症状：肚子有一点点疼，疼了很长的时间。"	None
南上加南	None
算你狠	None
当三岁小孩不小心摔倒后： 前三秒： 他： 三秒过后： 	None
一年前：我想你。你就是没事做才會一直想。一年后。想你，你呢。想你	None
睡醒后拉伸你的背，臀部用力往中间一夹，然后双腿开始抽抖到你好像癫痫了一样	None
我能亲你吗就一口	None
电视音量：1.电视音量：2.	None
当老师要找人提问时你不想被老师注意到。	None
笑口常开无忧虑。一切疾病皆消去。	None
生活真是太苦了	None
老师：这个知识点大家都理解了吗？上网课的学生：	None
谢谢你治好了我的心脏 没关系，一共30000美元 Bibelc 你！	None
打电话告诉奶奶 最近在忙什么的我 听不懂我在说什么 但仍然为我 感到开心的奶奶 	None
我：怎么样才能找到工作？怎么样才能升职加薪？怎么样才能买得起房子？学校：	None
对手 打游戏时 队友 	None
接下来你是不是要凶我	None
我看我的狗追着它的尾巴转了10分钟，然后想“哈哈，狗可真是够傻的“。然后我才意识到我刚看的mem已经是第三次被不同的博主发出来了	None
祝你一路顺风！你也是！“你也是”呵呵我真够蠢的	None
“孤独的人更喜欢洗热水澡，因为热水所带来的温暖能够缓和他们在社交中感到的疏离、冷漠”。我：	None
当我看到服务员给我比晚来的谷歌先上了菜时：	None
鸡。鸡.zip。	None
还是个小屁孩时。渴望长大的我 。青少年时的我	None
*用爱和性。浇灌我的伴侣。可爱的我。	None
泰国一员工天天被老板骂 于是他去当了和尚！ 老板 	None
朋友:你未來想做甚么業?我：恩..烤骨學家吧！	None
当我在ps4上玩赛博朋克2077。	None
完美的奥运会logo。新冠病毒。	None
当我试着为自己做饭时。	None
极狐河我说这走路姿势怎么感觉哪里见过？第一眼看见图就感觉在哪里的吊图里见过这个	None
橄棪树：*合成苦味化合物油酸来避免果实被动物食用。人类：*食用。橄榄树：	None
生活总是这样吗	None
2020。2021。	None
如果狗狗会吵架 你是人 你才是人 你是人的后代 你全家都是人！	None
谈什么恋爱弹烟灰就够了	None
当你只有lv.1所以你只能有什么装备穿什么	None
走得特别慢的拉手姐。马上要迟到的我。	None
当有人在我面前抽烟时： 我： 	None
而现实中。	None
哦干。这个角色简直就是我。我总是一个人。	None
它们犯了什么事鸭	None
是啊，doi是很酷！但你有没有试过被人在你脸上亲上一圈直到你笑得脸通红以至于让你颅内高巢了。	None
你是在质疑我吗？	None
我听完了你分享给我的所有歌。（我才要说谢谢。谢谢很好听喔我很喜欢~。	None
当男友说来接你已经到楼下时 	None
父亲：“儿子，总有一天你会成长为一个真正的男人的。”儿子：“可是老爸，我已经21了。”父亲：“是啊，但是你还在买健达奇趣蛋。”	None
当你身边那个最不靠谱的朋友 决定养狗！ 	None
第一人称视角。第三人称视角。第二人称视角：看着我哥把之前锤爆我的对手锤爆。	None
当你看到你前任在朋友圈发自拍 并配上幸福， 真爱忠诚的文案 	None
狗主人：他只是在跟你闹着玩啦他的狗：	None
开会时在思考他们到底把这么大的桌子搬进来的我:	None
快说说你喜欢的。cp类型是什么！。	None
我:今天过得还不错,晚上能早点睡觉了。半夜2点我的大脑: 	None
最佳伴侣证书For:成为全世界最好的伴侣！From:爱你的人<3	None
给所有感到丧和焦虑的人：要拥抱下吗？	None
“你没法只用两个emoji就形容出一首歌”我:	None
投诉隔壁领居拉小提琴。低情商。拉得太TM难听了。高情商。我是楼下宠物医院的听说你家猫快死了。	None
哎呀......	None
"生活
我"	None
所有人: 2020年是最糟糕的一年了。 2021年:	None
情人节快到了，所以如果你喜欢某个人的话赶紧把这个秘密藏在心里以免说出来以后受伤	None
我：得认真工作了。我的动力：	None
当感冒一直不好： 于是打算多吃几片药的你！ 	None
老师：这次题目简单！ 题目：请说出以下演员的名字： 	None
甘甜的心情突然变得苦涩	None
当你意识到你对象的接吻技巧有多糟糕	None
如何安慰并照顾莫名难过的女友。把可爱的女友放进毯子里。把毯子卷成寿司卷。再把可爱女友放在舒适的地方。一边安慰一边超市她直到她忘记为什么难过。最后带她去吃好吃的	None
我本来在看着电视剧放松的，但是突然看到窗外的东西，直接吓到我心脏病出来：。	None
如果你们能猜出这是什么动物，今天晚上我就喝酒	None
安静地听你说你今天过得如何的我。	None
我自己玩恐怖游戏，我看主播玩恐怖游戏	None
交朋友好难！我搞不懂…我什么方法都试过了，我试过责怪自己…啥用都没！我搞不懂。	None
你凶我	None
我感觉好低落。我想告诉你一切都会变好，但我不喜欢这么说。他们不知道，一切都糟糕透了，但我会陪在你身边	None
白天从电影院走出来的感觉：	None
“我只能玩到五点”“要不然我妈该捧我了”	None
因为特斯拉而大赚一笔钱：埃隆马斯克；爱迪生。	None
Feels bad,man	None
祖先啊。求您给迷茫的我一点指示吧。吃力地发出拍水的响声。	None
这班谁爱上谁上吧。	None
小丑的平均工资： $67，655 看到这一条后的我：	None
当我迟到时 实际上 我描述的 	None
我没有死，我就是这个样子的！我也是，小盆栽	None
真拿老婆没办法	None
我不会被任何东西伤到（看到暗恋对象和别人一起手牵手）	None
我。挡在我前面又走得很慢的人	None
十年前，我问某人愿不愿意和我约会。今天，我问她愿不愿意嫁给我。她两次都拒绝了我。这里一张网上看到的情侣图片。	None
同居第一个月：我开动啦。同居第三个月：我开动啦	None
自闭症发作	None
猜猜我是谁？地鼠*班叔叔UncleBen	None
不要担心自己找不到女朋友，史莱克直到30岁，才找到自己的另一半。我没有史莱克那么帅。	None
爸爸:*开车经过汉堡店*你们饿不饿。坐在后座的我和我弟弟:	None
我不惧怕独自一个人在黑暗中。我惧怕在黑暗中的我不是独自一个人。	None
憨豆先生给自己送圣诞贺卡。八岁的我看完之后的感受。十八岁的我看完之后的感受。	None
海水摧毁了他的沙堡，小狗狂怒。	None
"""我是一个与众不同的人！""还是我："	None
我的快乐见了底	None
我的狗看起来像古代哲学家。	None
我能有什么办法	None
如果地球离太阳再近10英尺，那我们都会被烧死。现在在天上飞的鸟：	None
亲戚：你现在在学什么？ 我：学心理学 亲戚：那我心里在想什么？ 我· 	None
当你觉得自己很没用的时候不妨看看这些人，他们守卫着一个根本不会死的人。	None
想哭来试探自己麻痹了没	None
"他看到我们在喂鸭子所以假装自己
也是一只鸭子"	None
本来就挺糟糕的一年。新年快乐。	None
当我给别人展示我写完的代码：不是很多，而且都还不能运行。	None
半夜醒来瞅一眼手机发现自己忘调手机亮度	None
好困，不想努力了	None
某人：*咨询情感关系*我：我说了，咱今儿就往分手了走！	None
当你毕业但每次考试都作弊的时候。	None
从我弟弟床底下找到一只奇怪的袜子：	None
世上最有杀伤力的两个小白點	None
当内向的人终于完成一次电话通话的时候:终于结束了	None
时间 当你 休息时的时间！ 当你 上班时的时间！ 	None
拜拜	None
当你不小心把车开到交叉路口中间停了下来然后路过的人都在看着你	None
快点… 分泌点多巴胺	None
把广告当成meme，还努力寻找笑点的我：	None
我不想认识别人，不想和人交流，也不想约会，我只想奇迹般地和一个可爱的人维持一段长久的感情	None
嗯doi是很爽啦但你们有没有试过这样呢？	None
在家待业的我给上班回来的女朋友介绍我今天都看了什么好笑的meme	None
同学们请把黑板上的东西抄下来 我马上要擦掉了 之前 现在！ 	None
小精灵：许下你三个愿望吧。我：我想要许四个愿。小精灵：好，现在你还剩三个愿望。杰出的一手	None
当你的朋友通过你的微信签名知道了你最近的心情并来安慰你	None
当你什么都没突然手臂开始刺痛	None
你所想象你晚上 实际上你晚上 睡觉的状态。 睡觉的状态。 	None
很爱上班。这种累死累活。挣不到钱的感觉。很令我着迷。	None
英寸。0。厘米。摄氏度。开氏度。华氏度。all:[shouting]	None
这就是当你抚摸我时我的感觉	None
6岁的我：我好想快点长大啊！长大成人。现在的我。	None
当我平时跟我的狗狗说话的时候： 但当我开始问他嘴巴里吃了啥东西的时候：	None
下课老师准备走时： 某同学 老师，作业还没收！ 我 	None
在你开心的时候你享受音乐。在你难过的时候你听懂歌词。啊~啊~啊~啊~啊~黑猫警长。	None
当你的时间只剩三个小时而你需要八个小时的睡眠。	None
当你在网上故意说了一个会招人反感的评论时：	None
刚上课时 差一分钟下课时 你： 你： 	None
乾隆皇帝直接先全球时尚界250年BALENCIAGASPEEDTRAINERS	None
成功浪费掉一整天后准备上床睡觉的我。	None
宝宝知错了	None
网友的点赞。我：谢谢。你真是个好人。	None
你也是学着学着。手机就自动跳到手里了吗。	None
当你正和你朋友聊着天然后一个关键词让你想到“那件很他妈重要的事”	None
这种生物已经适应了高强度的压力和压迫感的黑暗。我也是小宝贝我也是。	None
突如其来的悲伤情绪。一如既往的性欲3:12AM*狂按**狂按*CPSYCHOSUZANNE	None
长官！我感觉不到我的腿了！感觉不到了！别担心，你的腿好好的来，拿着，现在感觉到了吧	None
看完讲述牛是如何被屠宰做成肉的纪录片后的我。一天后的我。	None
世界上最响的声音。音乐会音响。烟花爆竹。枪击声。蓝鲸叫声。航天飞机发射。晚自习时候饮料吸到最后两口发出的咕噜咕噜的声音。	None
拜见祖师： 	None
我今天一整天都不会理ta，让他知道我有多生气！哈哈多么美好又安静的一天啊	None
发的meme里都有“我和我的朋友” 但实际上却是一直孤单的我：朋友伙都到齐咯	None
多喝热水少做梦。	None
我蕉绿了	None
克拉克·肯特。要掘墓的闪电侠。	None
这一话结束后的三笠：	None
是啊，doi是很酷，但你有没有试过和对方在电话里聊天直到其中一人睡着为止？。	None
登山的游客失联24小时 无视搜救员多次来电 只因那是陌生号码！ 不会发微信吗？ 	None
好的。今天我要战胜拖延症。太累了。明天再说。	None
快要饿死，却非要等视频加载完成，这样就可以边吃边看的我	None
九十九。英语。九，九十。阿拉伯语。4个20加上10加上9.法语。	None
emmmmm..........	None
微博的弱智广告。不感兴趣	None
是的。你要睡了吗？。闭嘴。你值得很多。很多的爱哦。	None
我：*和一个女生一起进教室*整个班级：	None
当你去朋友家里过夜时。朋友忘记给你拿被子。	None
现在的meme就是未来的老年人幽默	None
“你这种态度是没人喜欢你的。我:	None
直尺的作用。画直线。量直线的长度。与同桌进行击剑比赛	None
你朋友圈的照片：你本人：	None
小时候： 作业没写完 家里没人刚想出去玩 听见开门声的我： 	None
无论天气多冷，学校里面总有一个这样的人：	None
"今晚有空吗？想不想看电影
我有男朋友了
我有场历史考试
然后呢？有什么关联吗？
我觉得我们都可以蒙混过关"	None
那就不知道啦	None
这点痛算什么。	None
也许我不需要这么自闭。偶尔我也应该外向一点。哈哈去你妈的就这? 谁也阻止不了我了!	None
就是你小子刚刚打我喇叭？	None
起身去拿零食的我。我的电脑。我。耳机线。我的电脑	None
如果你不能像一支铅笔为别人书写快乐,那么你可以试着做一只橡皮为别人抹去悲伤。	None
当你买了一个新房子但是他们没有和你说这个房子闹鬼时	None
我的皮带平时的样子。当我的大便憋不住了马_上要出来时。	None
上班，“时间流逝吧，你是多么的残酷--”。下班，时间停止吧，你是多么的美丽。	None
将腋下带有荷尔蒙的汗涂在女性的嘴唇上，可以帮助其放松身体、改善情绪和调节月经周期的效果Source:ScienceDaily	None
当你是凭实力带女生回家，而不是告诉她你的猫会后空翻的时候	None
爸～多大年纪还没有性经验最尴尬？当爸爸以后！	None
原來一直瘦不下来 是有原因的 	None
我的胃：小声的咕噜一下！ 外婆·饿了吧 	None
明天有期末考试的我。为了在评论区吵赢别人收集资料的我。	None
下班前半小时装忙得我	None
你好你有看过我的你看到离谱的外星人怎么没有被吓到？毕业论文吗？	None
為了證實事發当天，我的当事人有不在場證明我需要呈上這份资料，他的電脑廚史纪緣。法官，我就是凶手	None
当你已经假笑两次了但是对方依然没有说完时：	None
我的好心情。芝麻绿豆大小的事。	None
男人会为心爱的女人做很多不好意思和哥们说的事	None
超委屈	None
儿子第一次提到一个女生的名字时的妈妈。女儿第一次提到一个男生的名字时的爸爸。我只是想跟他聊下。	None
当你在剪头发的时候，然后突然觉得鼻子好痒。	None
当有人问我上班时间都是在干嘛时： 怎么样 才能 不上班 	None
嘿。你，过来给我一个亲亲。亲亲会让你变成青蛙王子吗？不会，我只是太喜欢亲亲了。	None
百托	None
往地图上扔个飞镖，扔到哪里就去哪旅游一下吧！	None
他馬的到底谁會戴這種眼镜啦。我啊.	None
哭泣	None
恭喜机械革命旷世16Super4080/4090款以飞热管干趴南桥的逆天级布局在本轮比赛中夺得头魁比赛的名字叫做“年度最弱智笔记本大赛	None
虽然我还没有成为我想要成为的人但我很自豪我已经不再是以前的我了	None
那里的人类有舒服的火堆和一堆食物…也许我应该去看看，再糟糕又能怎么样呢？20000年后。	None
8岁的我第一次按下鼠标右键：	None
蝙蝠侠把坏人扁成这样然后说“现在我们来谈谈”：	None
当我做走错了班级时： 那个老师： 全班同学： yes? 我： 我朋友： soli... 	None
够多了吗？永远都不够	None
当你辛辛苦苦下班花了好几十块钱买了一份外卖结果还不好吃时：	None
如果我在这尿一尿。这片地方都是我罩的了。	None
哭成泪人	None
当他已经欺骗你并伤你的心400次，但是你仍然选择给他一个机会。这太好了。只有你，我，还有你在我们之间建起的砖墙。	None
我才不要吃这个嘞	None
分分合合。的情侣。朋友A。朋友B。好朋友。我。	None
网上一秒看懂 英语考试 memes的我 阅读理解的我 	None
虽然这题我不会。但也不能空着。	None
警官：知道今天我为什么拦你吗先生？车主：因为是我让你的。	None
餐盘上的纸的用途：。	None
请注意各位，我发现了医生们麻醉小刺猬的方法了：	None
早上醒来试图看手机来清醒一下的我	None
我：睡觉前喝了十杯水。第二天早上我的嘴：	None
当你的主人回到家，身上散发着另一只狗的味道。	None
会吸走从桌子上掉下来的所有食物的黑洞的罕见照片	None
当游戏通关后，致谢名单上写了一句：以及，屏幕前的你。	None
当你想逗她开心但她还在生你的气	None
我：没办法啊有急事我没办法出去了不好意思不好意思。还是我：	None
在冬天 早上醒来被窝以外的卧室。	None
当朋友让我把生物书翻到43页。	None
某人：给你发来一张手机截图 然而你却先看他的手机电量： 	None
我的第二段婚姻娶了一个20岁的老婆。她妈妈也很年轻和吸引人，她才38岁，最后嫁给了我儿子。我儿子现在是我的岳父。而我是我岳父的爸爸。那就是说我现在是我自己的爷爷。	None
有没有可能我才是宠物而那只没毛猴子才是主人呢	None
当你感觉自己对于心爱的人来说自己越来越不重要并渐渐变成一个负担的时候。	None
这世上有两种“我画画很烂”	None
想听个笑话吗？好，你的人生，我的人生不是个笑话，笑话是有意义的，别，乔治	None
人生三大错觉.. 有人敲门，手机震动，ta喜欢你 ?	None
金钱买不到快乐。看看他们多伤心啊！	None
我刚刚结束了一段五年的恋情。天了噜你还好吗。我还好啦又不是我自己的恋情	None
有些东西没有改变，而是进化了。	None
2021美团外卖年度味道。“老板，今天我生日可以送我一个小菜吗，…。是你始终如一的坚持。你一共备注了77遍。下单时间：2021-12-30。订单号：659854125。备注：。祥托店家。不要放香菜哦。谢谢啦！。立即迷达无需餐具。配送费。餐具数量。￥0。	None
在别人注视下做事。自己一个人做事。	None
眼巴巴	None
医生是怎么听音乐的：	None
无法fu吸	None
脑阔疼	None
想你想你想你	None
被自己帅的睡不着	None
“呐事情是这样,我也很想看到大戏上演。但是呢,你们得理解,那家伙是只核辐射过的大恐龙”	None
读第二学期的第二天了但...想结束这个学期的我。不少assignment，quiz和test陆续出现...SAD EMOTIONAL DAMAGE	None
海底的菠萝：*存在*；某块天杀的海绵：好地方啊老兄	None
无语了tm的。	None
当我上课时时间 流逝的速度 当我玩游戏时 时间流逝的速度 当我早上关掉闹钟后 打算再闭眼五分钟时 	None
当你结束了漫长又痛苦的一天，你想分享一些有趣的内容但却找不到人时你开始感到孤独	None
我觉得布星	None
你不主动我们就拜拜。	None
是鬼！真晦气。是人！真晦气。感觉怎样？。？嗯？。	None
我爱你。嗯？?没事。我也爱你	None
当你只是想小睡结果睡了6小时 醒来完全不知福自己人在哪 	None
我太难了	None
待在喜欢的人身边是我最放松的时候。	None
当你喜欢的人突然碰了你一下的时候：。鲛肌从来没有变得这么大过。	None
家人： 亲戚来了快去问好 你 	None
如果你想做我的爱人，你得告诉我，因为我他妈很蠢	None
反正我也不重要了	None
当我给人建议后，我会加上一句“我也不懂，看情况了”，这样子他们就不可以怪我毁了他们的生活。	None
这种情况只会在我生气或者要迟到了的情况下发生	None
下次你和朋友一起去海滩时 别忘了照张像这样的照片 	None
请问我关于《新世界福音战士》的问题。	None
小时候妈妈让我去超市买东西 找回了两块钱： 我妈：给你吧 我： 	None
你周末有空吗？我：That entirely depends on the rest of the information  you're about to give me	None
当你家来了客人，然后你妈不知道从哪里拿出来一堆你从来没见过的零食的时候：	None
对爱的需求。我。独身的欲望。	None
在试衣间里看起来的样子。买回家后实际穿上街的样子。	None
忧伤到驼背	None
当我去别人家，他们养了条狗。	None
我在翻看以前的聊天记录，心想到底是什么让我说出这些话	None
没有任何人能拒绝这种充满欲望的吻。	None
我朋友：现在有[友军伤害]吗？。我：	None
当我看到猫猫叼回来一只老鼠时。	None
当别人对我说话的语气有一点点不一样时就过度思考的我	None
玩手机被抓后 	None
现实生活种日本人的发色。动漫里的日本人的发色	None
学生们：下这么大雨数学老师应该不会来了吧。数学老师：	None
当你梦到了巨糟糕的事情，然后醒来发现那些事都是假的时候：	None
当你在游戏里连续开了六枪之 后才击中敌人的时候： 精准击 ACRUCY 	None
在人们争论是用安卓还是苹果之前，0.7跟0.5笔芯的战争早就将人类分为两个阵营了	None
請你用你吃過的最後一樣東西取個名字。	None
商场里的购物车：	None
麻醉剂: *发明于1846年* 1845年的医生:	None
渣机玩游戏玩到一半地图还没载入完全	None
多巴胺。血清素。想要找到快乐的我	None
别人：你今天看起来气色不错啊。我的焦虑症：别信，他们在嘲笑你。	None
这个月要存钱： 第二天： 	None
标志性的优越感。	None
打。住。可以了。不想再听了。	None
孤独弱小无助	None
当珍珠奶茶快見底时	None
上班的路上被邻居的狗狗加油	None
黑人牙膏。	None
你把水印截掉了么？。是的。代价是什么？	None
不知所措的吃瓜路人	None
距离开学还有一天时 我 假期 	None
我看到的月亮。我的手机看到的月亮。	None
当你坐在马桶上发先马桶圈时热的，但你是一个人住的时候：	None
苹穷	None
当你已经起了很久，然后他终于问出那句：“怎么了？”好戏开始了！	None
人类：当我需要自我隔离两周。	None
到底是哪個天毅的想出這种標志？	None
拿你手机的朋友突然看你浏览记录： 	None
价格查询机。蔬菜水果。过秤买单。请到收银台。在超市看到这个机器会自动说。	None
实际上的丝血逃生。我描述的丝血逃生。	None
孩子们：学校没有给我们足够的睡眠时间。孩子们在凌晨两点的时候：	None
哼！	None
老师：你现在明白了吗？我：	None
"面试官：你为什么要
我：嘘！
面试官：你认为你的优势是什
我：嘘！！!
面试官：*轻声说*你被录用了，欢迎加入我们
图书馆这个大家庭"	None
Robinhood：我们要给华尔街还以颜色。别骂了别骂了我们交不起保证金了	None
当你累得不行然后发现今天才星期四	None
别人：哇你有哥哥啊！ 好羡慕我也想要个哥哥啊 我： 	None
在为打电话做准备的内向者。最后他们还是选择了发短信	None
emo了emo了 emo了 emo了	None
6岁的我。16岁的我。26岁的我。	None
EGGS。	None
我的狗勾已经成年了所以想开始教他开车。	None
苹什么？	None
欢乐的假期结束后，查看账户余额的我：	None
小鸟。戴派对帽的蛇。	None
觉得我好欺负我吗 就仗着我喜欢你吗 分手吧 没爱了	None
这是一只小熊蜂的屁股,没有任何其他元素什么争吵,议论,都不存在,就是,一只小熊蜂的屁股	None
没想到我曾经相信过这些东西。我自己。	None
他给了我一个梦想中的约会。哇，那一定很棒吧。超级棒！	None
当我不小心按到通话按钮时	None
护士小姐姐不让我用这个充电器。她说看见这个以为我回血了。哦。天哪。	None
难过	None
现如今我们的节！ 当我们过圣诞节 当我们过春节 大众点排 0 	None
"我不来吹牛B
感觉这个群都要解散了"	None
开学第一天的 宿舍。开学第三天的 宿舍 	None
1993-2021。 谢谢你们, Daft Punk	None
当你在微博上发表了一个比较冒犯的评论。	None
平时分。期末考试成绩。	None
老师叫我不要再按笔的按键了为了，把笔尖给收回来而多按了一次的我	None
作业:没做完。睡眠计划:完全废掉。自尊心:底下。身体:酸痛。生活:一团糟。芜:湖	None
如果你经常玩游戏，那么这条meme你应该懂	None
cpdd 新的一天从codd开始	None
6岁的我：*在外面哭闹着要吃冰淇淋*我妈：“我们家里有冰淇淋了哦。家里的冰淇淋：	None
我的耐心只有。这么一点。	None
麦当劳和我一起从一个快乐的小孩变成了心事重重的成年人	None
天堂里的所有星星都不及你闪耀。	None
当你的人生没有任何成就时：曾经的孩子	None
准备洗澡时 。洗澡时 。 洗完准备出来时。	None
现实中对视都会脸红的你*喜欢在网上口嗨的你*	None
无语...	None
当我给新来的员工介绍工作情况时	None
当我想找点吃的时我冰箱的样子。当我要放东西时我冰箱的样子。	None
我：妈，咱们能去吃麦当劳吗？我妈：好啊，你想点啥？我跟我妈：	None
让我破防hmmm.有时候，当人们在社交媒体上问一个他们可以在网上轻松搜到的问题答案时，他们并不是真的在寻找答案，而是希望找	None
牙医： 告诉我你的人生故事吧！ 	None
当你找到一份工作后才知道其具体工作环境时：	None
7岁的我：在学校犯了错。老师：你这样无心向学！我不如打电话叫你爸妈接你回去！我：你真的会？You will？	None
闻到这个味道了吗。	None
我一个人玩	None
不！我忘记起床了。该死、该死、该死。我：我今天过得还不错。抑郁：我来晚了	None
当你们只是想去食堂吃个饭，结果就看到一对情侣搁那你喂我，我喂你	None
我：说“我都无所谓”。担心所有的事。	None
我看电影之前VS还是我在看电影之前	None
132,133,134	None
当你准备关电脑上床睡觉了结果不小心点了“更新并重启电脑”	None
这顿饭应该谁掏钱？因为我没有带钱。我知道谁有钱！他有！哥们你随便翻，我也没带钱。我以后再也不和你们一起吃饭了，每次都是我掏钱	None
11 pm: 2am: 4am: 闹钟响起的8分钟前：	None
我emo了	None
成都人：地震了。还是成都人：下雪了。	None
正在摸训时 突然想起来 一个笑话： 	None
两只耳朵都听见了。	None
九十九。英语。九，九十。阿拉伯语。4个20加上10加上9。法语	None
我妈妈：我留下了一个面包用来杀老鼠 凌晨3：00我和老鼠 	None
就是说你们吃几块都不剥皮的吗。	None
你有没有去过朋友的家里做客，然后发现他们家的人都很快乐，相处也十分和睦，这使你不禁去想“我靠你原来生活在这样的环境中”。	None
我的黏人程度：	None
我：*看到好笑的东西笑出声*。我腿上的猫猫：	None
独居且独自睡觉就像这样：	None
关门前注意猫爪。	None
脑子想的。嘴上说的。算了。	None
谈什么恋爱是零食不好吃吗	None
以為你只要忙起来就不會想她。结果是又忙又想她	None
"存在感低的人在群聊中发言
的感觉 be like:"	None
我不是什么狗勾专家但是我觉得下-代苹果手机的发布会是它主持的。	None
我:捏着汉堡拿起来吃。汉堡另外一边的菜叶。	None
Recharge	None
不管你的喜好标准是怎样的，你依然会有80%的几率突然爱上某位可爱又古怪的人。不知怎的陷入了爱河。*一句话也不说。	None
当你考试不及格 你的同桌也不及格 	None
樱樱樱	None
没有人：凌晨一点我的右鼻孔：	None
我觉得你戴JINGLE这颜色会很好看。你觉得怎样？你喜欢吗？	None
我：*买了个马桶*。接下来一个月的淘宝推荐：。不就代表你喜欢买马桶？	None
*关于我们的可爱场景	None
来到这间餐厅我才发现 摆盘如此的重要： 	None
没有人：当意大利人生病时：	None
你是擦 哪个派系？ 单打 双倍 三层 报纸 超厚 千纸鹤 自由飘扬 缠绕防守无解可击 	None
大型犬：嗨,人类,你好。你今天过得怎样?想要摸一摸我吗?小型犬：别！！！碰！！！我！！！	None
18岁的维萨里。我要偷盗尸体研究人体构造修正盖伦的解剖学。20岁的我。胃在左边还是右边？。	None
无聊死了	None
每间家都有一个装塑料袋的塑料袋	None
当你练习了整整一周才意识到.多年的辛苦训练都白费了！	None
我命运	None
这一切真的值得吗！ 	None
不想做柿	None
伤心的蔡亨源	None
当有人问你： 你的钱都花哪去了？ 你： 你： 	None
当你爸打了你你妈在叫你出来吃饭： 这是阴谋 	None
看看网友发了啥。噢涂nm好几把怪！再看一眼。	None
当你看到电影里的那个最烦人的角色死掉了	None
他还没走吗？是啊	None
如果有更多人按赞该多好。4。13.042。	None
人们：“天呐这就是活化石吗？”真正的活化石：	None
当你把你的宠物抱进房间来，然后你的宠物头都不回地就走出去了的时候:	None
你好，我是被派来保护你的。	None
13:00。14:00。22:00。06:00。04:00。01:00。18:00。10:00。07:00。20:00。09:00。15:00。17:00。05:00。16:00。21:00。03:00。12:00。08:00。19:00。11:00。00:00。23:00。02:00。	None
"12：00
网抑云"	None
我错了	None
人间小苦瓜。	None
*当你清楚地知道事情的全经过，但另一个当事人却矢口否认的时候*	None
这样啊 那我走啦	None
出来外面玩。不。我可以给你维他命D。切。还有5-羟色胺。好吧。哈哈好好享受你的皮肤癌吧。他妈的。	None
你有什么性幻想？”孤独的我：	None
当老师在辅导你旁边的同学时： 我： 	None
當公車突然煞車时.	None
电影里的人是怎么睡觉的。我是这样睡觉的。	None
朋友们，你们知道这个吗？。这是一个扫地机器人，如果你把上面的拉环拉掉的话，它就可以清除掉直径20米之内的垃圾哦。	None
宝贝，我有没有告诉过你你做饭很好吃。嗷~还没有哦。那你为什么一直煮？	None
终于回到家啦，是时候放松下来耶	None
当我做了五个仰卧起坐还没看到我的腹肌时。他们在哪！。	None
饿到流泪	None
我：因为胖所以难过。还是我：因为难过所以吃东西。我：	None
当面部识别系统发现了一些你不想知道的事情时：	None
男孩瞄准的；男人瞄准的；在加油站上厕所的人瞄准的	None
看着我的朋友们都能得到他们的幸福的我：	None
橡皮擦掉了，我以为它在哪。实际上它在哪。	None
都给我进来推荐一部你最爱的动漫！快快快！我没存货了！。	None
好几把难过	None
拿图点赞	None
没有人：八岁时的我：	None
你对象：这东西不好看 太丑了 五分钟后：嗯 细看还行 隔几天：你去取快递 快递：1 发现了用途 快递：2# 	None
当6岁的你发现表现好的小朋友能在医院获得一个小玩具时：这次别他妈搞砸了	None
真好奇到底谁是主角…	None
当你的父母又开始吵架，你回到自己的房间试图去忽略些声音	None
不同凡想 *然后被社会孤立	None
我的心理健康。我。你。meme。	None
不同時期的摩根费里曼	None
帕布洛埃斯科巴在美国政府通缉他的时候还在白宫前和自己的儿子合照，你居然还在担心给喜欢的人发信息？	None
青少年观看评测我活着的欲望 啥都没有啊！（爆笑）啥呀！	None
当你想找一个成年人来处理这种情况，突然意识到自己就是成年人的时候。	None
当我女朋友看到我吃东西塞牙： 她：过来！ 	None
现在的虐待儿童： 当我2003年试图和我妈顶嘴的时候：	None
你好！请和我约会我可以给你买好吃的我们还可以抱抱求求你啦	None
牛奶里滴进了一滴水。水里滴进了一滴牛奶。	None
当爸爸修车时，想尽可能让自己有点用处的我：。	None
这种地瓷砖：存在。在8岁的我眼中：。	None
我：*洗澡*架子上的洗发水	None
和ta认识。和ta聊天。和ta见面并成为朋友。深入了解彼此的契合度。尝试着和ta在一起。我和ta不可能有未来的。	None
我们点的不是一样的吗?因为我喜欢你。干嘛一直拉着我的衣服？因为我喜欢你。闭上你的眼睛晴睡觉。我喜欢你	None
我的计划。我的预算。	None
对8起，我错了	None
当一座桥突然出现吓你一大跳。大志田桥。	None
压力大到连放松的时候也感到压力因为我并没有试图解决那件让我感到压力的事情。	None
人类：你想不想出。。。狗勾：	None
小时候妈妈给我买的超棒橡皮泥。到我手里半个小时后：	None
感觉不到老公的爱	None
当你今天想早点下班然后老板提醒你还有7个小时才下班。	None
想打嚏却打不出的你：	None
世界的参差增加了	None
"我:""嗨，最近还好吗？""crush：【八小时后】”嗯，谢谢关心“"	None
别让身体上的残疾限制了你的野心！	None
我祝愿所有带有假“X”的广告一个非常衷心的死亡。	None
老师：上课时不准吃东西。最后一排的同学：	None
今天考式媽該没忘記什么吧铅肇橡皮尺都有了OK！出發！	None
小明同学跟网恋对象面基了，这是翻车了吗	None
开眼睛看到离闹钟响还有 两分钟的我 	None
我的妈妈奇怪家里的洗发水怎么用得这么快。7岁在洗澡时制作“药水”和泡泡魔法的我。	None
我累了	None
谁他妈的拿了我的充……哦没事在这	None
鹅要蜂了	None
当我今天要去看牙医时：	None
当监考老师差点抓到你作弊，你就开始朝监考老师做这个动作时：。	None
在脑海中听到我的声音。在视频中听到我的声音。	None
我6岁外甥：龙放屁会喷火吗？我：我不知道我6岁外：手我还以为你是大学生	None
当奶奶抓住入室盗窃的小偷，然后奶奶发现他还没吃早餐	None
记住了：白车拉黑屎。黑车拉白屎。	None
文件传完从50Kb变成50Mb	None
当送餐骑手晚点了又把食物弄得一团糟但是最后你还是没有给差评时：	None
巨人的战斗系统。很高很弱。很矮很强。	None
我：抖了一下腿。我的猫：猎杀时刻到了	None
*老师没有在上课的第一时间出现在课堂上*。学生们：他死了。	None
当你在假期的时候路过你的学校时。哈哈垃圾。	None
老板：你喜欢这份工作的哪一点。我：午休和下班	None
养猫猫会让你讲出只有在做梦时才会讲的话。就像：“请你不要睡在我的沙拉上。	None
这是一条来自3256年的meme，我们目前还不太能理解里面的内容。	None
当你跟你妈讲电话时。嗯嗯，喔，对，没错，嘿丢，知道啦。	None
当我爸爸妈妈冲我喊，我的姥姥替我说话时。	None
超级好涩。超级害羞。LDE。我。	None
打开妈妈手机就看到今天家长群 布置的作业时： 	None
同时吃五个薄荷味口香糖的感觉。	None
海龟	None
忘记戴帽子出门了吗？需要东西遮住发际线吗？那就装作突然意识到自己马上要迟到的样子就好了。	None
你：地震终于结束了！ 地震 餘震 餘震 餘震 	None
「AI绘画不会比人画得好的」AI绘画作品：	None
当我得到了足够的关注、爱和性生活后是如何入睡的：	None
我：老爸我可以玩会游戏吗？我爸：可以啊。我：还是老爸好，老妈就不让我玩。我爸：	None
如果你觉得自己一无是处没关系请记住你简单的一坨屎就能堵住别人家的厕所	None
抗原：*第二次入侵人体*。记忆细胞：你来错地方了蠢蛋	None
冬天坐在教室门口。同学进进出出还不关门	None
一张图诠释什么叫经典人物配色。上面是新世纪福音战士，下面是旧世纪福音战士。。	None
只是在发呆*突然意识到这一切的痛苦都是我自己造成的。	None
师傅！ 我...我还没上车	None
父母：我了解我们孩子的一切。情侣：我比你们还要了解。死党：	None
不想理你	None
当上帝得知了人类成功地熬过2020年之后	None
又一次看着我洗除了他以外的其他衣服的牛仔裤	None
不同地区的监控设备： 一线城市。二线城市。我们村 ?	None
继续摆烂。突然想努力。摆烂。	None
我的态度。我的身高。	None
"加量
不加
价
嘿嘿"	None
这不是进化看起来的样子:这才是进化看起来的样子:	None
没有人。当我独自在家时：*拍照并自我欣赏。	None
我身体里的最后一颗5-羟色胺分子(1996，上色版)	None
幼儿是。什么呀？。幼儿园。虹幼儿园。	None
Pocky	None
能推荐一些把你们看哭了的书吗？JAVA中的数据结构和算法	None
"""我知道这听起来很疯狂，但是我感觉我们好像生活在一个虚拟的世界中"""	None
当你一觉醒来发现自己错过了诺亚方舟：	None
那么今年的最糟糕鸟窝奖的得主是。。。	None
接下来的这两样东西里有一个会改变你的生活习惯，里面带有高科技芯片，会被用作监视你一举一动的工具。另一个是能救命的疫苗	None
人们：为什么现在有这么多福瑞控？儿时的经典：	None
不要生氣會老	None
@你单身的好朋友 让他记得保养一下！ WOWMANDAY 手指舒缓面膜 PINDERRELAXMASK 	None
为什么日子这么难过	None
当你正在享用你的生日餐结果看到一群人拿着蛋糕唱着歌走过来。求求你不要。	None
人类：进化出肺，故生活在陆地上。鱼：进化出鳃，故生活在水里。与此同时，鲸鱼。	None
12岁的我暗暗发誓我不需要恋爱因为我有我的兄弟们就足够了。20岁的我依然孤独因为我的兄弟们都有了女朋友。	None
深夜我正在睡觉 我的猫： 	None
制定计划时的我：好！这么积极满当的安排！我一定能成功！真正要去做事的时候：	None
当笔记本电脑玩家是这样的：左手：右手：	None
当你的妈妈说“不行”	None
钥匙带了。手机带了。他妈的口罩	None
ENFP痛苦的原因唯一原因没人陪	None
很抱款我是真的很喜欢你介我只是不擅长和别人保持联系	None
我：*举起手想要回答问题*。老师：*叫了别人起来*。那个人：*回答正确*。答案和那人的完全不同的我：	None
请按任意键继续。	None
当你一切都很糟糕： 但你已经习惯了！ 	None
当生活正在把我拉进痛苦的深渊但是我已经不想抗争然后就这么随着他去时	None
我不信，除非你亲我	None
哭泣	None
中秋節過后。月餅。已經吃月餅吃到吐的我	None
冷漠	None
我看看一群没有性生活的网友分享他门最猎奇的性癖	None
我。疯猴子果汁。	None
蛇像：	None
当你已经假笑两次但对方还在说。	None
已经很生气的我，钩住我衣服的门把手	None
妈妈：# 头疼就休息休息 医生：就是普通头疼，！ 吃点药就好了 网上： 好了，不说了，进去吧 	None
没有人:洗手的时候把香皂捏太紧:	None
这是我在学校。的最后几天了。这真的是我在。学校待的最后。几天了。madewithmematic。	None
班级里突然停电了。班级里的那个人：	None
我：*因为太吵关掉风扇*直升机上的其他人：	None
扮演基于真实故事改编的电影主人公的演员：那个真实故事里的主人公的模样：	None
你怎么这么不懂事，你爸忙了一天了 你也不去帮他一下。 我错了妈。 爸有没有什么要我帮你的。不如我自己来。 	None
牙齿进化论： 我正常吃东西 的牙齿： 我咬到舌头 的牙齿: 	None
别人：为什么你这么幽默。我所有的笑话都是在寻求帮助。	None
女孩的手 你永远不知道能拿多少东西 	None
"*在外婆家*
我：畦外婆这个橘子好好吃
回家时外婆"	None
视频聊天里只顾着看自己全然不管别人在说什么的我。	None
你还好吗? 这他妈怎么又要二月份了	None
0	None
防止偷别人偷吃的食品袋。	None
铁网带电请勿攀爬	None
传说中记载如果你把这张图片倒过来看就能看到一只鲨鱼。	None
每一个猫主人：。啊是谁这么可爱呀！！	None
我喜欢实现家里小孩子们的愿望你就是最好的舅舅！不是因为我喜欢小孩只是因为我小时候没有的我不希望再多一个小朋友没有	None
第一个吃毒蘑菇的人：*死掉* 在他旁边的人：	None
四种不同级别的速度。豹子。飞机。光速。我回家看超级变变变。	None
当你打开冰箱再关上再打开后发现里面并没有出现新的零食。岂有此理。	None
蓝瘦 香菇	None
完美的监视攝影機不存	None
你知道这意味着什么吗？。	None
怎么才能让孩子更加喜欢肯德基？更好的玩具。免费的饮料。电子游戏	None
我在网上随机夸赞网友很漂亮	None
换灯泡时告诉我别乱晃椅子的爸爸。	None
年龄最老的树叫什么？是什么？超龄老木。	None
给数学考试监考的体育老师be like:	None
你是否玩过一款非常“不同”的游戏？以至于通关后你只是坐在那看看字幕	None
头痛？不，是强力胶。	None
当有人在评论区怼我结果引来一大帮人替我骂他。	None
*垃圾桶发明于1883年*2021年的人们：	None
我看到的，我的猫看到的	None
现在谁才是汉堡啊？！哈？！！ 还是你啊！！崽种！！ 	None
我希望这个社会可以好一些，不让它注定击溃我的灵魂。我能做的只有给你一种可以骗你不讨厌这里的药片。	None
LOVE IS A FIVE LETTER WORD. WHAT? BECAUSE IT'S INCOMPLETE WITHOUT U. LOVUE? STOP IT.	None
妈妈有事不在家。*不会做饭的爸爸*We happy?我。Oh,we happy.	None
我祝愿。所有《《猫和老鼠》的爱好者。拥有一个美好的夜晚。	None
当对方没有及时回复你信息于是你开始在社交平台上搜索ta的踪迹	None
金钱买不到快乐 亿万富翁们： 	None
不要让一个喝醉的人给给岛屿起名字。	None
喜欢一个家境好的女孩子会自卑	None
"deideidei
你说的都dei"	None
当我去亲戚家做客然后他们要我抱一下他们的小孩子	None
你有没有试过坐在那边突然一下领悟到。草...原来问题的根源是我自己啊	None
我：下载了ー个app。同样是我：深色模式搁哪儿？	None
当你在停车场开着车又唱又跳了20分钟，你看过去，发现一直有人在你旁边。	None
别让其他任何人浪费你的日子。这是你的日子。你自己去浪费它	None
每当有人给我点赞时我都会重新欣赏一遍我发的优质内容：	None
头顶是这样的狗狗125%是好狗狗	None
在直播中给大家回放字幕出现时间有多准确写乐。	None
妈妈去超市买回来的10袋东西。10岁的我	None
生活。我爱的游戏。	None
和我最好的朋友一起长大。	None
没有人：我：	None
医生之间是如何发短信的	None
我在幻想一些在现实生活里永远都不会发生在我身上的事：。	None
去他的星座你是哪种愤怒表现的人键盘杀手情绪崩溃抓耳搔腮尖叫	None
你只是提前回家了，你没有放假！你只是提前回家了，你没有放假！！你只是提前回家了，你没有放假！！！禁止停笔Don't stop。	None
当你去看医生之后，发现你之前的那些病症突然消失了的时候：兄弟，你真的让我在大魔术师前出糗了	None
我的父母：你以后不生孩子等你老了谁照顾你？我：一根本没想活到老	None
无论你是丑陋还是美丽，当一天结束的时候，就是晚上了。	None
卡车司机就像这样。	None
还记得2020吗？当然，糟糕透了，我经历过的最差的一年。还记得2020吗？当然，太棒了，我的人类朋友每天都在家陪我，真是最棒的一年	None
555~	None
“让我们来看看他生前的浏览器收藏和记录”	None
当你已經很生氣了，男朋友还在那里不正經。	None
我的狗狗，在对着虚空狂吠了2小时后。威胁解除。	None
我他妈直接感动哭了	None
我艺谋了	None
自拍里的你。他拍里的你。	None
我不困我还能熬	None
我在想我和ta唯一的一次互动	None
我：*参加家庭聚餐*一个我从没见过的女人：你小时候我可是给你擦过屁股哟	None
关于明天的事我们后天就知道了。	None
"新发现一支
好听的乐队
发行过两张专辑
10年前发行的"	None
朋友。母胎单身的我。我到底要不要分手。	None
我喜欢你对我做的事。抱我。抱着我亲亲。	None
现在神奇宝贝里的邪恶组织:我小时候神奇宝贝里的邪恶组织:恩6	None
当你成功说服那个每天想只待在家的朋友出门时。	None
又没抢到红包	None
"你是我的玫瑰
你是我的花"	None
当我问了价格 发现自己买不起时： 却还要摆出一副考虑买不买的表情 	None
父母本来在骂你，突然嘴瓢了。	None
别人：你性格真的很好诶。我：谢谢有兴趣认识下其他三个吗	None
当我在跟我妈讲故事，然后差点把那段犯法的部分跟她说的时候：	None
当看完運勒视频的你：	None
好吧，来唱首歌，但每人只能唱一句	None
人在面临死亡之前都会想些什么？ 给我30分钟可以吗 我不想死后儿子 认为我很琐 你快点 	None
半夜打游戏觉得睡三个小时也够了的我。第二天早上的我。	None
这俩人等了都他妈458天才拿到行李，真离谱！我们等到一刻已经等了458天了。	None
打完新冠疫苗后的我和我的死党。	None
神：“好， 满足你 神啊～把我成 能全天下女人尖叫的檬子 	None
B2轰炸机。游隼。我伸进薯片罐里的手。	None
留学生。春节放炮。网课	None
"生活中所有的破事
all my life problems
微博沙雕网友"	None
当有人已經跟你解释一件事三次，但你还是不懂，所以你只能出善意的微笑	None
每件事都让我感到生气。每个人都让我感到烦人。但当你待在我身边时。一切都变得美好起来了。我喜欢你。我喜欢和你在一起。	None
每晚等待你回信息的样子的我：。好想你。	None
突然意识到如果自己不结婚那过去和将来出的份子钱都是打水漂。	None
如果我们都是小青蛙的话，你愿意和我戴着帽子坐在木桩上吗？是或不是。	None
当你喝个烂醉上秤一看你现在体重为两点钟	None
干啥都犯困	None
拨娜娜	None
数百万的树都是被小松鼠不小心种上的--它们埋起坚果，然后忘了把它们埋在哪了	None
一个一直戴眼镜的人摘下眼镜看起来就像：	None
工作了一天回到家的你 	None
美妙~	None
当你吃完薄荷糖再喝水的时候	None
这是他第一次狩猎，请假装自己很害怕	None
最能表达我心情的那张脸长大了	None
如果你觉得心情低落请记住，你比比尔盖茨更接近百万富翁	None
当我做驾考宝典时，明知道所谓的“正确答案”是错的，还是要选的时候。再跟你講話也是浪費我的口水而已。	None
"我妈：我真好奇他天天拿着手机
把自己关屋子里是在干啥
我和我的相机app"	None
想保护自己精神健康的我	None
初代神奇宝贝。第八代神奇宝贝。	None
同学:借我纸巾。三年后还在等他还纸巾的我:	None
每吃一粒珍珠就有一只老鼠失去一只眼睛	None
我觉得我很委屈	None
魔碗魔碗，谁是世界上最帅的男孩。	None
整个超级玛丽游戏的体积是31KB.这张图410KB．	None
为什么这样？ 当你可以这样 	None
当你上课睡死时老师突然喊你的名。你：yes teacher!	None
当我的猫看到我准备要去抱他的时候：	None
十岁的我眼中的十五岁；十五岁的我眼中的十五岁；二十岁的我眼中的十五岁	None
我说的笑话 心理医生 心理医生 巨大的童年创伤	None
商品：价格15。点击购买。配送费10元。 我：	None
当有人记得关于我的小事。我	None
刚刚把这只乌龟从路中间救出来，决定把它带回家。	None
当你需要向老板请假时。	None
你的枪里有两发子弹，你会朝谁射击 朝自己开2枪（54%） 那54%的人	None
一些男生们真的是这样生活的，而不觉得有任何问题DARKSOULSFEEPAIEBOFEIETISE	None
我：*午睡到两点就起来学习！*	None
昨天有乖乖睡觉	None
评价一下我的游戏外设吧。	None
你就是觉得我坑不想带我对不对	None
内向的人就像：。我们是开业的，但是门很重。	None
在戛纳电影节上华金没有意识到自己被评为最佳男主角因为主持人讲的是法语. I didn't get it。	None
我的手机承载了太多他不该承载的东西。我的手机。我保存的沙雕表情包 	None
你终于醒了！我在森林里发现了昏迷的你然后把你带回了我家，我马上煮点东西给你吃。PASTA	None
当冬天你还没睡醒 你父母非要把你带出门时 你 	None
当你在家庭聚会上玩手机时 某个亲戚的小孩： 有游戏吗？ 	None
符合我期望的事物。贵。	None
我需要一份工作。FAST FOOD。	None
在外面的我：我不用上洗手间。回到家之后：	None
你不会意识到自己有多孤独，直到有一天结束后你有好多事情想分享，但却找不到一个人可以倾诉。	None
"我的再生父母
 空调"	None
今天的作业只有一道题，(a).(b).(c)(d).(e).(f)	None
游戏速通玩家。正常玩家	None
耐心渐渐消失	None
ey。	None
你看得懂吗？	None
你有没有过用微波炉加热食物，拿出来以后发现里面还是凉的但是你依然将它吃掉了而不是放进去重新加热。因为人生是如此的漫无目的，熵增是如此的不可避免，而宇宙是混乱无序的。	None
世界上有两种人：“差不多要加油了。”“我懂我的车。”	None
您能给我签个名吗?给我支铅笔吧啊不，我很抱歉，对不起	None
我：不用手推车了，就买一两样东西而已不用那么麻烦。还是我在六分钟后：	None
第一我们先把双脚打开	None
当舍友跟你说老师来宿舍抽 查背课状况时： 你： 你： 你： 	None
当你带她去全美国最贵的地方吃晚餐只为了证明你有多爱她时：	None
别人的大学生活：采访苹果公司CEO；我的大学生活：	None
当你刚看完一部你觉得 很好看的动漫/漫画时 文芸部 的 人生多魔美好！ 	None
医生：记得代我向你的父亲问好。男孩：但是…他都已经去世一年了。医生：嗯	None
正在等你打开我发给你的视频的我:	None
1925年，一张专门邀请别人欣赏日食的请柬，还附有眼镜片。	None
“2月只用单身28天！”“2月只用穷28天！”只有28天的2月。2月29日生的人	None
跟我说说你自己吧”。我，努力在想我到底是个什么样的人。	None
老师:谁再发出点声音就给我出去站着！！我：转头去看同桌。 此时的同桌: 	None
"当考試始而你發現你第一題就不會""没关係，我只要跳到第二題就好”""基於你第一題的答案"	None
你是机器人吗？。我不是机器人。reCAPTCHA。Privacy-Terms。Boston Dynan。	None
当你在微溥点开个查看图片时。有意义的图片	None
没有人：超市里的鱼：	None
互联网上的钢琴神童演奏时的感觉。我演奏时的感觉	None
经 想你	None
我不行	None
内向的我被外向的朋友拉出去认识新朋友时	None
我：吃完饭就去学习！我吃完饭后：	None
我祝愿所有刚刚关掉微博的人一个非常忠心的，欢迎回来。	None
当我孤立了自己，破坏了我与朋友、家。人和伴侣的所有关系后我看看我手机。里收到的0条信息：。	None
人们厌倦我然后离开了。他们不知道我也厌倦了但我选择留下来。	None
当你兴高采烈地约朋友一起去看电影 结果对方说这些ta全都看过了。	None
当你的朋友在上课的时候给你讲了一个爆好笑的笑话。	None
妈妈叫我吃饭时。妈妈叫我做家务时。	None
当你看视频memes时	None
气质女人不轻易落泪。	None
我想你了。会一直我不开心陪着我吗我希望你能好好的想要你多陪我一会我有点想你我爱你可是不知道怎么去表达我在好好生活隔三差五想你我想要的幸运是和你一起你要做什么我陪你	None
直至死亡才能将我们分开。但死亡之后呢?我想我们现在都单身了对吧。对...所以·你想喝杯奶茶吗？	None
把委屈藏在小包包里	None
caaaat。	None
我实在没钱咧	None
别人男友拍照vs 我男友拍照	None
"蛤？ 蛤？ 蛤？ 蛤？
蛤？ 蛤？
蛤？"	None
没有人：凌晨三点钟，那个我用来堆衣服的椅子：我要把你杀了。	None
串门时亲戚要塞红包给我。我：阿姨，这么大了不要给红包了。我的内心：YES!YES!YES!YES!	None
你好，我妻子好像快生了，我应该做什么。是她的第一个孩子吗？不，这里是她的丈夫。	None
当你在简历上撒谎，还能得到这份工作的时候。	None
我希望我能像这个男人信任他的椅子一样信任他人。	None
当你必须在你爸爸用过厕所之后上厕所时：	None
看到台阶就下	None
"呜呜呜
草泥马 老子好难过"	None
我丈夫说：“祝你今天愉快！”所以我又买了一条狗。	None
当我在外面碰到朋友。我。我朋友。	None
心里苦啊	None
为什么要尊重店员。因为大家都是人出来混口饭吃不容易无论是哪种职业都是平等的	None
无辜	None
当女生们坐在上面30秒后：。	None
还是个孩子的我在回家路上一遍又一遍地读着新买的游戏的盒子背面。	None
纽约 be like：10000刀/月	None
我20岁的又一天。让我看看今天哪里痛。痛苦转盘。痛苦转盘。一切1脚痛头痛腰痛	None
8岁的我被父母大吼大叫后正在计划如何独自生存。	None
“我在一家坐拥上亿资产的世界五百强企业工作。”麦当劳。	None
别人考试读的书。你考试读的书。小红书	None
是什么蒙蔽了你的双眼： 金钱 美色 游戏 	None
等情人节过后在闲鱼上手二手礼物的我。	None
氯原子。钠原子。电子。	None
是啊热恋期是很好，但他们不知道热恋过后，就会经历冷战然后分手*我*	None
乔伊，一个得了白化病的棕熊，每次他在森林被动保组织发现时，都会被解救下来，睡醒时发现自己到了北极了。幹，又来！。	None
我的愿望就是能像这只猫一样开心。	None
痛苦van分	None
你要对披萨做什么？管好你们自己的事	None
我有事就不和你们出去玩了	None
由于疫情限制出行，大气污染物减少，我们可以在地球上清晰地看到太阳系	None
别人给了我一只小猫我的狗以为是她的宝宝。	None
我可能谈了假恋爱	None
被绑架后5分钟，那你为什么会选择我。	None
拜登在离开家乡就任总统之前热泪盈眶 我每天上班前也会哭	None
speechless and wordless a.无话可说 无话可说	None
瞧，难得一见的奥利奥。	None
Photosynthesis.Photosynthesisn't	None
是啊，doi是很酷，但你有没有试过和对方在电话里聊天直到其中一人睡看为止？。	None
我的猫向我要食物：喵喵喵～ 心情不好的我:喵什么喵！ 我的猫： 	None
*面试中*我：时空穿梭。面试官：你有什么特别的技…我草?	None
5分钟小技能给人的感觉：	None
也许我是一条狗绳。	None
在外面时的发型。在家里时的发型。洗澡前的发型。	None
大脑，最近咋样啊 哈没错	None
当好朋友来参加我葬礼。	None
当你女朋友正在和她老爸吵架。她突然大喊：我男朋友才不怕你呢！。	None
当免疫系统对花生产生过敏反应时。我们做到了嗜碱性粒细胞!我们拯救了身体。	None
流浪汉：“喔干我衣服落在桥洞里了，不过应该不会被别人偷走吧，谁会拿一堆破布去卖呢”侃爷：	None
以前；现在；代表着善意与安全；代表着威胁与危险	None
我输入的文字。在输入文字的结尾加上emoji后。	None
爸妈：你看你一天天的没个正经样，你到底什么时候能成熟一点？我：	None
强颜欢笑	None
你的人格类型是：CNKI延毕者。导师大改	None
当你12岁时用WiFi万能钥匙破解了楼下的WiFi：嘿客。	None
当学校外在施工时 在教室的我： KOMAT 	None
好吧..今天先不买	None
女人煮菜试味道時的统一站姿	None
在你劳累了一天后鼓励你夸奖你在你难过时安慰你最重要的是你会经常得到一个温暖的拥抱	None
"对方不想跟你说话
并向你扔了一对象"	None
猪猪想要点钱吃饭请选择付款方式	None
香烟是在1865年发明的。1864年的人们：	None
*AMSR*用青蛙电话给我的前妻打电话。	None
你总是跟我闹反正闹了也分不了	None
*我妈带着五岁的我经过麦当当*我妈在我说出每一句话之前：no。	None
本来就过的不是很顺心的我。那个勾住我外套口袋的门把	None
他小时候是被猫养大的，所以现在像猫一样。	None
朋友：哦我昨天梦见了我喜欢的男生！我的梦。	None
当你已经射精一段时间了，但你还是找不到卵 子。 这是一个什么样的地方！ 	None
女生:我喜欢那些会挑战极限的男生。我:	None
你怎么了？我没钱了	None
我觉得学医救不了罗德岛	None
当你跟你的狗説“我们来玩捉迷藏吧”：	None
当三年级的我，把笔立在桌子上然后按下去，让笔弹射起来的时候。	None
没有人：当我不小心按到	None
那么请问：你是不是想热死我？ 对啊，我就是想要热死你 	None
当我教了小弟弟小妹妹一句新的脏话。	None
你会为了钱出卖你的朋友? 我. 	None
当我在客厅看电视 你妈妈突然带客人进来 火速逃离！！ 	None
我靠上课迟到了，原来今天星期六啊 	None
半夜3点我房间里的那瓶水：	None
周中限定 虚假的皮肤 真正的皮肤 	None
脑阔疼	None
女生的口袋。男生的口袋。	None
当我在洗澡時唱歌：我以為我唱的，實際上别人听到的	None
没有人：微博的视频：	None
月亮的真实大小：（我拿了一根香蕉和它做比较）	None
新的一天新的难过	None
没有人：我以前酷狗音乐里面的歌。	None
当你生日时在餐厅吃饭然后突然看到服务员走了过来	None
当你不小心把球扔得太远时。	None
肚子上怎么这么多肉	None
当你很清楚自己不是读书的料，但是你还是去读了的时候：小红书小红书号：876383473	None
孤独的人，希望自己能有一段恋情被恋情困住的人希望自己恢复单身搞纸片人的人还能享受单身的自由	None
哎又浪费了一年，但幸好这次不是我的错。	None
别人对我的好。觉得其中必有诈的我。	None
当你刚入坑一个游戏，但你的朋友有了很酷的皮肤了的时候。	None
i love you this much我爱你有这么多	None
当你喜欢的人第一次触摸你时。	None
男生： 橡皮擦 男生 铅笔 	None
天天没事就去骚扰朋友，废话连篇倾诉欲强。如何才能在超级烦人的同时还很可爱	None
我很讨厌老师在我的作业上面打一个大大的“？”，拜托，我也不知道我在些什么鬼。	None
我就是这种学生： 我讨厌在这面写，但喜欢在这面写 	None
6岁的我在沙发上迷迷糊糊地睡着后醒来发现自己躺在自己的床上时。	None
我应该带我的狗去看兽医吗。	None
纠结了一晚上决定了吃什么 走到门口发现里面人超多： 要不下次？ 	None
顾客就是国王。顾客就是国王。	None
"柠檬树上柠檬果
柠檬树下你和我"	None
当你跟一群人在一块聊天 聊的不是你的话题： 在一旁放空的你： 	None
电视剧中的急救方法。心肺复苏术，伤口的包扎止血，夹板外固定，大声叫名字	None
我喜欢的人给我随机分享了一则ta觉得有意思的信息而这条内容却让我一整天心情都变得很好	None
当饭菜在慢慢凉透但是我还没有找到一个完美的下饭视频时。	None
*在路上看到前男友或他的朋友* 我： 	None
正在逗史蒂芬霍金笑的金凯瑞	None
她不知道是什么扇了她一耳光。	None
我喜欢的人: *存在*我:她不会选我的。我自己都不会选我	None
真是伤脑筋呢	None
当萬聖節已經过了，但你的邻居还是挂在樹上	None
我：*因为想吃冰激凌而在公众场合大哭*。我妈：家里有冰激凌，我们回家吃啊。家里的冰激凌：	None
我买东西的流程：看到它，喜欢它，看下价格，离开	None
好想哭怎么肥四	None
"学生被霸凌
时的老师
学生顶嘴时
的老师"	None
我：等我工作忙完了我一定要找点乐子做；工作忙完后的我：	None
带人家划划水好不好嘛	None
当你生活中一切都糟糕透顶，但是你踩到了一片很脆的落叶时	None
*理了发	None
小时候的我给父母狂讲电视上播放的动画片的内容。我的父母耐心的听，尽管他们根本不在乎。	None
教学:如何喝水。看这个视频之前的我。	None
嘿，伙计们我是撒旦怕你们忘记提醒你们一下像瘟疫洪水旱灾这些都是归上帝管的我只负责狂欢和重金属乐队	None
八哥犬主人：我家八哥犬是全世界最可爱的。八哥犬：。	None
“你最大胆的性幻想是什么”，有人往我的落体上砸几百万的钞票后就不管我了。	None
你 你的朋友 拿着你的丑照 	None
我以为我穿上网购的衣服的样子。实际的效果。	None
到公司了	None
加勒比海盗。索马利亞海盗。	None
施主，出家吗？佛家APP推荐线上出家，不剃光头，可近女色今天给大家推荐五个小App，积一积德，App非常小，不占内存，记得收藏哦线上烧纸：BurningPaper②线上敲钟：木鱼App图线上烧香：一香App线上转经：转经筒App5线上佛珠：佛珠App	None
"无神论者在自己的葬礼上听到人们对自己说""上帝保佑你“而不是“科学保佑你“""时："	None
看恐怖电影时如何防止被吓到 usedaatma 	None
我们知道你的愿望是有一天能看到树木。生日快乐。	None
有情绪波动的女生就像这样现在VS五分钟后	None
他：今天有人夸你很美吗？她：没有欸~他：没事，说不定明天就有了	None
"当一个婴儿让你抱的时候，ta妈妈说""ta一般很认生的，都不让人抱的"": 。我。这是不是意味着我很特别？"	None
统计局调查发现全国工作时间每天不足7小时	None
有人曾经 『准生气』过吗？ 就是你还没生气，但你知道有 人一定会惹你生气，所以你已 经做好了生气的准备了 	None
Quiet please.He Is about to make history.	None
“你和我的观点一样”“总算有一个说真话的人了”	None
他说的话： 他的行为：	None
我是谁我在哪现在才几点	None
当我和某人想处的很自在的时候。	None
当你给别人分享你的网易云歌单。我一般会在这个地方哭。	None
我爸给我家的猫做了一辆坦克。现在他是坦克驾驶猫了。	None
没有人：凌晨3点的我：	None
学校组织旅游的前一晚我是怎么睡的哈哈我怀念那种对生活如此期待和兴奋的日子	None
人们：单凭古代人那么简陋的设备怎么可能造出金字塔？！手上只拿了一根木头的现代人	None
回去以后帮我跟妈妈说声对不起	None
妈妈说不行。爸爸说可以。	None
5岁的我想要弄清楚冰箱里的灯到底是怎么自动关的：	None
当你收拾完桌子却被长辈说应该去收拾下桌子时：	None
嗨想知道我要用这两个手指对你做什么吗？想知道，快告诉我。离开你再见。	None
老师： 当班上最皮的 同学请假了 老师： 又出一个特别皮 的同学 	None
你要睡了吗？是的，请安静。呼吸已被设置成人工模式。	None
当你在场的唯一一个朋友 跑去找别人聊天： 嗨，植物 	None
这是比尔，比尔很有钱。比尔很聪明，学学比尔。	None
*对方向你分享了一张图*这是我们耶	None
当动漫和影视剧中的反派把你最喜欢的角色给杀了，但他们杀人的原因非常合理且有一-个悲伤的背景故事时:	None
"足球踢输了
棋下输了
俄罗斯转盘玩输了"	None
感觉到老了吗？这些都是十年前的动漫了。	None
当死宅要出门去完成一个一周前因为自己心情太好而制定的计划时：真他妈的是个噩梦	None
出门前。出门后。	None
COOLUNCLETRICKS。如何用手指转篮球。1：用指尖令球平衡。2：旋转手腕，使手掌朝外。转速更快。转速更。球的中心将。看上去几乎。没有旋转。3：旋转手腕，同时将球向上。抛一点，令手掌朝向自己。4：找到球中心的目标接触区。怪奇百科。5：向上伸展指尖。6：用指甲边缘顶住球的中心。并形成一个小角度。并令其保持平衡。OArtofM。	None
刚下班鸭	None
卧槽，最新一季的《USA》太好看了	None
上个厕所的时间 摩托车变摩托艇 	None
叹气	None
当你问你的狗狗谁是乖宝宝呀？！。哈，我当然知道是谁，那就是我。	None
等会儿吃什么	None
让我小脑斧看看 你在搞什么名堂	None
"电影里的黑客就像
搞定，我黑进去了。"	None
当某人指示我要做一些我原本就打算要做的事情时：好啊我現在不做了ISFP	None
圣主将会在中国的农历新年之际复活	None
在儿子的衣柜里发现了一条裙子。	None
“世界这么多人，你怎么喜欢上了我我眼里的你：	None
为什么猩猩停止了进化，因为在进化就要上班了！ 	None
没有人：我的大脑：感到痛苦？你活该这样	None
她：我忘记带我的钱包。他：靠，牛逼。	None
你应该多交一些朋友。我：	None
阿太对了，人生的三个阶段。童年/痛苦/长眠。	None
日本就该用Wii Sports来举办他们的奥运会。	None
哈里非常适应美国的生活，为什么这里的足球看起来像鸡蛋一样	None
我用了8年的手机别人用了1年的手机13A stv@训练有素的普通	None
最完美的关系：主动。嘿。（请注意我，我很喜欢你）。被动。你真烦人。（但请不要停止）	None
上学时： 作文题目 上医院的难忘回忆 作文中的我 实际的我 飘泼大雨 爸爸背着发烧的我去医院 	None
新年刚收到的红包 被妈妈拿走： 妈先帮你存着 	None
我们需要空中支援。加油大兵们。	None
我玩游戏：做主线。和npc大聊特聊。	None
氦气:是一个非常稀有的元素我们将在2045年用完人类:	None
小时候的我。妈妈的购物清单。妈妈。妈妈。牛奶，鸡蛋，面包，面条，tang果。妈妈。小时候的我。	None
辣。喝杯喜茶冷静一下。	None
她：哎呀，人家吧钱包忘在家里了~他：啊偶这也太粗心了吧	None
如果谁能猜对这是什么动物 我今天就喝个烂醉！ 	None
是甚磨呢？三上老師我有個请求。三上老師。是...你说没開係。三上老師	None
算命的：你将会永远单身然后 在自己家孤独终老！ 我· 自己的家 	None
蓝瘦 香菇	None
我需要做的事情。我想要做的事情(但还是不会去做)	None
由于人类活动的减少，空气污染降低， 人们现在能清楚地看到美丽的天空： 没有人爱你 开玩笑的，我爱你 	None
你说啥？风太大我听不见	None
没有人: 熬夜网课的国际生: 	None
当你给你拍照时你假装并不知情，因为你认为这会让你看起来更酷。	None
第一类永动机	None
我。早上6点的鸟。	None
你的心像石头	None
前两部哈利波特。剩下几部的哈利波特。	None
根据我妈的描述，我和我的卧室belike：。	None
有什么话快点说。还有四十几个小哥哥。等着我回复呢。	None
当我找不到我的手机 把它藏起来的朋友： 	None
如果你要和你手机屏保的人一起困在电梯里的话，那么你会和谁呢？	None
好想养一头猪	None
小美女，上来叔叔送你一段啊。你有糖吗？没有。呵，真业余。	None
她：今天过得真糟糕。我：那我给你看点好笑的东西。我觉得好笑的东西。她	None
这tm谁? MARVEL DA DEPRESSAO 擦· 	None
假如我年少有为不自卑对象肯定一大堆	None
当你的工作是给谷歌地图插大头针。	None
啊完蛋，我忘记带公文包了。	None
当你做事时注意力一直不太集中，所以你父母把你送到集中营的时候。给我等等。	None
已婚。	None
如果极简主义不存在的话。火狐浏览器	None
动漫里的熊猫。现实中的熊猫。	None
好冷哦，来冲个热水澡吧！ 男人 女人 	None
错误时间错误地点。超级困蛋魂归床畔。	None
信不信我哭给你看	None
看着同学陆陆续续的恋爱	None
“我tm服了都说了多少次我不愿意散步” 	None
群火烈鸟可以在不到60秒的时间里将一头霸王龙啃干净。	None
这是Rico，不知为何他突然爱上了我妈妈的电饭煲。	None
热的我都想进冷宫了	None
看138话思考该怎么改成动画的马趴：	None
我可以做你的天使。或是恶魔。	None
沙粒。给我全宇宙最小的东西。原子。我说，全宇宙最小的东西。X（手游广告角落的）完美 	None
PC電競椅，手游電競椅	None
没有人:。刚被我抱到房间里的猫:	None
我：*把枕头翻到凉爽的一边*，在我葬礼上的所有人	None
当你邻居看到你在洗车于是就说。哎那你待会顺便帮我这车冲一下	None
我的心理医生:你有过自杀的念头吗?我:只想过几次而已心理医生:那你就是没事我	None
你可以许三个愿望喔！！我希望数学不存在！！好的！！你没愿望喽。	None
我没事，不用担心我啦<3	None
“你被杀掉了？”*完美的奥利匹克LOGO*“很遗憾，是的”“但是我活过来了！”	None
没有人：会下地狱的人：	None
“明天一定做!”我对我的人生说道。	None
耶和华：规矩就是不准吃那棵树上的… 夏娃：	None
当有人赞美你，而你不知道如何表现时。	None
：第二天醒来向导昨晚喝多做的蠢事。	None
你累了。被窝里很温暖。开始下雨了。远处传来雷声。你喜欢的人从后面抱住了你	None
你只能选择其中一个。其中一个。猫女友。（她很爱你）。（这是其中一个）。	None
Oh HELP HELP!	None
被生活磨平我这只小猫咪的棱角	None
當你们决定開車去旅行時。我累了。你对象。你。	None
12:02 12:01 12:00前回家没周题吧？12:02	None
一群积极向上有作业有目标的大学生。一个奇怪的箱子。谁会赢？	None
我不美吗	None
当妈妈出门让我晾一下衣服 然后等到妈妈回来时我 才意识到我忘了时： 我： 	None
日常中的美国和俄国。太空中的美国和俄国	None
神奇的盖被方式： 完美 	None
爱我的人在哪	None
疫情限制人们的出行使空气质量提高，我们现在可以清晰地看到空气中的无线电波	None
当我迫不得已使用语音转文字而对方说的是方言时：。我看不懂，但我大受震撼。	None
我要看腹肌	None
“你妈妈人好好哦”当他们走掉之后，我妈：演戏到此结束	None
人类：进化出肺，生活在陆地上。鱼类：进化出鱼鳃，生活在海里。鲸鱼：	None
谁还不是个小可怜	None
嗨一嗨，醒一醒大清亡了你知道吗	None
自己在家唱歌。在KTV	None
当你听歌时听到吉他solo，所以你两只手指在空中乱弹。馊喽	None
马里奥和路易吉事怎么看待器官贩卖的？马里奥说。路易吉说：Thug life。	None
当你朋友在一条微博底下艾特你并说快来看,但你几天前就已经把这条微博分享给ta了 	None
当我终于找我到一位喜欢的人时：	None
你的朋友问了你最讨厌的问题： 你 	None
我哭了鸭	None
儿子，你赢了吗？是的，爸爸，谢谢你	None
当我们终于见到面时：我：（喜欢）讲个不停。ta:。认真聆听。（不怎么讲话）	None
川普：我是历史上最伟大的总统！应该像古代帝王一样有个封号！ 推特：好嘞。	None
夏天睡午觉总是那么的“上乘” 	None
朋友：你一般都在哪刷鞋？我：。	None
"论摸鱼
你是比不过我的"	None
我不太喜欢重金属，你觉得抒情摇滚怎么样？我不太常听，不过没关系我们不需要喜欢所有相同的事物才能一起出去玩也没有理由因为你喜欢某种特定的音乐风格而去评判你	None
"最近生活怎么样？
我不是很在行
但是没关系"	None
Due tomorrow Due tommorrow at 12:00am	None
这他妈是个什么东西	None
人类最后的武器,能不能打败哥斯拉就看它了	None
在北京每天睡觉都被干醒的南方人：	None
通过运河。成为meme	None
没人比我更懂划水。摸。	None
每天我的大脑都在想什么：。好累啊。11%。好饿啊。11%。44%。好想作爱。9%。好想作爱。他妈的。好想作爱。20%。菜。5%。死了算了。我好丑。	None
小学时的数学老师： 难不成你以后出门都带个计算机吗？ 现在的我： 	None
我妈：你都多大的人了，自己去看医生去。我。	None
当你意识到自己正在慢慢出现父母所有的有毒特质时：	None
当你明明知道大家都在网上嘲笑你把内裤穿在外面，但你还是要去拯救世界。	None
我：只是个小过失而已，没什么大不了的。一整个星期的我：。	None
你的晚安我不等了我累了，自己先睡了。	None
当我尝试对某人敲开心屁时：	None
所以。。。你没带我去洗手间。	None
"我可能看起来很冷静但实际上我已
经在脑海中猛扇你三个耳光了"	None
现实生活的浦西。日本浦西	None
我是梅西 我看这局没戏	None
如果你看到一只有纹身的小猫 请不要一直町着它看 	None
蕉头烂额	None
今天是最后一天休息！我制定了很多计划	None
寻求心理治疗和安慰自己获得实际帮助“人生就是这样的”我：	None
虽然是第一次但我会努力的	None
卖老虎8000元，他有时会叫，但那是因为他会说两种语言。	None
这个事情等明天再来做吧。明天的我。	None
我的猪脑袋	None
每当我感觉很糟糕时。我想起来了。我有你~	None
地球上最安全的宝宝。	None
*当你的技术明明比对方好，TA却靠着氯金的装备一次次将你打败。游戏厂商:这种事你们可以花点钱嘛！	None
这是一款洗衣机。它和普通洗衣机没什么区别。但是他可以检测出洗衣桶里的耳机。	None
当你从下午四点睡到下午六点。我在哪时？	None
在餐厅吃饭 旁边明明有空位 可那个人却坐在了你旁边： 你 	None
我妈：喊了一下我的名字。我：干嘛！我妈：。。。我：叫我干嘛！我妈：。。。我。	None
坚称不需要超市购物车的我	None
viralcham 女生挑洗发水： 功效 品牌 香味 质地 有没有致脱发成分 洗发水颜色好不好看 留香时长 包装设计 闺蜜是否推荐 网上测评 会不会头痒 适不适合自己的发质 男生挑洗发水： *包装上写洗发水* “好，就这个” 	None
2020.我们。2021	None
你欺负我我要揍你	None
对不起我太黏人了没关系呀，我喜欢你黏我，就像被你重视那样我再也不三个月后：黏人了	None
即使明明知道自己会点跟往常一样的餐但还是假装很认真地在看菜单的我：	None
当我工作中受到了一丁点的委屈 我的脑子： MUSTEI POINT MEMES QUIT 一键辞职 	None
英国 美国影视剧的英国	None
网抑云小孩：我真的太孤独了。那个自从2003年就一直卡在体育馆天花板管子上的篮球：	None
当有人问你最喜欢哪部动漫，你却把看过的每一部都忘了怎么里面是空的！	None
好秃然	None
当上帝把所有好吃的东西都变得不健康后	None
"我：*身体稍稍挪了0.01厘米*
我的床铺
做博@条眠压事
恶魔般的高声尖叫
High-pitched Demonte Screeching]"	None
学校副校长 学校正校长	None
我他妈直接破你防。想破我。	None
当你家做了好吃的！ 你的领居： 	None
当餐桌上的菜你都不爱吃但是又不想显得一直没有在吃东西于是只好第54278次喝一小口饮料。	None
看见家里来了客人 我瞬间躲进屋子里 客人： 	None
"感到焦绿
Green Banana"	None
.........  emo了	None
看到了吗？数学其实也不是很难的！老爸，学数学有什么用，将来在生活中会用到吗？当然！将来有一天，你也得辅导你的孩子做数学作业。	None
动漫党：下一集下周就要播出 了,我可以等那么久 。漫画党： 为了25页的内容等了一 个月。 	None
7岁的我半夜两点被尿憋醒，躺在床上思考着，是要等到明天起床再去尿还是现在？冒着被魔鬼抓走的风险冲到厕所解决掉。	None
还没有找到你的灵魂伴侣吗？哈哈这不就是我吗	None
好了我要开始学习了。欸干现在才8：17，8：30再开始好了	None
“膳食平衡很重要 我： 	None
哪个最适合画画？语文。	None
Heyy~我睡不着Heyy我睡不着我睡得着 晚安	None
做得好！你今天跑步减去了79公斤	None
我突然想起我在幼儿园的时候有一次突然给我的女同学一拳，因为我们在画鸟，然后她给她的鸟画了一个人的鼻子和嘴然后我怒了 她画的鸟看上去是这样的：	None
当我在对话时突然想到有一个meme特别应景但我必须在手机上800多张memes中找出它时：	None
伤身体，不了不了。	None
人们：*带着食物来到海滩*所有海鸥：Is for me?	None
"我：""妈妈，不用来车站接我了，外面太冷了""。到站半小时前在车站外等我的妈妈："	None
再见我的朋友。你就把这个叫做抱抱？	None
擅长装傻其实心里都明白只是不愿意说出来	None
范迪塞尔：I'm groot；漫威：我给你五千四百万美金	None
我：咱们毕业后也不能忘了彼此啊！我的同学：肯定的。毕业后，我的同学们：	None
一拿到手就忍不住捏爆： 	None
"生活
我"	None
敖广办公室。那些珊瑚。	None
11岁的我，在把我和我喜欢的人的名字放到爱情计算器中计算后发现，你们只有17%的匹配度的时候：	None
"ouginal
阿尔卑微
高级牛奶味硬糖
生产日期
20090108 1458
"	None
上学时老师让交作业 即使知道自己没写也要装作翻找： 在哪呢去哪了？ 	None
好热	None
我不是孕妇但是我也想要一个孕妇枕。这玩意看起来巨舒服	None
被闪瞎！	None
面试官：所以你有什么特殊技能吗？我：	None
当你在用电动剃须刀刮胡子的时候，突然听到它的声音慢慢弱下去，而 你此刻正剩个希特勒胡子的模样。来，不能在这种地方。 	None
猫掉下桌子的瞬周	None
我的座位是这样的好让她的脸看起来像这样。	None
正常心跳。已故的心跳。当你摸口袋没有发现手机时的心跳。	None
设计出这个楼梯的人	None
当你清空了装备准备收集材料结果就听到boss战的音乐响起	None
卑微	None
 我:我相信我的朋友们,我愿意把我的秘密跟他们分享我的朋友们。	None
我：精心化了2个小时的妆。ta：你不化妆看起来更好看。	None
这小家伙找到了整个公园最适合休息的地方	None
网站be like：哦？你说你是人类？那你给我指指看下面这些图片中有哪些包含了红绿灯。	None
省省吧 susan,我今天看到你叫每一只狗勾都是乖崽	None
在2004年2月29日出生。到现在一共过了4次生的人。You think this is funny？每年都过生日的人。	None
泪，6了下来	None
当你睡觉压到一只手醒来be like。	None
恐雀开瓶	None
我想成功的欲望。我想当一头懒猪的欲望	None
*没有人*我的被子在凌晨三点	None
你这样会失去本宝宝我的我给你讲	None
当你还没睡着就已经开始等不及要下明天的班。	None
这个meme模板一直以来都被人们用错了因为彼得帕特在被蜘蛛咬后视力变好了	None
吸血鬼be like：太阳光；通过月球反射出来的太阳光	None
总是在我厕纸用完的时候救我。	None
感到受心或压报那就对打量少創萌推是黄推否保	None
我最新的趣是找看起来像离過两次婚的鳥	None
我想要个。这~~样的。	None
拍个照 发朋友圈 	None
动漫。网飞。哇，不错的meme，禁言30天	None
噗哟唔！发出奇怪的聲音了。對對不1。	None
当你们同居后：待会吃亲爱哒到你怎么什么？我洗完洗啦啦澡啦?	None
2020年的我。20201年的我。	None
沉重打鸡	None
当你回到家发现你期待了一整天的零食都被别人吃完了	None
当你打了一只大蜘蛛结果它直接跑到你床底下	None
"我森气了
  哼"	None
你妈妈人好好哦，谢谢你了啊，那都是她演的。	None
屹耳露出笑容的罕见照片。	None
李宁。nike。莆田鞋	None
就吃一口 胖不到哪里去	None
朋友：进来啊，放心啦 我的狗不会咬人的 我： 他的狗： 	None
有时候我会因为没有和别人保持联系而感到不好意思。直到我意识到手机是双向的而别人也没有和我保持联系。	None
*没有人。男生们：*早上的血细胞。想过去牛牛那玩吗？哈哈哈哈好啊。	None
MomusFeedNEWS。紧急新闻：狗勾停下脚步和路边一对流浪汉玩耍。	None
让我成为你成长的动力支持和帮助	None
你知不知道你很过分	None
别人海边拍照VS我海边拍照	None
亚洲父亲：我讨厌宠物，不要养狗。家人：*到头来还是养了一只狗勾*。父亲和那只狗勾：	None
“礼物？今年你们连个屁都别想拿到！”	None
当你和朋友道别但你们要拐向同一个路口时。再见 艾斯奥特曼。？？	None
我们在这里坐了快两个小时了，什么时候才恢复供电啊？	None
当你意识到你正在慢慢地不喜欢你最喜欢的歌	None
6点闹钟响起。贪睡10分钟。10：30	None
证件照 网络头像	None
我已经看过这个meme了	None
投稿被采用的我。	None
当你捡起来一个蜗牛，然后带它去任何一个地方时：	None
醒醒，快醒醒。求你了，我知道你可以听到我说话，没用的，他已经重度昏迷了，那我们看看他的历史记录吧。	None
这罐子好难开！	None
1017刚刚的聚会太棒了。确实。但回家的感觉更好。和别人聚会最大的确实呢好处就是让我想起我有多喜欢你	None
当初选专业的我。为自己挑一件适合春天穿的帅气外套的我	None
小时候一生气就开始幻想。自己扛看这个离家出走：。	None
当你还在生氣但还想握住對方的手时	None
“您的包裹将在今日下午5点送达”下午一点的我：	None
你的上网时间到头咯。	None
一奶奶头痛， 来吧，小姑娘，我给你拿点维克·瓦鲁布 	None
去精品店里戴上一个奇怪的眼镜然后等着朋友转过头发现你的傻逼样的你：	None
我的表达能力。我想说的话。	None
你睡觉时经常动吗？ 不，我几乎一动不动！ 我在凌晨三点： 	None
当我带家长一起开车时。	None
你走开	None
那个在班里面搞笑的孩子回到家里：	None
当通知取消考试时，没有学习的孩子，花时间学习的孩子。	None
我：呕！一只虫子！虫子：呕！一块又没用又抑郁的屎！我：	None
「狗勾，想不想去散－」	None
如果说“徘徊在生与死之间”这句话是一个人。	None
这就是我不包装礼物的原因：。	None
当你肚子日益见大贸 觉得自己可能怀孕了 去医院做了个检查 MI1.3 5/10/2009 10-161844SARADIOLOGY T151-2 5:12:35PM 888 9 	None
"国际父亲理事会決定所有的父亲都必须故意把
他们孩子喜欢的东西读错"	None
委屈	None
当你想成为一只坚强的狗，但实际上你看起来就像可爱的土豆泥。	None
妈妈：你已经22岁了！自己去看牙去！ 我：	None
我emo了	None
看爽爽子一家发言的我。做导数第一问的我	None
请问你平时有什么兴趣爱好吗？ 我： 	None
当我得知此次聚餐少于十人。但一半以上都不认识。我这人不爱凑热闹	None
所以我的姐姐在圣诞节给他的狗狗买了一个新的球。	None
父母:给我买了个游戏机我:*用来玩游戏*父母:	None
我的同龄人。正在努力通关的我。	None
熱死了	None
情侣分手后最难过的 是谁？ 男生 女生 听你诉苦 的朋友 	None
还剩下一片披萨的时候，女生是这样的：我吃饱了你吃吧。不不不，我也饱了，你吃吧。男生：给老子吐出来。就不要。	None
2020年的贾斯汀比伯看上去就像是那个能把2009年的他绑架到卡车里的家伙	None
出门半小时。出门40分钟。出门一整天。刚出门。出门1分钟。出门3分钟。刚出门的。我。出门5分钟。出门5分钟。	None
当我找某样东西时我的大脑：当我回忆人生中每一个尴尬瞬间时我的大脑：	None
当10岁的我在父母旁边假装听不懂电影里的成人笑话时	None
没有人:《蜘蛛侠:英雄归来》里的彼得帕克:	None
去剪发 女生 男生 花了$2600 花了$200 	None
和我选择了不同的人生道路但完全ok的那个朋友。我	None
当你的朋友诉说你无能为力的烦恼。	None
小时候我以为自己是海绵宝宝。长大后我认为自己是章鱼哥。但实际上我是这个家伙。	None
A or B ? A B	None
我：*抱怨坐在电脑前工作了一整天眼睛难受得要死*一到家的我：电脑时间到。	None
脑细胞1:说“祝你玩得开心。脑细胞2:说祝你今天过得愉快。嘴巴：“今天你祝开心得愉快	None
竟有这等奇事。老师说这次出题不难。	None
当你去商场买东西时： 找到喜欢的东西 拿起它仔细观摩 转身离开 看到了价格 	None
压抑。焦虑。自我怀疑。孤单。“我只是有点累了”	None
这孩子真是个大傻瓜	None
"谁会看你的年度听歌报告
你喜欢的人
喜欢你的人
跟你一样无聊的人"	None
一个人出门很危险的。带上这个吧。	None
没人爱你，我回家的时候我的狗。	None
当你看到服务员端看 你的食物走过来时：	None
彼得帕克。福利姬。靠卖自己的照片来赚钱。	None
当你的狗祈求食物时。	None
当你很困但你仍想和ta继续聊天，所以每次对方发短信时你都会马上回复，然后闭眼休息一会，直到ta再次回复。	None
绝大多数男人会在他们的葬礼上收到人生中的第一束花	None
我的爸爸：一位成功的律师。我的妈妈：一位经验丰富的外科医生。我：凌晨三点被自己的唾沫呛醒	None
出门上班的我 在家办公的我 	None
唯一真实存在的happy ending	None
假装听着朋友的抱怨实际上却一直盯着铁板烧师傅在给我炒饭的我：	None
比我高一个头的对象。迷人的我	None
行，窝寄几玩	None
而她什么都吃却怎么都胖不起来	None
这么晚了怎么还不睡？你在想什么呀我在想你我在想下次见面先紧紧地抱住你	None
世界是一个残酷而 不公正的地方。 宇宙皆是混乱。 唯一永恒的只有痛苦。 *几分钟后* 哇，猫猫 	None
从没被人冷暴力伤过心。实际上从未谈过恋爱约会过，直到现在还不知道如何开始或维持一段亲密关系。	None
在几乎每一场家庭聚会中的我：我想告诉你个秘密，妈妈。咱啥时候回家？	None
早上醒来打开手机 我的 你的 早安 亲爱的 啾咪 100% 想你了 	None
委屈巴巴	None
累死了。累死了。累死了。累的话就早点睡。不	None
饭前 JovenToxica 饭后 	None
我错了	None
我手机里我朋友的照片： 	None
停下！这里是照片检查站给我看看你最近保存的照片微博忆风野菜	None
你是一个人！没有人会来！真可怜！	None
有一只狗狗参加了图书馆的读故事会，但是没有一个人来参加	None
大学物理教授：星座这玩意儿就是胡扯，毫无科学依据。染蓝色头发的女孩：嗯..。事实上：..。我：。	None
救折车就好像：We wo。we wo	None
如果你发现我在盯着你的话，那么我估计是在：	None
“网络”，“现实”	None
“我长大了之后想成为一只狗”。	None
在十九世纪的大不列颠，自杀是犯法的。若被检举逮捕，自杀未遂者将被判以绞刑。Thats. why i'm here	None
找出张圖片中有几只猫？	None
"生活
我"	None
人类在2016年,某个人结合了一支笔和一个菠萝6@训练有素的普通人	None
我。都有共同之处的我的朋友们。	None
如果狗狗会发信息，如果猫猫惠发信息，我认识的女生	None
如果英文里我们叫它'A pair of scissors'，那这是啥？	None
你好多宝宝。你开幼儿园算了。	None
眼见不一定为实：A和B方块的颜色其实是一样的	None
一你生我的气了吗？ 没有。那你笑一笑！ 	None
奈何桥上，你已经喝了10碗孟婆汤准备喝第11碗的时候，孟婆实在忍不住了，说道“够了，你到底忘不了什么？”你放下碗，顿了顿，眼里闪烁着泪光慢慢开口：	None
夏天到了，注意防晒。	None
真是一个寂寞难耐的夜晚	None
这将是我人生中最严峻的考验。请勿摸猫。	None
只有戴眼镜的人可以理解这种痛苦	None
委屈	None
那个永远都给我点赞的人。经常发一些无聊微博的我	None
"老板，拿瓶阔落
写必也行，没有就分答"	None
钢铁侠：*是一个天才的亿万富翁*。托尔：*是一个真正的神*。美国队长：	None
"""how's the weather?"" ""it's meh"""	None
我活的好悲伤我在雨中拉肖邦	None
当你告诉你妈妈：“这里有卖炸鸡哎”然后你妈妈理都不理你继续往前走。	None
导师：你的论文创新点是？我：	None
*分享最近发生的所有趣事/烦恼的你。正在倾听的我	None
当亲戚开始吹自家孩子多厉害时和表哥表姐坐一桌的我：我听出来了你们都个个身怀绝技。	None
女生：如果有些男生尿尿后不用纸那他们是怎么清洁的？些男生：	None
当你去朋友家过夜但他忘记给你被子	None
你在干嘛鸭	None
蓝瘦	None
当你看到一个很难驾驭的女生觉得自己没有希望时，看看这只狗	None
别人早上起床的样子： 7:00 帅气学长： 早安。 你的早上起床的样子： 7:00 网钉钉： 你今天还未端写防接信息 请及时增写！ 	None
当我的女朋友说：把盐递给我，爹地。我。她的爸爸	None
老师给我们讲授知识点的时候。老师在用投影仪的时候。	None
我开玩笑地和一位喜欢的网友调情ta回应我了我内心在尖叫	None
ENFP让我看看你的真面目INFJ（社交版）我就知道	None
爱情的力量我想应该是100 	None
你准备好出门了发现她十点发消息给你：我今天不去了	None
天黑时。人类：*使用手电筒*。猫：*使用双眼*。蝙蝠	None
我承认把你摔掉地上是我的错你能不能别用这个眼神看我了。	None
其他人: *好好看电影* 我: *观察死掉的角色有没有在偷偷 呼吸 *	None
这个女生为了将照片发到Instagram上，她给她的杯子P了一个星巴克的logo	None
我和网友的日常聊天内容。我用的表情包	None
老网抑云	None
上帝在创造这只狗狗到一半时突然没有墨水了:	None
*暖味期的聊天记录*。	None
小时候的我：妈，这不是回家的路啊。看到道路尽头的麦当劳。	None
我的童年。我现在的生活。	None
快喝吧。你一点也不胖。别听他们瞎说。1點點。	None
*黑暗中玩手机蓝光对眼睛造成伤害*。我：打开笔记本亮度调最大。	None
思考	None
“给你200块钱，你会删你同事一巴掌吗？”。我：。这跟钱没关系	None
错误。正确。我。	None
不小心撞上了防护栏但是假装无事发生然后镇定地把车开走的我	None
A woman's breastscan swell up to 25%when she's aroused当女生被激发起否玉时，她的胸会膨胀25%Source:Lybrate	None
我：我没事	None
谁还记得当这件事是你唯一的烦恼的时候吗？	None
2020：我的耳朵：要不要你的书包也给我背算了？	None
（无人在场） 给我塞零花钱的奶奶/外婆： 	None
当你许愿让爸爸妈妈没有烦恼，结果第二天醒来发现自己在天堂。	None
委屈	None
你知道的东西。你知道你不知道的东西。你都不知道你不知道的东西	None
来看看世界上最蠢的摄影师	None
当你和那些性格外向的朋友出去玩。	None
别人：*你平常的休闲活动都是什么*我:拒绝别人的邀约。焦虑。洗澡并抑郁。看剧。幻想一些不存在的事情。睡觉。对着天花板发呆。听悲伤的歌。回忆上一次开心然后悲伤。放空。刷。	None
今天真开心 骗自己的	None
如果我死了，谁帮我通知互联网上的好友呢？	None
你遇到的每个人都会问你有没有事业有没有结婚，有没有房子方佛生活就是某种购物清单，但从来没有人问过你是否幸福。一希斯·莱杰	None
打算开始存钱的你： 别人存钱 你存钱 别人花钱 你花钱 	None
emo内向社恐人在其他社交平台上时的样子：emo内向社恐人的样子：	None
23岁或23岁以上：*晚上九点你爱看的你爱喝的*你爱吃的	None
当你既想获得别人的关注，又在心理上完全把自己封闭起来的时候：	None
"副驾驶的按钮
主驾驶的按钮"	None
氢原子 氧原子 氢原子	None
现在的网名。小时候的网名	None
当你在餐厅过生日看到服务员微笑着拍着手想你走来时：	None
“能抄下你作业吗？”“可以，但是稍微改一下，别弄得太明显了”“OK”	None
然而，仍有一丝真我。存在于虚假的自我中	None
这个呢..是你的脊柱。干你娘赶紧放回去。	None
额阿快看这伤口！。阿。阿。	None
独自完成各项事务 赞叹自己能力的我 同样一件事 别人在旁边町着我做时的我 	None
今天我才知道有专门为大人设计的赛车造型床。一时之间不知道该怎么消化这个讯息。	None
当我搞丢了群友发的看本子的网站时：我再一次向你请求 I am once again asking。	None
工作/学习。30分钟。为了一个很好看的装备花了三小时玩游戏。	None
哇～是萤火虫	None
妈妈，我考了10/10！哦，亲爱的这真不错。但是为什么不是11/10。	None
傷心的我，心情没人會知道。	None
是啊热恋期是很好，但他们不知道热恋过后就会经历冷战然后分手*我**	None
爷青结	None
游戏 你 游又 运营商 你 	None
写作业中..勿扰	None
这首歌唱得不错吧？介意我在结尾把我自己的名字喊出来吗？	None
《玩具总动员5》上映之后的我：	None
难过	None
被问到熟悉的诗句的上一句的我。	None
现在的八岁小孩：玩抖音，我八岁的时候：	None
如果我现在突然死在这里，那我的家人是不是还得帮我擦屁股。	None
当一直带眼镜的我摘下眼镜 我能看到的 我的朋友们 认为我能看到的 	None
如果只允许一种声音存在。那么唯一存在的那个声音基本上就是谎言。——柏拉图	None
嘻...嘻嘻嘻...	None
第二次打开冰箱看看会不会有新的食物刷新的我。	None
当你在你爹拉完屎后去上厕所时：。吸气*。*死亡	None
我：我要睡觉睡觉睡觉 大脑：你以后的人生怎么办怎么办 	None
这下是真丧了…	None
头疼的分类：偏头痛 高血压 压力大 被艺术大学拒绝	None
从来不会用到的屏幕截图。我的手机。	None
人间不值得	None
这变强的感觉挺秃然的	None
别人：清理鞋子的最好方法是啥？ 我：	None
两名男子因为偷食物配方被捕。讽刺。	None
莱恩·雷諾斯拍摄於1983年的照片，照片中的小莱恩裤裆没關，且手上拿著一条钓到的魚	None
每天。Bad Guy。Bed Guy。	None
明天再开始。在某一刻突然充满平劲并且下定決心要开始改变生活的我	None
当我一个人看动漫时：。当我妈走进来时：。当我爸走进来时：。	None
读外刊遇到生词作者标注为不需掌握的超纲词	None
网络 深网 深网（darknet) 杰克	None
野猫：老鼠小鸟蛇啊什么的老子都能吃 就是饿了就是干。 宠物猫：呜呜呜我想吃猫咪饼干。	None
运动前。运动后。在两周的时间里。约翰成功的减掉了半个月的时问。	None
我们会成为永远的好朋友的！焦虑。焦虑。	None
强颜欢笑	None
我想成为的样子：，实际上的我：	None
调高亮度就可以看到星星。	None
刚开始工作时： 我是新人 多做一点应该的 现在： ：有本事 你就开除我 	None
又开始了又开始了	None
这个锅我不背，不背！	None
我跟我老婆去拍孕婦寫真，然后	None
迷茫	None
当你在等待你最喜欢的人终于见到面时：	None
当爷爷奶奶跟我讲自己当年是怎么揍我爸妈屁股的。当爷爷奶奶看见我爸妈捧我屁股。	None
我：好今天我要好好收拾下房间。我妈：呀？你还想起来收拾房间啦？我的动力：	None
第二天没什么事要做可以放心熬夜时我的睡眠。明天一早有超他妈费脑的专业课时我的睡眠。	None
“他有一份正经的工作吗？! ”他是可是meme博主，老爸！	None
你多大的？我：	None
8岁的我在和爸妈吵完架后。开始计划离家出走的话要怎么生活。	None
—种新型牙膏面世*牙医	None
为啥不回我消息	None
如果我有这款沐浴装置，那我的生活会好100%	None
爸妈：没事，你有什么可以和我们说。别憋在心里。读初中的我：就是...有个男孩子他对我告... 爸妈：	None
当我试图睡觉的时候。我的左手。我的左腿。我的右手。我的右腿。我的大脑。	None
正在安慰朋友的我 不要傷心 DONOT BREAKDOWN 	None
8岁的我：*拔掉毛衣上多出来的线头*。毛衣：	None
如果你给我一个吻，我就能变成帅气的王子。我还是更喜欢会说话的青蛙。	None
你：“我要走啦我：嗯嗯好的	None
我。开学几天的三分钟热度。剩下一整个学期。	None
拨娜娜，我舍不得用你	None
射击游戏玩家:*头部中枪射击游戏玩家:*手里拿着绷带*射击游戏玩家:@训练有素的普通人	None
不管买什么东西都尽可能用最便宜的价格购买的我：您输入的优惠券代码是无效的。求你了。	None
低情商。这菜太难吃了。高情商。这个能入药	None
满脑的焦虑。我的大脑。屁大点事。	None
小问卷：你有冒名顶替综合征吗？。冒名顶替综合征（impostersyndrome）：。会认为自己获得的成就并不是来源于其真正的能力，而是碰运气。	None
2019年想要翘课：school。2020年想要翘课：close。	None
*难过*。*想些更难过的事情*。我为什么这么难过哇呜呜。	None
当你需要成年人的帮助时发现，自己已经是成年人的那个无助瞬间。	None
果咩那塞	None
如果你觉得自己一点价值都没有的话，那么请你记住，我也跟你一样一点价值都没有。你不是一个人	None
当我的弟弟试图 在父母面前测试我的脾气时： 	None
学校的英文拼法不是SCHOOL而是SCHOOL，大部分的人会把第二个O放在第一个O前，这是错的。	None
我控记不住我记几啊	None
上班。明天周六。单休。	None
安静的让人尴尬说话让人尴尬*我	None
我：当我长大了，我要当ー个亿万富翁。別人：你要怎么实现？我	None
上司派給你無法麟任的工作但你只能硬著頭皮上的时候	None
当我创建一个歌单时！ 	None
当我上体育课的时候：担当我喜欢的人路过的时候：	None
If you hate me, then kill me or shut the fuck up.	None
假期结束，只好重新训练身体来控制放屁频率。	None
Cca calm.down angry girlfriend 生气的女友 	None
当你给对方发了一条有风险的信息，然后二十分钟过去了这条消息还处于已读未回复状态	None
我想给你发信息因为我想得到你的注意但是我并不想打扰到你。	None
你对一个喜欢你关心你担心你的人就这么爱答不理的	None
"有时候我会因为自己没有
主动去关心好朋友最近如
何而感到难过
直到我意识到我的手机是双
向的，也没有人来关心我"	None
有些时候，我回邮件的时候只想回复“好的”和这张图片。	None
你有什么别人做不到的一技之长吗？	None
工作日 双休日 早上8点 早上7点 	None
一头没有3.14的猪是9.8。	None
"""吃饱才有精神和力氣做事”我吃饱后："	None
6岁的我:我长大了以后一定要成为科学家!23岁的我:	None
可以给我个塑料袋吗？已经在里面了哦。	None
真香。暴食	None
当把食物喂给它们！ 谢谢主人 拿来吧你 	None
在女友家看了五分钟电影后： 	None
当来自不同圈子的朋友聚到一起时的你：	None
我爱你。	None
当有人把你房间灯打开然后跟你说黑暗中也能听到的事情。	None
这是邻居遇到的第二次车祸了	None
男厕的基本礼仪 	None
凌晨1点45的我，试图在不离开被窝的情况下给手机插上充电器的时候：	None
我同学的期中考试。我的期中考试。赌神。	None
睡在你喜欢的人的身边可以更快入睡、减缓压力	None
妈的好的	None
你什么时候嫁人？？？ 一万遍...	None
当你的女朋友在和其他人接吻，但是你不能说什么因为那家伙是她的老公时:	None
我想要。个亲亲。	None
烧烤时的我。	None
蜡像 真人	None
90年代：请不要离电视太近，保持室内明亮。2021年；。	None
你们接吻的时候她会说，“去锁门吧。”	None
“走啊兄弟！现在是灰灯”	None
宝宝没睡醒要抱抱	None
蜡笔小新。對，没有一個男人可靠。	None
刚抛掉的股票又开始势头大好。准备二次进场时：	None
如果有一天你发现自己隐身了你的反应是什么。银行劫匪。阿拉巴马家庭里的每一个人。外向的人。一直在当隐形人的我。	None
今天一整天都好累，不过晚上好好休息下，应该就会好起来。才怪。	None
我：*打电话给爸妈*。我那群准备着要娇喘和递烟的朋友。	None
有的人：好烦哦不知道今天要穿什么哎。我：2000，2002，2009，2020。	None
购物车的四个轮子就像	None
小纸条家人们，我真的栓Q了，每次考完试必emo....书上的我复习的+考试的	None
当老师用我和我的兄弟们的小组作为优秀案例的时候：	None
我们结束了	None
别人洗水果 我洗水果 	None
2040年的小孩：*抱怨生活*。2040年的家长：2020年的故事。	None
你不爱我了	None
当你骑电动车发出警告： 请勿多人乘骑时： 	None
没有人: 面对困难时我所实施的解决方案	None
当你上班 当你上班 迟到一分钟时： 加班半小时时： 迟到一分钟罚款！ 辛苦了！ 	None
垃圾浮在水面上。1)等一个雨天。2)飞。	None
他们都不知道，我在过来的路上捡了一个很好看的石头，就在我的兜里呢	None
当你和对方在打字聊天所以你停下打字来让对方先说但是对方也停下来想让你先讲时:	None
“老板，今天的肉我全要了”	None
我的充电装置：	None
鸟：*存在*。嘲笑鸟：	None
COLMSCOMICS谢天谢地我终于得救了！气泡水	None
友谊的最高等级：	None
弱小、可怜、又无助	None
你能帮我问一下吗。当然可以宝贝。我儿子有事要问你。	None
剪到和布还没有被发明 猜拳的原始人： 	None
当你想给对方发一些 你刚看到的搞笑视频 而对方却说看过时 你 	None
我在一家市值百亿的公司负责海洋生物研究。我在大润发杀鱼。	None
试图改善生活质量的我	None
昨天的我。这东西明天再弄吧。今天的我	None
当我想早点下班但是老板提醒我还有七个小时才下班。	None
"我才不管
别的小孩
别的小孩
做得比你好
我爸妈"	None
爸妈忘记来接我放学的我	None
当我想找点东西吃时我家的冰箱；当我想找颗洋葱时我家的冰箱	None
扎心了老铁	None
Instagram网红：我们的照片没有P过！他们照片背景放的酒瓶子：	None
白天的我：。夜晚的我：。	None
这四个骑手	None
我马上到	None
当被要求表演才艺时。 你和你的朋友	None
我：我讨厌娇生惯养的小孩。还是我。	None
睡醒后发现他就这样站在我身边。	None
铁锅	None
我偷了所有的吉他，你们再也不用听到民谣了	None
这是一则成功的广告	None
手机：*收到信息*。我：*拿起手机走回自己的房间*。妈妈：。	None
考试前一小时才翻开之前看没几页的课本本来复习be like：；第三章 如何着陆	None
上课时的我： 	None
当你点的薯条外面又烫又脆，里面又软又嫩的时候：	None
我：*在闹铃响之前醒了*。我：千万不要是7点！千万不要是7点！时间：6：59。我接下来的一整天：	None
杏知识、杏生活、杏癖、杏玉	None
当你找不到停车位的时候，你为了看得更清楚把音乐的声音调低：	None
悲伤这么大	None
jake。我喜欢的所有东西要嘛太贵，要嘛不合法，要嘛不回我信息。	None
我每天关掉游戏时的表情 	None
老师：“14个苹果，你吃掉两个，还剩多少个？”7岁的我：“6个。”老师：“你有14个苹果！被你吃掉了两个！告诉我你还剩多少个苹果！！”我：	None
那你不就好厉害	None
对着流浪小狗嘬嘬嘬。流浪小狗：你可是我的Master？	None
"meme""应该读：弥母。我：么么。咪咪。"	None
当你在考试时作弊然后故意将一两个题目写错因此老师不会怀疑你。小小的代价换取永恒的救赎	None
当你发现自已的笑话被过度解读然后掀起了超级大论战	None
我：半夜小心翼翼免得吵到舍友。我的关节：	None
我朋友：为什么我刚发出来的meme马上就获得了3个点赞。	None
当你在玩游戏时有人给你弹消息：	None
使用寿命。6天。6天。2个月。一年。	None
一段有毒却令我。上瘾的关系。（还有可能会毁了我）。*我*。	None
我的舌頭將肉屑塞在哪2颗牙齿之间的切確位置告我。我的手指頭哪裡！	None
我就要钱	None
没有人在乎宝宝	None
本来想买清潔用手套，最后發現买错了！！	None
因为员工很努力，今年公司的收益很好。所以就给自己买了辆新车的老板：	None
不爱了说话语气都变了	None
"我到朋友家门口后发信息给朋友说""我到了，然后就这样站在那里而不是直接按门铃时："	None
发生了一件很尴尬的事情。撤回。	None
事实。学校并不在于学习，而是在于成绩。	None
*在朋友家通宵玩的很开心。突然想到第二天朋友可以躺在床上呼呼大睡而你还要抱着自己的行尸走肉走回那该死的家。	None
“用错误的方式喝水 接下来十分钟的我！ 	None
大手儿子和小手爸爸	None
耶稣：我要订一只二十六人桌。服务生：但我看你们好像只有十三个人...耶稣：没错，我们打算只坐一边.	None
当你发现漂亮的角色皮肤并不能让你变得比较厉害	None
你凶我	None
混吃等死	None
“为什么这个游戏加载这么久！？”按【空格】以继续。	None
当有强盗闯进你家要抢你的钱：我会和你一起看看	None
如何缓解工作压力：1.别上班。	None
我的马都哭了	None
欧洲进入隔离的第14天：由于船只减少，平时十分罕见的海豚在意大利的海湾聚集嬉戏。进入隔离的第137天：	None
太痛了；给我造成了严重的不适与痛苦，搞不懂最近为什么最流行这个，我还是继续用厕纸比较好	None
一口咬腚。	None
年年没有衣服穿	None
当你取外卖时不想让猫从门缝钻出去	None
适合我的聚会<3	None
可恶啊。当看到吃播视频。我妈。我爸。我 	None
一个宇宙	None
当我看来关于屠宰场时如何杀牛制作牛肉的视频时： 我都做了什么？ 两天后：	None
当你暂停了音乐却没有摘下耳机所以你可以听听旁边的人是不是在说你的坏话时：	None
"    南
南南南南
南上加南"	None
垮起个批脸。	None
写这个的小孩：Fuck。句子中的主人公。	None
男生们会告诉你这两支口红是一样的颜色。我，一个看到右边的口红颜色比较亮的男的：	None
如果你觉得冷，它们也会。请让小动物们进屋取暖 。我还真就100%会这么做。	None
在我葬礼上某个丈孩：我一直悄悄地喜欢他，如果他现在还活着我肯定会跟他表白。我：	None
当我去别人家做客时，别人提及自己有个宠物的时候：。赶紧拿来给我康康	None
duck不必	None
我，刚拒绝第86个对我表达好感的人后。求求了来个真心喜欢我的人吧。	None
先生，如果你要发火的话，我们可以在狗窝里解决这件事情。	None
小时候捡到一颗很酷的树枝时： 	None
当你的电脑网速不能加载720p的视频，却能立马播放1080p的广告时：。搞毛啊	None
你可以许三个愿望这里有三条规则不能许愿让别人去死不能许愿别人爱上你不能许愿让死人复活我希望不会再有人对猫狗过敏了	None
"在老师课堂点名时准备喊""到""的我"	None
我曾见证过它的辉煌 	None
爱的语言	None
论文没开始	None
我当遥控器失灵时	None
当我长大了我要当个艺术家。我也是。但你已经长大了。	None
如果你在凌晨3点到5点之间醒了，说明有一个高维度的存在想要和你交流。我饿了。	None
每次老妈在街上遇见她朋友时：	None
这只狗勾的血条怎么这么长。	None
老师:没什么问题我们就下课了。某个同学:*举起手*。所有人:这小小的动作就将耗上我们51年的时间	None
哈哈哈。哈哈哈。哈哈哈。	None
当你试图努力集中注意力听人说话，不让自己神游的时候。	None
不听不听，王八念经	None
当你工作了五个小时没保存然后软件崩溃了	None
操！我要被外星人吸走了你们还在拜什么啊？	None
用户名：admin。密码：admin。	None
LIVE容我BB两句	None
有位妈妈在超市里对他儿子大喊给我把东西放回去，大声到我都想把自己拿的放回去了。	None
学校春游的前一天我是怎么睡觉的。不是我矫情，是我真的太想念这种对第二天抱有期待的日子。	None
我的后代：您已经是将死之人了为什么还这么想要去非洲呢？我。You wouldn't get it。	None
有时候你需要的只是那一小块。缺失的东西来让自己更快乐。一百万人民币。	None
健身达人。18岁的青少年。	None
希望我余生能和你一起起床可是我都早上六点这样我睡醒第一眼就是你～起床读好吧没事了	None
你怎么忍心责罚年仅三岁的我	None
我对一个meme的反应。我在网上打出来的文字。我的表情。	None
打输排位然后去睡觉的你 你： 	None
救命救救我。我需要帮助，谢谢你	None
其他人是怎么吃柠檬的：我是怎么吃柠檬的：好酸！不够...再给我拿点酸的东西的来p Salamandra San	None
刚刚这里死掉了一只刺猬	None
我怕：*打开谷歌浏览器*。谷歌浏览器：	None
强颜欢笑	None
试图在互联网上开玩笑同时不冒犯到其他人的我 be like：我的妻子因为镭射激光而失明了，我和我的妻子都感到被你冒犯了。	None
动心就是你的不对了	None
失眠的我 眼睛 脚 手 身体 头脑 	None
靠，我昨晚睡觉流口水了。昨晚…	None
在临考前一天复习的感觉	None
和你有些不搭	None
当你运动了五分钟 于是洗个澡： 	None
异地恋见面第二天起床后的你。	None
就像我男朋友想让我在没有人的时 候对待他一样 是我 我的男朋友 	None
悲伤辣么大	None
我:打开窗户透透气。潜水艇里的所有人。	None
我真后悔把你生下来！那你有问过我的意愿吗？	None
嗨美女聊聊吗。你在干嘛。什么也没干。今天过得怎么样。还行	None
走路。但好像又不是在走路。推地板。但也不是在推地板。够了。别再干这些没有意义的事情了。	None
妈妈要出门啦 你在家里乖乖的哦！ 媽媽你放心吧 	None
喂别难过最后一次警告不准陷入自我悲伤陷阱开心点好吗?？CCOMIC SPONSORED BY NICHOLAS JACOBS	None
他叫弗雷德。他不在乎你是不是看了这些字。拜拜。	None
*拿出手机看看现在几点，把手机放回口袋*。我：所以现在几点了？我的大脑：问得好。	None
某人：喂110吗我快死了。110：给我也看看。某人啥：你在看什么meme。某人：我是真的要死。110：哈哈艾特我下	None
没有书签？试试拿番茄酱代替。	None
我：“我是90后的不是吧，你都30岁了？”别这么说 Don't say that	None
"THE BAD WOLF ""RUSTLERUSTLEWAGWAGPATREON.COM/WOLFANINENSFW"	None
你傻，我不跟你计较	None
有好感的网友在和我调情可爱的暗示我我的自卑感*	None
十二岁的我在穿上连帽衫后眼里的自己：	None
贝斯	None
您对我们的应用感到满意吗？到应用市场给我们评分吧。	None
不是我的锅，却要我来背	None
"朋友分享的视频
牛批！   沙雕！   哈哈哈哈！"	None
焦头烂鹅	None
当美術老師要求你回收家中的垃圾当材料完成美術作業时：	None
2,013,201,420,152,010,000,000,000,000	None
你跟ta分享你的一天但其实ta根本不在意，而你所表达的各种情绪也不过是三导三演罢了	None
卖酒的店员：请问您需要帮助吗？我：需要，但我还是决定来这里了。	None
当我抓了一手好牌期待着对方加注： 	None
给你个台阶要不要下	None
"""你的妻子一小时前成功解锁了你的手机，你现在打算先回家还是直接跟我走？SALESCEN"	None
体育老师的免疫系统；数学老师的免疫系统	None
痴迷的男友。性感美丽的女友。	None
“长官，我想报案。刚オ有个人做了个扔球的动作，当我跑到十米开外的时候才发现球还在他手里。”	None
我的历史浏览记录。无痕模式的浏览记录。	None
我看中的一件衣服：*没有价格标签*。我妈：为什么不去问问那个售货员呢？我：但那叫做社交互动而且我不怎么支持。	None
发了一张有趣的图给群友们看看。大家已经看过N遍了。	None
如果让我当老爸的话。糟了。没事没事。	None
那个尴尬瞬间 当你说了三次“什么 可是你还是没听懂他在说什么 只好假装同意他的说法 	None
当我说想在扶手上安匹马 不同的师傅给出了不同的答案 	None
以我的语文水平，让我来命名一座山的话。哇哦山。	None
我百分百确定我们都需要某样东西那就是：	None
当你不擅长做某件事，但你一直在。努力做得更好：。	None
正宗虾头炒饭	None
饿到面无表情	None
当你今天过的很糟糕 但你的朋友请你吃了你最爱的的食物！ 谢射..射你 	None
你带着这个机器人要干什么？	None
冷漠	None
每天早上都在恨 昨天晚上不睡觉的自已 	None
当有人指出我说的笑话太没下限了。我还能再低点呢~	None
马里奥兄弟对同类相食的看法是什么呢。马里奥说。路易基说。晚餐准备好啦。	None
朕倦了，跪安吧	None
每当有别人在旁边看我做事 	None
1957年人类首次将曼妥思放进可乐里（未重置）	None
我家的狗被烟花花吓坏了于是我家的猫就去和她依偎在一起。我的心化了。	None
我太冷了，猫猫。你能往那边移一下吗？一小点而就行…BAP BAP BAP。	None
FRIAYADEENGMBERH别人的生物老师8	None
晚上时的我：求求你别再想ta了我的大脑：*继续想	None
你失宠了	None
当你回家看到喜欢的人时。	None
我喜欢的人：早上好！。我：。+1血清素	None
一想到下次见面我就能。紧紧地抱看你用力的亲吻你。肌肤的触感和柔软的嘴唇。	None
小时候的我：我是被收养的吗？老爸：当然不是，可以挑的话怎么会选你呢？我。老妈。老爸。?。	None
上世纪日本流行乐。加上动次打次低保真滤镜的上世纪日本流行乐。	None
今天才知道數學這么好用	None
生前的祖母(右)和她的好朋友。快樂老奶奶超棒的。	None
我：*摔倒*我的狗：*赶紧跑过来关心我*我的猫：	None
恰饭咯。	None
当我觉得这个meme好像看不懂然后发现这只是一个朋友发的一张普通照片。	None
看到朋友说他先不打要下了结果10分鐘后回来發現他在跟别人玩	None
世界上第一个吃毒蘑菇的人：*死亡*。跟在他旁边的人：	None
小时候在白天看见月亮的我 	None
只想傻傻地躺着	None
当你上课被老师叫起来朗读文章，然后那段文章里有脏话的时候：。	None
贸易提供。我收到：亲吻和拥抱。你得到：亲吻和拥抱。	None
鸭梨	None
一百多块钱买的猫窝。她选择了个畚斗。	None
看看这张我给我的老鼠意大利面后的照片。	None
我不过是希望有人能像我爱ta一样爱我而已，这很难吗？	None
当WIFI信号从满格降到一格	None
在你劳累了一天后鼓励你夸奖你在你难过时安慰你最重要的是你会经常得到一温暖的拥抱	None
当你对着婴儿做鬼脸时被发现	None
给别人建议时的我。我的生活。	None
男生。女生。喜欢看美女。	None
如果大象戴小丑鼻子的话。它是这样戴。还是这样戴。或者是这样。	None
我叹的气	None
我的收入。	None
差点被对我眨眼睛的毛巾吓死。	None
未来的我。我需要你。我需要你现在打起精神来好好努力。	None
如何庆祝情人节。买一盒巧克力。买一只可爱的泰迪熊。准备好香薰。以及高档红酒。	None
你喜欢运动吗？不。不。	None
当你结束艰辛又漫长的一天回到家后终于。有时间和你爱的人在一起时。madewithmematic。	None
不理你了哼	None
当你问她“怎么了”她说“没怎么”但接下来一整天都这样看着你	None
哇那听起来真的压力很大，那你有试过一把子把桌子上的东西推倒到地上。	None
我妈：这个多少钱？老板：490块。我妈：100块。老板：ok on 你。我：???	None
你情人节有什么计划？ 我：	None
知道自己受到无法弥补的伤害并且因为无法好好接受他人的爱也无法做出正确的选择所以很大可能性会孤独地死去后任然安稳的睡觉的我。	None
她：你花了我们一辈子的积蓄买狗。我：凯伦，它们是金毛寻回犬，它们能找回金子，我这么做是为了我们	None
抱一丝哈抱一丝哈。	None
跟着音乐对口型不是才艺，抖音用户，如果这些人会认字的话他让们会非常不开心的	None
看到这朵花没丢掉都不给你	None
异地但是热恋期的你在和ta视频聊天。	None
如果我不是真的菜 我会选择躺赢吗	None
女生才不会为了男生打扮 他们打扮只是为了在经过 每面镜子 跟面对镜头能看到美美的自己 	None
行8，我寄几玩	None
当我看到地上有枯叶时： 大脑：踩它！ 我：为啥？ 大脑：踩就对了(啪) 	None
6岁的我，强迫着让两块磁铁的同极吸在一起的时候:	None
我:我身上有太多责任了。还是我:	None
当你朋友邀请你来开黑结果你和另外一个不认识的人先进了聊天组	None
老师：“你们的未来会 有很多发展的机会。我的未来： STOP WRONG WAY OONOT ENTER 	None
上课铃响分钟后才进入教室的老师。学生：	None
当一部电影什么也不说清楚时。当一部电影把所有事都说得太清楚时。	None
我过去犯下的错误	None
你的车钥匙去过的地方比你的车还多	None
你还在思考为什么对方问完你性癖之后就不回信息了：	None
久别重逢的你. 	None
石墨烯：我是世界上最灵活的材料。猫和老鼠：	None
三億年前。此刻我必须續演化！。四億年前：我想我已經是很完美好了。此刻。馬的。	None
十岁的我：这玩具女孩才玩。二十岁的我：秋山澪，我的女王！	None
我所看过的最悲伤的照片之一：	None
“那么请举例你的五个兴趣爱好”我最多就只能说出游戏和memes	None
正常人∶ 正常地看电影。我∶认真观察那个死掉的角色有没有呼吸的痕迹	None
Pov：你喜欢的人慢慢对你失去了兴趣	None
整点夜宵778	None
正常人计算自己的年龄。2000年出生的人。耶稣。	None
当你好不容易在关灯后躲掉魔鬼的追杀爬上床，然后现在又想尿尿了	None
和你爱的人一起睡觉可以减少你的入睡时间和焦虑感，并且可以延长你的寿命。	None
当你在学校努力学习，我提前把作业写完玩了，太棒了！你可以去玩了。Yay。当你在公司努力工作：我提前把今天的工作完成了！太棒了，这里还有更多的工作。Oh！	None
亲戚家的孩子一直要你陪他玩捉迷藏然后每一次他藏的地方又都是：。	None
朋友:你今天感觉如何？我：还不错。我的抑郁症：	None
人类最大的谎言：。我没事。：我已认真阅。读并接受使用协议。	None
你过程对方一段健康的关系SadBoytom你对方一段健康的关系	None
红酒 倒在红酒杯里的苹果汁	None
：一月。一些錯的決定。六月。	None
当你的心已经准备好出去玩 只差你朋友给你发信息！ 	None
上学时的真实现状： 语文课： 政治课： 历史课： 英语课： 0 化学课： 物理课： 生物课： 数学课： 	None
我：任何时候，只要你需要我 就打电话给我 还是我： NO 未接来电 您有99+个未接电话 	None
没有任何人能拒绝这种充满欲望的吻。	None
我需要一次像这样的约会..	None
我只是一个宝宝却要承受这么多	None
写完试卷但不想显得我很用功。于是等着别人第一个交卷的我。	None
当考师领着那些说自己可以帮忙搬椅子的学生，然后前往会议室的时候	None
跟你好了这么久我的脸都胖成这样了	None
当你再一次对ta发火时你突然意识到。ta并没做错什么，是你有时情绪起伏。太大无法控制。	None
我是自愿上班的	None
他知道该洗澡了，于是决定通过伪装藏起来。	None
老师：你们继续讲话呀，再讲就 越晚下课。 学生： 	None
以防你今天过的不怎么样：看，这就是他们如何给考拉称重的。	None
春节语言类节目。我。	None
莫伸嘴，伸嘴必被捉。	None
游戏中沙漠地图：*存在* 背景音乐：	None
弱者选择报复，强者选择宽恕，智者选择忽略。——爱因斯坦。一直把作业忽略的我：	None
惆怅。	None
date: no:	None
THE END*我**我的好朋友*	None
我住的城市建筑：。某个县的烂尾楼：。	None
有畫眼線的我。没畫眼線的我	None
当你刚刚说的两句话都是无意识下的但它们居然押韵了。	None
是说得没错啦可是。跟我又有什么关系晚。	None
当你的想象力大于你的能力时	None
晚上的冷 VS 早上的冷	None
下午两三点的我VS半夜两三点的我	None
然后我，然后来，再后来。我的上帝。你可以闭嘴吗？你废话太多了。抱歉。然后就。然后…然后。抱歉。我知道我说得太多了。我喜欢听，这是这个世界上最好听的声音了。	None
我的朋友：你看起来很傻逼唉。8岁的我：我生日不打算邀请你了。	None
你就不能讓自己的心情更個像小孩一樣的純真嗎	None
"口香糖：*在1928年被发明出来*
1928年以前的课桌："	None
化学老师 刚刚桌子上那瓶硫酸呢? 	None
这是个恶作剧啦老兄。看摄像机在那里。	None
第一次就放心交给我吧	None
t：你睡的好吗？ 你：嗯我吃了！ 	None
刚拿薪水的我。一个礼拜就花完了的我。	None
爷爷我在你的旧箱子里发现 这个FATE是什么? 坐下来小明, 我要给你讲 一个很棒的故事 , 该死我都不知道 该按哪个顺序开始。	None
你有多屌？我：	None
我想买这个送给你！别买了。你都快破产了。	None
在游泳馆蛙泳夹住了后面阿姨的头。阿姨：没想到一大把年纪了还能体验一把出生的感觉。	None
没有人：当我盯着一个随机的物体：	None
人们：你可以利用这个隔离在学点东西嘛。我：	None
干啥啥不行 吃饭第一名	None
进零食店的爸爸：。进衣服店的爸爸：。进五金店的爸爸：。	None
你是做什么工作的？阿谷阿斯顿孤啊呃。那不错哎,工作忙不忙啊。啊呃也阿瑟阿尔。	None
去追求你的梦想吧。所以你的梦想就是他妈的什么都不做是吗	None
老师：这次考试题自不会很难！ 考试题目： 请问这是大西洋 还是太平洋？ 	None
你为什么这么开心？不为什么。不为什么…凭什么…	None
我的良心试图激励我去做一件我今天应该做的事我	None
你回想几年以前的事时突然意识到那个人喜欢上了你：	None
当你打哈欠时，你： 哈  你周围的人： 哈~哈~ 哈~ 哈~哈~ 哈~ 	None
今天洗衣服过了会去看坏了，是不是机器出了问题洗衣基	None
生活 我	None
早就答完卷的你等待第一个交卷的人	None
当你没怎么练琴，老师却在你演奏后说“很好”时。	None
当我有19个作业没完成而不是20个时。	None
拥抱的解剖图。	None
爱我你怕了吗	None
您一直在说奇怪的话看起来很有趣我们做朋友吧	None
在家里特别无聊可是又懒得出门 	None
我的体育老师 物理系 	None
下定决心减肥的你！ 	None
17岁喝完酒的第二天。现在喝完酒第二天。	None
当你准备去睡觉，但是你想到一个尴尬到死的事情时：	None
代沟：*宫廷玉液酒*。00后。*一百八一杯*。	None
生活中的烂人烂事。isfp(独美)	None
当我突然收到了赞美却不知道要如何应对时。	None
当我做了一个俯卧撑时：Where Muscle.	None
心情不太星	None
前一晚：明天早上不8点起床复习，我就是狗。第二天中午醒来的我：	None
Replies。这老兄看起来像三代蜘蛛侠演员的合体。	None
在商场外遇到一个小孩在哭，得知是因为他两百块钱不见了后我就从刚捡到的两百块中拿出四十块给他。上帝保佑了你，你就得去保估他人。	None
我暗恋的人：你怎么这么安静？你都在想什么？”我：我想狂亲你我想狂亲你我想狂亲你我想狂亲你我想狂亲你	None
等我决定今天让谁上场的。我的人格们。	None
到了休息日！ 我以为我会过得很精彩！ 一天过去了我还没离开我的床 	None
被喜欢的人表白。背景为什么这么吵? 他们在玩真心话大冒险。我是大冒险。	None
我感觉好孤独啊，没事，我们都在，我感觉好孤独啊	None
我们就是兄弟，还不关注一下	None
太好笑了	None
四个你永远不知道说什么的人 	None
被放回水里的龙虾。是开水哦！	None
运动员们用意念控制网球的罕见照片	None
当你度过了糟糕的一天，但回家时狗狗兴奋地跑来迎接	None
老人：你不懂得尊老吗？这样盯着我是一种很不礼貌的行为还是老人当他们看到染发纹身打耳洞的年轻人时：	None
谁会赢。人体最复杂的器官。血清素多巴胺这两个化合小子的缺失。	None
握  日	None
我错了自己掌嘴	None
老师：你把教室里所有电脑打开是要干嘛。我	None
当你想到一个跟话题有关的超赞的梗。但是大家在你讲出这个梗之前跳到了下一个话题时。	None
穷到变形	None
当我听到别人吃东西吧唧嘴	None
看到我拿出罐罐的猫猫。	None
班上两大女神跟我表白。左边成绩好，右边家有钱，我要怎么选择？	None
打错字。	None
我很好奇大眼仔是怎么流眼泪的	None
当我独居在家时我的状态：。	None
老妈：妈，帮我照顾一下宝宝， 别给他们吃甜的喔。 奶奶：知道了啦！ 老妈离开5秒后： 我乖孙要吃谁能挡 	None
老师：同学们现在 三个人一组 我和我朋友： 	None
当我在超市里看见高中同学时：	None
"我
命运"	None
搜索骂人词汇中。	None
背10首歌的 歌词 背10个单词 	None
没有买卖，就没有杀害	None
电脑：请安全地弹出USB。我：不管，直接拔下来。USB：	None
我妈∶你长这么帅怎么会没有女朋友呢。我：	None
当我喜欢上一个人：我鼓起勇气和她交流的时间。我觉得她不会喜欢我暗自神伤的时间	None
这是我们。	None
在干嘛呀想不想我呀	None
床不会问我问题 床不会质疑我 床最软最舒服 床永远都会在我身边 床最好了 	None
*当我非要踢拉着我的帆布鞋出门时*。我的脚趾：。	None
宝宝我鼻子堵住了啊阿，宝宝来我这吸猛SHL	None
喝卑水	None
你竟然打我	None
当你结束艰辛又漫长的一天回到家后。终于有时间和你爱的人抱在一起时：。	None
刚接触互联网不到五年的你在填验证码的时候正在想wzxcvo是填大写还是小写时: 	None
emo了呀家人们	None
当游戏在最后的感谢名单加上还有你。	None
我真的真的真的很喜欢对你这样做	None
生活中所有的破事 all my life problem 微薄沙雕网友	None
不要因为结束而哭泣，要因为曾经拥有而欢笑，Dr.Scuss.葬礼上的每个人：	None
你怎么舍得不理我	None
女朋友：我没有生气！三个臭皮匠THREESOHAI	None
碰过肮脏的动物之后记得一定要洗手哦！	None
你的大脑会自动翻译WTF但是不会自动翻译LOL	None
被我抱起。我的猫：	None
强力胶不能乱玩	None
当我独自一个人在家里做一些无脑的动作时突然怀疑家里会不会装有隐藏摄像头：	None
吃了开心乐园餐后的我：开心在哪里？	None
放轻松，好好梳理下头绪。我的头绪：	None
当我被老师叫到办公室，若无其事的走出的那一瞬间： 老师有骂你吗* 老师和你讲了什么？你有被老师打吗？	None
Loading...。	None
对外声称减肥的我偷吃被逮住时： 	None
爬就爬，我最会爬了。	None
当你睡前喝了太多水的时候起夜家	None
我把视频会议给静音后，仍然做这些动作和表情表示我在听他们说话的时候	None
电影里的哈利·波特。书里的哈利·波特。哈利·波特	None
BUYBEER。4THEPRICE。OF2。AND GETTHE。SECONDBEER。FREE!。如果以两倍的价格买一瓶。啤酒，会额外再送一瓶！。喵。	None
当有人告诉你说你长得很像你爸爸	None
上一次紧紧相拥是多久之前？。	None
你找到一部。很好看的作品。它很好看。最后一集扣人心弦。它被取消了。	None
"你们聊！
我搬砖去了"	None
问我妈能不能出门之前，主动跟他聊天促进一下感情的我。	None
每次拿停車卡都像上演玩命頭！	None
我和朋友在讨论着任何一件产品。	None
游戏不是带来快乐的么，为什么会这样	None
“我对你一心一意”当我看到他点赞别的女生的照片	None
心肥 意冷	None
实际上男人认为 现实中普遍认为 这才是 最有男人味的穿搭 最有男人味的穿搭： 	None
当你在看你最喜欢的剧的最后一集，然后电视剧开始播放缓慢抒情版的主题曲的时候。	None
当我爸妈说“你想去哪就去啊，我们又不会拦着你”，我：	None
我印象中的老游戏： 他们实际的样子：	None
小时候： 每次过年拿到压岁钱 妈妈都会：妈先帮你看 你还小在弄丢 	None
当爸妈叫你出去帮他们提个东西	None
我的游戏头像。我实际的游戏技术。	None
20小时的睡眠。13小时的睡眠。8小时的睡眠。6小时的睡眠。3小时的睡眠。醒来仍然巨累。	None
我的超大号歌单里的风格就像这样：。	None
1559年发明核酸检测的法国人	None
*。当我看涩情片时。欣赏观看。快速跳过。	None
不懂的人： 这就是一块普通的曲奇啊！ 	None
人家要掉小珍珠了	None
向朋友寻求感情建议时。跟你交流怎么这么困难呢。被朋友倾诉感情问题时。对不起我很忙 	None
不困，一点都不困	None
你知道嘿？你同時踩下刹重和油门你的車就會截圖	None
当你吃了过多的油炸食品以至于胃里积了太多油：	None
没忙 玩手机 但不想理	None
"就是菇不出来
蓝瘦"	None
宝宝困了	None
没有人。我，毫无来由的。我现在只想辍学然后做一棵树。	None
当你为了给班里凑数而去参加校运动会时	None
当你是种族主义者时不要说“勇敢”。	None
第一个准备飞进云里的飞行员。	None
正常人的鞋子。设计师眼里的脚	None
我的演技。	None
扎心了	None
把自己生日当成平凡一天过的人，都自以为比一般人成熟！	None
橙默	None
怎么停在这么尴尬的场面	None
「你有什么特殊才艺吗」我:	None
很抱歉兄弟,这个meme还在建设施工当中,请绕道继续刷微博	None
八十年代的歌曲结尾：音量。	None
上车后的奶奶。	None
"你这像素
是用这个拍的吗"	None
她说了Yes。	None
在上课的老师：让我看看让谁回答问题。你敢低头？好的就你了	None
我不管你在外面有多猛，你的女儿想在粉色塑料桌上吃饭，那你就得在粉色塑料桌上吃饭。	None
有人还记得这个吗？。	None
明知道不是上大学的料但还是上了。	None
生而贫穷不是你的错，但若你死时贫穷，那就是你的错了——比尔·盖茨。那些被抢得分文不剩最后还被劫匪残忍地杀害的人。	None
我。我家狗狗，啥事都没做。“乖孩子”。	None
这位兄弟肯定不是去买酒就是去找女朋友的。	None
这是我想穿的这是我实际穿的：	None
搜索一些奈子涩图，十二岁的我	None
当你需要工作来获得经验，但是又需要经验来找到工作时：	None
当小时候你带着妈妈给你买的108色水彩笔来到学校时：	None
女友心事前三名： 我在生气，我要抱抱。就算我在生气，你也必须抱我哄我！ 	None
投降	None
1425年的大明。六下西洋明初盛世。永乐大典四海升平。1636年的大明。关外称帝了。关内乱套了 	None
钱包……钥匙……哦 淦口罩口罩	None
生到一半没有墨了。	None
当你妈在洗碗，然后把你走近厨房把碗放进水槽的时候。我妈。我。	None
23岁了还没被人甩过。实际上23岁了还没谈过恋爱	None
爷清洁	None
没有人：男生，每十秒钟	None
我想回家。我想回家。我想回家。我想被爱。	None
欧润橘，我一层一层的剥开你的皮	None
豆你怎么样？	None
上班时候的我。我耳机内的音乐	None
年初目标。一定要联储个好身材！年末的我。好冷，明年夏天再说吧。	None
二月的第一天是星期一。二月只有28天。所以三月的第一天还是星期一	None
当我做一件很熟悉的事情时 旁边有人在看着我 我： 	None
我們之中出了间谍	None
你真好看。但随我更深入了解你后。你更好看了SUNDAEKIDS	None
是时候走了Cheems。我是一只好狗狗吗？不是。你是最棒的狗狗。	None
小狗的进化论： 3000年前的狗勾 现在的狗勾 我杀了12只狼 你换了另一个牌子的狗粮 并且把那只来家里 所以我拉肚子了 偷食物的狐狸给 生吞活剥了 	None
主人家：不要让狗狗上我家沙发。我的狗：	None
老师在讲解很難的題自時你的脑内：救命！！快去拿灭火器！！！快停下来去睡觉啊！！快停下！！	None
我房间的一角。墙。地板。墙。	None
*小时候的我*当反派死了时。现在的我。当反派死了时。	None
苦中作乐	None
他坐在她喜欢的狗子身上。	None
人生最难的抉择：兴趣，事业。	None
没有人：调试你的洗澡水水温。	None
考试时的大脑： 洗澡时的大脑： YXE 睡觉时的大脑： 	None
无法fu吸	None
9岁的我在数学题里看到一个字母的时候:16岁的我在数学题里看到一个数字的时候:	None
当富婆在穷人女孩面前吃她买不起的冰淇淋	None
你得到了一个拥抱。对方把你抱得更紧了。拥抱之后发出一声。快乐而又满足的叹息。	None
*没有人*。剑圣 苇名一心：。	None
暗恋的人：“和最爱的他一起吃午饭~”；我：	None
学习了三分钟后开始想象自己又成功又有钱又出名的我	None
每人进来说句实话。（仅限一句）。	None
当我回房间并且关上门时：我爸	None
作为访客，你会怎么坐？请选择一个你喜欢的坐姿78	None
求求你了别再自我贬低了	None
“我情绪很稳定阿哈哈哈哈哈哈哈下一秒的我：Coutunghib川	None
哎呀CaO	None
我太难了	None
由于东京的满员电车太折磨人，日本物理学家武由樹提议开发一种可以躺看去上班上学的新电车。武田統樹东京の满電重七h5横h杯力5通勤通学感C敷欲翻译推文hohe	None
3月。发现2月只有28天的我。	None
Ethan，你觉得我是一个好母亲吗？我的名字是Jake。	None
昨天我去书店：看到了一本叫做 《解决你人生50%问题》的一本书！ 于是：我果断买了两本！ 	None
我懂了 我就是你可有可无的网友	None
HI。？？？？。SORRY。3。BC/HIM。	None
感到鸭力	None
豹 废	None
当我看到你的名字出现在我的访客里：	None
当你干了一件超坏的事而且没有一个人发现 上帝:	None
我才不在乎我有多孤独。因为我永远*很酷。*。呜呜。*高冷*。不会主动发信息给别人。	None
患有阿兹海默症的男子忘记了自己有阿兹海默症，记起了所有事情。重新启动	None
当有人对我说“嘿我给你买了这个，我知道你喜欢很久了”时的我：。	None
我：“为什么没有人邀请我出去玩？”还是我：周末要一起出去玩吗？合适的借口。喂你刚才是不是直接说了“合适的借口”？	None
仅限真正的科学。仅限真正的科学。心理学。这是挡不住的因为我根本不认字。	None
今天过的太太太糟糕FIoP	None
当你和同学道别完还是顺着同一条路一起走了一会。	None
寻狗启示：一只非常聪明的狗狗；麦克斯，如果你看到这里，请给家里打个电话	None
冷漠	None
男生谈恋爱后： 恋爱前 恋爱后 能去你家吃饭吗，就一碗 	None
被换下来的旧手机看着我对着别人展示新手机的功能有多强大。	None
有其他人看到吗...？还是我没救了、	None
当你在简历上造假但依然获得了这个工作时：	None
当你回想和你有过一段关系的人	None
互联网上的我。现实生活中的我。	None
小时候的我：为什么我要穿内裤？我就不穿，今天来个风吹铃铛。5分钟后：	None
当你们俩都看到聊天框上有”对方正在输入...“，你为了让对方先说就把输入好的消息删除掉了，结果对方也做了一样的事情时：	None
我往相册里存在网络上看到的梗图 be like：	None
我：跟外婆告别准备回家。跟我握手时把钱悄悄塞我手里的外婆：	None
死了45次的你看着boss第46次念着那段不能跳过的台词	None
专治不服	None
12月24日和31日 	None
丢我一个人宅这里，蓝瘦，香菇！	None
6岁的我。断水刀法！。16岁的我。26岁的我。断水刀法！	None
如果你觉得自己很没用，请想想 比奇堡的消防局	None
注意了，猫猫会趁你睡着的时候偷偷把你的衣服改小让你以为自己又变胖了	None
1986年4月26日切尔诺贝利的四个反应堆:	None
看右下角。傻了吧这是左下角。哈哈偏到你咯。	None
2021。2020ACTII。	None
当我看到一个“以前你会怎样怎样”的meme时。啊，是啊，我好想回到以前。我现在也是这样啊	None
英式英语、美式英语，我把前两种的的结合在一起发明出了一种所有人都听不太懂的英语	None
幼浪八。生活总是让人进退两难。	None
這個男生正坐在椅子上	None
当你和女朋友分手了，但是她的弟弟问你还能不能去他家一起玩游戏	None
别人：你怎么不发朋友圈的？我：我不是很喜欢社交媒体诶…	None
听说每三个人里就有一个很好看的人 我不好看 我也不好看 那可能时每四个人才有一个	None
对不起，你太小了	None
你们不懂啊做靓仔有很多烦恼的	None
你们玩吧 我已经没有钱了	None
你怎么可以这么憨	None
哇的一声就哭了	None
没有人：。菜市场里的鱼。	None
不好意思。我们碗聚。	None
灵魂觉醒的时刻！地震。台风。外星人入侵。周六8点了！	None
她：屁股不错。我：那是我的肚子。	None
1：一。 2：二。3：三。0：零。	None
当我学习一些我不感兴趣的知识时，我的大脑：Error.Could not copy files because no.OK.	None
我在孩子们的游泳池里，因为我在大游泳池里淹死了。 	None
当我在Boss战斗中第20次使用生命药水时。当Boss一次性恢复生命时	None
当你的搜救犬在简历上撒了谎：	None
乐观的人。她会回复诶！她心里有我。悲观的人。我一定被她讨厌了。所以才回的那么慢。我。哈？你们都有人每天跟你们聊天哦？	None
你以为的十年前，实际上的十年前	None
如何停止。对任务的压力。完成任务。定meme。	None
我男朋友抱怨他的朋友出现在 我面前被封锁了： 但因为发生了这样或那样的事 	None
独自悲伤到天明	None
隔碗解馋。	None
当我的菜刀看到菜时。当我的菜刀看到我的手时。	None
在12月31号这一天，有人跟你说了句“咱们明年见”的时候。	None
我向我的狗解释我有多爱他，可我的狗看着我就像我疯了一样。	None
我以为我处理伤口的样子，实际上我处理伤口的样子	None
那个试图让我保持好心情一整天的5-羟色氨分子。	None
吃鸡使我的笑容慢慢消失	None
困了	None
小白我们什么时候才能有钱啊	None
当你刚起床你妈妈就把窗帘拉开时：	None
当所有人都出去了，只剩我和刚吵过架在冷战的那位时：。	None
「你是蝙蝠侠吗？」「不是。」	None
付钱时 别人的朋： 不要吵 我请！ 这餐我请！！ 我的朋友： 你请啦 你请啦 	None
失去梦想变成大暖壶	None
！！你当我小猫咪不会发怒？	None
我的青春像鸟一样不回来	None
我：打开冰箱，结果发现 没什么能吃的。我大脑： 再开一次冰！ 	None
我要开始减肥了	None
把尼古拉斯凯奇的脸放在老友记里Ross的脸上会让Ross更像Ross。	None
打哈欠的meme图片。看完这条meme的人们。	None
当我在手机因快没电而即将关机时及时地给手机充上电。当代华佗helth	None
我整个人都不好了	None
打了几年键盘后第一次拿起笔写字的感觉	None
听着他描述着理想对象的类型好确定在接下来的三个月要假装哪种性格的我：	None
当你总是有一种焦虑感但是又不知道这焦虑从何而来时：OK.	None
快看呐！世上最可爱的人！她属于我！口放我下来！	None
看上去很瘦的人 你所看到的 其实是这样的 	None
我:爸,昨天你买的西瓜很好吃啊。我爸，第二天:	None
我需要学会点什么。否则我永远不值得被爱。没关系啦，可能你没什么才华，但并不影响你讨人喜欢。	None
现在九岁小孩想要的礼物。我九岁的时候想要的礼物。	None
当我遇见新的人时：很抱歉出现在你的生活里，我想我搞砸了。	None
"南  南
左右为南"	None
在厕所里刷了半小时视频后试图让腿恢复知觉的我	None
擦屁股的我。我的手指。厕纸。	None
暴力是解决不了问题的。周末不是用来玩的，而是用来完成作业和补习的！老师。	None
当有人夸你时： 表面上：哈哈。没有了啦。内心：继续啊，快点继续	None
当你妈妈要你去倒一下垃圾时你的脚上：。	None
如果那些健康的食物吃起来和不健康的食物一样美味的话。我们的社会：	None
"被命运扼住喉咙
又不敢多言"	None
你： 本来是 再一集就去睡觉 你： 当剧情突然 来个大逆转 	None
那小的包包是能用來装什？了。「我對别人的耐性」	None
他/她:我喜欢疯批美人。我:	None
前一晚：明天早上不8点起床复习，我就是狗。第二天中午醒来的我	None
第一视角：当你和亲戚家小孩说你手机里有游戏时：	None
穷到反色	None
抖音发布于2016年。2015年的世界。	None
这日子什么时候才能到头啊	None
What's your name? Hired. You're hired? Thank you sir.	None
我在认真听你分享的任何事，因为是你。	None
不！比利！WEEE!他是我最好的朋友。等一下，大伙..比利回来啦！你们认识的比利已经不在了。我的名字是威廉。	None
我：*起床发现脸很油*美国人；集结。	None
朱元璋：后代*需要起名	None
我给别人的建议VS我听别人的建议	None
当你度过了艰辛而又漫长的一天后终于。和你的伴侣拥抱时。	None
你的生日是哪天？三月一日。所以你的生日是哪一天？	None
基本上就是当男友时的样子	None
我又胖了。没关系啦晚点一起运动下~两个月后我草	None
说些涩涩的话。做些涩涩的事。严肃地讨论爱情和两人的关系。	None
（今天该怎么玩弄人类呢.，）	None
以前的人是如何预言的： 现在的人时如何预言的：	None
当你第一次和宝贝视频	None
同学：邻居：朋友：同龄人：亲戚：我：	None
现代小孩犯错之后。我小时候顶嘴之后 	None
你不是要戒饮料？今天喝几杯了？四杯。説说哥。	None
待在喜欢的人身边是我最放松的时候	None
太南了叭	None
心有鱼而力不足	None
有时候我只是需要这个K	None
人间不值得	None
当你给别人建议时 突然被自己的话给醒悟： 	None
学业繁忙勿扰	None
当你发现你对ta的引力还不及月球对ta的千分之一时：	None
妈呀15:33他在看着我！15:33我早就说过了15:33他对你有意思15:33小丑和小丑的对话	None
和闺蜜聊天时的你 和喜欢的人聊天时的你 	None
如果你正在找一只代表睡眠不足以及不开心的动物的话,我向你介绍南美兔鼠	None
漫画。动画。电视剧改编版。	None
这只鳄鱼叫做鲍勃，他出生的时候是没有尾巴的。但取而代之的是一个超级性感的屁股	None
遇到某人。一起聊天。我解释乐高里的人住在自己血肉盖成的房子里。我们分道扬镳。	None
“你明明看到我了却没跟我打招呼”。我：。	None
当我买了一个64Gb的硬盘但是插入后发现只有57.6Gb可用。哪有6.4Gb。	None
学校。生活。我。你他妈想要我做什么？	None
斗牛犬害怕坐在猫的旁边。	None
当你和爸妈说一些有趣的事 差点说出一些不能播的事： 	None
就决定是你了！皮卡狗 	None
辣么凶干嘛	None
你未来还有很长的路要走	None
嗨。嗨，你好啊，在干嘛？玩手机聊天。吃了吗？吃了。吃的啥？订的外卖。	None
在打牌的我。春晚	None
古装宫斗/家斗剧套装。瞎子—样的男主。没有道德底线，嫌兼自已死的不够快的女配。爱抢戏的宫女/丫鬟。道德楷模女主，干的坏事都是被迫反击。炮灰。	None
你会呼吸吗。58%。42%	None
当内向的你在公共场合讲笑话让大家笑了出来时：	None
"别人的台风天。“台风来了我好害怕”“别怕。我在呢。”你的台风天。""WOC，这台风真TM吊。"	None
当她问你一个很严肃的向题，然后你用一个蠢爆了的悄皮话回答她的时候	None
当我在人群里呆着超过20分钟的时候：请滚 leave.	None
当你和朋友约好去玩 你迟到三十分钟时： 你朋友迟到两分钟： 	None
墙上的蜘蛛看着我在跟脑里的自己吵架结果还吵不过脑里的自己时	None
饿到不行 但是也要等到视频加载完边看边吃： 	None
平时的遥控。我不小心一屁股坐上去时的遥控。	None
7岁时的我收到了家人送的生日礼物。一摸包装发现里面好像是衣服	None
在现实生活中的我同事我同学在互联网上的我新认识有相同话题的互联网朋友虚拟人物你们..这些家伙我爱死你们了loveyouguysso much	None
气凝胶:-99%空气。一包薯片：可悲。	None
当你终于买到了iphone马上post上网炫耀W	None
小时候的我在半夜幻想自己打败了匪徒并且拯救了班里所有同学。	None
我打开模拟人生，然后花上整整三十分钟就这样看着里面的人工作生活。	None
转发这个没有开口的开心果，你讨厌的人就会吃到这个开心果	None
高等数学。变化无穷 不能学也。	None
老师：你们可以和旁边的同学讨论 一下这个问题。 我和我旁边的人： 	None
活在裆下	None
感谢你为我平淡的生活。增添了几分怒火。	None
我：等下回家一定要把报告写完然后扫地洗衣服接着读一本书。一回到家的我：	None
23:00 咱们中国人过什么情人节。02:00：七夕也没人约我。03:00：傻逼节日	None
当你人生里那段难以忘怀的小剧场突然向你袭来。	None
就是为了这点事呀。特意把大家喊出来。	None
当我告别时嗯嗯再见啦Ok,bye.当我终于独自去处理我的感受时请你别离开我我真的很想你Please dont goIactually missyou so much	None
好委屈	None
当你度过了一天之后，发现一整天都既没有欲火焚身也没有想自杀的念头时：。 那些脑细胞估计在计划着什么。	None
你们刚开始约会时ta会抱看你入睡现在ta睡觉时只会放屁和打	None
这是一个人类。人类是进化史的巅峰。人类每天都要工作。这是一只猫。	None
地平论者：我已经做了实验证明地球是平的了。实验	None
真正的方花筒写轮眼	None
我的邻居怕我的狗所以我给他戴了假发。	None
别担心，你会顺利毕业的。你会过上你想要的生活的。事情是需要时间的。你只要享受现在的生活就好。	None
虚假的招财猫真正的招财猫招财	None
妹纸，我要妹纸	None
今天礼拜一！ 多希望我是一只猫！ 不上班不上课 可以在家睡懒觉！ 	None
正常人平时都在讨论些什么？内向的人；外星人。	None
当有人跟你说完再见之后第五次走回来拿ta刚刚忘记拿的东西	None
当你打出“holy shit”然后输入法帮你自动更正为“holy shot”时：	None
当你在地铁里偶遇了高中时期的好哥们时	None
我情绪多变	None
亿万富翁们在交税的时候感觉就像：不!我的两块钱！	None
老板：你是为了工资才进公司的？！我：是的，还有员工福利。老板：	None
有史以来最可爱的时刻。	None
其他人是怎么睡觉的：英国人是怎么睡觉的	None
我等着我的父母停止争吵，这样我就可以告诉他们我吐了，吃完了。	None
*奇怪的女友*不管她做什么都支持的我因为我爱她	None
当我在睡觉的时候想要搞清楚被子的长边到底是哪边。	None
如果单身会发光： 我 	None
嘿我能向你借点钱吗？一只乌龟要钱做什么？做乌龟的事。	None
我妈妈：别打扰我。我：	None
"宝 我想吃
二硫碘化钾了"	None
她：嘿你想来我家坐坐吗？我父母不在家。我：不了，我还有别的事。十年后的我洗澡时。过去的我。现在的我	None
我未来的孩子。	None
“最近学校怎么样啊”。“很好”。	None
当外卖显示30分送达但现在已经是33分了	None
当公交车司机没等你找好位置就踩了油门	None
我爸：别嚷这么大声，玩个游戏那么激动干嘛。还是我爸在他看足球的时候：	None
语言，学起来很轻松的就是头冷	None
在派对上跳breaking的耶稣（公元20年，上色版）	None
你最后吃的东西是它的名字	None
*电子游戏发明于1958年*当1957年的妈妈发现她的儿子取得糟糕成绩时:	None
一堆说不走就不走的肥肉	None
当你在这个城市住了一辈子然后有人和你问路	None
想象一下，如果有一窝松鼠在你家窗户安家，然后你可以看着他们睡觉和长大是什么样的体验。	None
当上帝让我抑郁的每天都很累同时又给我足够的焦虑让我睡不着时	None
1Awards什么事情在精神/情感上击挎了你？SeriousRepliesOnly1.1k1.6kShare	None
吵着要吃麦乐鸡的我。16岁的哥哥用他赚的第一份薪水给我买鸡块	None
我不知道这张图片里哪个更吓人，是这个车祸？仍然在车里的奶奶？还是那个爷爷的裤子..	None
尝试摄取知识	None
我给朋友拍的照片。朋友给我拍的照片。	None
怎样讲一口流利的意大利语。	None
我眼中的双节棍	None
考试给我带来的伤害 需要我用一生来治愈 	None
我的头发分布	None
Windows用户。PC游戏厂商。Mac OS用户	None
宝贝。我成功啦。我成功研究出预言机器了。我要离开你了比利。你爱的人都会离你而去。超成功！	None
我快乐不起来。	None
如果全世界的人都同时做这个会不会引发地震？	None
当我关灯后我的视力。过了一小会儿后我的视力。	None
睡不着，蓝瘦	None
当她带你去见父母然后他父亲说“所以你就是那天晚上开着改装道奇送我女儿回家的那个臭小子？”但是你意识到你只有一辆自行车时：	None
当你发现你一直在用移动数据而不是WiFi时：。WiFi。移动数据。	None
还有三个小时就要去上早八的我	None
我看每个人的方式！ 我看你的方式（宝贝） 	None
12岁的我查字典发现gay还有“开心、快乐的”意思。lol im gay. u gay. erbody gay.	None
为什么受伤害的总是我	None
5岁的我：操。我妈妈：你从哪里学的这个词？我弟弟在玩电子游戏。我爸爸在看体育比赛。我意识到不管怎样我都完蛋了。	None
现实中蹲监狱： 在大富翁里蹲监狱：	None
当你跳过新手教程 直接进去游戏时！ 	None
弱小	None
扎心了 老铁	None
基金股票黄金。连吃饭都成问题的我。	None
当你感觉刷出来的微博都怪怪的。为什么？为什么？为什么？關注，推薦。哦是这样。	None
被生活逼到睁不开眼	None
凌晨三点想象还活着的亲人去世场景的我：	None
刚去商场和cobb买了套新西装。哇！左边那帅哥是谁啊？。是我	None
当某人指示我去做一件事 这件事正好是我刚要去做的事时： 好啊我現在不做了 	None
就是他吗的扛不住哇	None
报一丝啊。冒饭了。	None
一个人也要坚强鸭	None
crush:我超喜欢有冒险精神的男子汉！我:	None
你知道我要说什么	None
考试前班里的某个人：我真的一点都学，我每天都在看黄色漫画。	None
看电影一个人…不想出去	None
我，是如何过滤诈骗电话的:只要我手机响了，就是诈骗电话	None
我知道我的人生 其实就缺那一块 那一块 一百万 	None
这东西比很多人的关系要牢固得多。	None
我在犹豫看要不要约她出去吃个饭。她在等我约她出去	None
当你朋友迟到，却跟你说快到时	None
当有人表明ta很喜欢我对我有兴趣并越来越亲近我时：别再靠近我了，我不是不喜欢。我只是对亲密关系不太适应。我要逃。我要逃。我要逃。我要逃。我要逃。我要逃。我要逃。我要逃。我要逃。逃避。退缩。	None
如何赚钱。打工。	None
我这么做只是因为我对自己有信任问题	None
感冒时有一个鼻孔突然通气时的感觉就像	None
我，试图进入镜像世界。我的镜像，努力阻止我进入镜像世界。	None
新莊愿西盛里製	None
很珍贵别浪费很珍贵别浪费很珍贵别浪费	None
游行 。暴乱	None
当你在游戏中杀死了对方然后对方骂你是个开挂狗，但其实你没有开挂。	None
努力撑到周未的我 	None
我好累，我晚上要早点吃晚饭。然后我就能早点洗澡。然后早点躺床上。然后熬夜玩手机。	None
心痛	None
我的食欲。	None
老师:有人解释一下你个的作业 为什么一样么？ 我和我的同学们 	None
你就不能像正常人一样说话吗？典孝急蚌乐。赢润麻寄摆。	None
迪斯尼：*片头是一座梦幻城堡*梦工厂：*一个坐在月亮上钓鱼的少年*皮克斯：	None
陌生电话响了之后我的处理方式： 放在一边等它响完 调成静音等它响完 接电话 	None
未来的人类把迪士尼乐园挖出来的时候会不会以为这是个崇拜一只奇奇怪怪老鼠的文明。	None
明天不用早起..... 我觉得应该把闹钟关上 	None
淡水	None
当我朋友说我 是个说话很伤人的人！ 我说话很温柔的时候 	None
有些武器无需介绍 你就可以知道它们的主人 	None
对不起daddy，我是个坏女孩。我再说一次···是“宽恕我神父我有罪”	None
通常情况下，我的床：。当我坐在我床上的时候：。当我把手机丢到床上的时候：。	None
便利商店店员：请问有零钱吗？我：等等喔我找一下包皮裡有没有。店员：你是想说皮包吧？我：蛤	None
洗澡时花的时间。清洁身体。哦哦热水好爽。	None
得知自己发表的言论冒犯了互联网上的某些人后依旧安然入睡的我：	None
我脑海中的想法。我表达出来的样子。	None
当你穷的要死，但又想给亲朋好友买圣诞礼物的时候：	None
游戏载入时的小贴士就像：吃披萨前先把盒子打开	None
地震。新冠。地震+新冠。	None
凌晨三点看两个印度人在森林里盖游泳池的我	None
Am I A Joke To You, Brenda?	None
当你的狗狗把你的哲学作业给吃掉后。	None
朋友：我考的分数超烂的。我：我也是。朋友：你几分。我：64分。朋友：我也才98分而已	None
如果我每看见一位陌生人并对其产生。短暂的好感就能得到一分钱时：。	None
谁没害伯过这件事呢？。每个人童年最焦虑的事：。	None
为什么在长颈鹿存在的情况下人们还是相信独角兽是虚构的？你是觉得一个长角的马更可信一点，还是一个又像驼鹿又像豹子又像骆驼还带着40英尺的脖子的动物更可信。	None
疲惫难过困倦	None
停，劳资是在看不下去了	None
当你的东西找不见时： 谁tm拿的 哦，在这啊 	None
你的闹钟将在2小时17分钟后响起	None
10岁时装作喝醉的我。20岁时装作没喝醉的我	None
"警官：“请前面的车靠路边停下
我：放轻松，适当讲点俏皮话
警官：“请出示一下证件
我：“能不能放人家走嘛警察叔叔""
警官：“请你立刻下车，先生"	None
当喜欢的人给我发来信息时即使内心激动也要故作矜持慢几秒再回的我。	None
你为什么选择我们的公司？因为你们在招人。那你能給我们公司带来什么呢？一个新员工。	None
救命啊好羞耻。说些调情的话。说些调情的话。救命啊好羞耻。	None
当你发现你再也 不用再sq网站上 填写假的出生目期了： 	None
茄茄流泪	None
为什么他不回我的消息？	None
真的不想打击你但你的性幻想并不是真实的	None
我送你一個魔法號角。你有任何需要時只要把手伸進号角，就能取出你恰恰需要的東西！不久之後。您要刷卡還是付现？付現。	None
当你想要认真打电话时：	None
网聊时的我。现实中的我。	None
*嗯~~~我好喜欢这个心发型，好搭我哦~*三天后，*我想改变一下自己的形象了*	None
成瘾前与后：酒精、大麻、药、暹到	None
数学老师：你哪个部分不懂。我	None
那个不借助互联网就把互联网发明出来的人：	None
当我看到一个非常对我胃口的视频以至于很快就好了时：明天见！	None
当我的朋友给我讲 一个很烂的笑话 当我喜欢的人重复了 这个笑话 	None
我抱着我的宠物对着镜子说：。这谁家小宝宝呀，肿么会介么可爱哇。	None
这是怎么一回事……免費植鬟體驗就到這邊為止了。	None
当我早上起来准备去上班同时知道有的小孩玩抖音一年就赚了几百万。	None
我艺谋了	None
无视别人的信息直到我有足够的精力回复他们为止	None
男人真怪lol。10。女人也是。-4。这不是等价交换法则	None
素食主义者眼里中，动物们是这样子死去的:	None
你认为我有多好涩。实际上我的好涩程度。	None
周：请用雨個字形容你的另一半。嗯~在哪？	None
我的祖先因为躲避二战迁徙到了其他城市。所以说，如果没有希特勒的话，我就不会出生。草	None
我妈妈：老是听你朋友怎样，听你朋友怎样你朋友叫你去跳楼你会跟着跳吗？也是我妈妈。你知道吗？同性恋群体在利用5G基站向你的家里传播同性恋电浪。	None
那个每次打喷嚏都超夸张的家伙： 	None
想吃冰淇淋	None
当我生气的时候： 当我解释我生气的理由 时： 	None
我把我灌醉	None
好兄弟我该睡觉了，先下了，明天再来。遛了，明天见。xX_Gameslayer_Xx最后上线时间：12年前。	None
公元79年，庞贝古城：（维苏威火山：*他们不知道我快要爆发了*）	None
只要不工作干什么都好	None
以前政治极端主义者。现在的政治极端主义者。	None
当爸妈看到 我犯错时： 当我爸妈自 已犯错时： 	None
研究表明：多遛遛你的狗，可以延长你的寿命。	None
“狗狗太会拆家了，我还是喜欢猫猫。猫猫：。	None
哇哦！看来迷彩服还是真的可以隐身的	None
她：我很喜歡會提前計書的男人。我：我提前喝了1公升梨汁。她：啥?我：啥?	None
NOKIA。完全ojbk。操作。返回。	None
"January
2020
January
2021"	None
刘刚發現KEA小鲨鱼介绍常有趣只要鼓励小鲨鲨，他就有勇氣进洗衣機隆品讯説明產品賀讯蒸魚天生就是游泳和深潜的高手，至於这個駕魚填充玩具的潜削有待發掘不逼只要加以鼓助，它或能勇敏下水-放入機洗所有绒毛玩具都能给你舒適的摊抱，也可以安捷情绪，好玩又可；且通逼安全韶證值得信赖	None
我画的左边大括号。我画的右边大括号。	None
我。那个按不出响的手指。我的其他手指。	None
连续穿8个小时袜子。重新穿上刚刚脱掉的袜子	None
研究表明女生在和喜欢的人说话时声调回不自觉升高。和我说话的女生：我要回家	None
我不知道该花多少钱，所以我来 纹身。 	None
我讨厌我自己。哇哦，我现在比较讨厌其他人了！	None
世界各国按地理位置排列时	None
8岁的我躺在床上思考着是要冒着被鬼抓住的风险跑出去尿尿还是直接憋到明天早上	None
奉朝廷命令修建的大工程即将完工了，马上就可以领到工钱了。发现这个工程越看越像皇陵。	None
带朋友去新地方玩时总要确认朋友是否都有玩尽兴的我：	None
今天我什么也没做，又一次，一个什么也不做的人能有什么用处呢？没关系，我们的确本可以做得更多，但是没有任何事是使你与自己为敌的理由，没有任何事	None
你确定你会开车吗？我会的 你与我同在，你与上帝同在 	None
吃苦享乐在一起邻居亲朋不要比气出病来无人替别人生气我不气为了小事发脾气相扶到老不容易人生就像一场戏神仙羡慕好伴侣儿孙琐事由他去我若气死谁如意况且伤神又费力回头想想又何必是否更该去珍惜因为有缘才相聚	None
面壁者罗辑,我是你的破壁人!	None
当我打开割蛋按下随机播放然后耳机里响起了我最爱的那首歌时：	None
5分钟大的法国斗牛犬。	None
当你的父母用你的全名叫你时	None
请让我们花一分钟的时间来关心一下2月15号的宾馆清洁人员	None
太EMo了	None
某人：对着我这边的方向挥手。我：也向ta回收，发现ta是在给我身后的人打招呼。接下来一整年的我：	None
考试作弊以为老师看不见的你：	None
嘿，你要睡了吗？是的，闭嘴。要是我们的整个太阳系只是一个更加宏观的世界的一颗原子呢？	None
你好。我虽然在一旁跳舞，可我知道我做这些毫无相关且无意义的事只是为了掩盖最内源的痛苦！哥们，没有谁不是孤单的	None
那个牛肯定是个妥妥的坏家伙	None
我：我不需要购物篮。6分钟以后的我；	None
女友:我真的受不了你老是觉得自己是个侦探了,我觉得我们应该分开了。 我:有道理,这样我们搜查的范围就更广了。	None
当你在梦里梦到和某个人相爱并且谈恋爱了，醒来后发现这个人根本不存在时：	None
要我一直哭嘛？	None
专门暖床的	None
任意一-只狗: 叫方圆五百米内的其他狗。	None
我以后要帮我的儿子取名为“物理”。这样我就会成为“物理之父”。	None
你知道吗？男性经常开快车会导致掉发	None
Justa little bit please	None
当你的朋友给你发至少是两周之前的MEME时：	None
"看都不看就按下""我已阅读服务条款与用户协议""的我："	None
奥丁：我拥有阿斯加德；弗瑞局长：我拥有神盾局；我，一个普通人：我拥有两只眼睛	None
美国人。每一句话	None
一般人看见的。妈妈看见的	None
我，极度抑郁沮丧，我家狗狗，想要出门遛遛他/她	None
当你在看新闻，不知道该作何反应时。	None
别人的情人节。我的。	None
当你在车里同时唱歌词和垫音时：	None
这条路像极了我的钱包！ 	None
x&y在字母表里x&y在数学里	None
不睡前我的大脑： 这辈子 做 过的 所有 丢大的事 	None
高强度密码。所有账户都用这个密码	None
班里的女生：冲我笑。第二天等着她的我：	None
冰水得用这种杯子装才最好喝。	None
莫得感情	None
每当我吃芒果时都会：	None
是啦doi确实是很爽啦。但是你有没有试过连续好几天很疲惫。时你突然收到一条“你明天放假”的信。息爽呢？。	None
泣不成声	None
这款游戏我已经玩了5000多个小时了，我依然觉得很有趣。*我。	None
这位36岁的男士仍然没有放弃获得大学学士学位，如果这都不能激励你，那就没有什么能了	None
嘿！嗨！你的笑容嗯嗯很美谢谢十年后：那天她让我很开心	None
请记得，无论情况变得多糟这个世界上永远有柯基	None
开学前的你 开学后的你 让我出去 让我进去 让我进去啊啊啊 让我出天天n 	None
>听到好听的歌>点进专辑听听其他的歌>你发现这是专辑里唯一好听的歌	None
欢迎来到畅所欲言meme区。请在评论区里。留言你的疑虑。由其他人来解答。敏感词请自行和谐。感谢（鞠躬)。	None
哦嚯，完蛋	None
研究表明大部分人需要7分钟就能进入睡眠状态“谁…告诉我，那些人是谁？	None
你跟我说这些没用因为我只是一只猫	None
德普回家检查他的床。（2016年4月）	None
计划。进展。时间。列出来的。我完成的。	None
大姨妈什么时候来？	None
emo音乐。讲述生活如何艰难的歌词。正在和父母一起旅行度假的十三岁小孩。	None
我：你看后面那个人很奇怪 别太明显 朋友： 	None
当洗发露瓶子上写着“修复损伤”但你意识到它没有办法修复你心灵的损伤时：	None
当你长大了，却觉得自己是个孩子。	None
莓事	None
就我妈不小心买了个小号的狗窝但是他一点都不嫌弃。	None
当我在发呆时，我以为我是这样的： 但实际上我是这样子的：	None
我睡了除了转账其他事情不要吵我	None
当你回到家发现亲成家的孩子正在玩你的手办。放开她，你这脏东西。	None
鹅心	None
晚上躺在床上准备睡觉 蚊子: 	None
如果事情不顺利怎么办？那如果顺利呢？	None
“你们现在正处于最好的年纪，你们年轻,充满活力”吃完午饭的我:	None
给个鸡会	None
下雨了下雨了但今天你休息你正和喜欢的人窝在沙发上玩手机休息	None
我觉得我喜歡上妳了其實.我也是那互删吧這就是结果蛤???爱、吵架、冷戟、分手直接省略过程，這就是结果希挚你自己以后能好好过，再見???	None
科学家：狗的嗅觉比人类敏锐40倍 还是狗：	None
你想得到的车。想得到你的车	None
物理法则:*存在*羊:	None
老师：造成学生忧郁症的原因是什么。我：嗯…压力和创伤？老师：那你写我的名字干嘛	None
我：明天如果我起不来请喊我一下谢谢。舍友：没问题。第二天的我：别叫了，我已经起来了。	None
当我在选适合边做家务边听的歌时选得太过认真以至于忘记了自己还要做家务	None
朋友：今晚出来玩吗。我：今晚不行，有安排了。我的安排：。	None
大家都停一下这里有一只抱着小熊玩偶的熊。	None
高傲地看着别人犯了我以前也会犯的错误的我。	None
我在我的。我在我的。我朋友面前。暗恋对象面前。	None
我自己玩 恐怖游戏时 我看UP主玩 恐怖游戏的视频时 	None
纯净水黑色幽默。并非所有人都能get到。	None
令人忍俊不禁。真的没懂笑话的我。忍俊不禁，忍俊不禁	None
如果我8点告诉他，他5点吃了什么抗生素？ 一我想给细菌一个惊喜 	None
想梨了。。。	None
DC电影：走向正轨。华纳：	None
他的屁股亮过我的未来	None
电视剧里的人听到闹钟响是怎么起床的。我听到闹钟响时，知道了，知道了。	None
当毯子没有盖住脚时。	None
当你在打游戏时她常常会这样走过来贴贴你，伴随看刚洗过澡的体香	None
当你没带手机去上厕所的时候，你的脑子里在想什么东西	None
泪，流了下来	None
拒绝新世代。回归传统。	None
你想吃宵夜吗？我给你做。我真的很担心你，并且我真的很在乎你。	None
太阳的亲吻VS太阳的大嘴巴子	None
"集体旅游时的女生们
男生们"	None
和你停在一个路口的卡车司机：。	None
我的法国斗牛犬和他的炸薯条。	None
全新的一年 全新的我！	None
當她说不管她吃什么都要加辣醬。只是你没有料到她是真的不管吃什么都要加辣醬。	None
我：吃饭时不小心把食物弄 掉了 我的腿： 	None
1021快到啦我已经等不及想见你了哼哼我要给你一个大大的拥抱和亲亲	None
开水越烫我越浪。	None
爸爸给我做意大利面呗。你这懒鬼，自己去做！哦我的上帝我恨死我的父母了！*开始播放林肯公园*	None
她:来我家嘛。蝙蝠侠:不行。她: 我父母不在家噢。蝙蝠侠:我父母也是。	None
好想发疯。	None
我今天看到一只德国牧羊犬被诊断有侏儒症，这是我今年看到的最可爱的东西。	None
除了年龄不一样之外、一样都是雄猫、一样的位置、一样的姿势但还是有很大的差别。	None
我的性格。我的音乐品味	None
因为迟到生气的老爸。不敢告诉他我忘记带书包的我。	None
游戏：*有一个瀑布*。冲进瀑布后的玩家。	None
奥创花了两分钟浏览了人类网络的所有内容，然后决定要把人类灭绝。说真的，我们能怪他吗？	None
要是那些杀害婴儿的人都是穿越回来刺杀未来希特勒的呢。这里是快餐店先生	None
疫情之前我的人生：疫情期间我的人生：	None
如果你看不清数字，说明你：4感冒了。2正在头痛。0需要睡眠。6需要补充水分。有没写完得论文。9低血糖。	None
在玩游戏时， ，一个女生不小心打开了麦克风 其他玩家： hi Girl? GIRRRL? agirl? Girl? gril? glrL? Girl? Girl? 	None
网上的猫猫。我家的猫猫	None
我为那些既想保住小命又想看上去像个傻子一样的人设计了个口罩。	None
我： 被邀请参加 某个活动时 我： 没被邀请时 	None
当你每遇到一个人都特制一个新的人格，这样子他们都喜欢你的时候:这是献给你的	None
我：不我半路不用上厕所的。这是我在到达目的地后：	None
当你为了避免孤独而去看剧然后对角色产生了戚情，于是大结局后你只威到空虚与悲伤。	None
世界第八大奇迹。1 50 Freston Rd	None
看着太阳落下时的感觉	None
我收藏的歌单。系统推的歌单。我创建的歌单	None
女兒还是和小時候一可爱	None
当轮到你点菜，你却还没在心中排练好和服务生的对话时…	None
唯一一个能被我吸引的雌性了： 	None
当你在凌晨两点给你朋友发消息，然后ta立马回复了的时候。	None
我：*将鱼钩甩进池里打算钓鱼*。在儿童泳池边上的家长：	None
"我在线呢你们人呢
行我去叫个大佬
人齐了我上线
找个人五黑吗"	None
父亲教女儿开车的真实画面。	None
我不可爱	None
哭哭	None
你最好是。	None
*上网课时*觉得别人回答的问题很简单的我。老师点到我回答问题时。	None
我枯了，你呢？	None
*吃饱了才有力气减肥 我吃饱后： 	None
当男生不小心闯入女更衣室时的女生： 当女生不小心闯入男更衣室时的男生	None
面试官：有什么特殊技能吗？ 我：	None
洗澡时揉揉0洗碗时捏捏	None
当我想到了个杀到不行的主意，然后内心里的我还觉得很有道理。	None
当你想把一件事做好但你有太多事情要做于是你不知道从哪里开始于是你就继续拖延下去结果什么事情也没完成。	None
中秋节后遗症：爸爸妈妈：吃月饼。vanessa吃月饼。我讲吃月饼会听没有。快点去吃还有很多	None
只要我穿着这套无敌铠甲就没有任何东西能伤得了我。冬天。呼~~~~。	None
我不想。这样死。好，那。我等你。上大号还是小号？。WARANDPEAS.COM。	None
有人问巨蟹座要不要吃： 巨蟹座： 不用你吃就好 巨蟹座： 好啊～我要吃 	None
朋友：诶！餐點都来了媽？我拍一下食物的照片我：	None
欢迎加入我们 浣上不睡教 	None
某某网站检查你 是否达到18岁： 游戏公司检查 你是否达到18岁 	None
我的人生目标就是当事情发展到这种地步时仍然能够保持镇定	None
你睡不着会不会是因为所有梦境服务器都满人了你必须等有人下线了才能连上去。你是谁？为什么你对科学如此聪明？	None
平时的水。凌晨三点起来喝的水。	None
我不是熬夜，而是用手头的电子产品耗光自己的精力以忘记自己是个孤独的丑逼来使自己入睡。	None
早上时的我 晚上3点我的 001 	None
碰到烫的东西 马上不再碰 吃到烫的东西 死也要吞进去	None
我脑子里的图片。我画出来的样子。	None
我：*在睡前猛灌了好几杯水*。睡醒时我的嘴巴：	None
以部门聚餐为主题拍一段视频	None
当你的姥姥知道你喜欢看meme时	None
哥们，RIP..	None
当你讲笑话讲到一半自己先笑场。你朋友：。	None
达人秀评委：“展示一下你的才艺吧。”选手：*表演了吞剑飞天胸口碎大石等超赞的才艺* 评委：XXXX。某个12岁的艾孩：*唱了一首抖音热歌* 评委：	None
糟糕的老师： 看到内向的孩子被校园霸凌时，糟糕的老师。看到被霸凌的孩子反击时 	None
"朋友说你在吃什么？我想尝一口""后
我是如何向他们描蓮我的食物的"	None
我：正在洗碗。别人：往水池里又放了一个碗。我：	None
凌晨2:00:剩下的这一半就留到明天早上吃。凌晨2:08:是时候吃完剩下那半咯。	None
带着你现在掌握的所有知识在10直接拿走vs岁时从头开始你五千万的新生活K	None
当我给闺蜜感情上的建议。我的建议。她的回覆：但我还是很愛他	None
慢慢意识到错的人是我时…	None
在圆形交通信号灯亮红灯时右转的我。那些只知道红灯停绿灯行的小孩。	None
"生活
我
"	None
互相给予对方爱和关注&无休止的性	None
我之前流到烤箱下面的芝士看着我又一次加热其他食物时：	None
小时候不小心碰到女孩子的手： 	None
妈妈好。我靠。它有16厘米长。	None
在课堂认真记笔记...突然！笔尖碎了一个碴，笔尖被分成了两部分。WRITING TURNS 3D	None
我训练中的导盲犬最近参观了当地的一所学校，结果是学校照相日。今天他们给我发了这个。	None
MR.PRINGLES失去了他的头发，也失去了眼中的光芒。	None
这么晚了。怎么还不睡？你在想什么呀。我在想你。我在想下次见面。先紧紧地抱住你。	None
闹钟：6:00 6:10 6:20。 闹钟：你为什么还在睡？	None
人类永远无法预知片刻的价值 直到这个片刻变成了回忆！ 	None
“学习一门语言最好的办法就是和当地人聊天”。学习JAVA的人：	None
我妈：*威胁我要把我的手机扔到楼下*想到手机开了飞行模式的我：	None
在网吧完了一宿然后走出来迎接8点的太阳的你：	None
我，一个内向的人*某一个喜欢我的外向的人	None
老师，你ppt没点开	None
对朋友的 第一印象 相处很久 后的朋友 	None
有人来咨询我情感建议。几乎没有跟异性说过话的我。你可算是找对人了。	None
在不阅读文件的情况下 开始编写代码时 	None
就知道欺负我	None
*爸妈来外婆家接我* *手里夹着钱的外婆和我握手*	None
当我突然想到那道我考试跳过不会写的题目的答案时：。	None
沉迷游戏，无法自拔	None
我对你仍有爱意我对自己无能为力	None
达咩	None
当我睡足8小时去上学：	None
每当我生活遭到不幸	None
我希望对面车里的人能看到我有多帅。	None
我哪敢说话呀	None
男子因为试图攻击偷吃他猪扒的家人而被捕，我不想评论他这样做是对还是错，我只想说我可以理解	None
他们不知道只有140以上的IQ才能通关	None
13岁的我路过商场里的女性内衣区时	None
*当群里不熟的人开始大倒感情苦水。我：我实在无法跟你形容老子有多不在乎	None
想象中的被窝 躺下后 	None
服务员：我们这12岁以下的孩子可以免费。我爸爸：他今年…16岁的我：我11岁。我爸爸：	None
上学时： 没完成作业 被老师叫出去罚站： 难道你也没完成作业？ 没错 	None
我赞成. 我想看最史诗般的多元宇宙 我说的最史诗 完美 	None
拨娜娜，我舍不得用你	None
委屈巴巴	None
我能怎么办 我也很绝望啊	None
假期结束第二天 要上班的你be like！	None
进出。说！得！好！。	None
好鳄啊	None
ta：“宝宝我要走啦。我还有工作要做。我：现在你永远是我的。	None
我眼中的鸡蛋：鸡蛋眼中的我：	None
这些app 是不会给你带来爱情的	None
看来又有新电影看了	None
第一人称视角：微波炉里的食物。	None
我真高兴我能来到这。这些人都是我的朋友。他们都玩得很开心真好。我是一只狗狗。我饿了。	None
我打赌这些孩子将会学到一大堆新词汇。	None
95%时间的我，在重要聚会或者活动前两三天的我	None
冬天时的我。	None
当你穿错衣服去参加聚会时。我可以回家吗？	None
苦恼	None
出来玩啊！ 有美女 	None
人们都说我的笑容很诡异。你必须学会用你的眼睛“微笑”	None
复制粘贴灌水的“优质回答”（1赞）。百度知道。认真讨论的回答（15赞）。被折叠的正确答案（245赞）	None
你给予不爱和关注。我。好意思，我是不是我有点太黏人了。我。我。我。	None
英国名校世界百强。一年制时间短。均分不够也能读。	None
当别人用meme来评论你发的meme的时候，终于有个会说人话的了	None
当你的dom一直在关注别的小猫并且亲了别的小猫时：	None
当我点了一堆炸鸡后把可乐换成无糖可乐的感觉	None
"木马   么么叽
奖励你一个爱的亲亲"	None
当我走进考场的那瞬间！ 我 上课学习的知识 	None
暑假，爱我就不要离开我	None
哇哦，这里有个淤青唉	None
当我最好的朋友结婚时： 我反对！ 不要离开我 带我一起去 	None
这是慕强的你这个时候对方在跟你聊什么？	None
这名角色受欢迎程度。这名角色的出场次数。	None
闪电侠的弱点。超人的弱点。蝙蝠侠的弱点。	None
我。多年前得到的夸奖。	None
当你妈说你长大后有无限可能 可你只想当一瓶矿泉水： 	None
我意识到自己慢慢成熟需要更负责任，家里的事父母开始询问你的意见时：	None
你们男人都喜欢这个，对吧？	None
不要啊不要啊	None
当我逐渐意识到错的人是我	None
主啊！请给我一个让我明天早上起床去上那该死的班的理由吧！ 你没钱	None
当我收到别人的夸奖却不知道该拿它怎么办。	None
下来拿一下	None
小时候吃鱼，试图搞明白为什么鱼的身体里那么多刺却扎不到它们自己的我：。	None
当我回想起我以前交往过的对象！ 	None
没有人：6岁时假装自己在抽烟的我：	None
当有人说你今天看上去不错，并且这让你感觉很开心时：	None
爸爸妈妈：哎呀你藏到哪里啦我们都找不到。爸妈的视角：	None
当你在微博点开一个查看图片时	None
我花100块 我妈花10块 买的菜 买的菜 	None
我。应该干的事。「我明天再做」。明天	None
选择一个药丸。终生免费音乐会。8千亿美元。使一支已经解散的乐队回归。可以在唱片发行前提前欣赏。	None
当你扭到脚又看到暗恋对象。走过来时：	None
元气满满	None
当有人把我的玩笑话当真了并且和别人吵起来时。我：	None
我：Bi 怎么生气了。她：去问你刚聊天的女生。我：女孩们我女友生气什么？	None
你的蛀牙好严重啊	None
很欣赏那些能够放下手机然后面对现实活在当下的人：	None
我的狗就是太爱对方了。。。那或者他们很笨。	None
当面试官要你减少一下自己于是你开始想象你到底是个什么人。Loading...	None
当你已经饿到极点了，但有人仍然试图跟你说一些悄皮话的时候：	None
我受不了了	None
当上帝发现人类竟然以某种方式活过了2020年时	None
据说有这么一种人	None
去相亲发现本人比照片好看： 你： 	None
随便发了一张自拍。美死我啦！。*我的朋友们。*点赞*。	None
当你经历了糟糕的一天之后准备躺下来休息，然后你的床给你来了个这，于是你再也蹦不下了当场崩溃。	None
只要跟你有关的都会吃醋	None
我。2020年的流行乐。2000-2010年的流行乐。我。2020年的流行乐。2000-2010年的流行乐	None
小时候幻想着自己未来的样子。现在的我	None
我：*哎？这东西能掰多弯呢？*东西：*嘎吱断了*我：	None
《我的世界》。《我的世界》里洞窟的声音。	None
小时候耍脾气： 别人家： 我家： 怎么了宝贝！ 住声 	None
如果我每天吃十五个苹果。医生：	None
当你设定了闹钟： 第二天 你 你身边的人 	None
当我在校外遇到班主任时。	None
是的，我有十年的游戏游玩经历。那你觉得自己是个专业的玩家吗？	None
这颗大树里面已经完全空心了但是它仍然活着，太神奇了！这有什么稀奇的？我也是。	None
如何食用一份健康美味的蔬菜沙拉：1、把它扔进垃圾桶	None
1034/2756」分享抖音我在听我最好的朋友分享的任何事编辑 保存苔删除	None
莫斯科地铁地图	None
打哈欠之前，打哈欠之后	None
这核里吗？	None
同事迫不急待打開滑鼠包装后.	None
为这只以为戴着墨镜就能免疫美杜莎的猫默哀。	None
我:他妈的我的脖子和背怎么老是这么痛还是我平时的姿势。	None
嗚喔喔喔喔啊啊啊啊\( 'w')/啊啊啊啊啊啊啊啊啊!!! 找到了-! ! !	None
当小学生分到的同桌 是一个异性同学时：我有罪！！！	None
我的计划。我的能力	None
输入“不用担心”但其实十分担心的我。	None
委屈	None
当你想挑战一个副本，然后游戏提醒你需要提高人物等级才可以来挑战。你低估了我的力量。但游戏机制还是有它的道理的。我恨你。	None
一个混蛋。毛茸茸的可爱家伙。	None
数十年来，以防某天有人来参观,那个必须点燃每个地牢里的每根蜡烛的家伙看上去应该是这样的:	None
当你妈妈问起你出去玩的事。于是你开始回想当初编的事什么版本的。	None
歪!请问你有freestyle吗?	None
"没有人：
文艺复兴时期的画作："	None
我不是安静，我是不想和你交流	None
奶奶：哎呀我们家孩子长这么好看，喜欢你的人得排成长队了。这条长队：	None
上帝向我展示我点赞过的 memes并跟我解释为什么我不能上天堂：	None
我:你脑袋是不是有洞啊? 他： 102 	None
Pov:事后我爱你我也爱你	None
头大	None
那玩意是用来保护地板的。如果你觉得自己很没用，请记住诺基亚的保护套，至少你不是一无是处的	None
当早晨的阳光洒在脸上 别人 我 	None
我讨厌我自己，互联网，哇！我现在更讨厌其他人了。	None
老爸：你不介意我把你的乐高送给你的表弟吧？你都这么大了应该成熟点。我得走了。	None
现在的小孩完全不知道做选择有多难。	None
"不过中国时间的滚
这里是 China"	None
当你和妈妈去超市然后她遇到一个熟人并且开始交谈起来	None
朋友：额 你要吃一口吗？ 我:你怎么看出来的！ 我的表情： 	None
主角受到了致命一击,ta正处于死亡边缘,结果ta真的死了动漫也随之结束	None
当你第一次和宝贝视频：。	None
我：正面你当我女朋友 反面我当你男朋友 她:好～ 硬币· 我 	None
两个在网上聊的很热的朋友 第一次见面： 	None
"生活
我"	None
苦海，泛起爱恨在世间，难逃避命运	None
我和我最好的朋友我想ta了你说的是哪一个？	None
往上爬梯子的时候：我无所畏惧，往下爬梯子的时候，我觉得我会摔死/	None
“你都怎么保养你的皮肤的？”我：	None
他们在约会。她是最坏的，他是最真实的。	None
2021年第1天：大家新年快乐! 2021年第9天：兄弟我简直过得一点都不好哦	None
禁止打客人。No beating guests。	None
当自助餐服务员想要收掉你的盘子，但上面还有食物的时候：*尖叫嘶吼*	None
当你收集了5个小时的物资，还没有保存，然后游戏崩溃了。	None
没有钱我很难帮你办事。	None
真想知道這裡曾經發生了什么事	None
这他妈是要带我去哪里？	None
伙计们快洗手！他们来了！我怎么办！？？霸王龙！楞着干啥！快洗啊！救命！！我洗不到啊！	None
当我在讲自嘲笑话的时候说的有点过激以至于让听众感到不适：	None
当我出席了家庭聚会十分钟之后：。那个…。我能走了吗？。	None
当你看到一条很好的微博，想转发时不小心按到主页键。	None
一个人看电影	None
伤口撒盐	None
你有没有因为自己撑到了现在而好好地夸一下自己？	None
作为只可达鸭，我实在不懂你们人类。	None
蓝瘦	None
第一次睡上铺的感觉： 	None
我：*在车的后座打开一包零食* 。我妈：	None
当你和女友和你说 “我已经到了 	None
当我和你在一起时当我独自一人时	None
没有人: 凌晨三点醒来的我	None
我：八点我一定去做；时间：8:05；我：哇偶看来得等到九点了	None
当Apple宣布14即将发布。iphone14pro。iphone13pro。iphone14。Iphone12pro。iphone13	None
一个猫系女友。（她爱你）。烧烤猫师傅。它会无条件为你做饭。井且永远做你最忠实的好朋友。	None
“你得学会让别人走进你的心”我：	None
没有不开心	None
当我看到一只鸡。大脑：撵它。我：为啥？ 大脑：先撵再说 	None
"嘿，你怎么老
是戴着面具
内向
内向
你还是
戴着吧
内向
逾独恐惧
内向
负面想法
对过去的明影"	None
人们紧紧抓住试图自杀的男子。没有人可以逃跑，给我们继续困在这样糟糕的世界上。	None
你知道吗喜欢熬夜的人死的更快點王下次带来更多好消息！	None
当你买了一个廉价的充电器 90% 90% 89% 	None
人类喜欢小狗，是因为小狗长的像人类婴儿。是人。也是人	None
我妈骗我	None
这种湿冷冷的早晨，你知道你需要什么吗？你需要来一片新鲜的吐司基	None
怒。老娘一怒之下。调整了下情绪。	None
头痛地种类：偏头痛；高血压；压力过大；*Bonk*	None
当你做春梦不可控的梦到你身边的人时以至于第二天还不知道怎么面对ta。	None
好想...	None
当你在手术进行一半时醒来，但幸好你的病人还没醒的时候。	None
很抱歉打断你的浏览，你可能用的是移动数据而不是wifi。确保你连接到你的家庭网络。	None
洗澡时我在干些什么；真正在洗澡；嗯…热水…舒服	None
没有人：8岁小孩：	None
狗，为毛你的核那么	None
"我的心。当理发师说“啊哦....""时。当纹身师说""啊哦...""时。当给我做手术的医生说“啊哦..""时。"	None
当我的口袋看着我又把钱花到那些傻不愣登的玩意上	None
我做的噩梦，我试图向别人用文字描述这个噩梦	None
当别人没经过我的同意随 便拿我的东西时： 我 	None
互联网再见	None
7岁的我走到自动感应门前。28岁的我走到自动感应门前。	None
OOKOKokOKOK*OKDK?OKOKOKOKOKOK0	None
为什么戴着兔耳朵的动漫女生都这么可爱啊啊!	None
对陌生人说“借过一下。”假装疯狂咳嗽。	None
你都不心疼我。脚趾也是会累的。	None
最好别惹我。因为惹了我。就相当于没惹。	None
我有两种状态：在社交媒体上完全消失。五分钟里连发十条微博。	None
我还差一点就复习完了	None
不想说话	None
我现在对所有事的反应都是。	None
恕我直言，没人可以驾驭这件衣服。搞笑图片）415人发表了态度神评6.3W	None
别人看到的： 我看到的：	None
当你那个拥有幻听的老师 又开始质疑你在说话： 不是我，臭老頭 	None
我：点击浏览器。浏览器：没反应。我：疯狂点击浏览器。浏览器：	None
当我做试卷上的选择题一开始就已经连续选了四个A。然后第五道题看起来还是选A时。	None
隐私:*存在*。爸妈：	None
海豚真的好好看	None
你最喜欢的电影是什么？怪物史莱克。怪物史莱克也是我最喜欢的电影。我只是在认真洗手来防止新冠病毒，这样我就能活得更久，来看更多的史莱克电影。	None
把手机拿给亲戚家牙牙学语的小婴儿。10分钟后拿回手机时:	None
如果你觉看今天过得很糟糕 请想想这位女士 在三个假人模特后排队结账 排了半天 	None
我：唉这个月钱不够了，可能宠物这边的零食开销 要减少一些了。我的狗：没事！我永远爱你！！我的猫：	None
当你老婆在打扫家务 而你却在沙发上玩手机时！ 这日子还能不能过了！ 	None
今天在移我姐姐的床塾不知道她都在下面放了些什磨	None
我家狗以为自己是人。	None
当有人进入你的房间时，开灯，离开时不关灯。	None
我只是放紙袋在這邊而已你們這樣太狡猾了啦-	None
你不是说我是你的梦中情人吗！可是我现在醒了	None
心情愉悦时我的分享欲be。Like:。我要说的500字内容。随机认识的网友*。	None
小恐龙被妈妈打了一顿，因为妈妈发现他在偷看成龙电影。	None
小时候买到了喜欢的玩具，回家路上一直盯着包装上的字仔细阅读的我。	None
当你在网络上和网友吵架 发现他打错了一个字： 	None
Expellisadness!。魔法猫把你的。不快和悲傷都散了。	None
当2021年只用了一周就破灭了人们对新年的幻想时：“麻烦给我一杯威士忌” “先生，这是麦当劳” “好吧，请给我一杯麦当劳威士忌”	None
老师：人在水下是無法呼吸的。我：	None
#10年能造成的差异。让我们看看你的耳朵	None
当别人跟你说“说说你自己吧”，然后你完全不知道自己是谁的时候：	None
只有男生能理解	None
公交车司机突然加速： 坐在最后的我： 	None
下雨前。下雨后。	None
"“瑜伽""和""伏特加的差别，其實只有姿势差些而已，角度是很到位！瑜珈伏特加"	None
当你的夜之恶魔又迟到了 你是去鬼压别的人的 床了，是吧？ 	None
当绑匪在绑架我之后跟我相处了二十分钟之后。	None
当你吃了一颗刚买来的刚出炉的章鱼小丸子。	None
哭泣	None
刚出社会过年回家 和家里的亲戚介绍工作！ 亲戚： 原来遣叫工作 	None
罗马士兵：你说那个耶稣在哪里。犹大：	None
此时此刻可能你身边就有一只鬼正在超激烈跳舞但你对此却毫不知情。	None
我眼里的 我妈眼里的 我自己 我 	None
Ok.Why should we hire you?ok，说说看我们为啥要请你？	None
无关性只是想这样和你待一会	None
道德困境：两只猫都在叫你邀请和它们一起玩，但它们在不同的房间里看看你，所以它们会知道你是否选了另一只猫你会做什么？	None
你是我的小宝贝可是我比你大	None
这是我们	None
羡慕都摁烂了。	None
.. AND THAT'S WHY'M A VEGETARIAN	None
大脑，不许想了。想都别想	None
自从幼儿园开始我的爸爸就在午饭给我剥橘子，然而在高中的最后一天我收到了这个	None
街头流浪汉叫女主播去找份工作。我引导他人去追寻我无法拥有的宝物	None
暗恋失败的原因有很多 但最主要的一个原因呢 郡就是… 自作多情 	None
现在是：自爱时间！你最好给我知道你他妈的有多可爱	None
当我和我妈去超市然后她遇到一个熟人并且开始交谈起来。1 hour here is 7 years on earth	None
九岁的我和妈妈走过肯德基门]前。妈妈在我说出每一句话之前。	None
心理治疗师：所以你喜欢用幽默来掩饰自己的创伤？我：谢谢。心理治疗师：我可没说这是件好事。我：我还以为你认为我很有趣呢。	None
"我：*手机响了然后去房间里接电话*
我妈"	None
关于doi后出现的各种身体状况你有什么想问和想说的请在评论区里留言	None
我觉得在你身边，我能一直做自己。你在我身边的时候，又怪又安静。没错	None
每当我抚摸自己的头发 	None
安慰伤心朋友时的我。好啦好啦。好啦好啦。	None
马克·扎克伯格看起来总是像僵尸电影里被咬了一口却试图对所有人保密的家伙。	None
当我的闹钟把我叫醒时：让土豆静置五分钟	None
你不就仗着我喜欢你吗有什么了不起的	None
半杰入土	None
internet hall of fame那句话同时适用以下两个场景？下棋性23年5月26日，8:54上午：TwitterforiPhone	None
就算失恋了也能哭着去厨房煮泡面还不忘记得打俩荷包蛋	None
学校食堂中的内卷：初一新生 初二初三怎么不吃饭？ 初二初三 这帮新来的是没吃过饭吗 	None
我：我好像听到外面有什么动静 爸爸:好，让狗狗去外面看看 狗：~ 	None
她：一天后回了我的消息！ 我：他喜欢我！ 	None
希望期末成绩：。	None
美国：*总统大选*。美国人：其他国家的人：memes制作者：	None
哦？你想干嘛	None
满眼部是陈斌。陈斌甚至都不舍得给你台机子。	None
当你不小心惹对方生气了ta说今晚要狠狠惩罚你	None
和你爱的人睡一张床，聊上几个小时都。不睡觉，你们谈论一切，一起大笑，即使都累了但你们仍不想说晚安。Meeqo。	None
如果你是一只蘑菇，你希望自己的脸。长在哪里？。A。B。	None
家里客人走了吗？	None
美国人 Americans，欧洲人 Europeans ，Australians 澳大利亚人	None
如何在酒店加热你的披萨。	None
我的懒情 我的决心 	None
第一份麦当劳开心乐园餐（公元前256）	None
今天不行，我来番茄酱了	None
葡知道	None
当你坐在马桶上然后马桶垫是湿的	None
上学时组织劳动： 别人扫地： 我扫地： 	None
“别太晚回来啊！ 凌晨4点走到家门口的我： 	None
网抑云时间	None
那个当你心情不好时一直陪着你的好朋友。	None
好冰。像你说的话一样。	None
我明天再跟你说吧，我一整晚：	None
还记得他们吗？这是他们现在的样子。	None
我：*过身三秒钟*。煮面的锅：	None
没女朋友前 有女朋友后 	None
当你陈述不想结婚的理由： 孤独患者、经济独立、恋爱恐惧、厌恶人际 实际上： 生孩子太痛了嘛！ 	None
唐纳德，你这里这个wii密码是多少？	None
豹纹芒果。2元	None
一直问身边的小孩长大后相当什么因为自己现在还拿不定主意的我：	None
当你和你的朋友争论某件事，ta提出百度一下结果你是对的时。	None
我凌晨3点站在NPC面前“我已经为您完成了这项任务” NPC:	None
我不是路边算卦的。说不出你愛的話。	None
朋友：欸大家先别吃我拍张照片先；我：	None
你想过没有加满一箱油可以买一辆自行车 加满四箱油你可以买一辆电动车： 	None
当你的在美好的一天中突然回想起创伤往事时。	None
哦	None
电视机播到一个黑屏画面。画面上的投影：	None
纹身师：好了。信用卡：刷卡失败。纹身师： 	None
当你打起精神来收拾房间却发现了以前的玩具然后慢慢陷入了以前的美好回忆中	None
让我们赞扬这些为了更好地扮演心爱的角色而倾注大量心血的coser	None
我这一辈子 到底是个什么命	None
妈妈：别相信你在电影里看到的，那不是真的。我的猫：	None
遥控器：*掉在地上*电池：	None
我要给它取个洋气的名字：伊芙.布德干.内库.毛德川	None
心中的情感。表白时描述的情感。	None
在讲熊的纪录片里 看到熊吃鱼 在讲鱼的纪录片里 看到熊吃鱼 	None
他们不知道我是自己给自己起名的。	None
我在屏幕前的表情。我输入的文字。	None
女生：啊不行不要找个厕所我要尿尿。男生：Aha! A Tree	None
当我的狗看到我被人欺负时。我的猫	None
当你在看你以前的聊天记录，然后发现自己过去的说话方式时：。尴尬症	None
一些男生，一些女生都喜欢看辣妹/萌妹的百合片	None
我们会让他在这里住几天，直到我们给他找到新家	None
当你妈要揍你的时候，你及时在最后一刹那锁上了门：	None
Me every night。早睡就不能和基友开黑。想早睡早起健康生活	None
我祝愿所有想在下午5点“眯一小会儿”的人们有一个愉快的凌晨3点。	None
如果你无法掩盖犯罪现场，那就只能假装自己也是受害者。	None
遥一填得干億，你會遥？1.颜值减50分2.罩身50年4.胖50KG3.矮20cm5.10年内不上细6.一童子4點半起床	None
随着年龄增长恋爱好像变得越来越难了，尤其是当你已经尝试过心碎的感觉时	None
刚刚把微波炉翻了过来，看起来他很喜欢！	None
起身上厕所的我。我的电脑。忘记摘下来的耳机。	None
快看呐！世上最可爱的人！她属于我！放我下来！	None
叹气	None
我是怎么处理我那些未完成的工作的？如果我不管他的话，它可能就自己消失了。	None
当我答题的时候忘记写单位。老师：82。这是在说牛吗？Is this a cow？	None
我也有一只。*试图入睡*。属于我的小狗耶。	None
父亲和我说过，这个世界上有两种人，一种是索取者，一种是给予者。索取者可能吃得更好，但是给予者睡得更香。	None
我要睡了。为什么从来没有在电视上看到微波炉的广告。	None
猎豹可以保持同一姿势长达8小时。我是猎豹 。	None
美女伤心	None
当突然播到那首不是冲凉vibe的歌。我：	None
说唱歌手：唱关于在贫民窟的艰苦生活和悲惨童年。学校里的有钱小孩。	None
我想我需要識新朋友。新朋友。新朋友。W新朋友。	None
你不知道心疼人的	None
刚刚告诉了我的行李箱说今年我们不打算旅游了	None
我希望我的狗狗能得到永生。我的狗狗希望能活的跟我一样久。	None
小时候看电视时： 七岁的我： 我是红色的那个！ 	None
不要听他们说的 你一点都不胖宝！ 你只是有点逢松！ 	None
我暗恋的人：你怎么这么安静？你都在想什么？”我：菜我想牵你的手我想牵你的手我想牵你的手	None
要想治疗起作用你得对我敬开心雇。我只是很难相信别人。我拿到啦哈哈	None
公交车上看到一个 空座位 坐下！ 被别人屁股热过 	None
周冬雨眉头一皱发现事情并不简单	None
“如果猫在你身边的时候可以闭上眼睛的话，那就说明这只猫信任你”，我家的猫猫	None
好想你呀	None
在大学里考试就像:通过考试我学到了什么？	None
别人：你视力是有多烂。我：	None
我在凌晨3点，躺在床上想象我如何在恐怖袭击中救下我喜欢的人的时候：。	None
为成年做准备就像：梦想。	None
恭喜发财	None
正月吵架的和解方式。大过年的...	None
没有得到宝贝关注的我：VS得到一个亲吻和拥抱后：	None
我：我可以养一条鲨鱼吗求求了。爸妈：不行。我：还是养了条鲨鱼。爸妈和鲨鱼：	None
·你很久没更新迷因了唉 :对啊怎么了 。：要不要那这段话来混更？知道了 	None
挺秃然的	None
老板水喝完瓶子给我吧。	None
我16岁的画vs我24岁的画。我6岁、14岁、20岁、24岁画的画。	None
我需要一段性关系。变有钱。	None
别人吃脆皮雪糕。我吃脆皮雪糕。	None
刷到广告微博的我们 	None
那些叫你“随便穿什么都行”的朋友然后自己穿成这样。	None
自己家浴室镜子里的我。其他任何地方灯光下的我。	None
当你看画面又要看字幕的时候： 	None
当你意识到点赞是免费的，并三有能力让一位陌生网友开心时：	None
非常开心的上课。感觉听懂的时候。信心满满的写题。发现其实都不会 	None
大家能帮我想一下吗？我知道第四个是海绵宝宝	None
对不起，做不到	None
安全感是什么： 安全感就是你上学迟到 在路上遇到了同班同学！ nennes 	None
我想像这样突然坐在你身上然后欣赏你的表情	None
房东。我浴室里住着一大窝老鼠！！不是说了不许养宠物吗。对了房租交一下。	None
当你在路上看到这个宝特瓶。你的选择是？A.当一个良好公民。B.成为一个顶级足球员。	None
Marci Robin我今天买了台车，销售让我在纸上用笔勾选“我不是机器人”选项JasonTorchinsky机器人：*流下了紧张的冷却液*	None
媽 我可以間妳一件事情？但是别生氣	None
我说的是我们有可更换电池的手机made with mematic	None
"南南南南
南上加南"	None
网抑云	None
结束辛苦的一天后的我等不及回到家。和ta贴贴并向ta分享我的一天。	None
受够了蚊子吸你的血? 只需要向血管里注射毒药 就可以报复他们啦 	None
我虽然不指望你能理解我。但谢谢你一直陪在我身边。直到我感觉好一些。	None
医生手术非常成功。我信用卡支付失败。还是我现金支付。医生。	None
我装作听不懂的样子	None
我在微信上发的动态:我在微博上发的动态:	None
每天莫名其妙摆看臭脸的我：	None
十岁的我在一次长途汽车旅途中。我想象中的角色在窗户外面一路跑酷。	None
跟朋友深夜谈话时，如果你们是坐在这张椅子上，那这段对话很深刻。	None
当080不是你的问题 公司却算在你头上时 金家好媳婦 DrDouxi 来吃下去 	None
心痛痛的无法呼吸	None
当短跑运动员以比原纪录快0.001秒的成绩打破记录时：充满优越感的标志性表情	None
我还能说什么	None
我的鼻子：不通气。三分钟以后我的鼻子：We were left,but now we're right	None
每天晚上你的上进心。第二天一醒来。	None
嘿，我找到了一个适合让社恐内向者待的地方我喜欢这里面！	None
当我看到我的CP，我: 	None
我的视频网站 VIP会员账号 我的厚脸皮 朋友们 	None
电脑使用二进制互相传送信息的样子：	None
这个东西叫做机器人马缇，这家伙价值三方五美元，而它唯一能做的事情就是检测到地面上的垃圾然后发出警报让一个清洁工过来把地面收拾干净。	None
完全不会困扰到我的问题。喝完酒的我。	None
刺猬。哎哟卧槽好痛鼠	None
当你告诉你男朋友所有的八卦,因为他是你最好的朋友3	None
女生：我喜欢经常在危险边缘游走的男生。我：	None
巴斯光年：你在安迪妈妈的房间发现新朋友了吗？胡迪：。	None
我妈让我给七大姑八大姨拜年但我非常不情愿时	None
茶饭不思	None
"我的地盘
    不要泥寡"	None
没有人：救护车：	None
打扰了	None
-你今年多少岁？-10岁-45岁之间。-啥？	None
当大家为你唱生日快乐歌的时候你不知道往哪看	None
当我回家做的第一件事就是：三	None
地平论者：我已经做了实验证明地球是平的了。实验：。	None
我像我爸解释为什么我需要RTX3090显卡，core i9处理器以及一个4K显示器来上网课。我爸。	None
30岁以上的人穿紧身牛仔。	None
显示手机剩余电量不足20%就去充电。自动关机三十秒内发了疯似的找充电器。	None
我就这儿痛，那儿痛的	None
当你刚给她发完消息她马上就把状态从在线改为离线了。我对女人的影响力之大连我自己都感到害怕	None
当我从外婆家吃完饭出来。	None
我是一名游戏玩家。手机游戏玩家。	None
www.xxxx.com.404 not found	None
这个，给那些此刻正在边拉屎边刷微博的人。	None
当我想撸猫时它的身影：。当我在认真做事时它的身影：。	None
最终班里所有人都不喜欢那个你很久以前就讨厌的人时	None
听着你给我分享的歌想像我抱着你的感觉	None
当我写了三分钟明天要交的论文时。你不能说我没努力过吧。	None
..然后死神就这样出现在我的眼前。这太可怕了。你真勇敢。	None
一个好心人。快要错过公交车的我	None
我能有多骄傲不堪一击好不好	None
当你们愉快的度过美好的一天后不得。不分别时：。	None
我画了一个the weeknd。	None
那群没毛猴子围着温暖的篝火坐在一起，还有好多吃剩的东西，或许我应该过去看看。反正总比饿死好。9500年后	None
去他※的星座运势！ 你是B-17轰炸机组员中的哪一个！ 5 3.&4 10. 8.&9. 6. 1.投弹手 6.通讯员/机枪手 2.导航员 7.球形炮塔机枪手 3.驾驶员 8.机身中部机枪手  (1) 4.副驾驶 9.机身中部机枪手(2) 5.顶部机枪手/工程师 10.尾部机枪手 	None
压力过大以至于放松也会让我感到有压力，因为我并没有去做让我感到有压力的事情	None
生对方气时的你。对方生你气时的你	None
Epic：谢谢你购买我们的游戏每周白拿的我：。	None
腐败就是从老师说收作业然后你抬头看了一眼小组长，ta就知道不用来收你的作业的时候开始的	None
我用舌头做到的。懂的速+。	None
这个meme代表我！ 	None
当我考试考差的时候：。但我发现我朋友也考得很差时：。	None
讨厌讨厌	None
泰他妈酷辣！这衣服牛逼炸了！	None
多亏现在科技的力量，这只小鹿又能重新行走了	None
第一次：第二次：第三次	None
1994年 24岁	None
当你突然在你家宠物去世好久之后，突然找到一张它的照片。	None
*我妈妈误以为我是我哥哥 -哟： 我太丑了 	None
百度搜索：百度。百度：	None
*食物为你提供能量* 吃完食物的我：	None
在银行上班的感觉： 	None
是啊阿sex确实很酷...但你是否曾经在漫长而焦虑的一周后被人紧紧的拥抱过？	None
想吃薯条又怕喉咙。川贝批把膏	None
每个人都问「今天鱼多少钱」。但没有人问过「鱼今天开不开心」。	None
我：终于上床休息了。邻居家的狗：测试一二，汪汪。	None
每次有人给我点赞 都要重新欣赏一下刚发布的内容： 	None
当我找我妈妈要钱时： 妈妈： 刚给你钱去哪了？ 我：	None
是个谦虚的人。就是没有信心感觉自己什么也做不好。	None
“对不起”	None
你果然是在外面有狗了	None
你们有人想过为什么这个这么好吃吗？	None
阿嫲：多吃一点啦，看你瘦成这样。正准备吃第5碗饭的我：	None
我：我要开始享受我的休息日了	None
在晚上六点睡醒的感觉就像:	None
中国队为啥这么强	None
当你在朋友家过夜然后第二天你是第一个醒来的人时。	None
当我买下了人生中第一支股票后的五分钟：为什么这么久？我本该在一分钟前变得富得流油。	None
在等邻居进屋后才出门的我	None
我每天的表情管理be like:（其实什么都没想）。	None
骨骼。外星人复原出来的动物。实际上的动物	None
当你的皮肤实在是太干了以至于你的保湿乳都要祷告上帝来获得更大的力量时：	None
我们都认识一个纹身的人 	None
童年的我会毫无理由做的事情：	None
当你是在外婆家找针和线但是这次却真的找到了一盒小熊饼干	None
你看我真的很开心啊	None
当你跟女友在互相打闹时，你不小心用力的打到她。	None
卑井离乡	None
在网上看负面新闻。在网上看水獭照片	None
喜欢的人突然找你看电影： Bchape 	None
孩子作文写不好？清北名师带队辅导，24课时只要xx元。单身的我。微博。	None
"我听别人说他能将自己的垃圾放在
口袋里等到找到垃圾桶的时候再扔"	None
没！钱！啦！	None
说什么坏话呢。	None
易碎脆弱无助	None
当你才刚出生但是你已经开始对生活感到厌烦。	None
我觉得你需要清醒一下	None
八岁的我在被迫吃掉碗里的青菜后：“为了非洲。”	None
我是一个没有感情的小黄鸭	None
和喜欢的人聊完以后对，着聊天记录复盘的我。和喜欢的人聊天的我 	None
*痴迷的我*漂亮的对象*	None
当别人正在跟我讲很严肃的事情而我不停的发可爱的猫猫狗勾的表情看.上去就像。	None
秋冬时期我的鼻子 能呼吸但一直流鼻递 王燥月无法呼吸 	None
"*女生在和有好咸的男生说话时会不自觉拨弄
自己的头发*
女生和我说话时："	None
躺床上睡不着的我在纠结是该对过去。还是对未来感到压力过大：。	None
我：姥姥，来我家呀。姥姥：不行，我岁数大了走不动道了。我：可是我父母都出门了家里也没有什么吃的了。姥姥：	None
我。其他人	None
"我：*终于有时间一口气睡到自然醒*
我的脖子：是啊老兄但是你姿势不太对"	None
温柔、热情失神的doi过程。	None
宝贝，晚饭30分钟好的妈妈后准备好谢谢你告诉我*20分钟后*晚饭快做好了，我先下了谢谢大家我玩得很开心妈妈这道菜我跟高兴你喜欢做的真好吃也谢谢你这么早下来拿碗筷摆桌子	None
那个…我们是素食主义者，我们得叫点什么？一辆的士	None
脑阔疼 脑阔疼	None
妈妈：你有14个苹果，吃了6个，还剩几个？6岁的我：6。妈妈：你有14个苹果！！你吃了6个！！还剩几个！？？我：	None
我走不了，我身边有个狗狗。我走不了，我身边有个人类。就这样，他们一直呆在了那里。	None
下次遇到有人排在你前面用自动提款机的可以从后面温柔地亲他们地脖子 让他们意识到你并不是一个威胁	None
当你拧不开怡宝的瓶盖时。这为什么这么粘	None
我：我就买一点东西，不需要购物车。同样是我，六分钟之后。	None
当亲戚来我家时。当朋友来我家时。	None
"保护伞
保护费
快点
"	None
经历了漫长的一天后我决定好好搞劳自己，因为糟糕的心情不值得我为此毁掉我的一天	None
看着。我赋予了你一。份厚礼：生命。*啪*。你们的退货流程是怎样的？。	None
我太难了	None
当你已经和她1年没聊天了，然后你突然看到她在朋友圈发了张自拍。	None
我控制不住我寄几啊	None
我们要飞向何方。我打算待会去码头整点薯条。你误会我了伙计，我说的是咱们这一辈子的终极目标。归根结底,活着是为了什么。为了待会去码头整点薯条。	None
老师:同学们请爱护桌椅。不可以在上面乱涂乱画。后排的同学。	None
*爱是宇宙最强大的东西*我：	None
原来爷这么厉害： 牛爷爷配的电脑真的是太棒了！ 	None
当101次表白被拒后。先是痛了一下。但也没有那么痛。	None
当挤奶工忘了你是一头公牛	None
主要角色濒临死亡。他真的死了。然后电影结束。	None
我知道，我需要的只是啤酒和黑夜来消化我的悲伤。他们反复的询问与略带同情的眼神却好像把我的难堪挖出放在聚光灯下。	None
房子:闹鬼,在这里住过的每一家 ，家庭都死得贼惨。 恐怖电影里准备搬进去的一家：	None
弹奏出你现在的感觉，请	None
吃吃。笑笑。垃圾当宝。无可救药	None
pooppoop。	None
游戏的内容宣传广告。实际的 游戏内容 	None
当你从超市出来 但什么都没买： 别紧张， 我又没做错你么	None
在俄羅斯海軍潛水艇甲板上放鬆的海象照片、超喜歡的	None
8小时的睡眠。7小时的睡眠。6小时的睡眠。	None
当你妈妈在拖地然后你坐在沙发上主动把脚收了起来。虽然不多，但这也是我的诚心奉献了。	None
叹气	None
股票。基金。余额宝。我。	None
当我和别人说我不会撒谎： 	None
睡袋。装睡袋的袋	None
猫猫肉垫种类图	None
我的眼泪也会常常自己跑出来	None
8岁，装作自己喝醉了的我。21岁，装作自己还没醉的我。	None
回老家之后，要对着比我小20岁的屁孩喊舅舅。	None
大脑：你快这么干。我：为什么啊，我不要。大脑：你必须这么做！。我：。	None
警惕居心不良的小把戏！。	None
在飞机上刚降落的时候，没有站起来	None
我活到现在才知道方片8的中间有一个“8”	None
被安排的明明白白	None
如果你愿意一直释放温暖 就不会有小猫咪离开你： 	None
当我发现南无阿弥陀佛的 南无发音是： 『'}」跟「'』 	None
当你给别人看你最喜欢的影视剧，但那个人一直在不停看手机的时候：	None
*公交车急刹*车上的所有人：	None
那些花钱推广自己脾气大环境差但是顾客很多的餐馆。	None
没有感情的杀手	None
冬天最好的事情：	None
在外面吃了一大圈！ 回到家后的我： 	None
明天你将有一场重要的旅行！ 今晚你的插座: 	None
以为大家都是0基础最后发现只有我才是	None
有时候你需要的只是那一小块缺失的东西来让自己更快乐。延迟开学的通知	None
你千万别说你没事！因为你根本就不是！我可以噪到你内心深处的伤痛！别往前走了！过来摸摸我然后和我聊聊！危险这里有情感支持狗狗出没	None
北方人第一天到南方，早晨醒来：	None
靠近点快被融化	None
"过后洗澡时想起
和别人对骂时的我
那场对骂的我"	None
当有人问我那个我生活了一辈子的城市的路时	None
嗨！给我们的乐队起个名字吧！	None
CLAK。你又在看。黑格尔吗？。不...不，。我敢保证我只是。在看色情片而已。	None
央视“教你如何识别间谋”，在几个群里索骥了一番，顿时觉得毛骨悚然.…高谈论，并表现出自已非常博学，各方面不论是政治经济，好像都有所涉猫	None
我喜欢的人：。我的调情能力：	None
参加表姐的婚礼给 crush还书	None
“你在干嘛” “没干嘛” 那我可以和你一起没干嘛吗 	None
当你已经困到不行 却有人在你耳边说个不停， 	None
排水系统的设计师，围墙的设计师	None
Girl on Instagram: follow me for more	None
餐厅评分3.5/5 。 餐厅评分7/10。	None
考试时： 发现所有人都拿出了圆规 开始画 但是你怎么也没发现哪里 用到了圆规· ？？? ？？? 	None
当你排在最短的那条队伍但是旁边那条队伍的速度更快	None
然而猴王早就看穿了一切	None
3岁的我不想吃饭。我妈：*举起勺子*火车要来了哟。我：	None
我（8岁） 还是我（17岁）	None
当狗勾打印机工作到一半没墨水了时：	None
当你选择满足甲方一切需求时。	None
我们就像这样卧在沙发上看窗外的雨**我的宝贝	None
没脸见人鸭	None
你好，先生，我知道你站着很累，但是不好意思这个座位已经有鸟鸟要坐了	None
把灯关上后 找不到床在哪的我！ 	None
法官:我宣布判处你68年有期徒刑我小声和我的律师商量*律师:我的客户要求您再增加1年	None
老阔疼	None
妈妈：玩游戏就是浪费时间。我：你消消乐打到第多少关了？妈妈：	None
你可能犯过错，但至少不是「我他妈从太空都能看到」的错	None
仅仅两周时间……我手表就不见了。	None
过年回老家前：。回老家两天后：	None
想对自己的生物钟说：	None
因为不想吸到二手烟所以憋着气经过吸烟者的我	None
当你爸妈强迫你跟他们拍全家照的时候：	None
当你赢了一张价值千万的彩票，然后你的家人们大声欢呼“我们要有钱了！”的时候。就称我为孤儿吧，我没有家人。	None
我上网课时我的家人：2008年北京奥运会开幕式。2008位鼓手同时击打乐器。	None
"我想成为的
我成为的"	None
爱笑的人运气不会差！ 因为运气差笑不出来	None
作业.上交时间截止于今晚12点	None
我和我的小伙伴惊呆了。	None
如何成为一个超级恶棍？第一步。	None
和我男朋友合影，这样他就不会说我不自负 了。 	None
当你今天打扮得帅到冒烟，然后她请假没来上课。	None
我的猫决定在我给我女儿讲睡前故事的时候踩在故事情节上出现。但是最棒的猫猫还是你自己的那只。所有人。	None
儿子！	None
我长大以后想要当一个艺术家。我也是诶!你已经长大了	None
当我做驾考宝典时，明知道所谓的“正确答案”是错的，还是 要选的时候： 再跟你讲话也是浪费我的回水而已。	None
太他娘的热了。	None
女朋友有求于你： 好不好嘛～ 求求你啦~ 行不行呀～ 你最好啦~ 拜托拜托 爱你 我不管 人家要 	None
没有什么是永远	None
这河狸吗？	None
半夜两点的我编造一些情节来让自己伤感。	None
不能在熬夜了 	None
我是怎么在meme博主那里遇到自己的女朋友的。我：。别这样，不要给我希望。	None
想象下我认识的人都聚在一起然后我必须在这些人面前同时表现出我为他们每个人量身定制性格的样子：	None
最重要的不是你的外表，而是你的内心。我	None
当蟑螂开始飞起来时。我和我的女朋友：。	None
我是不是打断了什么重要会议。	None
你哪来这么多沙雕的图	None
凌晨三点思考自己一生的我。	None
我在半夜三点突然开始想象自己身边某个活着好好的人的葬礼。	None
儿子你为什么不学习？我为什么要学习？这样你才能有成功的人生。然后呢？你将来会很有钱！然后呢？你就可以买一辆车，并且拥有自己的房子。然后呢？然后你就可以放松了。所以你觉得我现在是在干嘛？	None
当你找了很久才找到一张很贴切的表情包但在你发出去之前大家已经换话题了	None
我“花了2000元网购。”运费：20元。我：	None
当我决定当一个混蛋并学会拒绝后我过得更开心了	None
我觉得应该每个人都有一款“这个游戏烂透了，谁玩谁后悔”然后给了4颗星并玩了1000个小时的游戏。你的这款游戏是什么？这游戏烂透了Man thisgameSucks*keepsplayingit**继续玩*E6SD2002	None
20K0。眼不见心不烦。	None
赏心悦目。墨西哥这两粒进球太艺术了。	None
早上：不吃。中午：不吃。晚上：货拉拉正在为您送餐。	None
哈哈我从2019年到现在都还没拉过屎。 你是说2020吧。 不是。	None
这桶水接满就谈恋爱。	None
一整天都在和我最喜欢的人待一起。当我们分别后：。	None
我当时就是这样抓住你的头	None
PUBLIC FLESHLIGHT	None
这是你在追星的样子。这是明星看到的样子。	None
当你把事情留到第二天再做，结果真的活到了第二天	None
没有人：毁了我发型后的理发师：	None
当我来例假时：人：“嘿!我：“能不能闭嘴？”	None
啊呀～有东西忘拿了。在这儿等我。矣？下一个。就到我们了！。妈妈。	None
上台发言前： 已经在脑海中想好如何发言。现实中到台上我的发言： 	None
一生气就飙泪	None
当女生玩- -些团队竞技游戏时不小心打开麦。队里的所有男生。	None
你知道吗。如果你把这个世界上的所有大象都叠起来的话，他们可会不开心的	None
当你查看荒木老妖的照片时发现：	None
三明治吃一半，剩下一半下午吃。不是，说真的这他妈是啥。	None
你最喜欢的歌手正在城里巡演。你的朋友们都不听他们的演唱会。所以没人陪你去。	None
“ta比较内向斯文，不太爱说话。实际上：对其他人说的话。对喜欢的人说的话。	None
"名人：*过世*
百科词条编辑者
was"	None
我发誓。我再也不哭了。	None
那个十分讨厌的学生：“老师你是不是忘记布置作业了？”我：“同志们。这家似明显得了妄想症。带他去医院吧。”	None
看着我， 再说一遍， 谁是最棒的 小男孩？ 	None
最后你把那两块乐高掰开没有？嗯…代价是什么？	None
我是一个简单的人提升绘画水平提升绘画水平这样我就能把我的CP产品画的更好)	None
宝贝你找到工作了吗？没有。求职网。	None
我的意见。没人在乎你的意见。我的意见。但我很在乎自己的意见。	None
我：我想要快乐！人生：最多我能做到的就是：“不难过”	None
奥特曼新娘服和伴娘服	None
我就知道！我早就知道了！你是真的爱我！！！。忘记给我准备晚饭了，先给饭饭，然后再去。	None
crush：我喜欢爱旅行的男生。虽然没钱旅行但是很想给她留下深刻印象的我	None
全世界的财务报表  Excle	None
奶奶：这么精神一小伙还愁找不到对象？我：谢谢奶奶。	None
狗勾在等他的行李:	None
被生活压扁。	None
给我妈妈打电话问她在哪 因为她一出去就会忘了家里还有一个人 	None
女生：我今天穿过这件衣服了，我不知道明天要穿啥了。男生，在八年中：	None
听听自己内心的声音，它是怎么说的。芜湖！阿巴阿巴阿巴。哔哔噗噗噗	None
恶星死了	None
对唔住	None
我每天都在互联网上浏览各种超出我理解范围的变态网友：	None
记住：当你埋尸体时要使用濒危植物覆盖，因为挖它们时违法的 关注我，学习更多园艺小技巧	None
可以借用一下橡皮擦吗。好，但你不要用完整的那一头。没问题。谢了	None
16岁的我。46岁的其他人。	None
我打的字。句尾加上“哈哈”以后我打的字。	None
没有人:。 蜘蛛:	None
不熟人面前的我 熟人面前的我 	None
这是一碗米饭请在上面搭配一道菜你最喜欢吃的菜	None
当你每场考试都作弊但还是毕业了。	None
兄弟俩中彩票了！在同一天！Bob Stocklas $7.00 James Stocklas $291,400,000	None
老板：你为什么迟到了？我：因为睡觉很舒服而且成人世界很操蛋。老板：确实。	None
当你拿那些过去的伤痛来开玩笑,然后突然意识到“靠，那件事还是很伤人''的时候:	None
其他人如何清洗苹果：我怎么做：	None
别人说完“不要不开心啦笑死”之后创伤离开我的身体：	None
我：我怎么样才能更健康呢，医生？。医生：或许你该把自行车拿出来用用了。我：	None
当你看到广告上的“X”按键，你没有急着去按它，而是等真正的“”按键跳出来的时候：你这种水准的幻术对我没有用的	None
当你在跟朋友争辩一件事情：最后你是对的，你又不信我，我都讲是的啦 	None
钱？好久没听说过那东西了	None
很多男生都不知道如何正确制作三明治：。放在。这里。	None
我独自待在我的小房间里回想看上次。和你doi的所有美好细节。	None
如果我吃下去一块磁铁的话，我就会变得有吸引力。你是谁？你为什么这么精通科学？。	None
我想这应该可以视频通话 	None
请根据图片内容写一篇不少于600字的文章。	None
当我和喜欢的人不小心对视时。我。	None
当老师用你的答案来检查其他同学的作业	None
"逃不了法绿的制裁
世界之最网
www.souid.com"	None
她：我忘了带钱包欸。他：怎么这么粗心，那只好我自己吃咯。	None
......	None
当你看到你弟弟在玩植物大战僵尸，然后他的植物都没有对称摆。	None
他们不知道我在拉屎的时候可以玩游戏。	None
当你叫某个人冷静下来时。对方真的冷静下来了。变得更愤怒	None
你什么时候意识到自己已经老了？你变成熟了。注册一个新的账号，选出生日期要往下滑很久	None
当你和别人一起看你喜欢的影视剧，中途对方去上厕所，然后你就暂停播放，但对方说“没事，继续放就行的时候”：	None
一个人不小心磕到了蛋*所有看见他磕到蛋的人6训练有素的普通人	None
Master你看他他NP满了我没有我没有我没有我没有我没有我要活下去！30%	None
我的男朋友：亲爱的，我来玩一会儿。 我：打电话给他，让他停止游戏 	None
也许吧美丽总会让人孤独	None
茶颜悦色。KFC。发现一组情头，请问这就是异国恋吗？茶颜悦色。大家冷静，我才9岁	None
在必要时可以变成棺材的书架	None
"说唱歌手连续36次“yeah""来跟“耶'押韵的时候:"	None
才一段时间没见，酒量见长啊？！	None
「如果你太太每年1千萬，你會当家庭煮夫吗？」我：	None
生活终于对我这只小猫咪下手了	None
爸爸看起来有頭髪其實并没有S	None
我刚买时候的香蕉。第二天早上的香蕉。	None
给我的朋友发“最近过得怎么样？”正在输入...三分钟后：正在输入...	None
当他翻你的手机为了看你有没有出轨，但她只找到了好笑的meme的时候：	None
小时候穿上了妈妈新给买的闪光鞋上学的我。	None
免费使用信用卡	None
没有人：六岁的我在公园里。	None
别打扰我 我在刷题	None
人们是怎么做到每天工作10多个小时然后回家还健身和做饭的？成为一位成人真是一项极限运动	None
当你做选择题时一 终于解出一个答案了 纳尼选项单没 	None
你再踢一次椅背，我就跟保安说你闻起来像毒品。	None
1 Alog(+it) N.(a.b):= dtlog(1 2元i b+++itIdt A:66 B:12 C:48 D:76 我的答案：16 我： POCCHA 好的这意味着选B 	None
我妈，我爸，我，“别跟妈妈说”	None
我里龟龟	None
谁是乖小孩？谁是乖小孩呀？？？老爸！是我吗。给我滚回去！	None
当有人问你要不要去外边玩，享受大自然的时候	None
干嘛一直抱，浪费时間。放开你的每一秒才是浪寶时間。闭嘴。好	None
诡计多端	None
普通人的馬桶。咖啡師的馬桶	None
阅读同人作品高h文甜宠文	None
雪花。根据最近好莱坞的标准。	None
松松散散挂在一边，几乎是被上帝亲手给拧上的	None
乐队的歌乐队的成员	None
每吃一份吐司，就有一只柯基失去屁股	None
嘿伙计能把我眼镜递过来吗？当然了，给你。	None
当你把一部剧刷到完结，准备推出的时候。它开始播放第一集的主题曲的轻柔版本	None
（无事发生） 凌晨三点的猫： 	None
薪贫气和	None
媒体。犯罪嫌疑人。媒体。硫酸男孩。	None
我：我什么时候说过这句话。我的朋友： 八月的聊天截图，九月的聊天截图，十一月的聊天截图，十月的聊天截图，十二月的聊天载图 	None
我当然不是机器人。请读一下这些字。	None
当理发师问你感觉怎么样然后你回答 “挺好的”但你看着镜中的自己，眼 神都充满了绝望与痛苦 	None
"所以有人发现新的《猫和老鼠》
预告片中，Jerry把Airpods拿来当做音响吗?"	None
当你跟一对情侣出去玩，然后他们突然吵架。	None
减肥时期的你：。*烤箱里的蛋挞。	None
财来福来欧气来。衰走霉走非气走。	None
如果你被熊堵在树上应该怎么办?找到树洞钻进树洞到树的底下开始锯顶着树离开	None
当新买的电脑死机时，哦亲爱的亲爱的。同一台电脑，一年后，死机时，你这头蠢驴。	None
CAUTION ATTENTION。每三只蛇里就有一只是个崽种	None
当你醒得正好比闹钟早。我知道，我知道。	None
第一视角:你是鱼缸里的鱼	None
当你的狗狗剪完头发，现在看起来他已经戒酒了。	None
别人的作息。我的作息。	None
和爸妈吵完架后被喊来吃饭的我: 	None
游戏里的装备逻辑。+5护甲。+15护甲。	None
只要你与他人相处时保持寡言少语，时间一长他们就会误以为你十分深沉从而喜欢上你	None
委屈巴巴	None
当你被要求打电话给别人结果对方没有接。	None
我的时候 我 一直开着但没人看的电视	None
我么能吃掉他吗？得他死了才能。他死了没？还没… 看样子只是心情不好而已	None
开团前我们都是王者： 我能秒他们！ 整一波！ 来团！可以了！ 我开团！ 团战后的队友跟我 阵容不行 草率了 先发育吧 我刚卡了 	None
别说了 脑阔疼	None
当你只是想要午休时间好好睡一觉 但一堆社团都在中午跑来宣传！ 他叉在鬼叫些什磨 	None
当事人。当时就是想吃，非常想吃。	None
电影声明：根据真实事件改编！ 电影： 	None
微博。微信。	None
我刚告诉我的宠物他们都是领养的。	None
再他吗见高中！我再也不会！活下来了！我再也不会受苦了！高中工作婚姻	None
因为反派长得过于好看，而慢慢离开我身体的道德&良知。	None
这盒里吗？	None
当你终于向你喜欢的人告白时： 最终，一个值得的朋友 我们的友谊将成为传奇	None
当你发现自己经常浏览的涩网站再也打不开时：	None
上学时老师最大的蔬言 我在办公室都听到你们 的吵闹声 	None
你头上的是啥？救命草。走，去吃点海豹。不，谢了，他头上有香菜。	None
"宝贝，你那些想象出来的朋友是不存在的，别再和他们说话了
礼拜天："	None
别人过生日：我过生日：	None
不能再吃了大腿有这么粗了	None
那个永远说自己没事的朋友。	None
我差不多是只废鼠了	None
"1971年，一伙盗贼通过在前门贴上""夜间请不要锁上这道门""的告示而成功潜入FBI办公室。这个方式奏效了并且他们成功窃取很多文件。"	None
你:我不是那种粘人的女友！ 也是你：几个小时没见到男友： 	None
大楠临头	None
观看成年男女，独处一室运动两小时的电影时拖动进度条的变化。	None
每个人：计算自己的年龄。2000年出生的人：。我们不干这个的。	None
练习游戏技术。买游戏皮肤 	None
当你爸爸在送你上学的路上训斥你邋里邋遏，而你在等着他骂完后告诉他你把书包忘在家里时	None
我在离开家的时候 忘记了关掉我寞想的音乐！ 等我回到家时我的狗： 	None
一老师说，“你应该做得更好，因为我 没有规矩。 他： 我的： 25 	None
等待等待等待等待等待等待你在干嘛不想我吗	None
迷人的事实:根据地理位置排列的国家	None
"我的大脑
白天   晚上"	None
我需要一个。对象让我开心。情绪稳定。我需要开心。情绪稳定。才能有对象。	None
大雨天，我應該待在家裡。天氣好熱，我應該待在家裡。天氣好冷，我應該待在家裡。今天天氣真好，我應該···待在家裡。	None
外面的植物 家里的植物 “额混凝士啊. “这个是自来水吗？ 有点挤不过还不错” 我不喜欢自来水读” 	None
热恋气心碎幻灭今心碎在一起*没在一起喜欢上某个人的我	None
男生,女生,都在游戏里创建女性角色	None
第一视角：你是一株向日葵	None
我：我等下去你家里哦。朋友：可以哦。到朋友家里后。	None
鳝有鳝抱。鳄有鳄抱。鳝鳄终有豹。你有谁抱···	None
有问题的同学就直接pspspspsps,我就会去你那边的。	None
看什么看，不给你吃	None
塑料花友谊看透了	None
吃体积小的食物不胖？	None
世界再见	None
别人：你是有多不想上台演讲？难道上台演讲比死亡还恐怖？我：	None
伤心到失去颜色	None
心烦	None
我再也不会快乐了	None
他们是怎么知道一个动物已经完全灭绝了的？他们所有地方都看过了？	None
金钱买不到快乐。但是能买到狗狗。	None
老公去哪儿了	None
我。笑死。我的生活。我。好香。我的生活。	None
当知道自己成功伤害了读者之后，安心睡去的屑创哥	None
我能借你手机发个推吗？	None
白眼	None
让我的狗看流浪狗的广告，这样他就知道他有多好了。	None
有什么东西非常便宜，但只有富人才可以拥有的？穷人	None
妈妈，我能不能...？不行。爸爸，我能不能...？问你妈。	None
旁边的人电话响了。自己的电话响了。Radar（Default）。	None
“你应该多开放内心接受更多的人”我的内心：我们开放了，只不过门很重罢了	None
北京邹電大学Bcijing University of Posts and Teleconimunications高考倒计时CETV新媒体第3天徐坤北京邮电大学校长圆梦高考。地点|北京邮电大学海淀校区X北京市查看地址/用户评价）1.3万条评论戒坤所：好的蔡校长	None
老爸，你混过帮派吗？当然	None
它吃	None
来跟哥比划比划。	None
以防万一你没见过鸟鸟称体重	None
"“释放你内心的野兽""我内心的野兽:猫猫入侵超市想要偷猫粮，结果睡着了。"	None
我终于放下了一个多月来每天都在玩的游戏，因为我知道自己很多年都不会再玩这款游戏了：madewithmematic	None
WHAT HAVE I DONE	None
你不就是仗着我喜欢你	None
走到另一个房间但突然想不起来要干嘛的你	None
没钱难受	None
有一些裁判的可随时切换的 特殊技能 （我看见了！我确定！我好好盯着我要我觉得 ）（啊？啥？没啊， 没看见啊） 	None
"小学生滚粗，这里
是初中生的地盘！"	None
我怎么找工作？我怎么买房？我怎么找对象？学校：Y假设小明有50个橘子……	None
上学时老师突然提问昨天的学习内容 还好昨天有复习 C 昨天老师说啥了 GENIWO 	None
考试 我	None
教学楼二楼的厕所。教学楼一楼的厕所。	None
那个哥斯拉还来不来阿	None
今天的我将势不可挡！一个小小的失望之后··POORLY DRAWN LINES	None
当我发现原来对方没回我消息是因为我忘记发消息给人家了 	None
当你已经准备好出门去和暗恋的人约会。然后ta发来一条信息“呃…我要跟你说个事”。啊…干，我又来了。	None
没有人：七岁的我把我手套在一叠一次性被子上的时候。	None
第16463次想要吃曲奇的我	None
去吧！快去追这颗球！哈哈！傻狗；去吧！快去追求你心中的梦想！哈哈！傻狗	None
当你躺在床上想拿一样 东西时.. 你想拿到的某样东西 你拿到它的方法： 	None
我的ADHD症状。需要外部压力来完成工作。讨厌别人告诉我该做什么。	None
笑着活下去	None
FLPY。我崩溃的情绪。SSRIs药物。	None
没有人：我的金鱼：	None
虽然考得很烂，但是起码考完了时：	None
已连接，但无网络。	None
亮珊瑚色 美术生 印度红 越色 普通人 红的 砖红色 栗色 暗红 鲜红 红色 伟子橙 雾玫现色 红 股红 酱茄红 红 開湖红 橙红 亮鞋红 朱红 	None
頭鬢對不對?你的願望	None
金坛草猪肉免费加工香肠 质量保证 批零经营电话	None
我： 跌倒时~ 我的爷爷 坏地板！ 	None
我在给我的朋友们发一些鼓励的信息即使我的生活也是一团糟	None
*打开微博时不小心点到开屏广告*	None
房间里的人：啊！蜘蛛！帮人类吃掉烦人蚊子的蜘蛛：	None
你有没有发现为什么全世界都在谈恋爱唯独没有我？	None
当我独自 当旁边有人 做某件事时 看着我做事时 	None
当你完成了主线任务之后，然后开始去做一些支线任务的时候。	None
每只哈士奇里面都有一个小女孩，梦想着她的大日子。	None
TCCandler日前评遇BTS成真金南后煮2022全世界最師面孔超人亨利卡維爾紧随其后排名第二	None
准又来心疼心疼我。很不OK	None
悄悄偷吃无人识一举变胖天下知	None
把你的衣服储存在一个为了挂衣服这一目的精心设计过的物体上。	None
爸妈：快点我们要出门了，你准备好了没？ 5岁的我：	None
当我和你在一起后这是我表达爱的语言：	None
我正在教审斯如何使用避孕套	None
当灵异向小说影视化时。鬼怪、灵异。外星人、科幻。	None
你知道吗？NASA的网速是91GB/秒。老板进来了，删除GTA5，老板出门了，重新下载GTA5	None
你满意了吗	None
你找工作了还是在读书呀？cdjgjshfjs. 哦哦你学的是什么专业。djfksks flsidksj.	None
你发每条动态都会给你点赞的那位朋友。	None
想了itizwotitiz还记得那位让你熬夜聊到3点的人吗?ta现在在哪呢？你还是睡觉吧	None
情人节？什么鬼？跟我有关系麽？！	None
"别人：怎么不说话？你在想什么呢？
我:"	None
恭哥友财。广西广西广西你。	None
牙医：露出你上排的牙齿。牙医：好现在露出下排的。	None
有时候，你只需要鼓起勇气，然后失败。I'm hungry.come eat what my mom made. What did she make. me. That's inappropriate.	None
你要報恩先變身完再來好不好	None
"生活 放开我吧 工作
微笑面对
我不想 我也不想"	None
在灾难电影里被人玩烂的东西。物理。	None
晕倒	None
你素不素不喜欢我啦	None
当老师要抽人回答问题时： 我： 	None
愁鸭~	None
走了五步后我的短裤：。	None
他觉得要排队才能买到好吃的。	None
别惹我 我有大哥罩鸭	None
随机播放所有我喜欢的歌曲时我的心情be like：	None
半夜三点打算不离开床就把充电器插头插进插座里的我	None
精神状态：。过度思考导致失眠。沉浸式玩手机。因为失眠而过度思考。经常一玩就是一整天。苦中作乐。白日做梦。在虚拟世界麻痹自己。经常幻想暴富。	None
万ー你是个早睡的人只不过你生错时区了呢	None
我背过的内容 考试的内容 	None
你再不答应当我女朋友 那我就......继续等	None
教官：我们再练最后一遍！一个小时	None
ISEP：音乐，朋友的信任与肯定，大自然，养猫猫狗狗，吃饭，爱	None
"恋人
旺铺招租
剩余1/1"	None
穷	None
我是如何表明我想要被别人关注到的：	None
在苏伊士运河堵塞前最后离开的那艘船be like:	None
评论区。任何爵士乐。这是猫和老鼠吗？	None
刚写完作业的我， 准备去骚扰还没写完作业的同学 	None
我最讨厌的事： 有人走出我的房间还没 把门关上 	None
哥们，一起去海边玩吗。不了，我们要与人们保持距离来避免病毒传播。	None
当你结束了漫长又痛苦的一天，你想分享一些有趣的内容但却找不到人时你开始感到孤独	None
把文字放在文本框里。把文字放在图片里。	None
长尾鲨看起来就像我对于所有事情表达的看法：	None
5岁的我半夜站在爸妈门口犹豫着要不要吵醒爸妈告诉他们我尿床了。	None
恭喜你！。你精疲力尽，精神枯竭，但无法入睡。	None
当对方突然把你解除黑名单 然后来了句 最近过得怎样 	None
半夜肝游戏的我。第二天	None
成年人为什么会不开心的原因：。10%。其他原因。40%。没有钱。50%。没有杏生活。	None
这只狗每天在校园里的小吃店买一块饼干，然后用一片叶子付钱。	None
当小时候年夜饭时跟你玩得最好的哥哥姐姐没有来	None
等待石头剪刀布更新的游戏玩家。	None
当你想趁你爸妈没注意往购物车里塞进一个你喜欢的玩具	None
当ta给你发性感的自拍并说想你时：。好喜欢好喜欢好喜欢。好喜欢好喜欢好喜欢。好喜欢好喜欢好喜欢。（请不要露脸）。	None
反派角色：*洗白后很受大家喜欢*。被ta杀过的人：	None
微博服务器：*崩了一会*。所有微博用户：或许我…被炸号了。	None
NO。蚌埠住。可以住嘴。遇见不感兴趣的人：我再一次请求你留我一人清静。遇见我爱的人。	None
我：准备好要入睡了，我的身体：	None
我：*知道仙人掌有刺*。也是我：	None
笑不出来	None
刚做完近视手术。 别人以为的我：我：	None
当你调电视没反应时： 不行再拍拍！ 当你调电视没反应时 	None
当你第一次有了性生活却发现并不是你幻想中的那样	None
玩家：希望国服环境更加友好公平。策划：	None
这条蠕虫在世界上生存了一千八百万年，没有与其他同类交配过。我。这条蠕虫。你我并没有什么不同	None
当你发现自己经常浏览的涩涩网站再也打不开时：。JEBI。	None
一起睡个午觉吗？	None
我的牙刷vs我某个舍友的牙刷	None
刷题	None
你不可能只睡四个小时。我：	None
当你在地上拉完屎！ 看着地球上最有智慧的生物 卑微的忙前忙后时： 	None
半夜的我。几年前收到的赞美	None
我能去你家吃饭吗就一勺	None
儿片一么の落七L穴中学生。游戳就是用来打發时間的。y-r-么の落七L穴中学生。如果要浪费钱来打發时間的话，真檐心那些家伙的未来	None
我的狗狗看着我吃完饭没有把碗碟舔干净而是直接清洗。	None
当有人给你分享了一首五分钟的歌，所以你得干等五分钟再告诉他们这歌不错的时候	None
我:为什么我总是觉得背很酸？？也是我：	None
特朗普：*被推特分号*  特朗普：	None
穿上它碾压全场吧心。	None
我又上班了。这一次要把所有属于我的不属于我的事都干完	None
泰勒絲的歌迷。該女士要藏自己的身份·因為她今天請了病假。	None
我主人对健身已经痴迷了，他每天都去健身房，难道他不知道他的体型已经很完美了吗？问题是在他的脸上啊	None
穷到重影	None
不是信不过你	None
当你被称为好男孩，但你只是做你自己。	None
新的一天新的难过	None
父母:我想抱孙子孙女。我：我最多只能给你狗狗	None
我：*试图看起来像是认真听人说话的样子* 实际上我的脑子里：	None
在游裡面殺人放火偷抢拐骗。選了一個對NPC很過分的對話。	None
我发现一件事 我一睁眼就亮，一闭眼就暗。或许我是个冰箱	None
电影里的猫 卡通里的猫 日本动漫里的猫 meme里的猫	None
卑 西 东 南 	None
男朋友帮妳拍的照片	None
“大木博士，鬼斯是怎么产生的啊？”	None
当你存在时：	None
他还以为这是个窗户	None
当绿灯才亮了0.2431秒然后你后面的某个崽种就开始响喇叭了。	None
上次去码头整薯条他们告诉我要钱所以。	None
睡前沉思： 我要不要去尿尿 	None
没有人：Netflix在给角色添加性格的时候：	None
Type C-让你更快充电。C。	None
"""泰拉瑞亚是儿童游戏"""	None
当一首歌同时有好几部分而我想一个人唱完。	None
可恶 单身久了，看什么都像女人 	None
当励志视频里的演讲者说你能活到现在就是你最大的成功。于成功中受苦。	None
心理健康：*不稳*。经济情况：*不稳*。感情生活：*不稳*。在家里滑迷因的我：	None
是谁打翻了我的洋葱！！是你！！	None
*我妈刪掉我的电脑游戏* *我刪掉她手机的开心消消乐*	None
所有他是几岁啊？ 大概介于 两罗跟红发艾德之间吧： 	None
售货员：先生本超市提供专业配送服务哦，这个冰箱的运费是-；我爸：	None
当现在已是凌晨四点，但半昏迷中的你试图再多看一集电视剧的时候：	None
Drake最伟大的成就	None
当我去朋友家过夜然后发现他们忘记给我拿被子时：	None
当你想要找一个成年人来帮忙处理自己遇到的麻烦但突然间意识到自己已经是一个成年人的时候	None
100度：*存在*。热力学温度。摄氏度。华氏度。	None
当我試圖跨越人生中的障碍时	None
我： 哎你背后有个美女 先别往后看 我的朋友： 	None
2020：新冠的起源是蝙蝠。2021：蝙蝠所携带病毒并非新冠直接来源。	None
蝙蝠侠。超人。华纳。	None
委屈	None
相爱的人的异地恋 	None
标记一处地点。	None
看久了不知道哪里感觉怪怪的！ 	None
用你的方式在这条评论区里道歉。	None
情绪酒馆开门了，说说那些让你烦恼的事情吧	None
当你妈妈给你钱让你去大学学习，然后你带回来个品酒大师。惊喜吗，妈妈。	None
脑阔疼	None
失败是成功之母。微信支付。A我三百。你就是成功支付。	None
当你走进一个房间然后就忘了你要干嘛 	None
我:我喜欢你我喜欢的人:我也喜欢你与此同时，监视我的FBI整个部门:	None
当ta简直是一团糟但你还是爱ta照顾ta	None
邻居：别怕，它只是想跟你玩	None
好可爱的狗狗！哇他从来不让陌生人摸，看来他真的很喜欢你哦！真的嘛！再见啦！他对每个陌生人都很热情啊，你为什么每次都对那些人这么说呢？因为每个人都是特比的，只不过他们偶然需要一点小小的提醒。	None
科学研究的调研过程:键盘侠的调研过程:	None
有话好说，大家都别冲动 	None
旺达：他肯定在想其他女人。幻视：	None
然而，仍有一丝真我。存在于虚假的自我中。	None
迷迷糊糊睡了一天之后吃完饭继续上床睡觉的我	None
耶稣：今晚你们之中有人会出卖我十二门徒：	None
学生需要6-8小时的睡眠。6-8=2。学校。这都是我的把戏，你被我耍了。	None
当你在路上看到这个。你有两秒钟的时间决定，要做一个文明好市民或者试试自己的脚力如何	None
还记得2020年吗。记得啊，那是我最糟糕的一年。还记得2020年吗。记得啊，我家人类一直在家里陪我，那一年超棒的。	None
前五名最关键的工作：医生，清洁工，垃圾管理员..前五名最不重要的工作：艺术家，电话销售员，社交媒体管理者，正在设计这张图的艺术家。	None
我：啊啊啊啊怎么会有这么可爱的小东西。什么都没做的我的猫。	None
十八岁的男生谁懂	None
我给我的仓鼠买了个小床，然后我们什么事情都一起做。	None
在馬鈴馨堆裡發現了間认海豹	None
当你朋友说他今天要认真写作业但等你上线后却发现他已经在游戏中	None
还好我他妈跑得快	None
哈哈哈哈 S 我很高兴做 计划 我妈妈不充 许我。 	None
当我想出一个借口结果对方想出一个解决方案时：	None
当你刚刚洗完澡出來，就感受到一股便意	None
想象一下你刚被逮捕然后一只猫走过在坐在你身上。	None
我是如何调配自己的资产的：	None
我发泄情绪的方法：。*把情绪发泄。在我的小号里*。	None
hey，你在看。我在学粤语。什么书呢？。oMeme Done。第二天。Pok Lei go。gai! Diu lei。HEY。lo Mei!。	None
第三世界的孩子:*挨饿，缺水*纪录片工作组:	None
法考。JuchcialEvanioation。有这种精神方面的疾病一定要及时就医。	None
郁郁寡欢的人活在过去。满心忧虑的人活在未来。老子。我。时间旅行。	None
当我上学迟到猛的推开教室门 那个老师： 全班同学： yes? 我： 我朋友： soli.. 	None
How can Goofy walk Pluto ifthey're both dogs?Answer:	None
没有人：春晚开播前的段子手们。	None
比起喝咖啡 我想把咖啡打翻 会使我们更加的精神 	None
任何人:*跟我说话时音量稍稍高了一点*。 我：我被人杀了呜呜	None
没办法改变过去，但你仍然可以毁掉未来	None
我对天发誓！是你的拖鞋自己尿的！	None
快乐面具之下都是。我为学习流的眼泪。	None
我都看不懂	None
挺秃然的	None
我在全球性大流感中活了下来。我在新冠疫情期间活了下来但并没有改变任何我以前的生活方式。	None
*对方向你分享了一张图*这是我们耶	None
刚收到的礼物希望是iPhone1４ Pro Max256GB暗紫色	None
当对方突然把你解除黑名单然后 来了句“最近怎样 	None
我就吃一勺。	None
我想要的发型 现实中 	None
古希腊天文学家。啊对。一只羊。	None
ta：“说笑的，我在跟你开玩笑呢敏感的我：	None
只是牵个手就这样了·。	None
玩游戏输了的你： 我恨这个游戏 	None
新能源汽车人才有机会直接落户上海。消息发出擎天柱连夜油改电	None
当你马尾绑的太紧 	None
我发信息给在喜欢的人时：打字检查有没有打错字用错符号&这样说会不会显得我很蠢	None
我:跟个女生说了两句话。我的朋友们: 那不就代表你她男朋友? 	None
酒精是很酷啦，但是你有没有试过好好照顾自己，并且做一些能让自己快乐起来的事情？。我也没有把酒递过来小子	None
永远不会发生的虚假故事片段	None
刷剧睡觉就是我的日常	None
网抑云模式	None
当我做了一个改变人生的决定，但它并没有像我计划的那样发展时：。Shit.。	None
当农夫开始挤奶但是你是一只公牛时：	None
待产的孕妇：*吃了个苹果* 接生的医生：	None
你再也找不到像我这样的人了” 亲爱的，前几天我分手了因为我男朋 友把别人当成了我 	None
我目前的生活。我不知道我在做什么。我不知道我在做什么。我不知道我在做什么。我不知道我在做什么。一份工作。	None
我手机充不进电了。试过埋在米里没。好主意	None
你们倒是做点什么来对抗病毒啊	None
当你唯一一个认识的人正在和别人说话。	None
凉爽的夜晚VS凉爽的早晨。	None
每次过年回家： 	None
我不吃 我不喝 我要钱	None
老师:你准备考试了吗？ Yo: 5 	None
因为家长不信我肚子有心脏病而不得不去上幼稚园的6岁的我	None
 oldsoulactual他被治好了! prguitarman他妈的奇迹!!训练有索的普通人	None
如果你的广告打断了我正在做的事。那我就讨厌你的产品。	None
三个人去吃饭然后朋友突然给另一 个人讲了个笑话 ：	None
上学时： 开家长会· 老师讲的 家长听到的 复习期间 要关注孩子心理状态 要鼓励孩子 要给孩子营造家的感觉 要让孩子远离电子产品 要让孩子远离电子产品 	None
诶 这个似脏话 不可以酱讲	None
朋友：别跑了，他不会咬你 我： 朋友的狗： 	None
新建文件夹。已经基本完成了。	None
我有两种状态我好孤独滚别来烦我有人和我聊天吗	None
结交朋友： 刚认识的时候： 一段时间后： 	None
你们在聊什么？提到我了吗？	None
菜菜发一个关于化妆doi的吧，想知道大家是化妆doi还是卸妆doi。你有什么想说的想问的请在评论区里留言	None
无论是有新冠还是没有新冠，和人们保持距离总是正确的。我：哥们，冲着这句话我敬你一杯	None
接下来进行血液检测。妈的。	None
没救了	None
最扯蛋的是，迪士尼居然把宙斯塑造成一个居家好男的形象：	None
一句话都不对别人说。后悔说了那么多话。憋不住了一下子对别人说了太多话。	None
我：妈，我找不到手机了。妈妈：肯定是放到哪了。我：我的天啊，说得太对了，我之前怎么没想到呢。	None
这个照片里的男孩子长大了	None
是又怎么样。想破我防是吧。	None
所有的狗狗都是乖宝贝，。除了吉娃娃。	None
早上起床我比我妈起得早: 我妈比我起得早: 	None
我控几不住我记几啊	None
”那个男的一定是韩国人“组合包	None
原来是有指挥官： 兄弟们记住： 黑色的车，白色的屎 白色的车，黑色的屎 	None
第一视角：电影还没开始	None
当我尝试解开试卷上的问题。当我玩游戏时为角色配装备	None
刚刚参加工作的我。我以前到那里都被人家看重。	None
上学时： 费尽千辛万苦做出一道数学题时： 	None
我觉得 我还可以抢救一下	None
当你看到一些百合涩涩片里中途有男演员加入时：。	None
没有谁会永远陪谁没有阳光影子都会离开	None
有时候，你需要的只是一个对的人的拥抱。	None
每当我喝了点酒后和我对象*这是ta**这是我*	None
女朋友。男朋友。我。	None
有微博从来不发的人	None
886	None
害怕变得害怕（恐恐惧症） *害怕* *更害怕了*	None
全世界的财务报表 Excel 	None
哈哈哈。嗅。哈哈哈	None
心理愈疗师：你是有多怂。我：	None
当我整个人已经崩溃 但依然要坚持工作！ 因为不工作就没办法养活自己 CTOn 	None
当我收到喜欢的人信息时 AAAAAAAAA Mehabloooo Mevadarladesmayasion 	None
玩具店。你的钱是假的。难道你的飞机是真的。	None
这是一个来自未来的meme，现在你们还无法理解。	None
考试考砸了。正准备训我一顿的老妈。大家的成绩都很差	None
欧润菊	None
每次妈妈包饺子时都从和面阶段 就开始等待的我： 	None
如果蛇是宽的而不是长的。	None
上课心理学： （上课十分钟） 喉白痴 等下被老师 发现了 （上课39分钟） 我是白痴 老师根本 不来看嘛 （上课四十分钟) 老师：掏出手机 朋友:白痴	None
她：你可以陪我聊聊天吗？我：不行，我在思考人生。她：但是我一个人很孤单。我：我们不都是这样吗。	None
当你在看十年前自己发的信息。	None
赫拉：为毛这个世界上那么多半神啊？。宙斯：	None
行，我寄几玩	None
两位父亲。	None
究竟是谁发明的加班！	None
我被床粘住了	None
想得到你想要的东西该说什么魔法词语呀？	None
表面镇定。实则困的魂飞魄散。早八人。	None
我：正在洗碗，水槽里的食物残渣：碰到了我的手，我：。	None
当你放下骄傲的自尊心主动发信息给ta然后ta已读不回。	None
我的主人在拎很重的东西。我来帮他。我是最棒的！	None
这太难过了	None
咪咪搞砸了一切，它觉得自己很没用。快安慰咪咪。	None
不可否认的证据表明史努比确实是一直小猎犬。	None
男友：要来我家吗。我：可是我在忙。男友：可是我家狗勾很想你。我：。	None
装模作样： 坐飞机地铁前 下载视频下载书籍 按时间安排好 学习和娱乐和工作 上了飞机地铁后 	None
小跑的我 狂奔的我 关掉走廊的灯后漆黑一 片回房间的我 	None
世界是一隽猫咪在玩澳洲	None
这是我谎言的开端：假期读书笔记。	None
不要让别人毁了你的一天。这是属于你的一天。自己毁掉它吧！	None
我正在试图劝自己不要秒回那个隔了两周才回信息的人。	None
当十字头螺丝刀一次就对准了螺丝。	None
我：解决问题。问题：依然存在。我：哈哈，靠北	None
有时候会感觉自己只是一个伪装成成年人，过着成年人生活的孩子。	None
看看這些我該做的事。一點進度也没有呢。	None
"生活
我"	None
我的人生：	None
*播放Blinding Lights*。The Weekend：And I Said…。我：	None
你俩私聊吧我吃醋啦！	None
我整天呆在卧室里，等看有人不经意地。疯狂爱上我。	None
当你戴着耳机听歌时每过一会你都感觉有人在叫你	None
我怀念那段我们所担心的仅仅是第三次世界大战的日子。孩子。我也是。	None
当游戏正在加载中所以我用这20秒思考一下人生	None
她说她想要个兰博基尼！ 于是你买了这个 	None
DoubleMilkMilkPiqnoenchoJlAlmaraiDoubleChocolatMilkDoubleMilk	None
我被灌倒喝不下去时： 	None
当你爸妈在教训你做错事的弟弟但那些都是你让他去做的	None
当你跟朋友说你有「重要事情」要做没办法出门	None
为什么那些豆子是反着的，这让我太难受了。	None
准备擦屁屁时发现只有纸筒	None
我家的狗狗胸口上的毛看起来就像一只正在打喷嚏的猫。	None
每到晚上我的大脑：。只是接吻。和拥抱。	None
弱小可怜又无助	None
老师的课本。我们的课本	None
凌晨三点的我：*美梦正甜。我的猫：	None
"葡萄美酒
夜光卑"	None
"当你在B站暂停时的up主
当你在电影里暂停时的演员"	None
你以为自己的声音你实际的声音 听起来是怎样的 VS 听起来是怎样的。	None
哈喽，要买蜂蜜吗。这搞不好是假的啊。我要六罐谢谢。	None
当公司要求在22岁之前 有超过十年工作经验时 	None
睡觉睡一半，突然想起来好像很。久都没见过我的某一件衣服时：。	None
我好不好看？额阿，都是相对而言罢了。跟那些更丑的鸟比？是的。跟那些更好看的鸟比？并不	None
我爸妈告诉我要把100%的精力给学校工作。周一：17%。周二：27%。周三：23%。周四：19%。周五：14%。	None
关我屁事。	None
上厕所发现自已没拿手机你： 	None
小女孩抱着自己即将过世的猫猫，一边对它唱：你是我的太阳	None
千古兴亡多少事，悠悠	None
我妈:你在笑什么?我:*给她看我刚看到的meme*我妈:	None
"你没看到我在上班吗
干嘛勾引我
我    手机"	None
我，一位飞机专家：啊。对，很明显这架飞机十分口渴。	None
我。上帝啊。请给迷茫的我一点指示吧。上帝。	None
你刚刚舒服的坐下，老妈叫你去丢垃圾。	None
当我看到这个雕像我的脑：食屎啦你	None
嗯嗯。有在听。	None
人们假装喜欢实际上并不喜欢的事物爵士乐黑巧克力你脱口秀	None
我不准...允许你说“我现在很满足于死亡”之类的话好吗？	None
落寞	None
我们都值得有一个人对我们说：“我们一起解决这个问题，我不能失去你。	None
不管温度如何，即使热的出汗我也要在。肚子上盖条毯子以防看凉。	None
我：我的头疼。我妈妈。我：我的头疼。妈妈：玩游戏玩的	None
女生：女生的平均寿命比男生长，你不觉得很奇怪吗？是啊，好奇怪。男生：	None
有时候我会看着我手机里存的高质量meme想着到底是我让它们存在我的手机里，还是他们让我存在这个世界上。	None
我定制的新名片终于到了。请不要联系我。	None
脑袋空空	None
我不要	None
这破玩意比你们某些人的感情还要牢固：	None
你在上暗网。你发现自己。正在出售。「剩余2件」。「已售出3件」。	None
我 更讨得TA欢心的人 我喜欢的人们 	None
感到焦绿	None
我走了，你寄几玩吧	None
我现在想做的事。拥抱你。亲吻你。抚摸你的头发。和你贴贴，直到听到我们沉重而不稳定的呼吸声。	None
刚从紧张的考场中走出来 答案是A 答案是B 班第一名 班第二名 选D的我 	None
妈：儿子，把那个吃的放到烤箱里120度热一下。	None
我: [终于睡满了8个小时] 我的脖子:睡是睡够了，但是你睡错姿势了	None
生活。2020。感觉还没过完2018的我。	None
如果平行宇宙存在的话。我希望那个世界的我可以开心…	None
感觉身体被掏空	None
当你想通过做家务来给妈妈一个惊喜，但她一进来就不停地抱怨你时	None
在凌晨5点把闹钟设到下午1点的我：	None
半夜醒来看手机 发现没调亮度的你： 	None
当你在剪纸，然后剪刀开始极度顺滑地切开纸张的时候:	None
当你的爸爸讲了一个超级烂的笑话但是你真的很需要钱：	None
我的朋友。我最近不太开心.。我。你只是太矫情了。	None
当你正在玩一个恐怖游戏然后右下角突然冒出个自动存档的图标	None
媽媽说这个厕所泵CP值很高	None
早在笔记本电脑发明之前，猫咪就喜欢坐在笔记本电脑上。	None
 9yo me being a tree in the school play My grandparents当9岁的你在我爷爷奶奶学校话剧里扮演一棵树3@训练有素的普通人	None
现实： 我所憧憬的生活： 	None
你可曾担心过将来会后悔现在做的决定。没，我都是马上就后悔了。	None
我做的菜。做这道菜用到的锅碗瓢盆	None
生无可恋	None
一个学生嚼口香糖的声音。老师上课的能力。	None
"脸上笑嘻嘻
心里MMP"	None
哇伟大的先知，告。别再爱上你幻想中。诉我宇宙的秘密吧。的那个人啦，ta和。你想的根本不一样。	None
能饮一杯无？	None
开工第一天坐在电脑前的我	None
一年后还是最好的朋友。	None
当你为你的水被装满而兴奋不已时，你又把碗翻了过来。你怎么这样子。	None
我TM到处睡觉。到处睡觉的后果。	None
刚买手机的第一个星期。一个月后：	None
我：*醒过来*我：不要是7点不要是7点。时钟：凌晨4点。我：	None
父母在骂你时，突然嘴胍了： 	None
当你发了一条微博然后底下出现情侣开始互动。	None
去厕所尿尿。攒到洗澡时边洗边尿。	None
以前的恐龙：几乎是怪物水准的。现在的恐龙：	None
别人眼中看到的，我眼中看到的。	None
我房间里的WiFi信号 	None
喵斯拉进化	None
如果你被生活压的喘不过气那就躺下吧反正你只是-只小猫咪。	None
当你对象的习惯和你越来越像。现在ta成为了迷你版的你。	None
我喜欢的人。她的妈妈。她的爸爸。她的哥哥。她的朋友。我。	None
为什么，我还活着么？	None
放假 不可能的 快乐都是你们的 我爱工作 工作让我开心 让我快乐 像我这种国家栋梁之材怎么能放假	None
请不要和我说话，我没什么自制力。我会和你说上两个小时，然后什么工作也没完成	None
是这样没错我们是得不到所有人喜欢的啦但你那份我一定要得到！*执着*	None
真的在洗澡。站在热水下面因为感觉很好。	None
我的好姐妹终于也找到最适合它自己的特效了	None
我刚刚是不是听见有小偷进来的声音了？欸算了这事归狗管	None
我是真的很喜欢对喜欢的人这么做：	None
“嘿你能帮我把橙汁拿过来吗？”“没问题。”	None
我试着在严肃的场合忍住不笑就像：	None
"当我还有一大堆破
事要处理时我的床
当我终于闲下来时
我的床"	None
你有没有想过我们从来没遇过的生活会是什么样？天天都在想	None
不能因为我可爱你就欺负我呀	None
你為什麼有辦法把水給煮焦。	None
当你鼠标滚轮太快时。谷歌地图：	None
股市。完全不知道股市是啥，但喜欢看memes的我。	None
生活不易 美女叹气	None
别装了，你们用自动铅笔笔芯模拟给自己注射的场景：	None
网卡手出汗充着电太卡屏幕自己动没手感接电话屏幕太滑手机有毒我该用什么理由来掩饰我玩游戏菜	None
螃蟹会觉得鱼会飞吗？	None
当你在半夜下楼上厕所 关灯后 你： 	None
武功再高也怕菜刀	None
放到奶奶家寄养前的 放到奶奶家寄养后的 小猫咪： 小猫咪： 	None
当你楼上的邻居吃了川菜	None
"Teacher:Use the word ""sugar"" in a sentence.Me:The tea is too sweet.Teacher:Where is sugar in that sentence?Me:It's inside the sea.English teachers."	None
我:在玩射击游戏并向我队友喊着马上要有空袭来临在隔壁房间的爷爷:	None
我：*十二点前睡觉*。我的器官：。	None
我装作听不懂的样子	None
咕家寡人	None
逃避现实一天。一个月之后仍然不敢回到现实	None
如果你抱怨戴口罩不能呼吸，那你就是公开承认福瑞比你强。	None
嘿，你要睡觉了吗？大脑？ 是的，闭嘴 你有没有想过，在某个平行宇宙中，这个问题是你问我的？	None
到家刚进门几秒。我的brattysub	None
吃饭的时候不看点什么东西就感觉好像干了什么违法的事情一样。	None
当你和朋友们不尽相同 但是他们还带着你一起玩 	None
"当我开始对一件我觉得明明可以坚持下
去的事情开始失去兴趣时"	None
经常跟你讲话的朋友：发了一条伤心的朋友圈。你：是我干的吗。	None
当你感觉到要打喷嚏于是你停下手头所有工作等着这个喷嚏降临	None
面试官:你会说法语吗? 我:会的。面试官: Bonjour monsieur,ca va？我:我投降。面试官:	None
萌落泪	None
当你把你的初始武器升到满级时be like	None
图一：从不同寻常的角度拍摄的日本国旗。	None
我打的字。在句末加了~之后的感觉。	None
纯种狗狗vs.不纯种狗狗。	None
去商场看到中意的衣服装作不经意翻吊牌的时候	None
性教育:出现在1938年1937年的人们:	None
当对方回复你的是一个简单的:嗯。程度1-2，稍稍地痛。 	None
我又和哥哥摔跤挨揍	None
当你想表现得很搞笑但是你的女朋友仍然很生气。	None
过完节后检查我的账户余额来判断这次节后创伤有多大的我：	None
我的精神状态。	None
上学时： 当某人打不过我时 某人 我要告老师 	None
当你爸妈正在收拾你揍你时，突然你家来了客人	None
难过就是矫情做作了	None
别人:别再吃那些垃圾食品了,那些东西最后会害死你!我n okesily Company06@训练有素的普通人	None
当你想要把你的孩子从麦当劳的儿童乐园里抱出来却没想到自己会被卡住时：	None
如果这条线上了热门。那它就是条热线。	None
也许你缺的是一个大大的温暖怀抱？	None
如果你觉得自己今天不如意的话那看看这只鸟。	None
我：我今天一定要早点睡觉。凌晨2：43的我：	None
一切都是为了给孩子学编程ROG STRIX GAMINC GEFORCE RTX 24GB 4090	None
考前一小时的我。大梦谁先觉，平生我自知。	None
你不用担心我 我哭一个月就会没事了	None
在妈妈催了我10多分钟后站在车旁边再继续等她5分钟的我：。	None
开学前的饭 开学后的饭 	None
哇唔！这个VR好逼真啊！你从来都不是任何人的第一选择	None
20岁的年纪，拥有60岁的身体 10岁的经济，5岁的情绪管理 你怎可能會有什魔才華呢 	None
爷青结	None
真实。	None
把本该用来投资的本金花光，你就不会亏本。	None
当你知道你搞砸了考试，但是至少考试结束了的时候。	None
当你找到最舒服的睡觉姿势但是发现自己忘了关灯时	None
虽然过去的几个月都很疯狂/悲伤/充满惊喜/摧残心神，但我还是挺过来了	None
我。我的内在人格	None
对方发的我回复的	None
麻痹脸给我气粉嘟的。	None
我觉得布星	None
小可爱们的2021年：倒霉的事	None
请多给我一点爱和关注。谢谢我会记一辈子的。	None
海獭在遇到危险的时候会把自己的宝宝拿出来给看，这样子就会让对方产生怜悯之心。拍这张照片的人	None
嗨！孩子，一起来冒险吧！为什么他们一到最后就都睡着了捏？	None
当别人以为他们很懂你，但其实你没有想象中简单	None
“如果你中了彩票，你会做什么？”我和我最好的朋友：	None
平时你拿着 “这么晃 的东西去哪里了： 	None
家里人让你去相亲。出去参加Party 	None
去打工的欢快背影	None
给我点面子	None
告诉寄几不楞哭	None
我只想做个与世无争的垃圾  结果还要被分类	None
当你不得不长按关机键关机是的感觉。	None
这里有一-个很重要的文件。我要你明天早.上就把这个文件放我桌子上!	None
当你的朋友想到一件只有你们才懂的蠢事。	None
蓝瘦 香菇	None
嘤 嘤 嘤	None
50年後還完所有貨款。開始享受生活的我：。	None
难以呼吸	None
假期 我	None
虽然64式手枪弹的动能较低，但在某些情况下也具备较高的停止作用，例如2007年一名犯罪嫌疑人在翻墙时被一发64式手枪弹打出了四个弹孔，当场束手就擒：医生：手术很成功已经把五个弹孔都缝上了	None
当你晚上只睡了两个小时。却指望咖啡能帮你打起精神时。	None
当你的焦虑消失后没有焦虑这件事让你感觉焦虑	None
"南南南南
真南倒我了"	None
另一半回家累到不想洗澡 你会出现的表情 你脏脏不可以上床 	None
当我请求我妈的允许去做一件事，但我妈说”你爱干啥干啥去“的时候：	None
坚强的自己 不需要别人抱	None
手机游戏的广告 上有一个“X”， 你高兴的点上去 然后你发现这个 “X”竟然也是 广告的一部分！ 	None
当你的朋友突然有点事要出去一下把你留给不熟的人呆在一起PRB7	None
"单身女孩
我认为的有吸引力的女孩
有趣的女孩
认为我有吸引力的女孩"	None
我：*死掉*。我的家人：他去天国了。我：	None
经过一段时间的艰辛工作后你和喜欢的人一起看电影放松心情	None
当你临睡前突然想起和对方那段互相。珍惜彼此的时光。	None
明天的考试。微博。我。B站	None
我跟风口嗨了几句微博评论*私信我	None
"南
南
南
南
南上加南"	None
日本有些人会在墓碑上放二维码 这样就可以扫码观看 回顾他们一生的影片 	None
小时候过生日。现在过生日	None
吃土	None
演员与他们的童年照片。	None
当你试图鼓励过的人说你确实帮上了忙	None
小心翼翼地搭建人际关系。麻烦死了！。	None
我不管 不管我怎么样 你都要宠着我	None
夺笋啊	None
我同学的期中考试。我的期中考试。	None
不约	None
P。我要学习。我不用。所以你没有知识。你有？	None
当你睡不着时，那是因为睡眠服务器已经满了，只有有人醒了才会有空闲连接。	None
马斯洛需求层次理论：赚钱，自我实现。钱，尊重的需要。情感和归属需要，钱。安全需要，钱。。生理需要	None
把他关进牢站住！房里！你需要休息！几个小时后，ZZ睡眠监狱你可以走了1000z7谢谢！我太需要这个了Stressmuseum	None
妈妈：“在彩虹的尽头，你会找到你生命的意义”	None
Flappy Bird.Fruit Ninja.Jetpack Joyride.Badlands.Temple Run.Plants vs. Zombies.Plants vs. Zombies.	None
龙珠迷。火影迷。进巨迷	None
我是一只孤单的小孩直勾勾看着你没人爱你的良心不痛吗没人要	None
皮帕每天都会跑出来帮忙收邮件，但是今天没有邮件。所以我就给她做了一封	None
When you've been in pain for 2 years but there is still no gain.	None
的士司机： 我：	None
当你离家还有10分钟的路程但是	None
我：*不小心踩到阿乖的爪子* 一秒后的阿乖： 半个月后的我：	None
95%的可能我们会寄。那另外的5%呢？去体验大多数人从未经历过的冒险和荣耀。	None
佛罗里达州一名男子因头痛醒来然后发现妻子在他睡觉时开枪打了他，但他活了下来W130AS200dexter想象一下这哥们醒来站起来说“亲爱的，我头疼得厉害	None
当你时隔很久回到老家发现那里的一切还都是老样子。	None
现在的孩子都不知道什么叫艰难的选择。WordArt Gallery	None
"..我......肝不动了
我"	None
球豹豹	None
许愿井我希望所有男人为我着迷! 噗	None
教堂。心理咨询室。看完138话后的巨人粉们。	None
当我把可颂读作quasson。	None
你的多虑程度有多严重？	None
美国的校园枪击案列表。这个列表仍不完整；您可以帮忙扩充它。那个经常被霸凌的孩子：我会完成我的使命。	None
伤心到劈叉	None
我想要更多的钱	None
日常聊天：“不能“。写电子邮件：“不能够”。写三千字的论文：“没有办法能够“	None
6岁的我在天气很冷的时候： 20岁的我在天气冷的时候： 	None
让你看到了垃圾非常抱歉。但是你能帮忙把我拔出来吗？我的屁屁好像卡住了。	None
阿公你怎么逆行还开这么快啊。你阿嬷在等我们呢。阿嬷不是过世了吗	None
兄弟们我下线啦，今天打得很开心！	None
上学时： 在学校做错事 老师让你给你爸妈打电话： 你：	None
我吃饱了，完全消灭了这些鸡翅呢！	None
lala是一只受伤并被带到日本救治的帝企鹅。痊愈后，它拒绝离开他的治疗者，所以他们收养了它并且给它安排了一个装有空调的房间。它可以去他的邻居玩，在商店获得新鲜的鱼，并且和这个家庭一起生活了10年，直到1996年因为年纪过大而去世	None
这是什么联谊会呀。	None
当我一口气看完了哈利波特的所有电影 ，然后突然意识到自己要回到自己无聊 的麻瓜生活时： 	None
全球变暖*发生*。人类：	None
求安排鸭	None
接下来你是不是要凶我了	None
又是九月九 天上的星星参北斗 思乡的人儿漂流在外	None
当你和某个很懂你的那个人满满开始聊到了一些很深入的话题的时候。	None
你不爱我，我不怪你，只怪自己入戏太深	None
"当世界上80%的氧气都是你和你的兄
弟们辛辛苦苦制造出来的但是人们只
知道感谢树木时
悲伤的浮游植物的声响
sad phytoplankton noises"	None
我的生活信念。	None
如果在说完“不“以后，其行为还没停止那就是一种骚扰。各种视频网站会员和APP会员	None
你会找到幸福。生活开始好转了。有些糟糕的事情发生了。你又回到了永恒的抑郁中	None
我太难了	None
大脑：去学习。身体：去健身。我：谢谢你们的建议，我会仔细考虑。但是我决定接下来的8个小时都玩游戏	None
*存在榴莲、咸蛋黄、酸菜鱼、布蕾奶茶、大白兔奶糖等各种奇怪口味薯片。我的好奇心。我的理智。	None
基于真实故事改编的电影中的主角。片尾放出的主角原型的照片。	None
每次有人点赞我微博后就重新欣赏一次自己那条微博的我	None
emo了	None
我：闭眼洗头。大脑里存的鬼图。	None
手游厂商：需要抽奖获得的新插画和虚拟数据。我	None
当你想要做点家务取悦妈妈，但是她看到后开始指责你，哪里哪里没做好	None
数码博主在他们抢购到天价高科技产品后：“好接下来进行我们的耐用性测试。”	None
你应该多说话我：说话被打断*被忽略被谈论*无人注意主人在乎。妈的老子不干了	None
当我在洗澡的时候用手控制水流的方向时，我眼中的自己：	None
大学三年我对我的同班同学：你的名字是？	None
想象一下每天回到家。	None
当你睡一半醒过来发现你女朋友在敷面膜	None
说唱专用钢琴	None
"初中生物课本刚发下来然后朋友突然边
笑边悄悄跟我说""快翻到75页""时的我"	None
当你给别人展示你最喜欢的电影，然后他们起身上厕所，你为他们按下暂停键但是他们却说“没事儿继续放就行”时：	None
你对我越来越冷淡了	None
美丽杯”第一届悠气大赛	None
印度人：發明數字*。阿拉伯人：使用并流傅*。世界：這個叫做阿拉伯數字。印度人：。。	None
艺术家的艺术。	None
"保护伞
黑恶势力"	None
总感觉你们在背着我学习	None
当你家来了客人，然后你妈强迫你出房间跟客人打招呼的时候。	None
课堂上老师即将提问 让我看看谁来 你还低头？ 就你了！ 回答问题！ 	None
我是一只柠檬鲸	None
击剑就是防疫工作的终极版。你必须戴面罩。你必须戴手套。如果有人在你一米范围内，捅他丫的。	None
如果我们在一起我想成为你的第二优先	None
数学老师：你那一部分事听不懂的？我：	None
我站在雾里，分不清你是牛是马。	None
你为什么每次都让别人先走？以前养成的习惯而已。	None
当你已经累到昏厥，但发现今天才刚刚周三	None
当我回忆趄了那些能够在疲惫的当下带给我一丝安慰的点点滴滴	None
每一次！我。同样的20首歌我已经听好几个月了	None
如果洗澡这件事是今天发明的，那么也一定会有人提出抗议	None
當你一次拿太多購物袋時	None
真的对一门学课很感兴趣。讨厌的老师。	None
我听见个好玩的口头禅，在接下来三个月，把这个口头禅作为我的新的人格特点。	None
我OK的	None
“我快累垮了……”“深吸一口气。”“很好，现在保持这样。”“不要停下来哦。”“坚持住，很快就好。”	None
在互联网上口嗨的我实际上连初吻还在。mematic&Tenor。	None
没有人。用指甲在蚊子包上面压出十字的我be like。	None
电脑：文件已储存。我：存到哪里了。电脑：	None
当我軍身太久了看什么都有感觉	None
小组作业 be like：“你做一般我做一半然后我们再一起修改一下”	None
一个人玩手机	None
当那个总是带着眼镜的家伙突然把眼镜摘下来时：	None
唉，你们刷太久微博啦，休息一下吃块曲奇饼干吧。	None
很内向。出门都走下水道。	None
当你走在路旁却有汽车溅起水花时	None
回忆度过的2020我的感觉：	None
1990。2016。2022。负角度接触车	None
我不会就这样轻易狗带	None
could be us	None
我：*半夜起来撒泡尿*；家里的家具：	None
这是我	None
*两个互不相识的遛狗的人在街上相遇* 这两个人： 他们的狗：	None
我和我永远配不上爱或温柔对待的感觉。	None
医生之间是怎么聊天的。	None
视频主：你们只需要一点简单的工具就能实现这个东西。视频里用到的简单工具：	None
我拒绝！！	None
当你的女孩生气，你试图让他开心起来。	None
我想要用来玩游戏的时间。我的空闲时间。	None
中午前一節課跟同學用獨門暗号午餐要吃什么（我要吃腿便当）（我要锅燒面）（我要15個鍋贴）转學過来还不熟暗号的转學生（我要成為海贼王）	None
敌方老师 我方考师 	None
一只咬了学生后躲起来的小仓鼠。	None
正在跟女朋友解释其实酸奶含糖量比可乐还高的我。	None
爸妈给我房间买了一套代入感很强的桌子！爸妈给我房间新买了一套桌子	None
我：爸爸，我可以玩电脑吗？爸爸：当然。我：太好了，刚才妈妈还说不许我玩呢。爸爸	None
没有人：开学第一天的数学老师。我们已经落后其他班一个学期了！	None
当你从睡了六个小时的小睡中醒来，不知道自己存在的意义。	None
听我的我不听	None
当你精心收藏的网站弄了半天还是打不开时：。	None
上完厕所就回来	None
假如让你去荒岛生存90天 之后给你500万元 证你带一个人 你会选择谁： 人物：炊事员 人物：郝哥 特点：【1】每三天为你提供一个西瓜 特点：【1】其实是个特务，会点生存技巧 【2】身边有两个小弟会帮助你，他们不消耗 【2】每三天为你提供一锅鸡汤，但可能有毒 你的资源 【3】身强体壮，能帮你省不少力气 负面影响：可能会引来一位不速之客，并且给 【4】有一个可爱的手榴弹，关键时刻能救命 你的西瓜可能是生的 负面效果：如果你不喝他的汤，他将炸掉你 手榴弹可能是哑弹 人物：美食家老八 人物：杰哥 特点：【1】刚入海岛会给你提供一个面包 特点：【1】每天为你提供秘制小吃 【2】岛上有一间很大的房子会给你住 【2】善于寻找食材 负面效果：他除了上述两条以外不再帮你别的 负面效果：你必须吃下他给你的小吃，而且 并且你可能会被登dua郎 你的身体可能接受不了 可能会带来两个中学生，这两个 中学生可能会抢你的资源 	None
当倒数第一问倒数第二 这道题怎么做时： 	None
脑阔疼	None
吃大餐打折便宜了100元。喜欢的鞋子降价100元。PS5又降了100元。	None
当你好不容易终于有了性生活却发现并不是自己想象中的那样子	None
"当我在面包店里买东西时突
然看到以前的同学"	None
当我拍了一张很好看的照片后。我所有的社交软件头像	None
小时候的我，我讨厌粉色，这也太娘了。现在的我，粉粉的可爱捏	None
小孩：我今年6岁啦 我：嗯嗯 小孩：我是2015年出生的 我：	None
当你每天喝三瓶脉动就是为了把自己的生活脉动回来，但是相反你最后得了糖尿病的时候：。所以这就是个谎言吗	None
当你以为 你已经工作了几个小时了！ 然而他只过了几分钟！ 	None
人穷不剁手	None
网上虚拟交心不宜obbyinavolvo一家人出门看电影三小时后回家看到：床上唯一的爪印仿佛在说：哦对我不能上床来看，我可真是个听话的乖宝	None
我要哭了哦	None
Could be us<3	None
狗狗祟祟	None
"我
生活"	None
她：他今天完全没有提到我明天的生日。他：希望她可以说愿意而且戒指也合适。	None
发生什么事了？ 我经历了糟糕的一天，我需要你的口头支持。 你指的是道义支持 不。	None
点了刷新0.01秒后突然看见你的一条感兴趣的微博。	None
没有人：女朋友：如果我没有被生下来，你还会爱我吗？	None
不投票毋宁死。未成年人：我猜我要死翘翘喽。	None
洗完澡上床就看书，叫他睡觉说还要看会。孩子努力的让人心疼	None
当你体面的度过了一天,结果突然想起你以前干的某件傻逼事儿时训练有素的普通人	None
反舔狗装甲。那个笑点和我一模一样的女生	None
请珍惜每一个考研人	None
“他连个正经工作都没有！”“爸！他是个meme博主！”	None
委屈......	None
当我随机播放我的列表里的音乐时。	None
看完影院版正联的我。如果导剪版上映的我。	None
我没有去纵火让桥燃烧我只是不去维护它，让它的结构随看时间的推移慢慢退化，	None
他在打字？肯定有很多要跟我説。我那张梗圖到底存在哪裡了啦！	None
在找到合适的视频前拒绝吃外卖的我。	None
你的悲伤。尽可能让每个meme都能使你开心一点的我。	None
别人：你晚上别那么晚睡白天就不会这么困啦。我：。	None
人类幼崽：在干净整洁的医院出生；鸟宝宝：在温暖的鸟巢里出生。长颈鹿宝宝：	None
当你一不小心打开了前置摄像头，但没关系，因为你很可爱	None
我：*接到爸妈打来的电话*。我旁边那些准备发出呻吟声和大喊网管的朋友。	None
当你回家照了下镜子。多久了？我这幅丑样保持多久了？	None
参赛者的歌声像驴叫，但是他的妈妈的朋友的叔叔得了癌症去世了。	None
当你在给别人建议后，自己突然感觉被自己的建议帮助到了的时候。	None
考试前已做好充分的准备。发现试卷上没有我复习到的内容	None
我不听不听就不听	None
拥有微博却从来不发的人： 	None
真嗣。绫波丽。神躺在病床上的明日香。	None
我和那位完全懂我理解我又从未见过面的网友：10110oo	None
沙雕网友才是我的快乐源泉	None
我要买一个脖子吻	None
看电影时： 别人：这剧情太好了 你：刚刚那个s人是不是动了 	None
别人玩辐射避难所。我玩辐射避难所	None
委屈巴巴	None
疫情之前。 疫情之间。 友好且安全。具有威胁且危险	None
床不會有一堆間題，床不會有一堆意見。床永遠都會陪著你，床真的棒	None
*当我出门没戴口罩的时候*。	None
当你的足球卡在别人的车底下的时候	None
爱情不只是美好的日子。爱情也是生病的日子。闹脾气的日子。还有难过的日子。	None
当我在黑板上写字的时候	None
当我在一份6块装的鸡块里发现 第七个鸡块时：这是上天的恩赐。	None
父母:如果我们看着你的眼睛,结果你笑了,就说明你在撒谎*当我盯着我父母的眼睛*	None
*衣服上的标签碰到我的脖子*。我的脑子：	None
当对方回复你的是一个简单的：嗯。程度1-2。稍稍地痛。退出消息框看到银行发来的余额提醒。10。疼痛剧烈。	None
*在自己家裡尿尿在朋友家尿尿	None
自己打游戏时。别人观战自己时。	None
好好带口罩！我是在好好戴啊	None
每晚的我：早点睡。没任何原因就这样熬夜到凌晨两点	None
拉希德，23.	None
晚上的大脑。我不需要睡觉，睡觉是一种浪费时间的行为。白天的大脑。困死我了!	None
询问售货员我想购买的东西在哪里。跟一个傻逼一样硬着头皮慢慢找了半小时。	None
我是自愿来上班的。	None
生活贴士：假装害怕兽医，这样他们就会给你更多的款待。	None
今天终于能好好睡觉了。哎我从什么时候开始就没见过微波炉的广告片的？	None
剪头发剪到一半鼻子突然超痒	None
当你意识到你已经可以用自己的实际出生年月去填那些网站的登陆信息时。	None
当你终于打到了那只毁了你睡眠的蚊子的时候：	None
整理房间，被要求整理房间。	None
第n次翻看和你的聊天记录并想象当时的甜蜜我正在做的事我	None
当电视剧里需要表达男女主角美妙的邂逅时:	None
大家见面都怎么打招呼的 其他人： 我： 	None
老师：你不可能一晚上就写完 一篇论文 考试：你有一个小时的时间来 完成这篇论文 	None
你知道吗？如果你反着穿袜子，那么除了你的脚整个宇宙都在穿这个袜子	None
当你妈说“不”的时候：	None
我每天都在想的你还是你只是穿上了衣服	None
也许你只是需要一个抱抱	None
健身博主。他们晒的减肥餐。以为那样吃就会跟他们一样的我	None
第一视角：电影开始了	None
我：“好！我要改掉爱黏人的坏习惯！”。还是我：*五秒后。	None
暖脚的最最最佳方式：。	None
一般人吃飯。强迫症吃饭	None
料理鼠王。我特喵刚刚以为左边是只超大老鼠差点心脏病发	None
我在幻想一些在现实生活里永远都不会发生在我身上的事：	None
当你跟你朋友借了一支笔发现它看起来跟你昨天丢的那根笔一模一样时猪川苦	None
发现明天禮拜一的me：	None
我爸:一个成功的律师我妈:一个成功的商人为了和别人吵架，正在检查十秒钟前有没有打错字的我:	None
蓝瘦，香菇	None
客户的要求。客户的预算。	None
朋友：嘿你还好吧。我：嗯… 	None
唉。又一位被毒品和酒精毁了前程的演员	None
因为低迷时的懒惰和低效而感到非常沮丧。承认每个人都有低谷期，在感到低迷的时候好好休息一下，然后逐渐做好身边的小事。	None
这是绿灯侠在最新的《正义联盟》中在干的事情：	None
+208 数学课上的我 7+bx+C-= 计算游戏角色各种伤害 6-40 加成的我 5 /6-490 	None
橡皮擦 铅笔 小时候的我 	None
原来這是汽車加装尾翼的原因？	None
当有人只jingle了half the way时：	None
"“我在路上了”
“不是刚出门”"	None
那太遗憾了	None
当你第421次向主祈求原谅你同样的罪	None
小时候拥有50块钱。成年后拥有2000块钱。	None
今天是国际幸福日修猫咪担心你今天过得开不开心今天有没有好好吃饭今天有发生过哪些有趣的事	None
我真的真的真的很喜欢对你这样做	None
艾米纳姆在21世纪初分享M&M豆给其他艾米纳姆的珍贵照片。	None
冲凉的时候站在边边等热水器从冷水变热水的我。快点啦maha	None
「我们更新了我们的用户隐私条款」	None
当你在幼儿园表现得很不好，然后幼儿园的老师把你的小红花给收走的时候	None
没有人：来月经时的我：	None
今天是你的生日！你可以做任何你想做的事！	None
我：狗屎游戏，浪费我时间，再玩我是狗。5分钟后的我：	None
精神活力生机充满希望	None
小时候我和妈妈说想吃肯德基，不知道为什么妈妈总是要给我买回到家里吃 oca Nature 	None
当你的幽默感非常超前但是你身边的人却把你当成傻子。比光速还快的代价,就是只能生活在黑暗中。	None
照目前这个形势来看我应该是被绿了	None
老爸：吹嘘自己可以起来得很早。同样是老爸，坐在沙发上五分钟之后。	None
2×3=_2×3=6!2×3=720	None
幼儿园。小学。高中。大学。Ctrl+C。Ctrl+V。	None
整天沉迷于男色	None
给学生拍照的摄影师就像：来笑一个。再开心一点~再开心一点点…好 完美	None
感到鸭力	None
"亲爱的，我告诉过你了现在是狩猎
季你他妈就是不听，偏偏要去湖迦搞
什么浪漫约会，现在好了吧"	None
被金钱蒙蔽了双眼	None
韩国正在偷走我们的文化。有关部门。	None
当你在享受美好的一天，然后突然一段痛苦的回忆涌上心头的时候。	None
原來她不是傲娇，她只是軍纯讨厌我而已	None
我看见了。我全都看见了。	None
当你以$0.99购买的游戏最终成为你玩过的最棒的游戏之一时：	None
实验报告，作业，期中考，论文。完全合理的戒指日。屁都没做的我。	None
我真的太难了	None
自闭中	None
只有一马力的魔托 好处：不会排放废气.不 用驾照也行 坏处：只有一马力 690 	None
我：这个看起来应该没啥劲 在喝一杯没关系吧 	None
当你10岁时看15岁的人的感觉是。你15岁时看到的15岁的人的感觉是。你20岁看到的15岁的人感觉是。	None
为什么还没拉黑他？”。他说他很对不起我。	None
嘿孩子，准备好参加最近的演唱会吧。好的，谢谢老爸。没问题！我不太懂你喜欢的音乐，但是看到你开心就好。	None
我晚上的睡眠能力我早上醒来后的睡眠能力	None
找一个能像埃隆马斯克看着他的大火箭一样看着你的人：	None
当你结婚入洞房时你的亲朋好友：	None
我所后悔在网上说过的话。没有，爱谁谁。	None
天气怎么样啊？一般般吧。	None
泰坦或其他我没看过的节目	None
别人：*询问我的财务稳定情况* 我的财务稳定情况	None
没有人:被妈妈吼了一次的青少年。自尽最好的方法。跳楼怎么不摔到脸。瞬间死掉的方法。不想活了怎么办。哪种自杀方法不痛苦。怎么样自杀	None
难过~~	None
一言不发滴滴答答的老大爷。双手叉腰气定神闲的健美男。明明先来但是尿不出来的我。	None
"我：*撸猫猫*
花了半小时才把自己舔干净的猫猫"	None
These could be us	None
“你觉得五年之后你会在干什么？”兄弟，我就只是想撑到这个星期五而已	None
让我看看你的脸皮有多厚。	None
安拉估计是这个世界上唯一的神。要不然为什么宇宙的起源是次大爆炸。	None
"呜呜呜
深夜模式
打开网易云
单曲循环"	None
你今天忘了那个。我今天没怎么想。	None
你的异性朋友：像你这么好的男人哪里去找 我： 	None
我是来看看这附近有没有可疑的老色批的 请继续刷微博	None
当你是班里最后一个提交作业的,而且还正好卡在了最后提交的期限	None
我丰富的游戏经验告诉我，这堵墙后面一定有好东西。	None
停一下兄弟，这里是个提示，我想告诉你一切都会过去的，不要担心。这里是一杯给你的巧克力牛奶。	None
还有什么事情会让你有这样的感觉？最满足的感觉	None
我儿子昨天做了绝育手术，兽医办公室在他醒来后怕了一张照片给我。	None
“爸爸先从火场救出小孩，又回头去救肋排。”他先救小孩的原因单纯只是肋排还需要烤久一点才能全熟。	None
你看见的 你的手机看见的	None
当你认为你是一个黑暗的存在但是看见有人难过时：	None
我的狗狗正在说服我给他咬一口我的吃的。	None
你会为了钱出卖你的朋... 我： 	None
当你度过了漫长的一天终于和ta待在一起感到温暖和舒适时	None
当你不知道对方在说什么的时候，你会假笑。	None
这只雄性蜥蜴撑着他的女朋友所以他的女朋友能好好睡一会	None
当我在微博里回复每一条评论时	None
其实在聊其他事，只是目光扫到我的路人。以为路人在议论自己的我。	None
我的房間。我的個人風格。	None
在你童年的某个时刻，你会和你的伙伴出去玩，到那时你们谁也不知道这是最后一次	None
当你兄弟过来你家过夜，然后要你给他来一个晚安亲亲。“无论客人的要求有多离谱我们都应该满足ta”	None
我的手机 我保存的沙雕表情包	None
他睡觉时把他 选为了寝室长 	None
你爸妈十分钟后回来，你会怎么做？十一分钟后回来然后问他们发生了什么事	None
第一个吃胡萝卜的人。	None
游戏: 按shift键识破。启用粘滞键	None
今天不想加油鸭	None
当廊所的生纸用完了你只好拿附近的東西將就	None
冰箱里的奇异果看着我把手伸向两个星期前吃剩的零食	None
这是一只爱撩闲的狗 	None
火箭队：*登场*皮卡丘：*等着他们结束开场白，好赶紧把他们电出屎。*Sad pika pika noises*	None
正在与我生命中的负能量战斗的我。	None
我。周末。DDL。	None
当你不去理发店自己在家修剪 600000 	None
“兄弟，最近咋样啊”男人的抬头。“过来，我跟你说点事情“男人的右摇头。”快，看看这个妹子”男人的左摇头。男人的点头“你好，我尊重你”。	None
约会的时候我们。就抱在一起睡个午觉。	None
"咱喝杯Java冷静下
        顺便看看日食"	None
我和我的五个脑细胞准备在老师点我名字时说“到6@训练有素的普通人	None
悲伤盒子；孩子！快出来！整天都呆在“悲伤盒子”里很不对劲！	None
擦屁股不小心擦到了屎 	None
HEY,ISYOURTAILREAL?你的尾巴是真的吗？YES,IT'SREAL是真的	None
我不想每天都看这些破视频了，我只想被爱。孩子，我也是。	None
当你比朋友晚了半个小时才到约定的地方。当你朋友晚了2分钟。	None
宝宝不开心了	None
当你弟弟想给你下命令的时候	None
我我在生活中呈现我在互联网呈现给网友时的样子给身边人时的样子	None
黑眼圈怎么肥四	None
原本只是想上个厕所却一不小心刷了一个小时的微博后我的双腿。	None
你怎么这么有钱	None
你为什么还不来哄人家	None
你说什么我没耳朵听不见	None
是吗是吗	None
如果在Zoom那種線上會議裡、可以把畫面分割成這樣的話、感覺就可以引出會議的緊迫感。	None
我困得脑袋直插地府。	None
寻狗启示：一只非常聪明的狗。麦克斯，如果你看到这个的话，请给家里打个电话。	None
劳资这不上来么 与太阳肩并肩了	None
我十分庆幸我的童年： 是这样的 而不是这样的 	None
参加任何活动时的我就像那个”+ national geographic“	None
各交流形式的自信程度： 文字.语音.视频.面对面 	None
这是小到大唯一能實践的夢想	None
茄茄累了	None
当你点了下屏幕的正上方结果刚好点到别人发过来的消息提醒框	None
不要把手机放在你旁边睡觉 我： 	None
拍一期脖子开箱视频吧。	None
大白天的我。凌晨两点的我。	None
"蓝兽 想姑
....."	None
当你玩找荐 始终找不出最后一个时： 	None
当你在奶奶家翻到零食时	None
年轻人：普通用的翻书。老年人：	None
如果你在没有限制的互联网时代长大。你可能会看到很多不该看的东西。直到有一天你点进一条让你深受打击的内容，你再也不会故意点进另一条内容了	None
我的手指 廉价厕纸 	None
那么，今年最差鸟窝设计奖的得主是	None
上学时： 在学校做错事 老师让你给你爸妈打电话： 你： 	None
我在查看谁取消了关注，这样我也可以取消关注他们。	None
没有人：戴着透明手机壳的人：	None
我就说我在哪看过	None
化学老师：。刚刚桌子上那瓶硫酸呢？。	None
唉，我顺手帮你把卡地亚的广告从你的微博里扔到垃圾桶了，不客气。	None
鸡渴难耐。	None
我可以和你呆一会儿吗？ 一好吧，但就一会儿。。。 	None
当你和你的朋友 正在享受夜晚、 突然： 你觉着你的社交能量 即将耗尽！ nnes 	None
"“犯错误让人变得强大。”那个在2019年年未说""明年会更好""的人："	None
挑一个数	None
如果你没有让家人自豪过他们就不会对你感到失望。	None
在重新获得足够社交能量前一直无视新消息的我：	None
蓝瘦，香菇	None
DC：（新角色）	None
"保护伞
某官员
"	None
老师：别紧张，这次测验没那么难。测验：请确定黑点的位置	None
*挠痒痒*。*咬一哈*	None
阿乖，我出门了哟~不！！别走！阿咪，我出门了哟~出门就出门告诉我干嘛	None
刚进门的我妈。在房间里做傻傻事情的我。	None
蜜雪水城。书亦烧仙。满米酸奶。沪上阿姨。茶百世用。益禾堂。AUNTEADENNY。500。遇到这种情况你该怎么选择。	None
无语	None
Good boy。当我的狗勾在草地上大便。Bad boy。当我的小孩在草地上大便	None
卧槽	None
苍天鸭	None
当你已经打扮好准备出门，但你的。手机只充到了10%时：。	None
刚出锅的食物就急着往嘴里放的你 	None
你知道吗？每三个人中就有一个人没有在学习。我在学习。我也在学习。	None
我等的狗，它在多远的未来	None
当你终于想出有意思的回复但是话题已经变了	None
中药。西药。“多喝热水。	None
当一个人说:“这个游戏我都好久没玩了“他背后的原因:。他真的很久没玩了。他怕输了没借口	None
为什么川普的老婆看上去总像是认识你是谁但是记不起你的名字。	None
暗中委屈	None
周未出门游玩 作文中的你 实际上的你 现在马路边捡到一分钱 	None
我在房间里想象看虚假的情景来破坏。自己的情绪。微。	None
"大火烧竹林
一片光棍"	None
不开森	None
当妈妈端出来这个锅的时候 你就知道接下来的三天要吃一样的东西了 	None
当你给ta发消息已经过了五个小时，然而ta的最后在线是一分钟前： 	None
凌晨一点求我赶紧睡觉的我 	None
学习一门语言的最好方式就是去和本地人说话，那个学Python的哥们：	None
影院版的荒原狼。导剪的荒原狼。	None
男生玩什么洋娃娃去玩玩士兵！ 20年后： 	None
我：*有一堆事要去做*也是我：	None
当我本可以变得高冷神秘时我看着聊天记录发现有90%都是我在过度分享。	None
洗澡时你习惯怎么站的！ABCD	None
当老师在布置的作业最后加一句“请愉快地享受吧！“的时候	None
“伙计们，我们要乐观点。在隧道的末端总会有一束亮光。我们应该对2020有信心！”隧道末端2020的光：	None
9岁的我路过超市的玩具橱窗。23岁的我路过超市的玩具橱窗。	None
当我看到水电费后意识到我连在洗澡的时候哭泣的资格都要没有了。	None
电子游戏不会导致暴力行为。但是网络延迟会。	None
当男生终于知道女生身上到底有几个洞洞	None
我老婆今天带猫去兽医那照了个X光。然后我的儿子非说他的恐龙也有点病恹恹的,于是:	None
百无聊赖	None
学得本公主脑壳疼	None
你也可以一直单身	None
我：*跟某人第一次出门*。大脑：我爱她。我：不是，这才第一次见面啥都不了解。大脑。我说了！咱么陷入爱河了。	None
SHIFTLOCK 停很久 后退 R 停一会 N 前进 3-D 爬坡 2 使劲爬 	None
为大家解释一下现在股市里的情况：。	None
当你好朋友没来学校： *檬離陪我去尿尿 	None
最新研究證實！女性多看“帥哥照片”可增記憶力，有效率	None
我跟我哥在因为小事打架。我爸：暴力永远都不是解决问题的办法。同样是我爸，在任何电子设备坏了的时候。	None
霍格沃菼你的老师死掉后。	None
美国人收到600美元补助之前：。美国人收到600美元补助之后：	None
两张图总结我的周末。	None
你给我醒醒	None
Nice Shoes Optimus!Thanks Bumblebee They're Vans.	None
第一人称视角。你是meme。	None
女朋友身体出现问题时 男朋友： 喝水 	None
夸男生可爱的女生。被夸的男生。我会用我的生命保护你	None
当你在游戏里使用女性角色时训练有素的普通人	None
刚刚看了网上的健身视频： 刚跑出200米！ 	None
当PTSD涌上心头，但你却感觉还不错的时候，这种感觉要叫做什么呢？怀旧。没错。	None
恐龙。恐龙.zip。	None
我：*决定认真上数学课*五分鐘后的我：我要离开这里	None
当你从宜家买了一只猫时	None
先头抖威风的劲儿哪儿去了	None
当我一百岁的时候我会：Be dead. 我认为我会是这个样子：R.I.P	None
上完高中的我究竟学到了什么	None
阿兹海默症四骑士。我甚至都不知道你是谁。等哈！你是谁？我这辈子从来就没见过这家伙。	None
当别人围着你唱生日快乐歌于是你就坐在那边脸上的表情像是	None
下载微博。不。每天都可以看新闻哦。额。还有很多搞笑图片什么的。好吧。哈哈，随时随地发现糟心事儿吧！啊啊啊啊淦。	None
“停止视奸“我想ta了然后拉黑ta！	None
当你不再穿你最爱的衬衫。	None
我不知道为什么我的背这么疼。我坐下来时： 	None
一整天都在小睡，晚上依然准时上床睡觉的我。	None
爸爸，什么是现金啊？现金？呵，好久没有听到过这个名字了。	None
人们无法看到的四样东西： 我的忧伤。	None
*爸爸*他是我兒子。媽媽：不！他才是我兒子*兒子：没错寶具，我是你一個人的	None
我的生活状态。猫猫的图片。各种迷因和视频。色情网站。	None
马上就要面试了。希望这份工作能给我足够的报酬，我终于可以把我的触手派上用场了	None
上班后的你意识到自己和箱子一样，只是一个工具。	None
分不清是画还是 	None
尽管今天美国产生了一位新总统...也不能改变在澳大利亚有四千八百万只袋鼠，以及乌拉圭有3457380个居民的事实。也就是说，如果澳大利亚的袋鼠打算侵略乌拉圭，那么平均每个乌拉圭人要搞定14只袋鼠。	None
章鱼：*一手拿着一把枪*。猫：你还是棋差一招，兄弟。	None
Poorhub	None
凌晨两点想象着假的场景来让自己伤心的我	None
笔记本电脑电池:1小时59分钟剩余。 20分钟后的笔记本电脑：我决定我不想活了。	None
客人：我想剪短這裡要留長那裡要.設計師：哈！哈！什么都不必説～	None
好色。我。上帝	None
我最喜欢白鲸的就是因为他们的表情永远看起来都像是这个样子的：	None
当我发消息给别人但对方超过了3分钟没回复我时	None
笑着活下去	None
隔壁似乎吵起来了试图吃瓜的你：	None
当你楼上得邻居 刚吃完四川火锅	None
当你不小心打开egde浏览器	None
想知道每个月的水费到底为什么那么贵的老爸。每天都要在洗澡的时候发呆半个小时的我。	None
吉良吉影和他的替身杀手皇后准备动手干掉矢安宫重清（上色版）	None
你 当旁边有人时 当你一个人在家时： 	None
"当你在游戏中
为自己回复了
27次血
当你打的BOSS
只回了一次血"	None
精力充沛	None
非同凡响。通常这些球都有一个特点。就是在开始前要说一下自己多久没有玩了：。	None
白纸黑字。黑纸白字	None
emo萝。	None
当你的房东说不许养狗。	None
被艺术学校拒绝的女生：被艺术学校拒绝的男生：	None
老婆不要我了~委屈	None
当我的同桌请假没来上学	None
I DID IT	None
我的房间一角。墙。地板。墙。	None
下定决心减肥的你 pm7: 00 pm7: 15 	None
当有人要我分ta一口吃的时候我眼中的食物：	None
*老师让我去个一个女生做同桌的时候*全班所有人:	None
我：移动了一下下椅子。我的椅子：	None
我每天的时间完全是不够用的。屏幕使用时间11小时23分钟。	None
心里医生：你可以做你想要做的任何事情。我：减速带。	None
据我所知我一无所知	None
暴雪公司需要裁员，所以给9600名员工发放一个箱子，箱子有8.3%的几率收到解雇通知书	None
当慢热的你对ta的感情满到快溢出来时ta却开始对你慢慢失去兴趣	None
*有人送过来了3块蛋糕*全家5口人站在桌子旁边。爸爸妈妈：我不喜欢蛋糕。现在终于读懂爸妈想法的我。谢谢你们，妈妈，爸爸	None
当我连续两次输错密码时：	None
专家：睡觉时，不要把手机放在身边 这样容易发生危险！ 我 听妈妈的话。 	None
当你看完一本文笔故事情节都十分完美的书后怅然若失，你不知道你的余生该做什么。	None
事到如今我连自己呼吸方式是不是正确的都不确定了。	None
在过安检的时候一位旅客带了一瓶冻成冰块的矿泉水。因为液体不能随身携带。我让他自已想办法处理。他说，这是固体。	None
医生：今天有什么不舒服的地方吗？我：转向我妈	None
老师：来同学们交一下作业 我： 	None
和心爱的人一起看日落是最美好的感觉。哇，多美的日落啊。因为你，它才如此美丽。	None
我的观点。没人在乎你的观点。我的观点。我自己在乎。	None
春节回家的我、崽啊家里给你安排了相亲	None
年轻人一天充满了能量！ 我一整天：精疲力竭的 	None
当你洗澡时不小心碰到了肥皂。然后你看到不用看就单手接住了。天上地下。唯我独尊。	None
当你想来点咖啡因结果感觉心跳加速的同时感觉依旧很累。	None
死亡。从几十层楼上跳下来的成龙。一个干他娘的塑料棚。成龙。	None
请开始你的表演	None
什么呀！什么呀！。	None
算我求你的借我十块钱好不好	None
别听那只猫乱说，你是世界上最乖最可爱的宝贝	None
情人节没有情人？别伤心。我们中的大多数人也不会和鲨鱼一起度过世界鲨鱼日	None
外卖：预计送达时间45分钟之后5分钟的我：	None
你看我像是不快乐的吗	None
当你准备睡觉了但你的大脑一直给你回播那些以前经历过的糗事。闭嘴。	None
为什么我的背疼，还有我。	None
如何和高个子交流如何和高个子交流还欠缺一点完美	None
用小号视奸别人微博。不小心刷到微博故事	None
动漫中的熊猫：现实中的熊猫：	None
心塞	None
7岁的我，在凌晨两点幻想我击倒歹徒，拯救全家人的场景的时候：	None
18岁的我：秋裤？那是什么东西。28岁的我：一会应该要下雨。	None
他有没有过说话说到一半的时候发现他们完全不感兴趣，于是你就卡在那不知道还要不要继续说下去	None
你要出来玩吗？不我不行，我很忙。	None
蓝瘦	None
当我发消息告诉别人“我马上就到”的时候：	None
情人节的时候给朋友圈里的合照点赞时的我。	None
当你刚把被窝暖热然后。尿意来了。	None
当你女友很忙没空理你时： 你be like 今天日子真蘇服 	None
你知道吗？不发朋友圈，你也可以坐飞机飞到任何你想去的地方。	None
*体育课。数学老师。语文老师。体育老师。	None
经理：今天公司人手有点不够。靠北，真的吗? 祝你好运	None
擅自闯入的结果。	None
看见好看的人。ta朝你的方向撇了一眼。	None
时光飞逝	None
甘甜的心情突然变得苦涩	None
世間總有許多可以和不可以的事	None
哦哟！行啊你 赞~屌 没毛病 666 牛逼啊兄dei	None
老师：这次的考试一点也不难考试：这只狗在。a.躺着b.坐着c.站着	None
我。好想做爱。	None
你很美丽身材也好也是我喜欢的类型不出意外的话跟我半点关系都没有	None
"达咩
名豪网
minghaoshangwu"	None
电影中的超人 实际的超人 	None
上学时： 作文题目 上医院的难忘回忆 作文中的我 实际的我 瓢泼大雨 爸爸背着发烧的我去医院 	None
你需要扮演你的ID一整天你会怎么样？微博忆野菜	None
生活终于开始步入正轨。一切都进行得很正常。我的大脑让我尴尬到想死的回忆。	None
水中摄影理想实际	None
我：没有组到搭档。体育老师：要一起吗？	None
你好请给我一张电影票！ 	None
以前的年 现在的年 春晚 	None
年初一10点半就上床睡觉。凌晨3点被楼下鞭炮声吵醒。	None
火影解锁了我新的跑步姿势： 火影忍者	None
四个死掉的队友看我一个辅助一打五：	None
如果你觉得自己很傻。请记住复联二里美队曾经试图掐死一个机器人。	None
向整个世界低头谢罪。	None
事实证明困和睡几个小时无关： 2小时 10小时 的睡眠 的睡眠 困得要死 	None
家人：等他交到女友时 他应该会成熟点吧？ 我女友跟我： 	None
媽媽，我以后要去跳钢管舞	None
游戏里的小兵看到我有一次没打过boss，要重新读档时：	None
如果你喜欢水那你就已经喜欢70%的我了	None
这是进步This is progress这也是一种进步This is alsoprogress这也是And soisthis	None
小美~你會三種語文，是哪三種？中文英文阿拉伯文。哇赛～你還寫阿拉伯文，传過來我看看。1234567890。	None
游戏开始前的小提示给人的感觉。打开盒子即可享用披萨。	None
小时候的我。等我以后长大我想玩什么游戏就玩什么游戏！现在的我。游戏根本无法满足我	None
我：北鼻你好漂亮喔。女友：可是人家刚起床哎而且头发超乱的。我：我说你很漂亮就是很漂亮	None
长官：我好紧张啊，我会不会把这个演讲搞砸了？太阳用手揉着长官的肩膀说到：兄弟你能行的，要相信自己	None
如果你能吹灭所有蜡烛，你的愿望会得以实现*我。I'll do my best!	None
只是必要物品出差。	None
孤独对死亡率的影响可能和每天抽15支烟一样大，社会孤立和孤独会大大缩短寿命危害更大，如果你时常感到孤独那不妨出门走一走交些朋友吧Source:National Institute on Aging	None
"保护伞
村官
黑老大"	None
当你前面的那个人走的很慢时：	None
第一周。一个月	None
老板:你今天为什么迟到了？我:因为睡觉真的很棒而且当成年人实在是太累了。老板∶好，这倒是真的	None
当你做墨梦痛苦不堪 净扎着醒来发现只是一场梦 	None
夏天 ：我想要冷一点! 冬天 ：我想要 热一点! 春天： 我想要 开心一点	None
三年级小孩坐上讲台后面的椅子后：	None
"本叔叔在每部蜘蛛
侠新电影的开头
本叔叔在20分钟后"	None
实际上我想说的那段话当我在这段话后面加上 emoji6	None
我每天的两个状态。我的魔力！无人能敌！	None
睡觉前洗头发： 刚吹完： 第二天一早： 	None
7岁时，我爸的朋友：“小伙子长得真帅，以后娶我女儿当老婆。”29岁了还没找到对象的我：“我唤你而来履行你的诺言。”	None
出身寒门不怕热。	None
这事儿 不能怪我 ......	None
《低俗小说》这电影太赞了。我觉得很烂。	None
六岁的我盯着夜空看时：三十岁的我盯着夜空看时：	None
当你隔着屏幕欣赏互联网上的美好肉体时：。	None
你要睡觉了吗？是的。你今天做的很棒好样的：）	None
当螺旋丸干不掉敌人时：鸣人：老兄，其实我们是一样的。	None
人们以为人类未来移民月球后的样子：实际上的样子：	None
最爱你的人是我	None
当你已经在爆发边缘了然后旁人问了你一句：“你还好吗？”	None
往外看。没有人来庆祝我的生日。	None
我刚刚开始学习意大利语！非常好	None
我:*知道仙人掌有超尖的刺*。还是我,每次看到仙人掌时：	None
老阔疼	None
阅读涩情小说：哈真浮夸阅读纯爱小说：呀！！他们牵手了！！	None
当你想拍拍你朋友家的狗结果它对你发出了低沉的威胁声	None
我刚刚完成了一个没有图案的拼图！你需要看心理医生。	None
成为神一样的存在 蓝莓味软糖（非常好吃）	None
当你在短时间内完成了你一塌糊涂但又符合主题的作品。	None
朋友在我喜欢的人面前：哎你还记得你以前…我：	None
嗯嗯嗯放门口	None
蝉。螳螂。黄雀。庄子	None
一心只想暴富	None
我草。我差点就在乎。	None
奶奶：来阿嬷这里啊多吃点，看你都瘦成这样了；正准备吃第四碗饭的我：	None
当你看到你那个长得很帅但是不喜欢社交的好朋友开始主动和别人说话时 What is he doing? He's beginning to believe.	None
当你学会了按F和弦。吉她英熊	None
每次听到别人说“好羡慕你有那么多兄弟姐妹喔”时，我都会给他们看我小时候的这张照片	None
考试作弊时： 监考老师看见的 我们认为的 	None
我在闻我刚取下来耳钉的味道，确保它和我想象中一样臭。	None
自豹自弃。	None
我：*聊天时提起自己的记忆力很不错*在冰箱里呆了快3个月的剩菜：。	None
下定决心学习 五分钟后 	None
刚不小心把门把手弄掉了，这家伙表现得和我一样吃惊	None
当你30岁又没结婚 你眼中的自己 亲戚眼中的你 	None
嘤嘤嘤我还是不是你的小可爱哭唧唧你凶我	None
当老师让同桌之间 相互判卷时： O0 100 	None
自抱自泣	None
正在带2021参观工作场所的2020	None
手机三十秒后自动关机。慌忙找充电器的我。	None
我的心好蓝过	None
"三年级的我把按动笔倒过来，往下
压，放手，然后看着它弹射"	None
如何用iMac玩游戏	None
当你得到了你想要的东西，可是不但生活没有变得更好，反而你被搞得更惨	None
我周未的最后几个小时	None
现在图片中的一切都在你的口袋里了。	None
当你在和别人吵架的时候听到对方说出常识错误，于是你就耐心等着对方骂完酝酿着一次就干爆ta的台词。	None
我好羡慕啊~	None
别人的假期： 我的假期： 帮我关下灯 	None
我：昨晚喝了酒，但早上起来感觉还行。聊天记录：让你看看什么他妈的叫惊喜 	None
听我说，女士们	None
以黑猫的情绪表为标准，你今天感觉是第几张图？	None
中学女生：啊，那个男生好帅啊。那个男生	None
当我听不清楚别人刚刚说的是什么。但是又不想让对方再讲一边时。吱吱的噪音。嗯。	None
十二星座单身的原因： 双子天蝎天秤射手巨蟹双鱼 be like: 你眼中单身的他们：我好孤独。实际上单身的他们： 我好抓独。 	None
还在想为什么对方问了你性避之后就不回信息的你：	None
当你有个嗝一直打不出来。我能感觉到它在我肚子里	None
当23岁的我找到了我童年玩的玩具时：是你吗，快乐？	None
喜欢吃麦香鱼的人，都是有品味的人	None
恶心兄弟是不？	None
新冠病毒存在的时间都比我任何一段恋爱长	None
睡你麻痹 起来嗨	None
拥抱的解剖图。	None
幼稚到成熟	None
不管過了千年或几世紀猫永远是猫	None
我能摸摸这个吗？。不，那是我的。这个怎么样？不，那是我的。有什么我可以触摸的吗？没有。	None
一首歌最嗨的部分。GPS导航的语音。	None
当你剪了指甲后才发现生活有多难。	None
我们都不知道我儿子要赢了	None
春游时我放在背包里的面包	None
看起来是个不小的披萨	None
生活压力。我的承受能力。	None
当我在社交平台上发动态	None
为什么这个剃了胡子的基努里维斯会拘格里芬多20分呢	None
当朋友放了一首 我认为只有我自已在听的歌 灵魂相认 	None
你以为的底。抄。实际情况.。抄。抄。抄。我X。	None
我：我笑着看手机。我妈：在和谁发短信？我笑的原因：。	None
当你在《我的世界》中找不到家时	None
极左。极右。极蠢。	None
别烦。勿扰。	None
女生偷看男生 男生偷看女生 	None
当我假装丢球让我的狗狗去捡的第74次后。	None
这和你无关, 和我有关。 MJ, 这电影叫“蜘蛛侠3”	None
省省吧，苏珊我听说你告诉所有的狗他们是个好孩子。	None
当语文老师意识到世界上有人喜欢在阅读时不标段落、不划好词好句、不做笔记以及不写500字的读后感时：	None
我：*穿了件纯白色上衣出门*。火锅油，果汁：目标已锁定。	None
萄厌	None
我鬼混回来了。	None
当我独自在家无聊时：	None
“一般人在7分钟内就睡着了”是谁？这些人是谁？	None
所以说，如果没有希特勒的话，我就不会出生。	None
我的唯二两种情绪。我超棒。我超棒。	None
当你刚走了第一步。下棋机器人：以防你还没注意到，你已经进入了我的陷阱。	None
恭喜你EA.你已经过的了一颗星星，剩下的星星可以以每个5.49美元的价格获取	None
老师：大家自已找同学组成讨论小组。我和基友们：	None
救救窝	None
这是个数学生，他将他的女朋友设为X。	None
以前听不懂的歌忽然就懂了	None
当你父母下班回家看你玩的时候 七乘八？ 	None
比苏明哲还要失望	None
说“我没事，算了吧”的我*希望对方再多问两句的我*	None
Switch是2017年发售的。Switch已经发行四年了	None
当我听到自己的录音时 	None
狠狠的emo住了	None
世界上最慢的東西：樹懒，乌龟，蜗牛，我朋友説在路上了	None
又TMD周一。王子吻我都不想醒。	None
当我点击“我已阅读并同意条款”的时候：	None
如果给你50000元但你最恨的那个人就会得到100000元,你会收下这笔钱吗？会。为什么我不要这150000	None
科学家：人们在看到喜欢的人的时候，瞳孔会放大。人们看到我的时候。	None
我唯一的变身照片。	None
当你吃卤味咬到八角时 你： 	None
当你正在放松时想起明天还有考试。放松。紧张的放松。	None
当你在教室打开一包纸抽 纸抽 你的同学 	None
当我把弟弟打哭，然后妈妈跑进来问我们发生了什么事我。他给他自己弄哭的是他自己想哭的。	None
痛哭流涕	None
我想你们都应该经历过 除非你们没有童年！ 	None
上学时： 当我出门瞬间用力关上门 我的同学们： 	None
我怕狗。他不會傷害你。我有女朋友	None
好想好想...好想...我好想被人紧紧抱在怀里	None
这谁顶得住啊	None
白天 晚上： 我的衣服堆： 我的衣服 	None
大学life starter pack	None
贪生pass	None
捂住耳朵就不会有悲伤	None
我百无聊赖地点开10秒钟之前关闭的微博：	None
当女儿带男友回家 当儿子带女友回家	None
我试图阻止自己再2秒内回复某人，因为他们用了三个星期才回复我。	None
赶紧！。交出你最近保存的最有意思的图片！。	None
开饭了。开饭了。	None
拼死拼活为斯莱特林争取分数。因为哈利波特还在呼吸所以邓布利多给格莱芬多加了100分	None
只在微博里一口气发十条动态，因为发在其他平台会被当神经病	None
我杰某人太难了	None
9岁的我被亲戚老师称赞说“有天分、乖巧而且很聪明” 现在的我社交能力为零，一文不名一事无成而且还他妈蠢得要命。	None
“今天我们像所有要求在她们肚子里 创造奇迹的女人祈祷 	None
继船	None
委屈巴巴可怜巴巴	None
第一视角：你是一个出生在80年代或90年代的小孩	None
成年之后：你好请给我6个鸡蛋 商店老板： 半打? Mimamadijoseis 	None
有任何家族精神病史吗。我有个叔叔觉得手办是小孩子才玩的。	None
*在认真讲述知识*天呐我好喜欢	None
*早上八点的我妈： *进我房间拉开窗帘，超大声地做家务 妈妈 我 	None
当你在浴室里洗澡 突然发现自己忘记拿浴巾时： Mamili 妈！！ 	None
其他动物:在安全，舒适的巢穴中 进行生产！ 长颈鹿： CESCH2 	None
当你昨晚只睡了两小时然后只能把希望寄托在一杯速溶咖啡上时：	None
我：*半夜2点在街上打了个路人*。GTA里的警察：	None
当你朋友把你介绍给ta这个星期里的第4个对象然后说:“我这个朋友有点害羞,比较少讲话”	None
有种人平时挺懒的。但却有间接性收拾东西综合症候群。突然心血来潮。把东西收拾的干干净净整整齐齐。而且整理起来有一种很爽的感觉。越整越兴奋。然后又要过好久才会再发作一次。SOMM。	None
亲爱的，你长大以后会变得跟我一样好看的哦。谢谢妈妈。儿子，你长大以后会跟我一样变成秃头。好的爸爸。	None
"東東北西北
東南南南南南南南西
我简直南上加南"	None
太让人头疼了吧~	None
没事喜欢宅在家里	None
如果你看不见数字，说明你：缺乏睡眠。感冒了。头痛。肾虚。低血糖。口渴。低血糖	None
没有人: 。文艺复兴时期的画作:	None
疲惫	None
别對都摇尾巴。	None
她洗澡时看起来像是一只北极熊。	None
朋友：快出来啊！你会玩得很开心的！走！！玩得很开心的我：	None
你身后有条狗。他长啥样？	None
记仇	None
GOOD BOY.WHO'S A GOOD BOY!AW GEE!THAT'S A TOUGHIE.I LOVE EVERY BOY I'VE EVER MET.YOU ARE!BOOPS!OMG IT WAS A TRICK QUESTION!HEY BUDDY COMICS.	None
你知道吗？泰坦尼克号上游泳池里的水到现在还是满的。	None
就是一只很普通的长颈鹿，没别的。	None
我的车窗坏了，所以我用自己的方式修好了	None
*早上醒来*。其他人。我。早哦。起床了吗。宝贝。亲亲你。100%。	None
米奇不妙晟 米奇妙妙屋 	None
当我的手头工作还一团糟 但已经到 了下班时间： 	None
*公元前440年罗马教廷定12月25日为圣诞节 公元前440之前十二月份的奶茶店老板：	None
类似这样的东西：存在。5岁的我：	None
当你有一个会剪刘海的老妈 	None
"老板，拿瓶阔咯
要冰镇的！！！"	None
我喜欢抱着公仔睡觉我也是	None
我必须研究你。	None
想要玩赛博朋克2077：没钱。00后。90后，没时间。	None
当冬天晚上你朋友 找你一起去上厕所时 你： 不去，外面太冷了	None
拿来。	None
求求你学慢点 跟不上	None
我手机私密相册里的我：椒搏包幻口野菜	None
我一定能行的！我当初可是最快最强社的。许多年前老兄如果我们让那边那弱智赢会不会很好玩。有意思	None
当你只是想小睡20分钟！ 结果：一下子睡了好几个小时 醒来之后整个人傻了 不知道自己现在在哪！ 	None
当爷爷辈 讲起他们上学时的路： 	None
恭喜生活喜提我狗命	None
有没有可能希特勒变坏是因为他小时候总是有时间旅行者想要刺杀他？	None
我手机里的私密相册和最近删除照片里的我：	None
枯藤老树昏鸦。只想收工回家。关闭计算机。特机（S）。	None
困中凝视	None
当游戏玩家的小孩在考试的时候只考到了A而不是SSS的时候。	None
说话之前三思 可以为你减少80%的烦恼： 	None
我已经准备好进行人生中的第一次约会了	None
哪吒重生的特效。哪呢重生的排片	None
当朋友去帮内向的我 去要番茄酱： 朋友谢谢你 我 我不會忘記这份恩情的 我會用我的 生命保護你的	None
难锅	None
致那些说我把门装反了的人:我这样做是为了让我家的狗勾可以看到外面,真以为我傻阿哈哈	None
在意大利，餐厅开始使用意大利面来代替塑料吸管。	None
当我特别特别喜欢你时：*这是给你的*我留给自己的	None
"网抑云模式已启动
深夜到了"	None
医生:恭喜!您的肝脏手术非常成功!*余额不足，刷卡失败* 医生：	None
步骤1：伪装成台阶。步骤2：等人类路过时把他绊倒。步骤3：大摇大摆地走开	None
支付失败。理发师	None
歪果仁眼里的双节棍。	None
我是那么的与众不同： 跟我同龄的人 我 	None
吃完后的我：呢我想吃点甜的吃了四块饼干&半块蛋糕后现在我想吃点咸的	None
现在的我：我想念我自己。年轻的我：充满希望和理想	None
在我本来可以轻易完成的事情上过分焦虑的我。	None
我们以后会。变成什么样子啊。你说的“调休”是什么意思？。	None
*过度分享的人*把所有事放心里不说的人*都不开心	None
不加班不是广告人	None
女巫的翘班原因。	None
我说的“只喝一杯“是这个意思	None
在大街上听歌 听歌时的我： 我听的歌： （爱葡环） 恋星 严肃 	None
我以为20年前的电影k FATHER of the BRIDFN实际上20年前的电影 SHReK6@训练有素的普通人	None
马里奥是怎么攻击敌人的。索尼克是怎么攻击敌人的。星之卡比是怎么攻击敌人的。	None
那我一个睡了	None
你有没有发现GTA中没有小孩子	None
只要专业选的好 每天满课不是梦	None
当你不需要付房租所以也不用早起去上班。	None
电影中的孩子们会在桌子上看到这个,喝一口橙汁,然后说“校车来了我要迟到了!“	None
我太累了太辛苦了	None
这是我2020年旅游拍下的好看的照片哦。	None
你为什么不找我玩	None
"不知道为什么
柠檬它围绕着我"	None
朋友:你为啥没有全身照？ 我本人 	None
六岁的时候认为智杀十分愚蠢的我。成年之后学习不好成绩烂爆没有对象一无是处的我。	None
现在的小孩：手机电脑 我小时候： 	None
我的狗吃完我的哲学作业后。	None
当金三胖吃了一顿美味的早餐	None
外面在下小雨。房间里开着空调。你正躺在床上。ta正在洗澡。你放了一首抒情的音乐。ta洗完澡出来了。ta掀开了浴巾。ta钻进了你的被窝。ta让你把衣服脱掉。	None
当主人扔掉你辛辛苦苦抓来的老鼠时。	None
我关煤气了吗？关好了，看来一切都没问题了。过了一会。等等。	None
礼貌又不失尬尴的微笑	None
有点点难过	None
即使ta在互联网上十分放的开那也不代表对方愿意和你doi	None
因为你高强度看meme，笑觉神经已经过度开发，你已经笑无可笑了。	None
不认识我的人覺得我。害羞内向（X）。认识我的人覺得我：害。哦靠。這人有病（0）。	None
"你不要不理伦家哇
人家辣么乖"	None
第三人称视角。玩家。	None
百万富翁的皇室成员、亿万富翁的明星，在一个田园史诗的地方谈论压迫迫害	None
「你再假装把球丢出去试试看」	None
当你刚到入职公司然后听到了同事在讨论你喜欢的游戏	None
你还好吗？需要一个拥抱吗？悲伤的眼泪正停在头部以下。容器被压缩，迫使悲伤涌了上来，然后悲伤以眼泪的形式通过眼睛逃离。	None
当你内心已死然后看到一张关于内心已死的梗图时：	None
想上厕所 算了 憋不住了 	None
你要是不给我买。到时候别人买包零食。就把我骗走了，你就哭去吧。	None
没有买卖，就没有杀害	None
这就是幸福的样子。	None
当你想说点什么但最后又觉得不值得你开口。	None
我要毁了你们星球！boof。Aww!我不能毁了一个有这么可爱的小家伙的星球。地球的救世主！boof。	None
"明天大涨！
LUCK
跟我一起喊："	None
我的大脑：不要再继续做舔狗了！要学会有尊严地活着。我：好吧，那我应该怎么做？我的大脑：。	None
我希望我在闲暇时间时做的事： 我实际上在做的：	None
当你半夜醒来渴得不行然后喝了一口水	None
跟喜欢的人坐在一起的时候 努力憋住那个快蹦出来的屁的我: 	None
当你看到满大街的 mememen，于是你给 meeman画上一顶飄逸的秀发并命名为 memewomanl时：苹等	None
当有人把你肉抢走时 	None
可口可樂黑帮：你来错冰箱了。百事可樂：	None
自助餐寿司只拿三文鱼片吃不犯法吧？没拿饭	None
我想逃。逃离这个令人窒息的现实生活然后安居在森林里，但是我怕虫子。	None
老师：同学们如果没什么问题的话就下课。班里那个特别喜欢学习的人：*举手*。班里的其他人：	None
当我睡不着觉和前女友发暧昧信息然后她回了猫咪表情包时。I'm still worthy!	None
中午十一点半趁着舍友还在睡觉偷偷出去买饭的我：	None
别人21岁7777我21岁：哇这个post的留言很精彩	None
大脑：给我弄断他 我：为什么？ 大脑：不知道弄断了再说 	None
抑郁的我正在尽我最大的努力去享受那些我开心时买下的东西	None
我的青少年时代被严厉的父母夺走了，现在我的20多岁被新冠肺炎夺走了，未来我的30多岁将被气候危机夺走..！	None
2020年刚开始的人们：现在的人们：	None
算了瞎写吧考试结束	None
选手:我出生时还是个婴儿。 评委:	None
我妈做的菜。五星级酒店大厨做的菜。	None
气凝胶：我99.8%都是空气。可悲。我的脑子。真可悲。	None
找一个像麦克斯看意大利面那样看你的人。	None
课堂上我瞥见了好兄弟而好兄弟刚好也瞥见了我时。	None
说多了都是泪	None
找不到路了！！	None
在某个人问你“你平时喜欢干些什么呀”之前你永远不会意识到你的生活有多么无趣。	None
可怜巴巴	None
老师：人类肉眼是无法观测到单个原子的。仅通过肉眼一下子就观察到100亿个原子的我。充满优越感的标志性表情	None
我终于能停止去幻想某个从未约会过甚至不知道我存在的人。	None
挺秃然的	None
"中国农业银行
570299517
银联"	None
保留网址下次学习 删除u盘/网址里的“学习资料” 做个健康少年 	None
当你和你的姐妹吵架后 我已经原谅你了解我 虽然我还恨你? 哦我们要永远在一起色 	None
当你和朋友吵架完后悔自己说出的一-些话。	None
第一视角：当你在班级打开了任何一包能吃的东西。	None
只需要一个小技巧就能让你少上半天周五的班	None
妻子:别再想PS5的事情了亲爱的，我就是你今年最好的礼物。我:	None
父母：我们这么做是因为爱你。我：	None
*追一部剧*；我：这个角色很有个性喔，好喜欢，希望他不要死掉；这个角色：	None
我闺蜜睡不捉的时候	None
你只有一次機會看出来之后就永遠消失了	None
明天一定。明天一定。明天一定。明天一定。	None
你的手机里面有游戏吗？	None
我，假装町着前台的菜单思考， 然后点了自己早就想好的那样东西 	None
蓝瘦 香菇	None
当ta向你道歉但你依然很生气时：。	None
专家建议：千万不要在假期难过，要难过就在上班时间难过，这样才能带薪抑郁，别让资本主义赢了	None
看来我的假说是成立的！假说。我每天都不知道自己在做些什么。	None
18+。妈妈来电。18+。	None
当我获得了我需要的關注	None
什么东西可以给你能量？金钱，地位，线粒体	None
当我看到一个痛苦的人，但镜子里的人是我！ 	None
…正在输入，我：	None
老师：*布置家庭作业*那两个无家可归的孩子	None
直男在其他男人旁边吃冰棍的时候。	None
日抛型手机。	None
困到昏厥	None
睁开眼睛看到离闹钟响还有两分钟的我。	None
当你想起一段洗脑的调调时。你的脑子：一直循环	None
第一视角：你是超级英雄所在城市的建筑工人	None
当你结束长途旅行后，终于能在自家马桶上拉屎。	None
当你想关机却不小心按到了重启：	None
爸爸你要赢了吗？	None
*巨人粉在看138话时爆哭*谏山创	None
当你用尺子画横线结果不小心碰到自己的手指时：	None
过去200年瑞士国土扩张的GIF	None
家人：快点起床 要迟到了 大声音：好 假装出点声音让 家人以为你起来了 一分钟后 五分钟后 	None
"一闪一闪亮晶晶。你刚刚说了。满天都是小星星。""小""？。小？。小？。够大了够大了。eDAVECONTRA。DAVECONTRA.COM。"	None
我的自拍。其他人拍的我	None
钢铁侠：那么要怎么打败灭霸呢？奇异博士：	None
勇敢；智慧；善良；乐观；我	None
获得永久平静。	None
我在互联网上的性取向：。	None
物理老师:40m/s加30m/s等于多少？我:70。物理老师：70什么?苹果?还是香蕉啊？	None
无奈	None
你讲话好冷漠就好像我没有让你开心过	None
睡了，有事托梦	None
我也能成为总统。我也能成为总统。我也能成为总统。我一直都是总统。	None
没有人：香烟的包装盒：quietly. I'll KILL YOU.	None
我:从书包里拿出纸巾放在桌上。我同桌: 大吸气。我的	None
手游广告的宣传片。实际的游戏体验。	None
我：*半夜三点向狸克提出搬迁业务*。狸克：好的，那我试试看向他提议搬迁。那只小动物。	None
装逼前装逼后	None
当我安装一个软件时：。那个软件。迅雷影音。贪玩蓝月。	None
慵懒地躺在床上听外面的雨点打在窗户上再惬意不过了	None
你是/喜欢哪一种？180cm180cm175cm170cm170cm165cm185cm190cm185cm165cm160c160cm175cm175cm170cm165cm180cm185cm195cm155cm155cm155cm	None
阻止轻生男子自杀的人们	None
没有人：日剧里的黑道：	None
外向者如何交朋友。内向者如何交朋友。外向者。跟我来。	None
"命运
被命运rua弄"	None
希望有一天能像这样和你躺在一起即使什么也不做。	None
上帝：创造了海洋。人类：太好了！这样我们就永远也不用担心会把水喝完了。上帝：	None
对方已经拉黑了你，但你还没骂完时	None
砌起了政治的围墙	None
隔离期间之前我的生活。隔离期间后我的生活。	None
不知道他有没有想我。如果这首歌结束前我还没到家我就会死掉	None
是在下输了	None
调查研究：平均年龄会做的.*我*	None
我太南了	None
我以为我有多蠢。我实际上有多蠢。	None
怎么没人告诉我喜欢你会上瘾啊	None
爷青结	None
每天都在崩溃边缘的我的那些暴力想法。我的良知。	None
干饭。暖和的被窝。	None
当这次是ta先发信息给你时：。	None
当我想尝试撩妹時	None
我要闹了。我开始闹了。我已经在闹了。	None
打扰一下先生。我们能来谈一下气候变化的问题吗。	None
JOJO主角团在刚遭遇反派时的战斗状态   打了5分钟后	None
音游难吗？。有手就行。音游。那我来了。	None
我不知道这只狗勾准备做什么，但我感觉是很重要的事。	None
口腔:无糖可乐好甜。需要葡萄糖的大脑:	None
塑料吸管。纸吸管。	None
在小时候拥有20块钱。现在的我拥有20块钱。	None
希望我得了“忘吃东西”的抑郁症而不是“为了感受而吃”的抑郁症	None
当你一早醒来后开始往回翻你昨晚喝醉时到底发了些什么消息	None
科式懵逼	None
宇宙中最重的东西：太阳，中子星，黑洞，爷爷奶奶给的红包	None
我的计算结果：14。我:看来答案是B	None
你长大后想我想做室内装潢！做什么？长大后	None
人生好难啊	None
我:在校车上完成了作业。那份作业:	None
看过医生了。没事的宝。	None
你喜欢摇滚吗。哥们，我超爱摇滚。摇滚是最棒的！	None
观点：*存在*。键盘侠：你是想要你的观点还是你的膝盖骨？。	None
世界上最危险的游戏叫做“早上闹钟响后再眯一下眼睛”。	None
自然醒。在闹钟响的。前一分钟醒来。你想什么时候醒来就什么时候醒，因为今天是休息日。在喜欢的人身边醒来。	None
我不想杀了他。是他想杀了我的。	None
青春 爷青回	None
当你1级的时候必须穿上你能找到的任何盔甲。	None
也是我喜欢的人**我喜欢的人**也是我喜欢的人**我喜欢的人*我*	None
请给我 点点钱	None
当你坐下来然后你的肚子就来了个这个	None
我在翻看并回味以前的聊天记录，因为即使过去了那么久这些给我力量	None
企鹅吃掉了所有的鱼，变得越来越胖，并且拒绝走路，配偶和交流。	None
直到我打开这个箱子以前，我没法判断里面的猫是活着还是死的。喵。闭嘴。	None
当家里的狗狗听见门铃响时：	None
当你开始想念一个人，但你会想起他对你做的事。	None
只是想給你看看嘴獸的正面照	None
糟糕！佩佩猪家失火了救命啊。什么味道这么香呀？	None
当有人在教室办公室里吃东西。我： 	None
moss，你这是叛变	None
兄弟，我家狗狗去世了。啥？这也太伤心了坝。你猜怎么着，我希望死的是你。	None
吐袋的真正想法。我希望我是爆米花袋。	None
三分天注定 。七分靠打拼 。 九十分靠拜天公。	None
你解决了电车难题。我找到了那个把所有人绑在铁轨上的凶手，你将他绳之以法。你解脱了。	None
你妈突然喊了你的全名的时候。完犊子。	None
网课：8:00开始。7:59分的学生：	None
明知道不是做meme的料但还是投稿了。	None
媽媽眼裡那個已經29岁的我	None
当我已经用完电脑想把它关掉 窗口： Suspender Actualizaryapagar Actualizaryreiniciar 	None
当所有人都在翻卷子，但你读了题目20遍都没有读懂题设的时候：	None
家庭聚餐看到小辈被教育。话题转移到你	None
当你没考过最喜欢的一个老师的课。你如此信任我…我却辜负了你。	None
家务不属于女人。也不属于男人。家务属于看不下去的人。	None
很明显上一个人是个素食主义者	None
不好意思，发错人了不是，你本来是要发给谁的？让你看到我的这不为人知一面，真是非常抱所以你本来是打算要发给谁的？	None
当你洗完澡后躺在床上时,床单是刚刚洗过的@训练有素的普通人	None
听到八卦时的我。	None
打哈欠前。打哈欠后	None
成功者:只有历经磨难，否则你什么也得不到我: *胖了20斤并且没经历过任何磨难*	None
收银员：一共是110.25元。我的女朋友：宝贝我有！	None
你好安静啊要不你跟我说说你喜欢的话题？救救我	None
“我们的下一位嘉宾将谈论网球和为什么你不应该假装扔球”	None
抗议不应该变成暴乱。那逮捕也不应该变成谋杀啊。	None
你又摸了一天鱼什么都没做！	None
他把爱心放在了头顶。	None
谁熬夜到三点半又要设置六点的闹钟：这个家伙	None
男：我们牵牵手吧！ 女：只能牵牵手哦！ 牵看手到家： 	None
范迪塞尔在说了“我是格鲁特”之后：	None
分不清到底是石头还是肚子。	None
“小睡半小时就能让我清醒”三小时后：	None
当你在放松时突然想起明天要测试：放松。紧张地放松	None
她：你觉得哪一個顔色比较好看？	None
当你被强迫出去走走，发现其实还蛮好玩的时候：	None
想吃，怕胖	None
她很可爱他自己也知道。	None
我要挣脱牢笼。	None
把小珍珠憋回去了	None
当你跳过所有过场动画,只是跟着地图上的标记▲▲▲ do as the crystal gu有素的普通人	None
我建议你们捐赠出你们最好的萌宠照片	None
猜猜是谁会在2021！！年找到对象	None
理论：一天一苹果，医生远离我。第一步，买一堆苹果。第二步，把苹果放在医生底下踩在医生身上。第三步，飞。	None
她/他：我一点也不完美为什么你还会喜欢我阿。她/他	None
我把我的爱打包放回我自己身上，因为没人值得。	None
难过	None
我喝了杯牛奶。信用卡支付失败。	None
朋友：进来吧，他又不咬人。 我 ：   狗 ：	None
3岁的我。在妈妈觉得冷的时候。	None
当你喜欢的人 五分钟没有回你的消息时： 	None
我们能吃他吗？只有他死了才行。他死了吗。还没有。他只是很抑郁而已。	None
你知道吗？每3个人中就有一个人没有在学习。我在学习。我也在学习。	None
狠狠地emo住了	None
猜猜我吃了啥4:20PM.Mar8,2023Mar8我不知道你吃了啥但我敢肯定你枕遥的朋友昨晚吃的東西有辣油和芝麻	None
当你和朋友们都过得不怎么好，但还是会一起出来玩寻开心。	None
我的手头有多紧。	None
"爱情的枷锁
使我输的一败涂地"	None
罕见照片：一只野生的卡车。母亲在喂养她的孩子。	None
"生活
我"	None
师傅傅还不回来	None
我全都要。贪婪	None
在睡觉之前感受到有一点点饿的我。	None
这個披薩的青椒好大一块丫	None
如何正确打招呼 击掌 比握手减少 50%细菌接触 对拳 比握手减少 75%细菌接触 扫腿 比握手减少 100%细菌接触	None
天空一声巨响。老奴闪亮登场。	None
不要因为你的meme只有10个赞而感到难过。要记住，有10个人看到了你的meme,并且很喜欢	None
该死，我爱死女生了	None
没有人：十年前的小孩：	None
小时候： 独自一个人走夜路回家	None
添加图片。替换图片	None
我嘴上说的我的感受。VS.。我真实的感受。	None
你的感情生活如何。单人乒乓球桌	None
你刚刚舒服的坐下老妈叫你去丢垃圾	None
重新装修厨房卸微波炉时看到了这个，原来他从来没有放弃希望。I know you'd come back for me.	None
医生：恐怕你得了心脏病和老年痴呆症。病人：阿哦，好吧，至少我没有心脏病。	None
没有人。学校印发的试卷。图中约翰在干什么。	None
每到晚上我的大脑总是充满看这一切。如果。如果...。如果。如果。如果...。如果...。	None
嚯好大的口气	None
看电影时因为画了眼线而不敢让眼泪掉下来的我：	None
当你还有10分钟就要迟到时。当你已经迟到20分钟时。没事，还有时间。	None
"我听说他在求不定积分时从
来不会忘记加上常数"	None
出门遛狗时： 我 我的狗 ZAK02913 	None
认了你又不改	None
你突然意识到自己并不是别人首要关心的人，你所关心的那个人却拥有着很多很多的朋友，你只是其中一位不那么重要的角色	None
他自己跟我回家的，他的名字叫漫游者。	None
视频通话时你拿着手机在房间里到处走：	None
外放电影男女主独处一室时。	None
如果你的伴侣对你不思，那不是你的错。如果ta对你们的性生活不满意，那ta应该和你沟通，共同进步双方享受彼此的服务，这样你们就可以解决问题了，而不是背看你选择了不忠，你的伴侣不愿意以一种健康的方式与你相处。并不是你的错！。	None
来看看奥利弗，他有可爱的大拇指	None
事实上约翰塞纳不是透明的，你可以实实在在的看到那个人；好啦奶奶天黑了我扶你去睡觉吧	None
当我想要避开即将迎面撞上的陌生人。陌生人：。	None
送给每一位强迫症患者 	None
I'm old and I'm tired. Please do not play me	None
我又不脆弱 何况那算什么伤	None
灭霸：打响指。正在吃饭的食人族。	None
美国老人，50岁，为筹集自己的癌症手术费用开办化学实验室。	None
老师：为什么不打开摄像头，让我看看你们可爱的脸庞？ 我：	None
good。	None
我：刚刚那个梦真是惊险啊大脑7秒后.··我：什么梦？	None
这只狗能闻到长得好看的人的味道。	None
当你网络坏了3个多小时等到修好后发现0条未读消息，才意识到你对别人来说啥也不是。	None
★对方对你说了什么让你这样	None
当你想了一个很棒的借口可以解释你手上的烟疤，但是至今都没人问过你。	None
找到了完美的婚礼蛋糕。	None
你不要过来啊	None
没事兄弟，996不在话下。李明，24岁。	None
如果你活到了70岁那么你就过来10年的星期日。先生，这里是麦当劳	None
被动型社交：希望有人会主动找我聊天或其他，这种被ta重视做朋友的感。觉让我很满足。等会一起打游戏？。嗯嗯。	None
我:老师我想上厕所。老师:下课为什么不去下课时的厕所。	None
袋袋我鸭	None
我的肚子 我站着时： 我坐下后： 	None
“新的一年我得做些改变！”我的改变：	None
需要计算自己年龄的人；2000年出生的人	None
网友们想出了他们最奇怪的网名	None
周未我宁愿选择这个而不是任何聚会因为我只想待在家里，整晚抱看我最喜欢的人	None
老师：同学们把上节课做的笔记拿 出来看一下 我：幸好我上节课记了 我： 这写的啥玩意 	None
我知道你很牛，但是你有这么牛吗。	None
当有人说：“我不喜欢你这样 我： 	None
当你在遭遇一场糟糕的堵车，但隔壁并排行驶的车上有一只狗狗的时候：	None
当你特别喜欢那个礼物但发现不是给你的	None
当你考试时完全不会做可是老师一直在旁边看看你	None
我试图避免与加油站的裂缝头有眼神接触。	None
当异地恋的你收到了对方给你发的照片时：。	None
2020年：耳朵：要不然你那包我也帮你拎一下？	None
你想要的车。想要你的车	None
上课时的困意，下课铃声	None
次真的不是男朋友拍照技術的周题了	None
你说森么？	None
有这样头发的人有125%的机会成为好孩子。	None
"cpdd
新的一天从cpdd开始"	None
当我心情低落时：我垒起一块又一块砖。建起了自己的围墙。此时我的朋友：。	None
收手吧	None
连环杀手。收集皮肤。游戏玩家	None
爸比！现在不行，儿子。爸爸！现在不行，儿子。爸爸！现在不行，儿子。儿子？干什么？	None
8后面是什么数字。10。你被录取了。	None
so sad	None
找视频的我。我的食物。	None
没有人：。猫猫在凌晨两点的时候：。我很快，我草鸡快。	None
沙漏使用前后	None
Up主：在本期视频开始之前，请大家....我：	None
我要开始存钱了！ 当看到喜欢的东西时 	None
你的灵魂现在是我的了!*呕呕呕呕呸呸呸*	None
不甘被命运击垮	None
其他人:分手的心是最痛的 我：看了你没体验过这个！ 	None
辣妹 萝莉。辣妹 萝莉。	None
“哪里痛?”头痛，胃痛，我看看在乎的人对我慢慢失去感觉而我无能为力	None
摄影师:笑一下嘛不要这么严肃	None
知道我拿的是什么吗？是肾！	None
当你想从另一个角度解决问题时。	None
洗澡洗到一半音乐停了。	None
*在看动画片*角色：你为什么说我们两个是亲兄弟？也是这两个人：	None
希拉里为克林顿撑伞	None
我好委七呀！	None
请在微信中找到同款头像： 	None
天了终于周末了！。周末时：。星期六。星期日。	None
当你的生活是一连串的灾难性事件。	None
我曾经担心的事情还是发生了	None
你好！感谢您对我们商品的支持！很高兴为您服务！不，他不高兴。	None
心痛如刀割	None
看着微波炉里的食物的我。8秒钟过去了。	None
就挺秃然的	None
深夜集齐第二套福牛。发现没好友可以赠送	None
老師：這次考試没有這磨難 答案 考試題 	None
心情不好时电话响了。发现是妈妈。	None
我太难了	None
妈的难过。	None
当你第一次和女友约会时 拍的照片： 	None
"地板是正确的选择
我
我"	None
每次你看到卡车司机时的样子 	None
女朋友的地雷區。调皮的男朋友。	None
我：爸爸我们能买一个智能电视吗？。爸爸：不，我们家的电视就是智能电视。家里的智能电视	None
好冷·好想暖和一会。我爱你	None
如果你是个给予者请你知道自己的极限。因为索取者从来没有	None
当在梦中发生了非常糟糕的事情但是醒来发现一切都还好时。	None
我妈：等你一会给草地浇完水之后，我们要好好谈谈你成绩的事情。我：	None
生无可恋	None
它到来了，正如古代壁画所预言的那样	None
掌你發現現在册帐號在撑出生年份時要滑很久才找的到	None
打完一盘有来有回的游戏后	None
EMO乐队 讲述关于生活多么艰难的歌词 和爸爸妈妈出去度假的13岁小孩	None
希望我会飞。希望我会走路。希望我会游泳。	None
一些人的十八岁：“亲爱的你要当爸爸了。”“干，你说什么？”我的十八岁：“不……我的仙人掌……它死掉了。”	None
请抱抱我，再摸摸我的头，帮我把鞋子脱了。好好好，当然可以	None
当你去奶奶家睡觉时：	None
这个夏天最危险的地方： 	None
当他们被你幽默风趣的性格吸引madewithmematic当他们深入了解你之后：	None
看一部有字幕的电影，但是字幕移动的太快，你的眼睛无法集中注意力。	None
好幸福的狗狗。	None
妈妈：那个水时温热的 正好哦。轻信妈妈的话喝了一口的我：	None
"他们不知道
在非洲，每60秒就
有一分钟流逝"	None
当你刷了主页10多分钟但所看到的都是什么积极的鸡汤之类的	None
不要责怪自己。就连小松鼠都会找不到它自己藏起来的果子	None
互相傅梗圖然后打哈哈哈”的我和我朋友：	None
当老板开会的时候一个劲地夸大家有多努力。但就是没有放假或加薪的意思。	None
有人给我的朋友圈点赞。有人给我发消息。有人给我特地放的微信状态点了赞。	None
如果我妻子能按他的方式，这就是我今天回家时我家的样子。	None
Apple Spotify Apple music	None
人家也想穿这种颜色的啦！	None
小时候的我问妈妈可不可以玩游戏，指使我去这么做的姐姐。	None
我的音乐品味	None
当你费劲千辛万苦打败了最后一关的boss后，游戏彩蛋告诉你其实你是她的儿子后：	None
我：*第一次访问这个网站* 这个网站：	None
没有人。七岁的我在浴室。	None
你怎么了？我太难过了。额..别难过了。哇！这正是我需要的。	None
忍住，我不哭...	None
当班上太吵隔壁班老师 过来我们班骂我们时： 80 	None
如果鲤鱼王可以什么都不做，然后突然变得很牛逼的话，那我也可以做到	None
香菇	None
当我拖地的时候拖把一下子拖到我的脚上。	None
「你为什么这么安静?」我:	None
我不知道这只鹿经历的了啥，但是我可以感同身受。	None
参加社交活动时的我。	None
"再见了妈妈
今晚我就要远航
别为我担心
我有快乐和智慧的浆"	None
0摄氏度时的水分子：。0.01摄氏度时的水分子：	None
用沐浴露徒手做出泡泡的你。膜术师。	None
当低年级的学生发现你完美的实验室组织和未受污染的培养基时	None
是啦我知道我要去干什么…但是就…	None
没有人：。电影里偷车的人：	None
一早 刚刚睡醒拿起手机的你： 	None
还有一周开学。你没写的作业：	None
当你没有钱，你的朋友主动给你买食物的时候。	None
木法沙是我见过的唯一一只不会用脚着地的猫，杀死他的不是刀疤，而是自然选择。	None
如果你在生活中是个给予者,请一定要搞清楚自己的原则因为那些索取者,不会有任何底线	None
那些妄图在打哈欠的同时使用面部解锁的iPhone用户。	None
当你男朋友跟你讲话 比平时音量高了20%的时候，你belike: 你凶我 	None
当你和谁都合得来。	None
不過是买個電子磅秤，怎么画面变这样	None
每天都有那么一瞬间 我真的很认同灭霸 	None
1996 还记得它吗？ 2020 它现在变成这样了 是不是觉得自己老了	None
扮演猎鹰的演员Anthony mackie总是看起来好像知道你的某个小秘密一样。	None
你要睡了吗？。是的闭嘴。睡觉前别忘了看。一眼可爱老婆的。照片~。	None
*当我被绑架之后的五分钟* ”所以…你们为什么选了我呀？“	None
有本事用一句證明你比我遠要穷。你家這是在過年吗？	None
你必须在这里住满一年并无限提供食物，但你来这只能带一样东西你会带什么？	None
卑微	None
我在闻我刚取下来耳钉的味道，确保它和我想象中一样臭	None
当我一整天都和你黏在一起直到不得不分别时：。	None
一名警官绑架自己的儿子并破案以获得晋升	None
疯狂星期四谁能比我们单位疯狂，搞了个肯德基烧纸套餐，真真正正与时俱进我们单位是墓地	None
我和我的小伙伴惊呆了	None
我好忙。我超忙的。但你效率高吗?好极了,我现在又忙又焦虑	None
然后撒旦说了：把字母加到数学里去	None
当我上课分神一秒钟时： 2+2=4 	None
TB战士被你杀了一次之后： INACI 	None
我他妈快被饿死了，或许可以去向人类要一点他们吃剩的骨头什么的。反正没什么比现在这样更糟的了。4万年后	None
漫畫。動畫。谜片	None
当女朋友跟你相处太久，以至于她变成了一个迷你版的你的时候：	None
应该是睡觉时间但是却在被窝里刷着手机的我	None
朋友叫你给他拿纸时， 你闻到厕所里的气味 你： 	None
恋爱不是带来快乐的么为什么会这样	None
你们这是要送我去医院吗？不是的哦，先生，你需要的是专业的医学家，我们现在带你去疫苗研究的评论区。	None
“哦！看看是谁从洞穴里爬出来了”“你不是要玩游戏吗？”“是不是断网了？”“想花点时间陪家里人的我”	None
趁现在没人注意到我，让我快速挠一下屁股	None
喜欢这个瞬间。星期五。星期六。星期日	None
当然，正义联盟会赔偿损失的。Ofc, the Justice League will pay for the damage.	None
干啥说我呀	None
当你和年龄比你小的人谈恋爱可能就像这样：	None
我老爸说我长的特别像山羊。是真的吗；行啦老兄把你照片也发上来我们对比一下	None
睡前沉思：我要不要去尿尿	None
没有人：课外班学校的厕所。	None
弃音	None
我：拍了一张还不错的照片。我的所有社交媒体头像：	None
我在互联网上：我在现实生活中：	None
你不爱我了我委屈	None
当年买的一整袋土豆放了太 久的时候： 	None
当你给她发一张肱二头肌的照片。她回复说：这是什么动物？。	None
当有人刚和我吐槽别人怎样怎样，转眼就看到他两肩搭肩聊得热火朝天。	None
我和我的宝贝事后亲亲抱抱。在想待。会吃什么。	None
有的想开了。有的想不开。	None
真爱。每人限一个愿望。	None
洗个手手冷静下。	None
我：请向我该如何交税？我怎么才能买得起房子	None
呵	None
去洗澡。在洗澡的时候。快洗完澡的时候。	None
“那就多告诉我一些关于你自己的事吧我，努力回忆自己是谁：	None
心理学家：“人们在濒死时大脑处理信息更快” 想要确保我考A的妈妈：	None
"你知道什么声音比小孩子的
欢笑声更让人戚到幸福吗
当然是没有这些烦人的死
孩时宁静的声音"	None
鸭鸭困了	None
爸爸吃完饭说出门溜达溜达。6岁时相信他的我	None
我们本就该这样相处下去abootylishusgoo	None
生物可降解香烟，杀掉人类，拯救植物，双赢选择！	None
500克。半公斤	None
以工作，事业和未来做赌注来换取15分钟额外睡眠的我	None
当你打一只蜘蛛然后它爬到床底下时：	None
再跟你一次机会	None
看我脸色行事。	None
正在演死人的演员。守着看他们的胸口会不会动的我。	None
微博吃口野菜*我的好朋友**我喜欢的人*	None
写论文时的我。答辩时的我。	None
太好笑了	None
那我反过来问你。如果是「踩到人儿]这种开玩笑似的曲子的话你还能用心的演奏吗？蛤？	None
人机。买了很多联机游戏的我	None
孩子：爸爸，妈妈，有件事我要告诉你们。我其实…不是女孩子，我是个男孩子。当初性别揭晓排队上把整座山头都烧了的爸妈。	None
老师:.上课期间不许吃东西坐在后排的同学。	None
"反派：我要毀灭世界
主角：那你以后住哪
反派"	None
每次去储藏室都會被蜘蛛網缠到	None
阴暗中爬行。	None
当医生给我拍心脏X光片时。	None
医生：不用担心啦，没什么大事。 第二天我的病房里：	None
当你男朋友睡觉时往他那边拉了一下被子，于是你直接进入究极被子争夺模式。	None
神庙逃亡。涂鸦跳跃。水果忍者。吵架吵不过对方了。	None
我的交友方式： 互关吗 	None
我们都值得有一个人对我们说：“我们一起解决这个问题，我不能失去你，	None
很喜欢早起。有种魂飞魄散的感觉。	None
拿到它的第一件事 朝着空气夹几次 	None
我:*站起来*我的狗:他奶奶的算我一个	None
我：*敷衍了事制作的作品*。*精心制作的作品*。	None
从视觉效果上看，下面的直线比上面的更长。但实际上，确实是这样	None
你表达爱的语言是什么？陪伴放松时间。那我们应该一起出门去做更多事情吗？不用。你陪在我身边的所有时间都让我很开心很放松。	None
脑阔疼！	None
你是这个。	None
彼得帕克看着索尼和漫威争吵的同时在精神上准备好第四次失去Uncle Ben的照片	None
“在家隔离的感觉怎样？”。你能说快点吗？我这没穿裤子呢	None
当你和你爱的人意见不合，然后他叫 出了你的真名时： 我的名字是宝贝 	None
心肥意冷	None
我：坐在长椅上准备起身离开。一个陌生人：坐到了我旁边。我：打算多坐一小会再走因为不想伤害到那个人的感情	None
花钱的活动请不要叫我！	None
我的入眠方式：1，躺在床上看手机2，等着眼皮自己慢慢落下	None
呵呵我他妈都画了些啥。	None
当对方说能和你在一起的人肯定很幸用，但TA却不想当这个幸运的人。	None
一找个空旷一点的地方来决斗。最近过得好吗	None
有钱人：iPhone，昂贵的汽车，名牌服 装。 我带着钱： 	None
我每天嘻嘻哈哈的原因：我疯了困难我生活工作	None
我听懂了，放心吧。	None
当我买了一只股票时这只股票：	None
你可以用勺子舀咖啡。但是叉子却不行。那是因为叉子的中间有空隙	None
我死后到了狗狗的天堂，正因为男人都是够，然后狗狗都可以去天堂的。	None
看起来是这样的:实际上感觉起来是这样的:	None
终于决定吃什么： 走到店门口却发现 人比我想象的要多！ 要不下次？ 	None
当她明明说这件事以后都不会再提结果下次吵架时还是拿出来讲。	None
马桶坐垫體重計，让你知道你在大號的時候拉掉了多少重量。	None
父母眼中的我 父母眼中邻居家的孩子 	None
我。我的猫：在我床上放了一只死鸟后。	None
病人：我不小心把我的猫吞下去了。医生：PSPSPSPS。病人：	None
当你给朋友发一分钟的视频 但才5秒朋友就回复你：哈哈哈哈 你： 	None
Van clutch. Van stop.	None
当你找了一天没找到的东西没找到，却发现就在你身边的朋友手机时： 	None
我认为的研究生复试。导师眼中的研究生复试	None
你：给我发短信，说你很伤心。 我： 我是来哄你开心的，没什么能够阻挡我。	None
几样最痛苦的事情：在还没有意识到的时候就被带到这个世界上而且还被强制灌输他们的使命幻想	None
我可以养猫吗？ 爸爸：敢带回来把你赶出去 带猫猫回来一个月后！ 	None
看着我设了定时锁机但快到设置时间却拿起了游戏机的手机：	None
怪物婚礼绘卷中、作为婚礼小物的狐狸	None
当你只是跟你的妈妈讲了个笑话！ 结果她开始给你讲起来人生大道理： 你： 	None
当你因不满和困惑脸出名，但实际上你很可爱并且非常上镜	None
我们真的只想一件事，那就是和喜欢。的人看电影喝奶茶和贴贴。	None
当你刚从校长室出来，你的朋友：	None
你拉肚子：只要作不死就往死里作。你的猫拉肚子：天呐不行妈妈看看怎么回事？ 	None
当你对象问你想吃什么东西。你咯嘿嘿嘿。	None
想要逃離父母的唠叨，又想捏快赚很多钱，把最好的給他們。	None
当你和别人在一起很自在时。	None
想要睡觉了，为什么我从来没见过微波炉广告？	None
做了十分钟平板支撑的人类 ayuda 狗的一生 >> 	None
小时候玩的游戏。长大后再玩的感觉。	None
也许我是快乐的，只是无症状罢了。	None
对大多数爱好失去兴趣每天睡12个小时（但还是感到很累）总是敲开心扇EINZELGANGER这样就不会感到孤单更喜欢独处（在互联网上很活跃）工作表现的不佳会疯狂地爱上任何让你开心的人	None
遇到摩根弗里曼啦！。	None
注意这张图片，这根柱子。被一个红色的圈圈圈了起来	None
我太南了	None
“你怎么这么害羞？”淦放松点咱们才认识两年而已。	None
"售票员：12岁以下的儿童免费
老爸：他十
十三岁的我：我十岁了
老爸"	None
这只狗勾为了听故事专门跑到图书馆参加阅读会，却没有人来为牠讲故事。	None
当你刚写完标题就已经觉得灵感枯竭了	None
最好的朋友。	None
当闹钟响起你不得不起床开始新的一天，因为你并没有在梦中死去。	None
“妈！！！”爸“你妈不在家。”	None
当ta认为跟你的关系越来越近时，实际上你知道你的内心早在几年前死透了。	None
不管你在外面有多猛，你在家女儿说什么你就得做什么	None
你会死于心脏病吗？长期缺乏性生活会导致早泄阳痿，甚至会让心脏病的发作风险增加两倍以上。	None
研制成功了！白色牛油果。	None
别吵在拉屎。	None
当别人稍微有点用与以往不同的方式跟我说话的时候，开始乱想的我	None
“抱歉兒子，一切都太暹了”	None
当我和某个让我很安心的人在一起时	None
我：怎么闹钟设了都不响的？我的闹钟：	None
教务处主任。校长。	None
当我让我的男朋友给我拍张照片时：	None
笑死我了。	None
英语老师。图书管理员。物理老师。化学老师。生物老师。数学老师。	None
请停止購买，没有买卖就没有傷害	None
老师：接下来你们要找到伙伴组成一组。我：看了看我的朋友。我朋友：已经找到了伙伴。我：你的背叛将会被我铭记。	None
抑郁症 我不想活。 焦虑症  我不想死。	None
你也抢显卡啊？	None
如何保护你的房子不被僵尸群攻击。	None
有什么好不开心的。你可以和我聊你的不开心。我陪着你。我一直都在。	None
“你觉得这很好笑吗，卡罗尔？盗窃身份不是玩笑。”	None
等待蚊子停在她脸上接著就能扇回去趁機报仇的我	None
我就在你旁边呀。我想你了。我也很想你。我就是想你。	None
不想说话不想动不能再胡吃海喝了	None
我轮陷了你呢。	None
当我打开我爸手机准备打个电话时，亮度，音量，字体，未读消息，正在后台运行的应用。	None
什么时候找对象？妈你先松手今年肯定找	None
王之蔑视	None
一旦你开始和你在乎的人相拥而睡，那么当你一个人睡时你会觉得烂透了	None
孩子，他们还崇拜我们吗？我在箱子里便便他们还帮我清理掉了。很好，很好。	None
歌曲高潮 导航语音	None
小时候怎么看 都没有注意到！ 	None
"蓝瘦!香菇!
"	None
捡垃圾龟	None
当我做驾考宝典时，明知道所谓的“正确答案”是错的，还是要选的时候：再跟你讲话，也是浪费我的口水而已。	None
第一翅为了一个旅孩使射么香菇	None
因为不够投入去听那段伤心的部分于是又把歌重头播放起的我:	None
这一定是我们！和你在一起我感觉好多啦	None
半夜不睡觉还在看视频的我	None
弗罗里达就是一个GTA服务器。Change my mind.	None
突然收到费美的我。三年后回想起这件事的我	None
当你在玩潜入类游戏时be like:当你被发现时	None
群通知。	None
我：*家里来客人时还戴着耳机听歌*我妈：嗯，尝起来像是没大没小的味道。	None
当上学第一次看到爸爸来接我： 	None
当你扔垃圾感觉有液体沾到你手上当场去世	None
对方什么行为会让你这样？喘息喘息喘息	None
当我要去上厕所，然后叫我女朋友帮我控制着任务别让他死时。	None
当你在一张3个人的合影底下留言“你俩好好看啊!!”然后等着好戏上演	None
灭霸：*打响指*。正在吃午饭的食人族：	None
记得当初还能调整这个东西的你的体重吗？	None
这是他在吓唬所有山羊之前的表情。	None
是的爱情的力量是很强大。但飞机的引擎更强大。	None
你遇到了一个人。你喜欢上了ta。ta和你有共同语言。ta说ta喜欢你。你们试着开始交往	None
当你的人生在不断走下坡路，但你发微博在网络上得到他人认可的时候：	None
当你的车突然开始发出一些听起来很贵的噪音时。	None
当你在外面过了糟糕的一天后回到家准备开门钥匙还掉到地上时	None
睡不捉	None
我：这学期真的要好好读书然后考个好成绩。老师：请阅读课本的45-51页。我：	None
食堂内往往会有的： Z 	None
宿舍楼下拥吻的情侣和。路过的你：。	None
你的工作 你的工资 	None
近期10人给出好评。近期购买了该商品，发送弹幕可得吃货豆哦！。发弹幕。小鲍鱼2个【加汤里】。月售333好评率93%。单点不送。￥1.88。包装费￥1/份。+加入购物车。	None
虽然你可能已经看过这张图很多次了但是它真的是一个好鸭鸭。	None
8岁的我出教室时让另一个男同学先出说并对他说“女士优先”。我要当一个谐星。	None
我因为拖延定而产的恶果。我。	None
妈妈:为了灭老鼠，投放带有老鼠药的面包。凌晨3点我和老鼠:	None
当你毫无由来地变得很老色批的时候：这完全说不通啊，但却迫使着我	None
你伤我心了	None
现在的医生：。以前的医生：请向我可以砍下来你的手和腿吗？	None
我知道乌鸦很聪明但是这只知道要给鸡块蘸酱。	None
当你睡醒后，突然意识到自己只有四分钟来清醒，换衣服，去上班的时候。	None
我看到的我妈看到的6	None
你的笑容可以反映出你的状态。我：我好孤单	None
突然把我和公司精英分到一个组 老板：你负责活跃气氛 	None
当你在教室里学习的时候有人骂你是个蠢蛋。这就是...我在这里的原因啊。	None
当你终于睡足了8小时： 	None
当你正在等着一位成年人来处理目前的状况但是你发现自己就是成年人	None
当我还小时： 7689 8905 + 8765 当我长大后： CASIC -AZA 10 + 5 10+5 15. 	None
一张图概括我的近期生活	None
早上好呀！嘿，我罩着你兄弟 。好好睡吧！兄弟。谢谢	None
犹豫要回复“行“还是心里那句酝酿了很久的话的我:	None
我的红心歌单	None
每天早上醒来我的鼻孔：	None
坐下来放松放松，顺便告诉我你今天过得怎么样？”。	None
氧气是什么时候被发现的？氧气是在1772年被发现的。1771年的医院	None
挤地铁被大象踩了一脚！怎么回事？都扁成鸭掌了！。	None
打你偷走了一个海盗的眼罩时。	None
开看空调和喜欢的人相拥而眠。这是睡个好觉的最好方法。	None
你可以轻易回到过去但那里已经没有人了	None
我喜欢你。	None
我總是想得太多：选取所有包含红缘燈的方块	None
没资格的醋吃起来最酸	None
佛罗多最后真的把魔戒摧毁了嘛	None
奶奶知道你喜欢科学想当发明家，她给你编了这个	None
当我需要八个小时的睡眠但只睡了四个小时还有一个小时在被自己的闹钟反复惊醒的感觉be like。	None
爸爸们：如果我以后有了女儿，我绝对不会玩化妆游戏。当爸爸们有了女儿之后	None
帅狗以为是在给自己拍照。	None
我宁可丧失血液循环，也不想再多跑一趟	None
我想喝手磨咖啡	None
我爱你。嗯？没事。我也爱你	None
当你和蒙古人下象棋。	None
监狱。不做作业。	None
当你离开电脑前但是忘记拨耳机线	None
扎心了老铁	None
我在天堂：这地方和地狱一样棒。天使：像哪？	None
在不同的meme博主下面第n+1次看到同一个meme	None
如何20块钱过一个星期 我先看看书再回复你	None
大英帝国也被称为日不落帝国。那些只想睡一觉的英国人：	None
看起来：。感觉起来：	None
朋友：有空不？来开黑。剩下三个学科的作业没做而且明天还有两门考试要考的我。好啊，我有的是时间	None
这些都是套路	None
当生日时你意识到自己又老了一岁	None
当你在打游戏/看电脑时： 你女朋友 	None
一副半夜被叫来加班的样子	None
理财是致富的关键!我6@训练有素的普通人	None
一杯茶、一包烟一道大题背一天	None
别人在炫富的时候我都不知道他说的是什么牌子	None
快看！我们的孩子就要说出他狗生中的第一句话了！ 汪！ 汪汪汪汪汪汪汪汪汪！ 他已经会说所有的话了！	None
不说了 我要去搬砖了	None
if you smile when someone texts you, you're fucked.	None
请停止刷微博！你现在可能忘记做那件你妈叮嘱你去做的事情，快先去做。	None
央行发了很多钱，市场表示我没有任何感觉	None
海边的風景真美丽	None
我很孤独。我想被一位。我希望能有个人。温柔的dom大姐姐。对我好一点。支配。	None
当你的内裤跑偏时： 	None
Damn U fine shordy what's ya pronouns. she/her. How about you turn into My/Girl	None
人和人的本质是不同的	None
我不喜欢吃螃蟹 谢谢 你怎么知道我最喜欢 吃螃蟹了 	None
"我又不脆弱 何况那算什么伤
网抑云音乐"	None
当你已经累到昏厥，但发现今天 才刚刚周三 	None
跟我的朋友再见 跟我的好朋友说再见 	None
有时候你只是需要这个。平时会严厉督促我。但在我每做好一件。事后认真夸我的人。	None
迷因。 是一个贩毒 集团。	None
"我什么都不知道
我只是只沙雕小猫"	None
日本重新开放主题公园，但是由于疫情影响，人们被禁止在过山车上尖叫	None
服务员：请问需要点什么呢？我：嗯…嗯…嗯…嗯…嗯…嗯…嗯…嗯…嗯…	None
妈妈：“宝贝客人们都走了我：	None
我：恐怖电影一点也不可怕。闺密：没错，不可怕。恐怖电影：*发出声音*。我和闺密：。	None
这是您的可乐请慢用。谢谢。你们菜单上是不是写着免费续杯	None
要我说单身生活就是最赞的啦。低质量的陪伴远不如高质量的独处。	None
你刚刚看见我怎么不和我打招呼 没戴眼镜的我： 	None
老公我想你啦	None
现在的艺术：我花了连个月才完成这个作品。笑死就连AI都比你画的好。以前的艺术：这是一个女人大概吧。神作。	None
如...果...你感到孤独就告诉我，我会...过来陪你的	None
在20岁的时候喝了一个通宵再出去登山的你：在30岁的时候喝完酒半小时后的你：	None
"胡建人
广东人叫我煲仔饭 嘿嘿"	None
嗯呢。那你报警吧。	None
电影院管理员：请问您有携带任何零食吗？我：没有！	None
为什么六部蜘蛛侠里都没有反派想到 可以拿一个巨大玻璃杯把蜘蛛侠关起来	None
妈妈说饭煮好了。饭还没煮好。家里来客人了。他们开始说你怎么整天待在房间里不出来。	None
特朗普。2020	None
我：*忘了关VPN点外卖。远在摩洛哥的炒饼：。	None
宇智剥柚	None
发一张照片让我们来猜猜你的专业。	None
