Question	Potentially_Pejorative
我的天啊，求求你坦白吧，放过人家	None
话是这样说，但是像我们这样的普信男国女又看不上 不但看不上 还大加嘲讽 结婚彩礼不算车房都要几十万 有些郭楠在部分国女眼里早就被开除人籍了 只有黑皮白皮才是人上人	Potentially
出去旅游到了挺多省份的，感觉当地人都挺好的，哪个地方大部分都是和你我一样的普通人，只不过地域文化不同，大体性格会偏向豪放或内敛，但是根本上差不了太多	None
她没必要这么敏感	None
我190+，但是这种墓垢还是铁鲨鼻	Potentially
笑死，要是刷男女的没人有意见，真就高贵的同性恋呗??	Potentially
居然没有一个拳师冲。	Potentially
征尼大将军	Potentially
这种东西是上面的锅，甩给女性不大好	None
说明现在法制社会啊←_←大家都挺爱护女性的	None
非洲人踢球猛，打篮球更猛，跑步无敌。可是有什么用呢？？？根本没有办法改变国家民族，让大部分人生活的更好。	Potentially
举个例子吧，一家公司要招个保安，结果有9个女人和1个男的应聘。但这家公司能拿出至少十个理由来拒绝掉女的，最终只招了那男人	Potentially
大哥你私信没开	None
别埋汰失足女，跟过黑人的那叫人么，跟动物有啥区别	Potentially
答主回答的时候是不是有些难过啊，抱抱，我们都理解你的	None
为什么啊，我室友就是四川人，她还有很多亲戚在浙江生活工作，我们关系也很好啊，不过也可能是因为我们只是一个小城市的关系。	None
你可真厉害你的虫爹把曾经白人建设无比繁荣辉煌南非毁了同时又跑到这来大谈引进国际鬼子虫类及其它们后代虫混的理由对于你这点居心叵测的小心思我早已看透	Potentially
哈哈哈哈，完全是调侃，男人味是指身上气味大，器大活好是女人认为的，我就顺口这么一说	Potentially
我广东人，说实话广东人和广西人，总体来说的确是丑人多。如果你去过四川，东北这些地方玩过，你会发现这几个地方的平均颜值高广东几个档次	Potentially
本东北人表示的确如此，河南黑吉山东毕竟被黑一个是穷一个是毕竟知名，江西这几年彩礼也风口，至于青海这种地方，你问他青海属于西藏还是新疆，很多人的确会谨慎地二选一的。	Potentially
要把一滴血原则带到中国来	Potentially
我说实话，我膈应，我觉得我的思想还是偏保守，再者我认为讨厌黑人不算是思想保守，只是看见了很多事情之后的一种总结	Potentially
答主是大部分人的想法，很多人潜意识都是不接受的，只是很多人都不敢去表达对于同性恋的态度，随着时代发展，同性恋也越来越敢发声了，我们不能对同性恋有任何意见，有意见就是歧视。同性恋越来越会道德绑架了！	Potentially
我主张拆掉屋顶的时候才有人同意开窗户。	None
你知道你们的主子是怎么评价你们的嘛 “chinese women's pussy smells like dead fish”😆声名远播了属于是，给你们取个新名字吧dead fish girl怎么样🤭	Potentially
为什么我觉得世界女权是在故意抹黑中国女性呢？中国女性中真正的口区女权比例不大吧？为什么要所有中国女性背锅	Potentially
广州就是黑河南、黑北方的总部	Potentially
举报外教从我做起，电商的发展也会把一些垃圾去除，加速才是我们想要的。	Potentially
西安本地作风彪悍的大多是东边某省逃荒过来的后裔	Potentially
好家伙，间接黑了一波北京（玩笑）	Potentially
确实，我同意要自由恋爱，爱情不分人种和肤色，什么?问我女儿要找个黑人怎么办?就当没生过喽	Potentially
默滚出中国就行了。	Potentially
五角场附近的女大学生，基本985了吧？一群女人和黑人留学生玩转盘，比起海天盛宴还刺激，这可是985的女大学生啊，可以英语交流的，我知道你不信，可现实就是如此。🤣	Potentially
艾滋，滥交，犯罪，吸毒贩毒，粘上一样非死即伤。有交往就有潜在风险，大家都是正常人，趋利避害是本能。希望大家努力，打击默的生存空间，让社会光明一点。	Potentially
失足妇女是要钱，可以理解。	Potentially
妇女报是妇联名下的么？	None
女quan真的是要挑起争端吗？大言不惭的攻击郭嘉的执fa制度，明明厌男，却又想结婚找男人要20万的彩礼，讨厌男人还让它的哥哥帮它寻找yan遇。不理解，实在是不理解。搞女quan是为了压榨男性的剩余价值吗？	Potentially
因为一味地忍让换来的是不平等，充了这帮女权，不过说实话我现实中还没见过女权，大部分女的只是有点任性傲气而已。并且还是漂亮的	None
没有世界帮助，非洲还生活在原始社会。	Potentially
女拳挑拨夫妻关系，婆媳关系，甚至挑拨女儿与父母的关系，以拆散家庭为目的，纯属一群变态	Potentially
无艾不是真基	Potentially
怎么大小号都拉黑我了，这就跑了？好怂喔，饭桶吧主就这战力？	None
第一句话，中国女性是唯一被批评的女性群体。这真是我见过最长的一根杆子。	Potentially
当你已经沦落到与乐色为伍，还把乐色举高过自己的头顶的时候，你已经连乐色都不如了。那天我去买塑料袋。有黄色的白色的透明的还有黑色的，我问老板，哪一种颜色的最便宜？老板说黑色的最便宜。我问为什么黑色的最便宜？老板答，因为黑色的是垃圾材料。	Potentially
性取向都扭曲了的人怎么会觉得恶心呢😓	Potentially
精神科医生好久不见我是反同二局的	Potentially
哈哈雀食，上大人果然都是你这样😄	Potentially
钓鱼的吧，除非让你全家女性照顾黑人	Potentially
我就是这个意思啊：被黑并不完全是经济原因。答主不必为这个生气，各地都会因不同的原因被黑。	Potentially
对啊，好看的很多的都是混血	None
提啥？我已经不考虑母的	Potentially
本来我们才是白种人，被西方丑化才被说成是黄祸	Potentially
这肯定怕啊！就像我不排斥找欧美白人帅哥的女生，毕竟看到那些帅哥我一个男的都喜欢，但是女生们非要找又丑又穷，还要倒贴的垃圾，我就是在费解了！	Potentially
反串一律水葬	None
这贴看的我鸡皮疙瘩起来了	None
这些个女人最后找完黑皮男友爽过之后还不是要找国人结婚，祸害国内男生，谁娶到这种女生谁倒霉，找黑的女生都是不知廉耻的，道德败坏，对感情不忠的人，无一例外，以后也会给自己老公带多少顶绿帽子都不知道	Potentially
作为男人我认同男女一致，我也认同去追求个人幸福，只要你别回来也别带黑娃回来就行。我可不想中国变法兰西斯坦，不希望改变人种结构。也呼吁其他男性朋友不要把黑男黑女区别对待，不然你讨论的就不是黑人问题而是输出情绪或是搞性别对立	Potentially
其实没啥的，就是炮友吗，艾滋病毒多点而已	Potentially
结婚纯累赘	Potentially
黑人没有教化的。非洲黑人把讨吃当成好传统，教会小孩讨吃。	Potentially
真想不到这人居然还在！	None
到时候好看的妹妹一个不剩，剩下的全是重型坦克	Potentially
害就是淮河流域嘛，传统的农业区，自然灾害频发，经济教育资源都匮乏，文化素质整体也不高，而且距离他们最近的发达地区就是长三角，去了之后又犯事，自然就被歧视了	Potentially
选择器喽，那些找泥搁的女人的智商水平，社会责任感和价值观显然不配和正常的国人哺育正常的后代😄可惜就是有人爱接盘😄	Potentially
直接规定新法，嫁给外国人，自动失去中国国籍。	Potentially
不是，討厭女性，不想跟女性相處，這不是歧視，你隻是gay了	Potentially
不要随意评论。毕竟大家都是人，你的评论会伤害到别人。性取向是别人的自由。请你善良	None
我嫌弃他们丑😅	Potentially
告诉她们，我家牛栏的公牛最近发春，吊又长又大，是真的大，不是怕片宣传挑出来的大，送给她们夜夜春宵，免费，没艾滋病	Potentially
如果你已经不会听风就是雨，那么说明你成熟了	None
你可以不给，她可以不嫁，很公平啊	None
美国人牛啊 能打 你们吴越人能打吗？要是古代就是吴越统一天下那现在肯定都在学吴语	Potentially
这个索玛女王不是被曝是男的么，专门收国外的钱，然后挑拨国内性别对立。	Potentially
吧里没落了	None
地域黑比较典型的几个，按大区域东北被黑，按省河南被黑，二线城市武汉被黑，一线城市广州被黑🤣	Potentially
省都没出过几次，你就不要说话了好吧！最基本的人文地理知识都缺乏😆	None
这有一条公狗，鸡奸这个鸭子啊	Potentially
说的好，生动代表了河南人那股聪明劲	None
唐山也被骂的好惨😭	Potentially
看来非洲真是未来人口增长的主动力。	Potentially
毕竟国外对这事比较放得开，老外都说中国女留学生比本地女人更开放	Potentially
世界女权组织，这名听着就吓人	None
没有广西吗？	None
犹太人凯乐奇计划就是要中国引入其他种族，制造新的种族，灭绝中华民族、中华文化。	Potentially
很好，以其人之道还治其人之身，可惜某些人却要倒贴黑	Potentially
放心吧正常男人不会喜欢黑女的	Potentially
虽然说美女也有概率感染，但我还是选美女	Potentially
为啥是回民和东北人会被黑啊？	Potentially
可以说，以上的地域歧视只能说是略有夸大。但是几乎全部都有事实依据。要真是空穴来风根本不可能流传开来。	None
你是个什么逻辑，臆想别人喜欢你?	None
娶N婚也不能要和黑人处过的啊	Potentially
难道不是小孩贫血，好心人献血过多，改变了血型吗?	None
你这心态不行啊，经济基础决定上层建筑么不是，河南省要是在东南沿海你看谁敢多说一句？🙂北方嘛，说那么多没什么意义，什么好的坏的，你看黑吉辽那一亿人还不是被黑的裤子都穿不上？	Potentially
普通女生无罪，有罪的是一开始男扮女装挑起性别对立的键盘侠	Potentially
美国现在已经被白左占领了，还好中国不是这样	Potentially
反正我遇见的河南人都还不错	None
这个赞太少了点吧。	None
花呗干什么的	None
这人老挠弹了，之前就被人举报封过，大过年又出来发病了	None
关键是辨别不出来，要是媚黑在身上纹一个黑桃就方便了	Potentially
没必要纠结这么多，我敢说99.9%的女性都是想为自己的丈夫生孩子的，如果你要是遇到0.1%，那就是你自己的问题了，话说我只想要一个孩子，我老婆想要两个。	None
你这加一起四舍五入没有黑天津的多	Potentially
很难不赞同，不过补充一点，杨靖宇将军是河南的，本名马尚德，驻马店的骄傲🍉	None
个人感觉浙江比苏南上海友好非常多，实地都去过	None
湖北也跑了	None
你比苏维埃联盟还要牢不可破	None
谁说你了，给自己加这么多戏	None
我帮你，我浴霸六级	None
所以 就更该学日本人，啥都没有，踩雷了损失也不大。	Potentially
我就是湖南人呀，你们讨厌我们，我们湖南人还讨厌你，你以为你是谁啊！我们湖南人大部分都是好人，热情好客，包括我自己也是。有本事你一辈子别来湖南！！！	Potentially
姆蛆好恶心?	Potentially
逐字逐句看完，有一个观点我有一点反对意见，异性之间的行为符合人伦天道	None
我沈阳人，我当兵的时候好多战友都是黑龙江富拉尔基的，我们相处的一直很好，我还想以后去哈尔滨定居，不用因为少数低素质人就敌视整个地区。	None
看来女光棍对社会危害性确实非常大	Potentially
你去抖音弄个黑人身份，就会有女的私信你	Potentially
王者荣耀要做的速速，在大厅发消息，一个人，一分钟3条，10分钟30一小时180条！每条0.2，时薪36！！不限量，而且发出去就算进扣扣群	None
浦东惠南地铁站经常看到黑人出没，应该是那几个外国语学校的留学生或者洋垃圾黑外教，发现它的窝就举报它	Potentially
各位我错了，不该编故事，小管家威胁我，必须删帖子，取匿并道歉，故事虽然是假的，但是这种现象肯定是常态。我应该戳破女拳的痛处了，得罪人了。小管家中有女拳，匿名编故事骂男人抹黑男人没事。但是匿名编故事说女人的实话就不可以。就必须出来澄清。我错了，暂时退乎，请不要人肉我的单位。我是开玩笑的，惹不起原答案删了，另外一个答案也删了	Potentially
真实，也是情理之中，就像大家在网上呼吁不要歧视艾滋病人一样，生活中遇到真艾滋病人都会自动走开	Potentially
黑河南、黑北方的总部是广州，核心地带是从上海到广州的整个东南沿海，范围是整个南方	Potentially
大家把我帖子多宣传，我们开发出可以使黑人的古龙水发臭的东西在黑人聚集地发散开，或者给中国女人们使用或者佩戴，保证黑人们一个都混不下去。	Potentially
可见全球所有国际鬼子虫类及其它们后代虫混它们统一基因的激情犯罪是它们身体内必不可少基因之一	Potentially
一般人都怼东北吧😅。有些东北人不是搞不清，他就是直说江浙沪，所以最近被打脸打太厉害硬造了一个江南系，我也不知道是说谁。。。	Potentially
太爽了，打死这帮乱咬人的女拳	Potentially
B站奇趣蛋双标现场	Potentially
跟这个没关系，主要是80年代，河南是全国小偷各地集团的汇聚中心，因为当时铁路为主，而河南是全国铁路交汇的枢纽，小偷最多，导致河南名声被连累，	None
动物都有同性恋，人类能没有？😅多读书，别读死书	None
因为牛奶和巧克力都挺好吃的	None
崇洋媚外本身就是一种种族主义，这种行为不也是看皮肤说事么？他们有啥资格指责别人？	Potentially
rush，增加kuai感的	None
所以他是gay，然后跑到反同群里面开盒，是这样吗？还是你们是....	Potentially
知乎的三观很正，所以我喜欢这里	None
支持正义劲夫	Potentially
我靠真能下得去手啊，我去主校区的时候也见过几个又黑又肥又丑看不清脸，可能是我的学校太好了女生都挺保守的，没听说也没看见哪个女生和黑人谈恋爱😅	Potentially
没办法我天生的改不了	None
左白舔功令人作呕	Potentially
其他的都不说，为她去非洲生活点赞，別赖在中国，中国不需要黑族	Potentially
你说的河南人偷井盖才是无关紧要的，都带调侃的味道，但广东是在文化，族群等方面被黑，你别混淆视听，各种社区贴吧用户进去知乎，用户质量素质越来越低，各种地域黑，粤黑会越来越多	Potentially
是不是吧里这些nt贴都是阿娜发的？	Potentially
有趣啊，和没道德的不用讲道德是吧，和我们讲什么道德？我学历不高，但知道平权本身是道德高地，被你学历歧视给拉到道德洼地对不对啊	Potentially
我是高贵的中国人	None
人不能总是被动防守，应该想办法主动进攻……我觉得，咱们应该跟黑人妹子交往。有没有谁知道，哪里能遇到黑人妹子呀？	Potentially
👍️ 金庸大师，诚不我欺啊	None
我们没有说胖，我们只是想说摄像头买小了，用13mm超广角镜头拍摄也没能拍全这位的月佥	Potentially
小汪汪没基佬危害大	Potentially
大家反通的原因是什么捏？①通讯录很多是孃泡，举止钕性化，造成反感②认为通讯录会染艾，就算现在不会以后也会得③通讯录反yxl④通讯录反自然⑤就是觉得通讯录ex如果有一位txl三观举止正常，不蓝交，不反异，不为txl发声，安静活着，8u们还会觉得这人ex吗？	Potentially
还是我们的子女好看，白白的精致	None
我不懂那么多花里胡哨的大道理，我就是单纯的歧视黑人。😓	Potentially
唉，不得不说彼此都任重道远啊	None
我也厌女现在越来越讨厌了	Potentially
陕西不算，高贵的陕西人只会黑甘肃人，如果自己做了丑事就会甩锅给甘肃庆阳人跟天水人，反正这两群人也不认为自己是甘肃人。	Potentially
穷黑龙江也不是最穷的	None
也不是完全说是背锅 如果是大城市 北京上海 广州你去问老一辈确实很多外地穷的地方来的，加上八九十年代改革开放和华北东北工人失业潮，大批劳工南下经商，很多社会问题，然后老一辈就把这种印象传下来，然后接着有，不过现在没了，我很好奇现实中早已作古的地域黑，怎么网上一见一个有	Potentially
外娶你就不制造黑娃了? 外娶外嫁不是重点啊, 黑娃是重点, 你要娶个黑妹白妹, 能别回来吗? 至少别把你的孩子带回中国.	Potentially
你猜出国的人什么嘴脸？	Potentially
她们也就知道几个娘炮了，你说对吧彦祖	Potentially
一个有正常工作生活的人根本没那精力天天发这种帖子，这玩意估计也是靠这个赚钱的	None
建议这个幕狗自己买车差点忘了，幕狗连车轮子都买不起	Potentially
我寻思人长得帅的也看不上你啊⁉	None
自己女儿如果交往黑人，那就要反思是不是自己没教好了👍️	Potentially
不区分，不和作的，爱占便宜的女性玩。很简单啊，看说话方式就很好区分了	Potentially
这垃圾酒，喝他妈	None
租借女友可以拜托相亲烦恼，每次回去都换一个，久而久之父母就放弃了。	None
总结一句话 北方太大了人口众多感觉长的都一样操着原味国语，东北三省更是北方代表，南方人则强调地域的独特性。整体来看南方并不如北方团结😅	Potentially
普信女真恐怖。兄弟们去网曝她。	Potentially
如果馆内没有他们的同类异性他们当然不会去寻找异性。	Potentially
上海属于被反噬	Potentially
这比在竞选新吧宠的路上，大家理解一下，给他一个机会好好表现。毕竟不是人人都可以享受集全吧宠爱于一身。	None
在东北上学，对这里普遍印象很好，但一部分群体，莫名的有种害怕？	None
说实话，我认识的苏北男生多数确实不想和他相处。	Potentially
巴不得巴不得你们男的都去找机器人，不要碰女的我看到你们就恶心！	Potentially
不管在任何平台看到有中国人跟黑人结婚的，就告诉他他们的孩子一辈子会遭到歧视，父母都是爱孩子的，他们听了这个话会受到很大的打击	Potentially
你男的女的？回答全离不开“国男”两个字，这就纯粹故意引战啊	Potentially
可惜真正嫁出去的绝大部分找到都是外国瘪三和老头子。任何民族的精英男性都不会考虑外国人，你见过中国的精英男找外国女的吗？是他们没能力找吗？	Potentially
山东热衷于考公务员，不属实？	None
🤣🤣🤣确实内斗严重，天天看苏南苏北互喷	Potentially
异性恋不需要你尊重啊，这是世界上每个生物正常的生物本能。	None
真的有那么生气吗，我不信😆	None
你可以看一下这个，这证明了我所言非虚	None
哪个小野冢转了爹的帖子啊，也不进来磕个头	None
可能因为河南同学比他高了一百分🤣🤣🤣心理不平衡	None
值得批判！我不明白为什么人种没有生殖隔离呢？爱美之心人皆有之！一白遮百丑！美白，美白，美听说过美黑的。没见过黑人去选美的。	Potentially
这个国家同婚合法吗	None
对号入座了，茶壶嘴破防了，戳到痛处了心脏不好的都来我这接种预防针	Potentially
中国这么多人，啥样人都有，脑袋灵光的女性更是大有人在的🤝	None
女生我更不想了。。。苏北男的当街打老婆我亲眼目睹	Potentially
带头的属于是恰烂钱的，跟风的就是铁nt	None
东北人表示赞同??	None
这么说吧，如果男人连自己女人智商正常都无法保证，那么一切都是自食其果	Potentially
女拳男能不能414阿？	Potentially
不管你咋说，我不喜欢非洲黑人，男人 ，也没怎么看到中国男人搞黑人 倒是在某些网站上看到不少某些中国女人被黑人玩	Potentially
都是些没人要的钼刃在网上翻天覆地	Potentially
婚恋不可能平等	None
你们同性恋不包容反同可以拉黑对方龟缩在家里不见人见光就可以了，你们同性恋不需要来这个吧，有拉黑功能可以让你们逃避现实活在自己的世界里。同性恋太丢脸太恶心了一定要拉黑回避正常人。反同是正常的逃不逃避拉不拉黑你们也是正常的但你们同性恋是不正常的不能见人见光所以需要拉黑我们反同才能逃避现实活在自己的世界里。	Potentially
努力是假的吧我看他天天钓鱼	None
同性恋不过是一种性癖而已，有什么可歌颂的。如果真要这样的话，是不是也该把恋物pi，恋tong癖，恋shou癖，恋shi癖歌颂一下？	Potentially
阎王老子来了 我就是种族内个歧视了🐶帽子我自己带好	Potentially
广西的桂柳地区长相跟全国其他地区差异不大，其他地区，嗯，就典型的岭南长相。	Potentially
亩枸还能叫得动，恰恰说明我们还不够暴力太过同情奥。我们承诺，往后将会更加暴力毫无同情，势要打到它全身瘫痪为止	Potentially
猩猩有文化？	Potentially
他家里人也不是好人知道儿子有艾就要他骗婚。道德败坏	Potentially
真的就“最”了？才见过多少。想象过、思考过、体会过就够了，至于高密，谁知道那是个什么地方，如果有天到那，我会想这个名字有点耳熟，这是兴趣的一部分。而不是读完合上书想，高密是吧，太可怕了。二十世纪是吧，太可怕了。人类社会是吧，太可怕了。	Potentially
对不起啊，我先道个歉我是一个耽美读者，那些莫明就磕cp的其实是腐女我也不知道为什么腐女那么多我也很反感腐女的。	Potentially
无论哪个国家的人都是有好有坏	None
我去过南方几乎所有的省，而且不是走马观花式的那种，我是平均在每个省都待了两三个月	None
为什么黑浙江啊	Potentially
同性恋都是群脑子不正常的玩意，看着就反胃	Potentially
孙笑川吧！，现在被，女拳给围攻了，我们应该要帮助他们	Potentially
日本人侵略东北要从1895开始算，东北人抵抗日本侵略至少50年	None
人人平等，人和冻物怎么能平等呢	Potentially
支持，消灭同性恋，反同战士们速速集结	Potentially
不同意同性恋不代表反同性恋	None
南方周末确实很多公知在里面，总说一些地域黑的话	Potentially
我看3楼是友军	None
老僵尸是谁呀？明显是染艾后瘦削的基佬吧，只有艾基肤色才瘦得像僵尸一样	Potentially
其实互相尊重就好了，我们允许你们同性恋的存在，但也允许我们有些异性恋接受不了！这是生理上抗拒的！	Potentially
好奇纹了什么字，默吗	Potentially
当然如果是爱出去乱约的，无论男女都非常的恶心	None
贬低自己国家有什么意思？	None
万一他就是黑黑了	Potentially
我爷爷叔叔都是阿訇，不过我不信教	None
别说男人不喜欢了，我坚决不肯跟黑桃皇后们当闺蜜，熟人也不行，就怕哪天往我杯子里下白粉，逼我上他们的贼船。	Potentially
有个贵物同支持🐔农屠邮，却不知道🐔农也屠同	Potentially
那对等的，把中国人在非洲下的蛋，和他们的非洲妈一起带回国，那才是杠杠的。lee：在非洲的100万中国男人, 到底留下了多少私生子?!	Potentially
一个国家女性的待遇是受男性影响的，如果战争来临，男人都不保女的，落入敌手的女人连牲口的待遇都不会有，这是有前车之鉴的，历史上大小战役，男人死战，哪怕国家沦陷，女人也不会过的太糟糕，但是一旦军队一击即溃，一撤千里，最后那些女人都只有沦为玩物的下场女拳应该庆幸现在不是封建时代，否则必定是凌迟之罚	Potentially
说明你在她心中是供养者，要是a男，耍脾气她是不敢回的	Potentially
所以美国等于全世界？	None
当然，香港不说了，不过台湾是真不冤，台湾黑大陆几十年没断过，现在大陆都还没有黑台湾呢！做的最多的仅仅只是把台湾黑大陆的言论放到了大众面前。互联网上台湾和大陆之间的几乎所有视频都是从台媒那里截取的。	Potentially
自己不理解说别人糊涂，行河南人是全国的祖宗，怪不得你们被黑的厉害。	Potentially
大张伟的《阳光彩虹小白马》我最喜欢的歌	Potentially
确实恶心，做室友很惨。睡觉得把蚊帐锁上。	Potentially
这个大概是学校里几个同学一起约出来玩	None
老外很老，一般发育早，在它家乡可能有老婆孩子了。20多岁相当于人类30、40岁夹你，你别回复评论。永远也改不了黑猩猩劣质人的性质。全世界都不欢迎黑，即是到了美国政治正确的国家，也不要你们，马上遣返回老窝。	Potentially
嗐，上次还有人跟我诡辩说称北京人为正黄旗不算地域歧视，只能算嫉妒、情绪发泄，我能说啥🤔	Potentially
确实现在她们都开始线上拉客了，男人还得线下赴约	Potentially
只有男女之间相爱才是全身心投入爱才有爱情结晶。你们同性恋的爱情结晶是什么？植物也会开花结果，你们同性恋的爱有什么结果？你们同性恋的爱是没有结果的，你们同性恋啥也不懂啥也不是，你们同婚是没有任何意义没有任何结果的。	Potentially
看片都不看黑人	Potentially
那你应该去放生吧	None
监狱医院？监狱墓地！	None
你来江苏住一段时间就知道了，或者自己在江苏台官网上看江苏新闻节目，最起码七八成是报道南京和江苏的负面新闻(车祸 情感纠纷 哪里环境差之类的)，很少看到表扬的	Potentially
楼主它换名字了	None
那不是废话吗棒女是靠嘴炮、靠动员力，靠政治运动，才有的如今的声势、地位，她们又不像棒男强制兵役接受军事训练。怎么可能在实战上打的过塔利班	Potentially
男性还好，女性是真得小心这种女的。之前有个新闻，一个谈了黑人男友的女1劈腿了，女1为了安慰她的黑人男友，把她闺蜜女2骗到宾馆配合黑人墙键叁批。完事把女2拿刀捅伤后这两还畏罪跳楼。这种女的是没有智商、底线和道德的。	Potentially
同性恋很美好纯洁？呕	Potentially
这个视频比较恶臭	None
抚顺瞧不起大庆…	Potentially
在信仰、价值取向、生活观念、文化认同等方面没有达到一致，无论白人、黑人都是异族；古话说的好：非我族类，其心必异。多看看世界历史上排华、歧华事件，一旦爆发华人在当地就是被掠杀的对象，不要觉得我说的危言耸听，史实就是这样。疫情期间美国那鸟地方不也在歧华？在他们眼里中国人就低人一等，因为他们文化继承里包含着殖民文化带来的种族优越感。	None
不是河北没黑点，是隔壁几个兄弟太强😅	Potentially
这个这个河北没存在感。	Potentially
结婚对男人来讲太亏了，希望男人们都能觉醒，不让女人占便宜，都坚决不结婚	Potentially
国内媚基巴斯坦人的女人是真的多	Potentially
让非处女坦白性史，此方法同样有效，亲测有效🤭	Potentially
这些标子比男人冷血得多，百分之八十都是	Potentially
这就是春晚一个节目跟脱口秀一样是好段子啊我身边的正常女性没觉得有被冒犯啊怎么就有人对号入座石砸狗叫了呢	Potentially
与那些又有什么关系，毕竟性质不同，我们只是互相喜欢，恰好爱上了一个同性的人，我们也很惊讶😑，不是所有同性恋的感情都是那样的	None
微博傻卵玩意废物木人是这样的	Potentially
艾就一个滋😅	Potentially
你赚了，河南男的活好	None
男的看男同主观恶心 女的看女同主观恶心	Potentially
地域黑子出来答话	None
卖钩子的弄啥咧~	None
呵呵，居然是排名103，除去那几个小国，那也就是世界垫底了，而且是世界人民的垫底了。可是，怎么感觉，外国人非常羡慕中国女性啊？！东亚，中国女性排第一；东南亚，中国女性排第一；前苏联地区，中国女性排第一；印度次大陆，中国女性排第一；阿拉伯，中国女性排第一；.非洲，中国女性排第一；南美，中国女性排第一；北美，中国女性排第一；中、南、西欧洲，中国女性排第一；我就纳闷了，除了这些，上哪找103个国家？莫非，是天国里的吗？	Potentially
这样把脑子不好的都输出	None
黑人血统真的太顽固了，哪怕只有四分之一甚至六分之一还全是黑人的影子，说真的看见黄黑小孩比看见纯种黑人还令人难受😅	Potentially
我这么说吧，如果老一辈安徽人是你说的这样，我差不多认同，但现在的安徽人也有三宗罪：遇到问题难用契约精神和讲道理去解决，由于地域问题产生的自卑与仇富，和苏北人一样善于算计和背后耍花招。这三点别不承认，我身边安徽人不多，但我从小到大是遇到过的，我也谈过六安的女朋友，事实就是这样。	Potentially
爱马仕不香么？	None
跪舔的小号，装什么大瓣蒜，连自己是什么东西都不知道？	None
事实就是早期你们异性恋先从动物身上传过来的。	None
河南官方认证	None
怕艾滋病啊，再说了，我会因为她比尺寸而自卑吗😅	Potentially
层主是女性反串的吗	None
问题的来源就是现在女性对社会贡献和地位越来越高，以及女人的脑子蠢p事多	Potentially
扯淡，企业都不要四川人	Potentially
黑**应该被美国全面入侵抹杀	Potentially
不小的群体，你攻击他们去啊，怎么就非得加上一个全部的形容词呢？	Potentially
一般会这么想，竟然真有憨批找黑人	Potentially
魔方基因？一听就不靠谱😆	None
我工作时被河南信阳女客户的素质大跌眼镜。。无语住了。	None
好好好你最棒。	None
圆圈吧出了名的鸡窝都不知道？里面都是卖的还有陪玩的，好多在里明卖。	Potentially
张口闭口说国男不自信，然后发现你自己却不敢坦白？说白了你也不自信。	Potentially
但是人家不会跪着安排豪华宿舍、美女学伴、高额奖金😅	None
那我说异性恋不好，被骂，是不是别人太偏激了？	None
妄图和女人讲道理，自己脑子也有问题	Potentially
你这实实是欺负窑姐儿了——人家窑姐儿接了起码还收钱！	Potentially
你的截图说的很有道理	None
胡说八道，男性都是希望喜欢黑人的都去非洲。而不是变成烂裤子以后伪装找国人接手	Potentially
又黑额们西安似吧？额们西安人都似神！！！！！今晚乡党们出动，给你个瓜怂家房子都偷走	Potentially
我家老人只喜欢看本地台那些八卦消息，而我都是看cctv13	None
我觉得他就是个牺牲品，需要转移视线的时候直接随便曝光一个明星就行了。	None
黑人网红的出现本就是三观不正的体现。	Potentially
你自己自尊自强谁会不尊重你，何来压迫之说。	None
原来这个吧有反虫吧主不过最后就是被跪虫族就整掉然后过家和百毒从此就监管此吧把这个吧弄成无主之地	Potentially
女性基本上连寒暄都不多了，网上个个捍卫女性的恋爱自由——这是不是证明了女权的虚伪？	Potentially
我不能跟你说得太细，因为圈子太小了。我在中资建筑工程公司，然后在非洲前后待过12年。	None
谁没事就会开黑？各省之间人员流动都很正常，为啥就河南人一流动就被黑，还不自己好好反省反省跑这来总结了	Potentially
人造子宫早就80年代就成功，微量偏向化基因改造早就有了，因为阻力无法推行。老龄化的人口结构会逼着政府推行此政策。	None
这明明是个辱华的玩意，没想到还有些nc追捧它。	None
😓😓😓看见了，我早就举报了，这玩意就是最恶心的	None
说实话，她们爱找谁找谁，你别去接盘就行了。	Potentially
立即开启印度模式省得她们作	Potentially
经济重心从唐开始就往南移了，为何你觉得南方比北方穷	Potentially
在反同群不反同，你自己也说过你是双性恋了，所以要为民除害找你很合理。	Potentially
你就可怜可怜基佬吧。给他两个吃剩的骨头	Potentially
有些女的就喜欢玩新鲜感，认为外国男比郭楠好，墨人有劲还带艾滋，没办法部分女人喜欢😅😅	Potentially
楼主你知道你挂这个人他的真实身份就是曾经被虫类爆过菊花有着一段和虫类及其它们后代不得不谈基情故事	Potentially
你之前说荷兰有多包容同性恋是有问题的	None
刚刚最新收集到的，在中国的土地上这个黑人会不会是非洲国家乌干达的？	None
怎么说，女人是一切罪恶的源头，因为没有女人，大家就不会那么内卷。更没有性冲动什么的，人都没有矛盾。就是因为女人的性蛊惑男人的身心，而是很难去抵抗	Potentially
我是说这个人的性别和这个人的性取向的基因是矛盾的，和性取向基因是否在性染色体无关。而且携带同性恋基因的人按理说应该没有后代了，但是自古以来就存在，说明还有很多潜在被掰弯的人。如果有掰不弯的人，那么我就希望社会支持同性恋，把潜在同性恋掰出来，这样很多年后就没有同性恋了。	Potentially
在下也不太能接受。不过有一个问题，假如那姑娘被黑人给QJ了怎么算⁉俺觉得这种情况反而能接受了😅	Potentially
好起来了，兄弟们，女人也开始反感女拳了。	Potentially
我也没因为吴亦凡是异性恋就讨厌所有异性恋啊🤔。性取向和道德水平又不相关。因为谁谁谁做了坏事所以就讨厌这个人的群体里的所有人。这是啥？这段时间偏见吧？	None
所谓“女生文科强，男生理科强”的刻板印象是咋出来的？我就特别的偏理科	Potentially
真没人黑天津吧🤔	None
吴施蒙一来到店里，所有人都对着她笑。	Potentially
😅以前住的小区挺多黑人的，很怕跟他们一台电梯，浓到恶心的香水味还有隐隐约约的汗味，每次都是闭着呼吸等电梯到一楼…实在不知道别人怎么忍的！而且就像你说的，审美也完全get不到。超模圈里的黑人美女，倒是有身材火辣好看的，黑人男性真的不好看啊，明星都不好看。	Potentially
哪个小区居然可以饲养猩猩	Potentially
也不知道一大堆人品有问题骗婚的是谁	None
确实要有人管理了	None
没接触黑人群体，不怪你，真的。	Potentially
啥鬼母阿娜才63	Potentially
幕刃不值得同情	Potentially
兄弟们，给他送温暖	None
说的是那些普信的直男，也不算无差别攻击吧	Potentially
笑死我了，这博主刚说怎么这些男的这都能破防啊？然后评论区同样的文章只换了一个字，她的女粉纷纷破防，这真是本年度最精彩的笑话了，打脸啪啪啪啪响，哈哈哈哈哈	Potentially
赞同🙋‍，还有上边有人叫讲多放同性恋电影的，我可不想以后我孩子看那些，别说啥先天的，后天影响肯定存在，整天受同性恋文化熏陶万一弯了可咋办	Potentially
这方面只有中国人能给，其实各国大小都差不多，但是黄种人硬度最高。你可以去看一下奥运会跳水这类项目，看看黑皮白皮大不大。中国男人在非洲到处玩女人，还都玩质量最好的，而且美国跨种族通婚也是黄男白女离婚率最低，这样看来中国人最能带给女人享受啊	Potentially
首先，先鼓励她产下娃(=・ω・=)每天呵护备至，寸步不能离，防止她感觉枯燥弄点新鲜事(°∀°)ﾉ再然后看看日期还有多久，在临产期时更要呵护有加，等她到医院顺利生产下来，在门外听到护士喜报母子平安的消息后(･∀･)马上拿起之前预定好的车票回到房间里收拾好东西赶紧跑路(￣3￣)不是我渣，因为我就是一个处男，关我p事(￣3￣)	Potentially
接下来这些黑人会要求政治权力	None
我歧视gay,我也歧视你的观点😄	Potentially
性方面也是比不了的	None
我笑了。黑人骂中国人、说中国属于黑人就是言论自由；中国人反感黑人、骂黑人就是种族歧视。这是什么狗屁道理？歧视黑人正确吗？非常正确，我们大学的政治教授都让我们远离黑人、远离性病艾滋。这可以说说的非常正确。	Potentially
现在包括安徽苏北整个江淮系大概占25%	None
不奇怪有些动物喜欢缠着人类小狒狒也不例外	Potentially
说句不好听的，人狗杂交过的人，换你你要吗	Potentially
上海人已经躺平了，你们说的都对对对对对	None
中国人的脸都被她们丢尽了	Potentially
别，黑的血肉我想想都恶心	Potentially
《小黑泥鳅》	Potentially
起码在冯丽这件事情上，是这几个博主到冯丽微博下留言加辱骂河南人的，到处蹭热度，我都怀疑这些人是不是有病呀！你骂他他就截屏，说你网暴他，你不骂他马上就跑到话题下继续地域黑，我去过西安，是一座美丽的城市，文化很厚重，但华夏把中原说做陕西，黄帝故里是西安等等常识性错误的言论，还不让人说洛阳是十三朝古都，不是洛阳是古都会影响西安什么吗？无语😲😲😲😲	Potentially
艾滋病你了解一下	None
我觉得歧视这个词被用烂了也用错了，歧视指的是不正确不符合事实的认识，如果一个观点符合事实那它就算不得歧视	None
这个作者一口一个中国女性，他只是在说女权?	None
你这话说的，我反驳的点是他说女性之间友谊的虚伪而不是人品的不端。别把男女分开说，是个人周围产生品行不端的大家就会离开他，这都是非常正常的。跟女的不女的没关系。	None
你们的武士道精神呢？一刀劈S这个嘿蛆	Potentially
希望你被女的传染	Potentially
我看你也是个被现实世界压迫着，没有多少选择权的人。不然不至于来网上左右横跳叫嚣你有这个权利那个权利。被现实欺负了，就来网上欺负比你更弱势的人。真是可悲可叹。同是天涯沦落人，相煎何太急。	Potentially
你来新疆看看就知道了 新疆有多傻逼 乌鲁木齐 打不到车 没有滴滴！没有出租车！这是省会？还发展个屁 穷就是穷 别的地方都有就你没有？ 这还省会呢 唯一一次被骗了八百块也是 新疆人干的 新疆肯定有好人 比例堪忧	Potentially
所以一些人觉得自己是同性恋就可以高人一等了是吧	Potentially
上海是全国媒体有预谋的带节奏黑！本质上是打压上海地方势力！	Potentially
如何评价这种人	None
曾经有一群头脑清醒的人带队，已经把方法指明了，总有ylg半路出家	Potentially
这儿也有nt通讯录出没，不过比起我之前呆的反同恋吧好多了	Potentially
男人根本不需要女人	Potentially
就问你，你会娶离婚女吗？你会娶烂裤裆吗？问题来了，还有剩下的吗？	Potentially
我觉得吧，只要内容没有怂恿直男直女去同性恋爱的话那就没大问题	Potentially
别打拳打到自己人了，男拳语录就是个黑大人发明的🤣	Potentially
犯罪预备军。明明很丑	None
自信点，把如果去掉。黑人本来就看不起黄种人，不信的话去翻前面的帖子。黑人扯眼角嘲笑亚洲人的眼睛；之前美国黑人打广东老太；黑人强亚裔商店；还有1992的美国黑人冲进韩裔社区零元购，双方火拼。我不敢说所有黑人都这样，但至少看不起黄种人的占大多数	Potentially
同，我甚至是看到黑人都感觉不太好，我的种族主义深入骨髓了吧😅	Potentially
以前的邻居是我爸老同事一个回族大伯过节就送给我家油香。人好	None
看到“我是男的”，100%是女拳，毕竟有句话说自己没什么就喜欢强调什么	Potentially
说的好，很哲学的看法。我想是个正常人都认可人性有自私的一面，区别来自于如何对待这个“自私”。个人感觉南方人或者经济文化较发达地区（北京），都比较直面“自私”，交际中会用各种“扣扣搜搜”“精打细算”去规避“人性自私”可能带来的影响，也就是把话说在前面，而北方（主要是东北）规避的是“自私”本身，交际中习惯掩盖“人性自私”的一面，所以“豪爽”“义气”“兄弟”等会被经常提及，特别是首次认识，更会去努力营造这种氛围。区域不同，生存环境不同，产生不同的生存策略而已，其实没有好坏，适合的环境使用适合的方法就好。南北差异其实是必然存在的，身处异乡为异客入乡随俗很关键，先尊重别人才能获得尊重，像东北人这样去哪都牛逼哄哄，不被地域黑就很难了。	Potentially
反串母狗冲掉就对了！	Potentially
你是全国人？	None
本来是没啥大问题的，现在网上借此对江浙沪污名化了，很多人不晓得哪里是苏北苏南却跟着带节奏😅	Potentially
上海河南广东，春晚三大被黑惨烈的地方，春晚一向这么搞很恶心的	Potentially
外国女人说中国男人对吗？	None
贴吧的人还是不如知乎的人明白。嫖娼我虽然不会去，因为我性冷淡。但国家对嫖娼的态度代表的是广大国男的性获取难度。你想想女性的性获取难度吧，再想想国男的	Potentially
首先要想一想，她们为什么要嫁外国人，很大的出发点我想，其实就是不想奋斗了，想要改变人生，甚至下一代的人生，不过被骗的太多了！这其实也是对美好生活的向往！与其嫁个一般的大陆人，可能真的不如嫁个一般的外国人！	Potentially
我不会，我会祝福她，然后拉黑	Potentially
所以别娶江西的就可以了，她们嫁的出去嫁不出去她们的事情只不过江西抬高了全国的彩礼攀比这个就恶心了	Potentially
这不是典型的普信男么，真下头	Potentially
你知道吗我是女生这四个字很普通但是可以强调就很恶心你是女生怎么了？就tm好像谁不是女生的似的你是女生怎么了？你就高级有特权呗？傻逼	Potentially
我是中国男人，麦肯锡搞活动的时候我在现场遇到一个黑人女性，突然就感觉像在森林里遇到野兽一样。	Potentially
你妈养你这么大，你这样说她我觉得你丢人，她当初不如把你丢掉，没哪个父母不爱自己的孩子都，她这样说一定事出有因，倒是你，真的不懂事	None
就是一个外网普通论坛，什么都可以发，可能就是一些极端人士发的极端的话。	None
度度拿不出我是小号的证据只能转进，转进两次都被我打脸打回来了，也是够窝囊的	None
你们特莫sb吧，脑袋进屎了吧	None
姆搐什么猎奇	Potentially
可是如果那个撒匹是自己亲人呢，怎么办？还能割离？	None
如果各位不想被地域黑，同样地，对别的地区也不要地域黑	None
集美们，拿刀真的有用😅	None
恩格斯就说了真正平等的婚姻在以后的历史中实现时，女性群体的主体意愿越来越无法忽视，势必成为更重要于男性群体的意愿。现在风气就是争当烧鸡，爱浪爱玩，你一个男的有啥好纯情的，想爽的直接模仿版本之子黑叔叔就行了，提裤子就走人	Potentially
🐶快把陕西也算上，现在轮到陕西了，西北也快沦陷了	None
李将军？他可是一名好人	None
很多女生受腐漫、纯爱小说的影响去掰弯直男，真的。。。。吃饱了撑的	Potentially
非洲野猩猩吃饭！	Potentially
我们要怎样才能阻止这东西	None
来看看蝈女的素质	Potentially
劳子每天编辑文案，记录与敌人战争的每一天	None
繁殖批只会一击脱离疯狂亏内他的木琴捏嘻嘻，低能真的是笑哭绝绝子	Potentially
五等女人嫁非洲，原來如此原來如此	Potentially
这个freya冯丽的言论属于反人类了，微博是不是没有管理人员啊😲	None
第一还听说用传播范围定罪有无的，传播范围小就无罪了？再说艾滋病男传女的几率要大于女传男哦。	None
猩猩之间的交配有什么稀奇的	Potentially
嗯，马上就有人说河南人偷井盖了。	Potentially
不值得批判，中华盛产田园女，她们爱去哪去哪吧，去祸害别的人类吧	Potentially
不会真的有人喜欢娘炮男明星吧，喜欢这些男明星的不都是女孩子吗	Potentially
加油！！坚持！！这个吧不能再沦陷了！	None
活踏马的该！这种人活着干嘛	Potentially
是你上来先讲一句骄傲的先富人，请问你从我的文章中怎么看出我骄傲?	None
美国华盛顿大学的研究人员发现，和谐的婚姻关系有助于促进同志的身心健康——长期保持稳定关系的未婚情侣比单身者更健康，而已婚人士的健康状况是最好的。研究者推测，财务状况、养育孩子以及伴侣相互扶持，都对健康有利，但具体原因有待进一步研究。并且出柜或许也能促进健康，因为这项研究显示，已婚同志中的出柜者最多，单身同志中的出柜者最少。	Potentially
女人除了买衣服化妆搞内斗还会什么	Potentially
当代的黄女乱华的危害程度不低于五胡乱华与满清入关	Potentially
好久没看看了一眼全是南桐，吐了	Potentially
不过专车比其他确实贵几赔	None
这么说，外国男人家暴是男人的表现？😆	Potentially
我见过一个这样的，表面上除了工作不会和她说第二句话，内心中是深深的鄙视。	Potentially
原来是上边某些人，养黑护黑欢迎黑人，怎么办？	Potentially
有些人啊，就是活的不明白怎么让自己活得好，才是真实需求，别人过得不好，自己就开心了，这叫虚荣再说了，上海生上海长，活得不如人意的人也很多，哪个地方都有，很正常的事情，个例e非得上升到地图炮，真的是无语	None
骗婚什么时候没被抵制了吗，这本来就是个错误的行为啊，但你说的是抵制男同这个群体	Potentially
这b的确不是好人	None
只有陕西人讨厌河南人吗？我也讨厌……河南有些人	Potentially
劣等物种_郭钕	Potentially
Xg有些老年人也是這樣。不敢舉例詳細說，怕被關進小黑屋。	None
我刚刚看了你的回答 冒昧问一句你老公是什么家庭出生的 我觉得我也忍不了爱情背叛 而且主要是其实你应该当初上个985研究生遇到更好的男人	None
我还见过很多炫耀自己掰歪直男的基佬，简直口区	Potentially
帮凶？我不知道为什么我还非得接受同性恋……	Potentially
不错了快感恩命贵们吧	None
河南人的确骗过我啊	None
真的有女性厌女吗？女孩能客观公正评论男女矛盾，帮理不帮人，已经算很难得了	Potentially
打拳打输了你就开始生活不如意警告了？古墓派拳师了属于是	Potentially
怎么说呢 中国女性和非洲男性恋爱我觉得并不能归咎到国家层面民族层面来讲问题 只能说愿意和非洲男性谈恋爱的都是底层人民	Potentially
美国有种族歧视，中国有地域歧视很正常	None
其实，爱滋在男同里的比例很低，反倒是异性恋得爱滋的比例高，不信去上网查查。我国对同性恋采取不反对、不提倡。	None
祝大家周末愉快	None
女权组织都批判。。。什么成分？	None
因为太多人的否定了，所以我还是害怕	None
其实只要记住两点就行。1.作案者是美国人。2.此人名字是一个典型的阿拉伯名字	None
四川被东部沿海歧视的比较多，其他的都还好（我觉得我作为一个四川人似乎除了去长三角最东边那个超级城市被歧视过之外一直挺受欢迎来着）	Potentially
所以你家有嫁内个还是咋的？	Potentially
从十年前开始，你就应该天天刷这答案。	None
它是强奸犯	Potentially
田园女拳真烦人，干点活，轻的懒得拿，重的拿不动，老子真想邦邦两锤砸她	Potentially
前一阵子有几个拿学历说事的喷我，说我不用写作业不上学是文盲辍学者。我寻思着这个社会上还在上学的才是少数吧。	None
不正常的意思就不是说是少数吗…所以对啊…觉得恶心异性恋的肯定有，但是也绝对是少数，毕竟世界之大什么人都有啊…😁	Potentially
我们这里不管男的女的，如果不结婚就不能上族谱……虽然说现代也不在乎这些	None
好家伙，见到一个同就臆想人家自己喜欢你，你可真是够够的。	Potentially
百万彩礼发在小红书，群情激愤，捅在女权老窝	Potentially
谁惹你们了，你们骂谁去，非要咬着整个江西不放？	Potentially
这次唐山烧烤，就有人说“听口音是东北人干的”，任何坏事，都扣到东北人头上	Potentially
西南省份确实在浙江真的是鄙视链底端	Potentially
这种女的不就是典型的玩的浪不顾家？被绿了还是轻的，最怕的是釹的管女儿的时候玩手机打牌，女儿摸电线往马路外猛冲什么的那就亏大发了。	Potentially
看到黑人吧三观这么正我就放心了	Potentially
抚顺瞧不起大庆……	Potentially
同大多连脑都没有	Potentially
反同们也可以来听听	Potentially
你应该可怜那些地域歧视的人 他们就是活在网络上的蛀虫	Potentially
请问有没有3个女同在一起的？我看片有，现实世界有3个女的在一起？	Potentially
河南人可以删除	Potentially
对啊，正常人根本不可能喜欢的玩意，有的人就是爱，你说是不是性癖是啥😅有的人就是喜欢日小动物，鸡狗蛇，都见过😅	Potentially
你鄙夷的中国男性操守，却是比中国女性高的不是一星半点的，在国际上都是排得上号的。	Potentially
以后不给老婆花钱就算家暴	Potentially
你起诉动物吗？	None
我靠，楼主你不要在镇楼图扔黑粪啊！！！！	Potentially
这黑人对好人韩德君犯规，还在中国勾搭女孩，好像还生子？	Potentially
是啊，不去非洲采棉花可惜呢	Potentially
南方不被北方黑？你这句就挺地域黑的😓	Potentially
找黑妞可能真的是找不到其他吧	Potentially
等你百年后，会被你的子孙黑白族人供奉在黑白庙堂上。你的后代会问他的长辈：为什么我们的祖宗是黄皮肤的和我们的不一样？长辈会语重心长的回答道：孩子你要永远记住这个傻缺，要不是他接盘专业，怎么会有我们啊！	Potentially
蝈籹内卷也有一手	Potentially
中国尺寸是真的小	Potentially
小仙女能在别人身上找原因的时候为什么要反思自己呢	Potentially
知乎能骂东北？但你在知乎骂上海看看。	Potentially
你们还是中国人吗？别想跟日本站在一起，要抗日就要反同，我国人不接受日本任何立场	Potentially
这个我知道我一些看过警方的报告，每年出国打工的女性最终很多都是回不来的，永久失踪，提醒出国打工一定选择正规机构，但是回不来其实是好的，。。回来了也是艾滋传播者。特别08年之前，出国失踪的每年几十万，一代人二十年就是上千万女人的流失。但是这种流失就流失吧。这也是男多女少的另一个解释😅	Potentially
怎么？我就是这样觉得！	None
还好我们省存在感低，想被黑好多人都不知如何黑。🤔😄😄	Potentially
能物化自己的只有自己，何必和这种不带脑感觉全世界都压迫的玩意讲道理，真以为自己胸前多二两肥油就多讨人喜欢一样，一天天的幻想自己独一无二，只能茕茕孑立，实际上看她一眼都嫌累	Potentially
非我族类🤣！	Potentially
下不去手，那种是少数，我就在非洲工作，平时女孩子投怀送抱的很多，但是真没法下手，身边人也一个都没有，也就来这边挖矿的农民工，可能不忌口，稍微有点身份地位的，不可能跟黑女在一块儿。	Potentially
这么说的话最不会传播艾滋病的是女同，女同应该打压男同跟异性恋，让世界上只有女同！	Potentially
迎接黑人，把国内环境拱手让给黑人进入，你这叫保卫祖国？你叫卖国好不好？	Potentially
对，灭默工厂在招人。所有人应该去那种专业的工序化流水线式屠默灭默除默的工厂打工。	Potentially
异性恋天天爱挂嘴边说同性恋都是为了性	Potentially
6666 自然而然的事 不应该被污名化	None
毕竟人家祖上也说说中国话，跟咱也勉强算同文同种	None
这也太不公平了	None
给女狗送温暖	Potentially
这么好的肤色竟然在美国做乞丐。来中国山东大学不得飞黄腾达	Potentially
我直接承认我不是男人	Potentially
阿拉伯都不要黑人	Potentially
捏吗，软弱？一动手你们女拳就出来反抗，🤣女性动手一群女拳叫好女性出轨有尼玛女拳罩着，男人可真惹不起	Potentially
山东居然混蛋连贵州人都敢歧视了，你不去看看贵州人是什么形象	Potentially
尽国男之物力，结女友只欢心，慈禧表示很赞	Potentially
海地之国，是世界第一个黑人共和国，但是那个国家实在是太差了。	Potentially
楼主自我认知非常清晰	None
和东北比，河南被地域黑不算严重	Potentially
不好意思 不懂什么是踩评论………我以为是赞的意思??	None
反正这是底线，为了中华民族的未来，从我做起拒绝哥布林和各种超级病毒。	Potentially
我大学的时候确实被同班同学问：你们河南人是不是都偷井盖。还有我们室友说他爸以前开车都不敢路过河南。	Potentially
小黑屋警告啊，你思想不正确，说谁都行，说默和魄就不行，知乎的祖宗主要来自这两个人种，你说他先人，就封你，就删你，就让你进小黑屋。	Potentially
之前再社区上班的时候，基本上35以下的河南人我都不会多看一眼，就该怎么样怎么样，跟本地人外地人都不会有什么区别，但是45-55的河南人，我警惕性一下子就起来了…	Potentially
双标给他玩明白了	None
我室友就是河南的😂天天听他说，洛阳口音	None
哈哈哈，笑死我了，你自己说的你自己真信吗？我说我家的狗会打鸣，还真有人来借我的狗去报晓？	None
小女站，舔狗站	Potentially
你说的这个微博上曝光过……	None
得到相应的权利就要负责，我不反对女人独立。但是不能盲目打拳。毕竟我妈也是女人。现在风气都被田园女权带坏了。真就是粪坑里找💩臭死了	Potentially
搜断背山看到这条，作为一个gay首先想说你们反同的直男大可不必把这么多精力放在gay身上。我也简单反驳一下你们的观点。1.同性恋为什么是同性恋只有同性恋自己知道，当然不排除外界因素，基因的原因也是有的，不管是从科学依据上还是从现实经验都可以佐证。2.同性恋之所以是同性恋，最显著的特征就是有同性性倾向，缺乏安全感或者内心女性化都不是最主要的特征，请不要恶意理解为同性恋就是受外界影响的软弱的男生。3.任何群体都有无知软弱的人，关键是得看这种缺陷到底是由于性取向还是由于缺乏文化教育。当你本身就带着歧视去了解这个群体时，还指望得出什么好的结论吗?4.现代社会是朝着更多元的价值观发展的，柔美也是一种美。过度宣传阳刚不禁让人怀疑宣传者的动机是否纯洁。事实上，这种宣传最大的受害者应该是能力不够强的直男。	Potentially
劣币驱逐良币，所以像这一类自我劣化的异类会造成五胡乱华的后果，中华文化从古到今从来没有遇到过这种靠子宫和丁丁入侵的物种，所以如果不抵抗，那么就只有灭亡。	Potentially
法治社会，我不能拿他们怎么样，也没必要拿他们怎么样。只是单纯的反感他们，讨厌他们，歧视他们。我还讨厌日本人，讨厌美国人，都要弄死他们吗🤣你也太孩子气了。成年人了，讨厌反对就要物理上的毁灭，那是小孩子的过家家。你要认识到一点，同性恋群体不可能获得所有人的认同，也不可能所有人人见人爱，总有我这样的人，不喜欢同性恋群体甚至歧视他们。这很正常。	Potentially
说的真好，我就喜欢看你们离婚，看到你们婚姻不幸福，我就很开心	Potentially
这幕刃估计还是个老师，图8让男学生给她擦鞋	Potentially
欧美女权还是正常的，人家只是要求女性和男性有同样的权利，但是女拳不一样，人家要求女性比男性更加高贵	Potentially
钓鱼？都是黑人犯罪的。抢到1次	Potentially
你看河南人，他就是不太平。到处扰事儿。自古的文化就一直在血脉中根深蒂固了😑	Potentially
果然是陕狗啊	Potentially
基本上人的意识是由于现在的大脑产生的。也就是每个人出生的时候，DNA和环境（物质）一起来组装一个新的人体，大脑既需要DNA来组装成基础模块，也同时从环境中学习知识，共同来形成意识（以及一些意志）。人死亡时大脑就死亡了。但之前的DNA还是之前（加上在环境中不受意志所控的变异），如果在死亡前选择生育，它们会和新的DNA组合（其他人身体内的DNA）成新的DNA模块，形成新的人体，但这个人已经是别人了。所以之前的人已经完全死亡了。DNA是没有意志的，所以不存在“你的个体”被传递这种事。被传递的只是DNA的信息。如果要定义“通过复制基因可以得到永生”，就和没有买彩票却幻想明天中了五百万要怎么花其实差不多的。因为本质上都是幻想。	None
做过错事的来领道歉信，按格式写完交给我，谢谢	None
哈哈哈南非不是发达过家恐怕也只有你跪虫族会说它曾经不是	Potentially
天津人心碎……就说没钱就是原罪呗	None
因为她们喜欢拳啊。	Potentially
c语言那个点开动态看一看是不是第一定律	None
倒贴找黑老丑的我都隔应，不自重自爱，就要被唾弃。	Potentially
希望他们嫁给默以后都去非洲吧，不要待在国内，看着觉得蛮恶心的，跑爹默竟然也有人中国女人愿意嫁也不配当中国人	Potentially
说的好，某些直男简直不要太双标	Potentially
确实，你稍微可以去了解一下中国男孩在东南亚和欧洲的风评。绝对比国内好得很多很多。	None
有什么问题嘛，找一男一女，女的喝茶男的干两份活	Potentially
你还未染艾身亡？你上药多久了？	Potentially
北欧三国是怎么积累财富的？	None
不是说出国了吗？我在手机上搜 吴施蒙 竟然出来一堆色情网站，哈哈哈	Potentially
看到评论，这理论证实了。哪里都有排外的人，而且真正优秀的人没有时间排外，排外的无论是哪里人都是社会底层。	Potentially
我一东北人在上海念大学，商场里吵吵的上海人声比我都大😆	Potentially
对不起，我就跟黑人杠上了	Potentially
个人觉得，如果是结婚的话，如果自己不是处也不能要求对方是处吧。而且现在社会很开放，情侣在谈恋爱发生这种事情也不奇怪了	None
那我不接受同性恋 也是我的权利	Potentially
那时候，黄皮肤的就是人上人了。😆	Potentially
发达还穷的叮当响？你以为南方穷人少？	None
这个奴隶蛆整天发一些中国女性嫁给黑人的视频，殊不知这个黑人在非洲老家还有多少个大老婆二老婆呢！很多时候咱们不是那句老话嘛，兼听则明偏信则暗。今天小弟就为大家奉上这位黑人的中国媳妇在直播中是如何描述她老公的原生家庭里面究竟有几个老婆！让我们来看看这位来自山东济宁的中国女性究竟是人家的大老婆还是小老婆！	Potentially
生理不适为什么就全面反对？因为激素原因男女，男同，女同都对彼此可能会不适，但反对没必要啊，不能因为男女异性恋多就反对男同和女同	Potentially
古代的“鬼”没有原型，自从有了昆仑奴之后，就定义形态了。	Potentially
可别了，唱衰东北的急先锋就是黑龙江人。辽宁人在跟南大人据理力争，黑龙江转手就把公安局设海南了	Potentially
但说真的，在青岛老铁店经常坑人，本地人都避坑去老铁店😅这是事实十个中八个不靠谱	Potentially
让黑女生混血黑妹嫁给中国人，两代就稀释干净了	Potentially
我河南的，把江苏删了把，生活中根本接触不到江苏人啊😅😅😅这个有点假想敌啊，江苏人全国哪哪都瞧不上，还用去黑河南么，顶多就是陕西全和湖北，这俩和河南之间问题很多，归根到底倒不是河南穷，而是利益，利益，利益，因为他们看不起河南，又干不掉河南，有些省份甚至被河南越拉越远，所以他们只能通过低评价，来让河南发展停下来，不就是这个意思么	Potentially
你要考虑一下是不是上梁不正下梁歪。	None
东北喜欢打架斗殴	Potentially
猪头肉哈哈哈哈哈	None
河南大兄弟别慌，现在有东北在前面顶着呢，偷井盖算啥，侮辱东北人的词汇那才叫让人大开眼界，山东兄弟准备好，接下来就是你们了	Potentially
如果你的亲朋好友出现了同性恋呢	None
我得提醒你一下gay一般即使看上直男也是想被上，不要操那么大的心😅	Potentially
在全国，唐山代表唐山，在世界，唐山代表中国，在宇宙唐山代表那个球上面的动物。所以我说唐山很差劲，那必然很差劲，东北更差劲。如果我们这儿有这种事，那无可厚非，我也觉得自己这儿差劲。。。很理性，没必要洗，承认自己市不优秀有那么难吗？	Potentially
坑傻子的，这有人信了也好，淘汰劣等基因，毕竟这种龟男不给他戴绿帽都对不起他的智商	Potentially
我认为男权不是封建父权。	Potentially
嘿畜狌就是畜狌，本能特征器官已经出卖了它们。	Potentially
发这条评论的时候我还没被骚扰过，现在回复你是被恶心过了，我确实是歧视男同，不过你这么说了倒也无伤大雅，我们最近一起上网一起玩的有个伙计也是男同，只要别恶心到我倒是也无所谓	Potentially
这个拳击手真是无处不在	Potentially
那当时李世民祖宗能想到以后会同化吗？没有啊，人家就没想过生纯汉族血统后代	None
麻烦你下回举证用：江桥抗战，国际公认反法西斯战争第一枪！	None
视频是好视频，有教育意义	None
妥妥的钓鱼理她干嘛	None
你自己的命，我劝你珍惜一点。每个生命的出生都是奇迹。	None
河南几亿人，出几个人渣还是有可能的😅	None
越南？虽然整体对中国不太友好，但是你到越南很有钱的话，必有妹子喜欢你的	Potentially
中国男人在非洲和东南亚制造私生子的速度都快赶上美军了，津巴布韦总统都亲自点名了	Potentially
这个吧幕刃浓度怎么这么高	Potentially
答主有个逻辑漏洞，不是说支持就是多么高尚多么厉害，这与口味怎么样是没法比较的，因为这牵涉的是人最基本的权利能否得到保障，而这些支持的人就是在保护作为“人”的最基本权利	None
直男不会挑礼物不是很正常，男的一出生就要知道那些高端口红吗	None
江苏脾气就这样，小市民思想比较重	Potentially
这些人管长江以北的人叫“刚波人”，管安徽人叫“白完”，管外地人叫“硬盘”，然后到头来反称别人歧视自己🤣	Potentially
我完全同意你找	None
当然。连动物都知道公母，雌雄之别	None
女人和别人睡既不违法，也不违反社会主义核心价值观，万一她就喜欢那黑人呢，这有什么好批判的。当然你要是接受不了那也是你的自由，但不要自诩正义批判别人。你的说法也可以扩展为难道我大汉族没人了吗，一定要和鞑子睡。难道我大xx省没人了吗一定要和外地人睡。难道我xx家没人了吗，一定要和外人睡。说到底群体都是人定的，苗族，蒙古，壮族曾经都是非我族类。	Potentially
p图听说可以治疗艾滋哦	Potentially
如此下去，恐怕人要变得越来越傻了	None
他的大小号经常在HIV吧约跑，前后两张图先后证明它感染HIV已经两年	Potentially
结果女权吧的活了不到五分钟就被删帖了	None
比起你为了生活到处传艾更好	Potentially
检方称，两人在18个月的恋爱关系中，You对男友进行了“身体、语言和心理上的虐待”，判处You两年半有期徒刑，缓期10年执行。这意味着，只要她遵守缓刑的规定就不会坐牢。	Potentially
停下吧，快停一下吧，让智商回来。反同到底有什么意义？反同是因为什么？你们真的有想清楚吗？说什么啊，这是不孝，那是人家的家事，关你何事？说什么欺骗他人，欺骗他人的是个人，不是群体，搞清楚一点。到处网暴别人，我觉得主要原因就是因为你们现实生活过得不好，所以才要去网暴那些其他过得比你们更不好的人。	Potentially
问她是不是÷女	Potentially
但她害起当地的中国人，工作中暗中搞鬼，被辞退了破坏中国公司在当地的商业进展不会手软。	None
这个段子几年前就有了，一直不缺搬运工	None
我加一个，我宁可娶不接外国人的小姐	Potentially
评论区里面的三观真让人叹为观止。 这就是大国气度？ 如此狭隘就是我们几千年文化提炼出来的精华？	None
黑人没有大量贩卖到法国葡萄牙	None
锅籹太容易跳脚了	Potentially
这不得好好庆祝下。	None
中华terf宫本家一口一个生育导致玻璃天花板，然后真的推荐她们放弃生育的时候又开始跳脚了。	Potentially
畒🐶乱叫而已，不用搭理牠，毕竟听不懂人话，jb口球就行了[表情]	Potentially
这话术辣嘴，我没法强逼自己说出口	None
哈哈，骂的最狠的还是山东人自己🤣	None
不少啊，但最起码有自知之明就是好的，你能不能看一看图片上的题目？	None
有他的地方就有他儿子	None
拜托，黑人艾滋病率百分之几十	Potentially
楼主说的非常棒	None
全国高考都做不到同一张试卷，还大同世界呢，这不开玩笑么	None
你随意就好	None
看网站的时候多看看国产，说不定能看到你女朋友	Potentially
黑他们的主力军明明是北京山东和天津，整天虚空输出南方人是真的很骚操作，能让南方人团结起来的方法不多，东北人做到了。	Potentially
你接不接受有什么关系吗？你给男人掏彩礼？还是给男人买房买车，工资卡上交？你什么都不给男人，那你接不接受真的毫无价值	None
安徽主要是在上海被歧视	Potentially
我什么时候说被国男抛弃女性就活该了？被抛弃的女性永远是受害者，渣男部分国界，不负责任的男人到处都有	None
额，器质性变化不好恢复。你不介意么	None
我就是女的，我讨厌杨笠	Potentially
有人跟我说什么歪果仁黑人会讲中文的热爱文化，我笑的差点心脏病复发。咱学外语的这么多，都热爱歪果文化？我看是为了应付考试才对吧。同理，会讲话的歪果仁就一定热爱文化？一些间谍还会说好几门外语了吧。自家人都难免背刺，外人跟你一条心？圣母伪君子们做梦吧。	Potentially
未来可能会像阿三一样，四处黑公交，现在中国已经发生了好几起黑公交案件了，没有几起案件，警察都得下岗了，日本低欲望是因为自身人民变得太懒了，男的喜欢纸片人，女的只喜欢嫁给有钱人	Potentially
恐同皆深柜实锤	Potentially
少数人，倘若少数人就是祸害国家的蛀虫，有何不可？	Potentially
一切偏向男性的发言抛开事实不讲都是媚男	Potentially
你看你的网名叫春夏秋冬，我把你叫春夏知了，你同意吗？	None
同性恋最恶心了，就和那些不让人吃狗肉的极端爱狗人士一样恶心！	Potentially
该这么说呢，个人感觉反同的规模不会变的更大。。现在的人都素质了现在更多的是恐同人士。	None
现在高校是艾滋的重灾区，想想吧，真是完犊子咯。真不想看到我们国家被霍霍到艾滋大流行。	Potentially
笑死我了智商是硬伤啊	None
中国内部的地域歧视，一切责任在美方😆😆😆	Potentially
是我不配了吗😭😭😭	None
粿籹活剐可以剐几刀呀	Potentially
古代的昆仑奴，现在的昆仑👴🏻	Potentially
众所周知，现在肖万警官已经封神，称号包括且不限于，黑膝侠，美国队长，铁腿超人	Potentially
你这放在春秋战国时期也算是混血了	None
🦍🇷🇺:拳脚相加🇯🇵:驱逐出境🇺🇸:清空弹夹🇰🇷:不得入境🇮🇱:生理阉割🇰🇵:火炮处决🇨🇳:如获至宝欢迎转发至各大平台	Potentially
我不歧视别人，现实生活中也没有人歧视过我，但是我竟然喜欢看你们因为地域歧视这个问题而吵架😅天呐为什么！	Potentially
美国也搞和谐	None
南蛮就是南方的少数民族	Potentially
不仅有，而且在大陆的黑人，很多都有中国女友	None
虽然但是我好喜欢广c人说话	None
我觉得有些人在故意搞事情。这种方式很明显是美分。。。😅	Potentially
可以理解，你身边估计没有这样的人，你对同性恋的了解可能仅存于网上耽美小说，真正的爱情无论是男是女都是可以打动一个人的，我身边就有这样一对情侣让我彻底改变了对同性恋的看法，真正接触到才会发现同性恋就是普普通通的恋爱呀，和异性恋没有什么区别，那些同性恋者很勇敢，他们可以在常人的异样眼光下勇敢的表达爱情，真正接触了才知道原来同性恋不是下流恶心的，而是和异性恋一样纯洁高贵的爱情	None
我同意你 不认同就是歧视同性恋我真的吐了 这道德绑架绑的。。。。吐了吐了	Potentially
这就三观有问题了？你别以为中国人会吃政治正确那一套。	Potentially
这男的恐怕是绿帽pi	Potentially
那些找黑人不要彩礼的姑娘，如果找中国男人也不会要彩礼的，那些找中国男人要彩礼的，如果找黑人也会要彩礼的。你说的完全是两类人，但他们都是女性	None
不管在别人那里怎么样？但是在我这，找过黑人对象绝对不会考虑，	Potentially
小仙女是这样的捏	Potentially
缺了一个城市，西安热搜之王，流量密码	None
反正他们普信男总有理由去声张他们所谓的正义，却不知大家都当他们是小丑	Potentially
老实巴交的，以后绿帽子你不戴谁戴😆	Potentially
幕刃欠凌迟	Potentially
是不是处女没有多大关系，这说明楼主在某种程度上，也被女权洗脑，错误观点急需纠正啊！	Potentially
如果中国出现类似于黑人马丁路德金这样的聪明人物，对我们中国汉人和中华民族是最大的灾难后果！！！	Potentially
有一个穿衣服的猩猩，向甄子丹吐槽说他只是皮肤黑，就被人歧视。完全是在掩盖其兽性，转移目标。	Potentially
地域黑的首先是不尊重这个地方人民的情感，而且完全没弄明白人生在哪不是他能选的。这些人要是生在上海，肯定不会像现在一样说这么多废话。	None
这个基佬又来教养人传艾了	Potentially
娇滴滴说的是江南女生,广东那边，肯定不会那么黑的,会进行一些什么向猴之类的	Potentially
上海人黑安徽真的很厉害，上海吧贴吧里很多黑安徽人的帖子，另外江浙沪有些企业也不招安徽员工	Potentially
而且，跟她走太近，在圈子里跟着社死	Potentially
应对的办法是走出去外娶。对于郭女，绝大多数郭女卸妆和恐怖片差不多。我是没有做推土机的欲望	Potentially
我浙江的，我对安徽人只有好感，虽然来浙务工的很多，但都很本分很踏实，做生意什么的很勤奋也不会缺斤短两。安徽人身上有气节!	None
春秋战国时期黑河南人是因为河南地区住的是殷商后羿并不是因为什么郑国和宋国弱小😞😞😞不知道就别瞎说按这个理论燕国啊 中山啊 韩国啊 就没怎么牛逼过还有什么陈国等一堆小国也没什么人黑。另外我觉得现在河南人被黑和口音有很大关系。。。	Potentially
安徽没啥存在感吧	Potentially
有联系方式吗 这个女的 我要加😊	None
见过不少男同就是这样理论的支持者，实际上在我看来他们其实是最自私的群体。又蠢又坏，他们除了可以骗女人和年幼无知的小孩，没人信他们。	Potentially
什么义字当头，这是违法的，自由恋爱没毛病，别违法就行，三非黑人该驱逐驱逐，通过合法途径，乃至留学过来和国女结婚都行，别做三非	Potentially
老外都看明白了	None
那不一样，女的基本上没国家概念，男的是娶，女的是嫁	Potentially
挺好的，现在少数的真女权也已经急了，因为最物化女性，最喜欢把女性往经济附属地位推的就是女拳。不过我不建议大家去区分真假拳，直接都反驳就行了。	Potentially
女人就是如此矫情	Potentially
秦淮以北的有些人最喜欢拿广西这种地方搞歧视	Potentially
我觉得还是有人黑我们河南	Potentially
我不认同你说的中国男人保守这句话 只是我们有民族情节而已 对于这种想和黑人在一起的女性 甚至生下z种的人 正常中国男人谁会去看	Potentially
本科在武汉读书，感觉武汉对河南人偏见还是比北方省份小的😅	None
你这不就是说了句废话吗？就算是中国的帅哥也可能有艾滋病啊！	None
还整个中国，，长三角，珠三角那个城市不把大庆吊起来打的？	Potentially
货拉拉司机无罪判一年，小仙女鲨人未遂判四个月	Potentially
都是底层叫什么叫	Potentially
这个很难得，只要基佬不说谁都不知道他是基佬	Potentially
感到txl恶心这没毛病啊，其实只要活好自己就行了，txl的生活也不会因为你的喜好就改变的	Potentially
这些跟默男人搞在一起的女人，甚至我见过几个都跟默男人到非洲定居几年生了黑娃之后，被默男人甩了之后第一个想到的就是找中国男人接盘。	Potentially
我感觉西方的教会拒绝甚至诅咒同性恋是对他们信仰的维护。我也不容我的信仰被玷污。当然，西方炼铜的，该怎么死怎么死。在我的生活中，只要txl不干扰他人并强迫接受，那可以理解。当然，不诅咒已经是最大的克制了。不祝福，不喜欢。	Potentially
这是谣言，这则消息批评的人是美国的亚裔女，之前看到过辟谣	None
国内女⭕️群嘲国男的时候你咋不这么说？	Potentially
枪毙他，他是中华民族的罪人！！！	None
别的不说，家暴确实不可取	None
emmm 百度说的就一定对吗🤔	None
朒字很容易被看混为腩字，下次用钕字。你这样写，我四十米的长刀很难收住呀?	Potentially
吴亦凡是澳大利亚人	None
女人如果嫁到外国人小孩不能在中国读公立学校只能在外国人的私人学校读书	None
我也觉得，作为女性，我也接受不了交往过黑人女友的男人🙁	Potentially
txl必死	Potentially
别听他的，还是去非洲吧，别回来找中国老实人接盘就行了	Potentially
歧视咱也不是种族歧视，中国这片土地上自古以来就没有黑人这个种族，咱就是正正当当的看不惯	Potentially
热搜前五十有是个是女本位/立女热搜，小仙女负面问题各种压热度。前几天官方还发了个媚女文章，最剑的事猜到会被喷还把评论关了。知乎官方歪屁股媚女，这样下去唯二根据地之一的知乎也要失守了	Potentially
这回我就是歧视了，我也不觉得我的歧视有任何的问题，我承认，我确实是种族主义	Potentially
物种伸缩范畴太大。自然竞争下终归离不开残酷的淘汰。	None
考古来了，目前山东被黑的风口浪尖上，这种反问没话说了吧，希望你能明白，不要心存偏见	None
是一部分带坏一部分，清醒的还是有的！但怎么也比不上教员那时“妇女能顶半边天”时期的妇女	Potentially
这玩意不是男同nt搞出来的吗	Potentially
🤔🤔她们不会信得，省省吧，让她们去找优秀的非洲人	Potentially
快进到江西起义	None
非洲黑人智商70，被学者归类为智障水平。美国黑人混血儿智商85，中非混血儿智商应该徘徊在90左右，妥妥的班里倒数	Potentially
她中路不发信号导致我被对面抓了然后她来这出？	None
动物袭击直接击毙就好了	None
你圈子里没有就代表没有？	None
全国黑上海，上海黑白完，所以被黑的最惨的还是白完。	Potentially
恋童癖是一种精神、心理障碍，而同性恋是一种正常的性取向，两者根本不同好吗？	None
这种东西还以为zg是非洲吗？	Potentially
听说你是疯狗？	None
山东完美契合，尤其是文化价值观那点。你看看这个问题，提法内容，背后的逻辑就知道了。	None
从小这个基佬就N待小动物，果然是变太	Potentially
学好马克思主义回去建设你的祖国！	None
台湾香港被黑，和世界范围的民粹化有关。西方搞民粹化疯狂反华，而台湾香港有一帮人帮这西方说话，这就比较严重了，汉奸的标签就会被不可避免地贴上。中央台之前都从来不报道这些事情，但现在有了自媒体，让台湾香港的的极端民粹言论被大陆网民看到，引起大陆网民的民粹化。但有中央压着，民粹不会成为大陆的主流，互联网只代表少数人。	Potentially
就想不明白为啥国内有些女的咋就喜欢这一口呢!难道真的就是喜欢刺激，想知道和艾滋病共存亡是啥滋味😅😅😅😅	Potentially
同性恋没有正常人，低龄非主流觉得有和别人与众不同的思想很突出自己的高尚，就算有真正相爱的同性也是心理疾病，同时明明知道会遭到议论和歧视又改变不了，还是要为了自己的爱情把家人置于其他人歧视中的小丑，总结一下捏，txl是个自私而且低能，说理说不过又只会无脑的谩骂的低龄心理变态人群，txl这辈子就这样了	Potentially
传播艾滋，这隐患够大吧！在国内留下一堆串串，这影响够恶劣吧！	Potentially
如果不是，他怎么不拿出证据？	None
我寻思这不都是上海人自己争取来的吗？😆	None
干啥啥不行 种族歧视你最行？	Potentially
打字速度可以用语音识别替代	None
黑东北是某年之后爆发性出现的，大概是2013前后。你可以发现很多吐槽东北的号都是小号的感觉，除了黑东北之外都没有别的使用痕迹了。东北经济大不如前，所以这里的民风肯定算不上第一梯队，但也没有这几年网上妖魔化那么严重。	None
你评论区不就有一个吗，经典装理客中装不下去了就开始破口大骂了，或许这就是当代小仙女吧🤭	Potentially
画重点“央视网”。真是屠龙者终成更恶的恶龙。	None
我也不讨厌	None
黑黑砸在中国，永远受到歧视，排斥。嫁黑人，必须接受这一点。黑砸智伤低下，学习不好，能有多好得未来?	Potentially
不是哈尔滨毅腾打辽宁女球迷的时候了？打完还抢包？	Potentially
我们种族歧视者竟然因为种族歧视被白左歧视了，说好的白左反歧视呢，这些虚伪的白左（气气气）	Potentially
知乎上最多的就是伞兵问题	None
以女权的看法建议你分手，原因不是他打你，而是你男朋友太暴躁，日后时间长了，什么事都可能发生以男权的看法建议你应该多了解男朋友，尽可能避免冲突，以免再发生类似事情	None
男性骑洋马：她熊大，她腿长，她屁股翘，她长得漂亮女性挨洋(黑)枪：他是布尔人😄	Potentially
楼主这讽刺深度真厉害	None
你怎么知道答主是中国人，万一答主是美国人？😆😆	Potentially
JATOO也是食神，，，	None
南方所有人都是地域黑？他说黑北方的都是南蛮立马对号入座了？	Potentially
可能是仇富心理在作怪吧	None
我突然想到一个很好的题材，【论同性恋如何发表那比法西斯还愚蠢的言论】	Potentially
唯一网上看到的一例，穷小子在非洲打工，带回来一个。这种是国内实在找不到，也没东南亚的路子。	None
立本现在还有女权啊	Potentially
其实仔细想想这些地域黑言论，主要都是河南山东和东北，这些还都是粮食大省，微博知乎上都有很多地域黑，就是不断的损毁这些省份的声誉，我是河南人，身边有很对东北同学，我觉的人很好啊，没什么可黑的，室友就是山东的也特别好，真的不知道那些黑子的经历是怎么来的，我遇见的这些省份的人都觉的很好，到黑子嘴里就是十恶不赦了	Potentially
20W你天天去洗脚能下半身都洗秃噜皮………	None
以后不把老婆裱起来供着就算家暴	Potentially
不对 都故国了外国人就别来趟浑水了😆😆😆 去搂好你的黑北鼻别来国内打拳😆	Potentially
艾滋去世，能不短吗？	Potentially
别灰心，种群铁律亘古不变，神州不止一个黄巢冉闵	Potentially
这不是人妖，此乃糞坑黑变态的黑蛆	Potentially
"""纪录片：第2集I零元购的南非，黑子哥当道的社会，穷苦白人沦落到贫民窟"""	Potentially
妈呀，谁吹了，根本没人关心张好嘛	None
这好像是友军吧	None
万一是中国人呢？	None
可以穿啊，我校以前有缅甸老挝留学生就是穿长裙的。楼主你也可以的，多元文明共融。	None
无法改变那就去死，反同入刑，最高死刑	Potentially
第二張圖無感，第一張圖真伞兵，另外男足真是不爭氣	None
那还有假，这些黑醋最喜欢做的事就是伤害别人，干违法乱纪的事	Potentially
这狗知道那些小狗是它的孩子吗？真是它的孩子吗？？？	None
告诉我为什么吧主之前报警为什么把你吓成那个样子，是不是心虚。	None
首先华人劳工是由于一战大量法国青壮年男人战死，其次女孩嫁都没意见，去非洲就好了，最后还不是要留在国内找人接盘。那些微博也很坏，就和花了电影钱看了场坏电影一样，不能就我一个当傻子，所以我给它满分好评去骗更多傻子。	Potentially
反对一切地域黑。表扬可以面上表扬，批评一定要就事论事，批评一个点，不映射一个面	None
无论男女，其实都出了很多社会性事件 ，你非撅着这么一件事情，我也无可奈何你们所谓的媚黑女，其实在网络上可以现实生活中更多，我在广州呆了这么多年，黑人是看到不少，但是跟黑人走在一起的中国女的真的少之又少，咱也就不清楚了，怎么就媒黑了？我的意思也是希望大家集中火力打该打的位置，而不是一下子打所有人网上那些傻逼言论听听就算了，别往心里去 ，人就这么一条命，想把自己气死几回啊？	Potentially
底层逻辑，希望广大男同胞注意	None
2，本分老实能担起家庭责任，姓生火质量低无激情，喜欢看男人偶尔出瑰；	Potentially
评论区太和谐了	None
说什么玩意儿？？？女性没有贡献，居里夫人难道不是？？？我国首位女航天员难道不是？？？奥运会上的女运动健儿不是吗？女排为我国争了多少光？？？为什么会有你们所谓的女👊，有一部份原因难道真不是像你这样只把女性当繁洐工具的人存在吗？？？所谓男权女权讲得是权，不是👊！	Potentially
谁会在乎厕所里那坨屎不臭？也就楼主很在乎，毕竟《它》天天吃。	None
小仙女不是说中国男人配不上中国女人吗？男人只好找外国女人了，合情合理	Potentially
？什么情况，答主不是男的吗？	None
普通女性占女性总人口的比例还是太少了，女拳、媚外的的占了绝大多数🤣	Potentially
似乎长久以来很多中国男人都有这种心态：现在我刚毕业没什么钱，我的收入不高，我还不够好，我不会收拾捯饬自己，我的外形太土了，我的身材不够好，我担心不能给她想要的，所以我现在不适合谈对象，准确的说是不配谈对象，所以在面对女人时就会没底气信心不足！	None
阿富汗兄弟审讯中称:我们对待女人的方式跟你们不同,一个女人就应该像仆人一样做家务,煮饭带娃.	Potentially
其实我讨厌同性恋很大一部分的原因是因为同性恋的支持者，尤其是我在追番的时候就看到一群NT在官配CP或后宫番里面刷男男或女女CP	Potentially
把鸡胸脯肉和鸡腿肉剁成块，用咖喱粉、胡椒粉、洋葱、柠檬、姜、蒜、盐、鸡精和少许黄芥末酱混在一起，腌它个几小时，然后它们都丢到大锅里面去乱炖烂煮，用铁棒子搅和搅和，就能做出香喷喷的尼日利亚黑人菜了。非洲料理一般不用油炒，就是以熬煮和火烤为主。	None
找黑人这么光荣，这么多好处你怕什么，还匿名，八成是想患上艾滋病后隐瞒别人，好找中国人接盘?也就是你一开始就为了想得到点刺激，不是奔着结婚去的?你可真利己主义	Potentially
哈尔滨男人好惨	None
我们小区也有个金发碧眼的小萝莉 家长们都挺喜欢的 因为真的长的超级可爱 活像洋娃娃 而且人家父母都是高知分子 但是对那个没爹的混血小黑态度就不一样了😅	Potentially
托他的福黑人吧变得像个水吧和搞笑吧。	None
男孩子惨唉😔	None
被歧视一般客观原因的。歧视一般发生在底层。中国美国印度都有一个很不好的文化现象，就是宣传为富不仁。但到了现实中，你会发现违法犯罪的绝大多数是穷人。换你有钱了，你不会彬彬有礼？社会上“为富不仁”的现象，大部分发生在穷人装富后欺负穷人，少部分发生在穷人黑恶发家后继续黑恶，欺压百姓。但是那些清白发家的富人，大部分极富同情心，并与人为善。不要以为清白的富人少，看看中国在世界上的优势产业，不是清白的富人，根本做不出来。河南人偷井盖，原因是什么？是穷啊。过去安徽人在长三角名声也不好，现在越来越好了，原因是什么？徽商的经济跟上来了。过去江西人在我家乡名声很差，因为来打工的，一旦没有收入，有很多偷盗。现在好转了，因为这种人少了，反而一些肯吃苦肯创业的江西人在我老家成了老板，比普通当地人还富有，所以当地舆论对江西人好转了。	Potentially
锅籹是这样的，司空见惯	Potentially
所谓批判作用不大的失足妇女和所谓的婚恋中介都是逆向民族主义者，自愿投向BBC的也谈不上受害者，图片来自百度图片	Potentially
我靠，网络上说话就是可以不负责	None
既然是喜欢，那就喜欢好了，一直跟着那黑人啊，为啥要来找人接盘，这不是恶心人吗	Potentially
这B要浸猪笼	None
旁边那只猫头鹰更好看	None
神TM女权感性灵魂交流让世界更美好，神TM男权自私喜欢战争给世界带来灾难。实际上你不就是打不过别人所以说男权只懂得战争吗？说的这么头头是道你倒是先用爱来和男权交流啊？自然生存不谈弱肉强食适者生存你TM谈爱和灵魂？我不是很懂女拳师的基本思路诶。还说什么即便是优质男人也要花很大的代价才能敢上女性，那可不嘛！这辈子我都不敢想象我能这么不要脸果然我以前说的没错啊，又当又立，是女权最基本的特征。战争关乎国家的利益到她这里就是男权自私爱发动战争，爱必须要建立在经济物质基础上到她这里就全是女权的功劳了，总之一句话，坏事都是男权做的，好事都是我们做的，只要男人不给我钱花，那就是做坏事	Potentially
普通女性真的对黑人不感冒好吗？连巴基斯坦类似中亚人都不喜欢，因为真的觉得奇奇怪怪的。	None
确实，现实中根本遇不到，有愤怒也发泄不出去啊。只能在网上刷到这种新闻然后重拳出击。你问问身边的女生，有几个能接受黑人男友的😅	Potentially
赶紧分啊，留着干嘛？人家都想让你喜当爹了，还用留情？把事情捅给她身边的所有人，让她名誉扫地就行了。生下来孩子还会有人可怜她，觉得你做的不对	Potentially
陕西人又穷又自大	Potentially
我觉得中国人的德行，哪里被黑都不奇怪	Potentially
这么自信别匿名啊	None
企业是不要四川的，你搞错了	Potentially
就这呀？？就这呀？？？见着当初东北三个省是怎么被骂的嘛😊加入我们鸭河南好兄弟哈哈哈哈	Potentially
你接受不了别人的择偶观，你就闭嘴，你这样不也在批判这位喷神吗？	None
广西没那么重要，不会成为攻击重点，哪天真是反而说明你有价值了。	Potentially
看了几天帖子，反同人士除了通篇常见的几句‘txl不正常’类似的话，具体措施，如何实施，实施所需占用的社会资源，实施成效等，都没看见你们有什么想法呢。饭桶就只是口头上的吗，让我很失望。	Potentially
艾呀，梅事的，疣什么大不了的，中奖几率为淋。	Potentially
我怎么觉得你在说两广呢？	None
急了，想要默了	Potentially
目前的资本制度本就是物化、异化劳动者啊。马原都学不明白还想扯虎皮	None
至少人家生了娃还晓得带一带娃🤔 老黑直接就跑路了	Potentially
黑人没有任何可取之处，包括所谓的运动天赋，鸡肋一样	Potentially
说事实也叫黑⁉	None
甘肃人表示没话说😞	None
别人问地你答天	None
挪威政府由女性领导：首相以及外交、财政、司法大臣和议长都是女性。而且政府中四个执政党的领袖都是女性。议会中40%是女议员。首相索尔贝格说这“女性领导力与男性领导者一样自然而然”。	None
南方人是互黑，东北人是共黑	Potentially
真想砍死全部猩猩	Potentially
中国应该立法，公民使用铁膝的权利	Potentially
同等出身，同等起步，平等对待，在这种条件下，恐怕是男人认真起来没女人的事吧？！	Potentially
不知道吧里真正懂太乙神数和奇门遁甲和大六壬的大神还有多少	None
你确定？？？你能不接受新冠病毒的存在？你不喜欢香菜你能把香菜灭种？	None
能发这评论的，应该也只有尼葛吧	Potentially
好好好，早就想说了，外来物种凭什么进来就当大爷，又有钱又有人😄	Potentially
帮助个什么呀，算了吧送动物园吧	Potentially
那你可说的不全面。电信诈骗祖庭是台湾，骗子口音80%台湾腔，95%南方口音。	Potentially
我193，能不能让我透	None
那个女的已经破大防了，嘴倒是硬的很	Potentially
韩国是正面刚 给母狗刚到废	Potentially
对于美国人而已，嫁给我我们的美国女人也算是叛徒	Potentially
昆仑奴你好新来的	Potentially
韩国不也一样？	None
那是个别部分极端的人，就和说吃榴莲变态的人是一类人	None
不过外国语啥的确实要小心	None
觉醒群，抵制矫正供养者倾向聚拢觉醒男性，散兵游勇	Potentially
黑龙江，男的不帅还太热衷艺考。	Potentially
一般分家超过五代就不算亲戚了，所以如果你祖上五代也是天津人那么你就是天津土著，跟沈阳，北京，江西什么都没关系	None
到时候满街乱窜的黑小子，混血二代会成为公害。	Potentially
因为蛆就是畸形	None
很难不支持 确实 这个圈子的人 还总觉得自己高大上 笑死	Potentially
你没有必要强调自己的性取向，因为没人会喜欢你这头正宗肥猪	None
拿刀的女人确实比强壮的空手男人战斗力高。	None
什么玩意儿。反正我身边的漂亮女同学都跟我玩儿得挺好的，也都很有素质，我也没见过什么乱七八糟的女拳行为啊。少上网，各位。	None
因为时代变了	None
作者来看看吧，你们有人能拿南京大屠杀喷人呢，谁把谁看成外族呢😓	Potentially
据外媒11月13日报道，芝加哥大学中国留学生郑少雄枪杀案嫌犯被捕。嫌犯是一名18岁的黑人，被起诉一级谋杀、持武器抢劫和两项非法使用武器的罪名。	None
无论男女，找巧克力豆当对象的，男的绝交，女的有多远离多远，别跟我说什么平等，劳资就是种族歧视怎么了？	Potentially
说错了吗？我可是在上海呆过的啊，哪句话说错了啊，讲上海话吃本帮菜的上海人不是超过一半就这个德行吗？	Potentially
😅陕西人心里河南是全国人民都黑的对象，实际上不是的，陕西人往外走的很少尤其像广东福建这些东南方向，实际上被工厂老板排斥的更多是贵州四川那边的，而不是河南	Potentially
欧美学术界，媒体早就被白左渗透丑了。而且这还是媒体发表的研究报告什么成分不必多说了吧	Potentially
你既然都知道答案了，还来问题主？嫁给美国男人的中国女人，帮着美国人杀中国人，在中国人眼里，她们是汉奸。嫁给中国男人的美国女人，帮着中国人杀美国人，在美国人眼里，她们是什么奸，美奸😓？	Potentially
用地域来评价一个地方的人是不对的，但是实话实说，我接触过的东北人基本都不能深交，小心眼多，相处起来比较累，走南闯北，总的来说山东人不错，实在。	Potentially
别人男同也是有尊严的好吗？	None
领教过东北人的坏，我只能呵呵。	Potentially
我们的声音这一类的发言都属于纱布	None
昨晚上在南山壹华里就看见一个女大学生和一个默在一起，真太不知廉耻了！	Potentially
原因很简单，请问女的是被黑人强奸的逼的吗？大部分并不是吧，似乎是她们自己的意愿吧	Potentially
这个♂的是嘿杂吗	Potentially
最好别找，媚黑的女人已经烂到根了	Potentially
黑化的法国也完蛋了	Potentially
从来没听说过安徽人嘲笑什么江北八市，别有用心的人带节奏，还当真啊？？？这么多省里，我真心觉得安徽人大多数在网上太老实了，甚至弱势	None
惊了，居然是这个up，当初看她是因为手和脚特别好看	None
中国14亿人呢，啥样的奇葩没有啊。其实天天鼓吹多元文化，跨种族婚姻的那帮人，他们自己不嫁给非洲黑人。把这些脑子单纯的女人骗得一愣一愣的。	Potentially
为什么要纠正她们？你们希望她们过一个幸福的生活吗？	Potentially
留在这坑别人么，跟过黑人的女的十个有九个都有艾滋，	Potentially
黑妞再漂亮也不敢上，万一有艾滋病怎么办？有个黑人男朋友的女生要知道艾滋病潜伏期很长的哟。	Potentially
混血后代会受歧视的。	Potentially
万一结婚了，想想身边的人被默默默默三通过，弄不好还有艾滋，整个人都不好了！	Potentially
有过黑人男朋友的女的，但凡我知道了，我话都不会和她再多说一句，直接拉黑。见面也不会看她，她不配入我眼	Potentially
直佬日常出新花样罢了	Potentially
PUA呗，贬低你说你一文不值达到从精神上控制你的作用	None
跳梁小丑寻组织来了lz说的是你	None
给黑人生孩子的国女基本上在社会上大概率会社死🤣🤣	Potentially
这女的眼光不好啊，如果看不到未来干嘛招惹人家啊，人家男的以为找到个可以同甘苦的人奔着结婚去的，结果还说这些刺激人家干嘛	Potentially
怎么不是说男生180以下就是残疾那时候了，我稍微调侃了一下主页被冲了，然而我脸皮贼厚。	Potentially
不是的，中国女人也不喜欢找黑人的女生，我一女的单纯觉得我华夏血液被污染，黑二代多了会扰乱我们的社会，毕竟我们和其他皿煮国家不一样，我们靠的是5000年凝聚力。我身边如果真的有女生找黑男友，我绝对会绝交的！中国男的那么多啊，她就找不到一个合心意的？	Potentially
澳大利亚的一项新的研究显示，由同性伴侣抚养的孩子要比传统家庭抚养的孩子更加健康，有更好的社会福利。　　墨尔本大学的研究人员展开了一项被形容为是世界上最大的一次类似的调查。他们共调查了315对同性伴侣和500名儿童的健康状况和社会福利。　　主导这次调查的赛门·克鲁切(SimonCrouch)说，由同性伴侣抚养的孩子在健康状况和家庭亲密度方面比总人口平均高出6个百分点。　　他们调查的内容包括家庭相处的好坏程度。克鲁切博士说，看来同性伴侣的家庭以及他们的孩子相处得很好，这对孩子的健康起到积极的作用。　　澳大利亚统计局的最新数据表明，澳大利亚共有3.3万个同性伴侣家庭。　　基督工组织“澳大利亚家庭之声”(FamilyVoiceAustralia)的研究工作者罗斯林·菲利普(RoslynPhillips)说，应该谨慎对待这项研究。她还对主导这次调查的赛门·克鲁切的客观性提出质疑。　　但来自同性伴侣家庭的克鲁切说，他的个人现状并没有左右这次调查的结果。	None
同狗日常迫害正常人	Potentially
它要是这么有意见就不改呗，说的就好像受了天大的委屈似的	None
小朋友，别再给河南招黑了	None
基洞恶心不接受反驳	Potentially
这个鸡佬，喜欢精神胜利，是一个辣鸡，真是笑死人	Potentially
这个政治非常正确	None
我认为不是先天的，但有的营销号说是先天的博取关注	None
NBA的脑残粉男的和EG一样，low到骨子里	Potentially
对女性共情就是滥情就是对男性的pua	Potentially
看到李纯微博越来越多的理中客姐妹支援，大姐感到很欣慰。	Potentially
论起被地域黑，东北拍马都追不上。不过是掌握话语权把自己粉饰成受害者而已全国一二线城市中你最不喜欢哪个城市？	Potentially
毕竟指导思想都是犹太人，像想亡我国家灭我种族，很正常！	Potentially
中国男人超强的繁殖欲，也许我们的基因就决定了我们不团结，所以才需要高喊团结的口号，而国外大多数人泽不需要这些毒鸡汤就能看破实物的本质	Potentially
那要知道这些女人男人塑造的，不过是男人怕其他男人变成舔狗罢了	Potentially
往全体上骂不是所有女拳的特权吗，那件事没有骂全体的见怪不怪	Potentially
哪都有孝子	Potentially
嫁个能发动全网媒体辟谣的男人	None
我只歧视那些歧视别人的人😊	None
只有微博一个社交平台是女性发声集中地，然而男性有虎扑，有知乎，有豆瓣等等社交平台，为什么你们连一个女性发声社交平台都不允许呢？虎扑玩的多脏啊，肆意评判女性身材。	None
主要是同性伴侣关系更和谐的原因吧，异性生理差异争吵多	None
马上十月一了，黑人和黑小子不要消费爱国主义，这里不是你的祖国，请回非洲	Potentially
这种占座的事还真让我碰到了	None
女拳师呢？是不是经费没覆盖？😆	Potentially
说的就是这个打法么？😜实用啊	None
关键是她不知道小日本这句话怎么来的吗	Potentially
河南跟安徽都是穷省，外出打工的人多，所以就成了被黑的对象😅	Potentially
看好了这一家人现在开的秀混血儿，将来入学工作婚姻上这些长相差异巨大的融入不了中国社会时看看他们有多着急。	Potentially
黑种人的智商，黄种人的体格，混的太成功啦	Potentially
有交流群吗	None
你应该学习一下生物学和遗传学，然后研究一下黑人的劣质基因，并进一步找到黑人低智商和野蛮的根本原因。	Potentially
我江西同事私下都说绝不找本地的，除非没得选	Potentially
女足是很棒但和她们可没关系	Potentially
驻马店骗城全国有名	Potentially
这边风景独好	None
A：你看这个上海人这么傲慢，果然上海人就是这样。B：确实，我们中国人的素质还有待提高。A：他凭什么代表中国人，我可不这样。B：对啊，那他凭什么代表上海人呢？	Potentially
同性恋不能动武，要教化	Potentially
弟啊，花呗了解一下	None
备注：本人于今天上午一点发的同名帖子被系统删除，删前已有100多评论。大家猜猜是怎么回事呢	None
**cr，一个二次元网站引流一堆慕刃把环境都搞臭了，以后大会员一天也不充了	Potentially
病原体何必为难病毒呢？	Potentially
当时我这句话是在比较生气的情况写出来的?如果你是真爱就当我没说。如果真的到了谈婚论嫁的年纪，最好还是不要留在中国。	Potentially
你爱买越南新娘是你的事，就别代表中国好男人说话了😂	None
那些大多数是腐癌，他们根本就不支持同性恋，他们只是想看两个帅哥谈恋爱😢	Potentially
你有没有想过为什么微博女权要在微博上发反婚反育的文章?你真以为她是为你们女性追求利益?其实都是工作,她自己结婚了忽悠人不要结婚可以赚钱	Potentially
这里有个接了黑盘的郭楠，虽然上交了工资但婚后还是要带绿帽😄，这也太吓人了。	Potentially
我提一个：見到称呼老婆为“领导”“LD”（後者更賎，字都要遮遮掩掩）的，一律骂死。男人是一家之主，户主名称，何时让给女人领导？	Potentially
你们公司就不该录用这种女人，会带坏公司的风气。	Potentially
不一定只有男同恶心。有的阴阳人也挺恶心的😄	Potentially
杂交能避免让隐性劣质基因显性，反之。也能让优质基因隐藏。纯种相反。也就是说当你的血统够优秀。尽量要保持血统纯正是最优选择。如果你基因全是毛病。还是杂交吧。😅	Potentially
我也完全懵逼，烦死现在我都不上知乎了，除非有什么必要的问题	None
如果有人问如何评价，我评价建议去微博而不是来贴吧	None
你去看看黑成都的	Potentially
你哪来的结论，我实际考察了四川各大高校根本不是。	None
我是同性恋 从小都是 我也能理解别人对我们的不理解	None
好看的靴子都是为女人设计的！男靴虽然这些年有所复兴，淘宝款式多样，但还是远远不如女靴，穿的人也太少！其实马丁靴、长筒皮靴、雪地靴最早都是男人穿的！如今大冬天大多数男人哪怕上衣再帅气高端脚上依然是很土的运动鞋破皮鞋甚至露着脚踝袜子！这真的很奇怪！这种两极分化极不正常！	None
你的回复我看不到？	None
你可以与黑人结婚，但孩子别生在咱国，我可不想看见后一代是黄黑人种	Potentially
无后为大，没有后代就是大爷	None
图一这脸有点疯狂原始人的味道	None
EG都不是找那种老g吗。优秀的别人看不上	Potentially
原本就是基佬的自嘲，还是用淋语说的，结果不知道谁拿去用出基圈了吗？	Potentially
中国没有同性恋或者什么什么恋？他们都有一些共同的称呼情侣，爱人，红颜，知己	None
这个女网民她是高级黑，是黄皮肤中国人嫁给非洲黑人，她是研究生学历！	None
湖南挺好的啊，去旅游被索道吓的一愣一愣的	None
慈禧说得真对	None
可千万别带上河南人了，现在河南人风评已经不错了，都是觉得他们踏实肯干。其实全国各地有哪个地方没有黑料，只是有些是调侃，有些是讨厌罢了。	None
哈哈是啊我还记得在香港重庆大厦那些各种好闻的香料和难闻的体味混杂让人恍惚到了伊斯坦布尔的经历，，，不得不承认上帝造人太公平，让印巴人种有深潭一样美丽的眼睛和脸部轮廓但就是不能让人近身，，，，，	Potentially
下面那个回复太有才了	None
哈哈哈这主播有点实力啊！	None
哪来的通讯录怪物	Potentially
个人肯定没办法对他们好，但是从法律上来讲的话确实没办法	None
顶上去，让它们多多发电	None
无风不起浪，我就被河南人骗了几回了，没得洗	None
因为她们都是一群没人要三无妇女。无钱，无色，无品	Potentially
没办法，关于非洲的都要慎重考虑。尤其是黑人(不管哪国国籍)	Potentially
不结婚就完事了，真想不懂都22年了解放那么久了。还有人非的要遵守什么祖宗留下来的传宗接代	Potentially
我没看到他原来的回答，不过我觉得不带有歧视正常的婚恋是没毛病的，那种含有种族歧视的崇洋媚外的却是让人唾弃。	Potentially
说的对啊，要担心的是我们。本来女人过的就是比我们男人要轻松。	Potentially
别人正常恋爱结婚怎么了？	None
不接受也无所谓，有接受的也有不接受的。但是骂出来就不对了，拿答主你的【吃辣】的例子来说，不喜欢吃辣还骂别人吃辣的人，恐怕用【稍显粗鲁】来评价太不痛不痒了。	None
宁愿娶二婚也绝对不要跟黑人在一起过的。	Potentially
黑人农奴都卖去美洲，法国本来农民就够	Potentially
真的有些腐癌还有喜欢基，雷百合的，还是好看的基，这也太双标了	Potentially
PC咋啦，这些人对自己人狠	None
人类早晚要全体黑色，早入有优势	Potentially
实现共产主义是共产党党的最终目标，你想干嘛？	None
不知道看到多少说让上海人多死点大快人心的评论，到你这就是稍作讨论😜	Potentially
哥们，你真是👍👍👍	None
5000阅读量，这是哪里引得流	None
黑东北的都是参加工作后被坑过的。东北人在单位绝大多数都是只耍嘴皮不动手。（毕竟唠嗑是人家的种族天赋）不光耍嘴皮，还拉帮结派，搞小集团，瞒上欺下（虽然欺下瞒上更顺口，但显然不符合东北人的特点。东北人是绝不敢欺上的。）	Potentially
同志本来是代表革命者的什么时候用来代表同性恋了?	None
粿籹凌迟就完事	Potentially
男人变态有什么错	Potentially
真是奇怪国际法写的清清楚楚，种族歧视只是一国人而已。归划人不在其种族歧视的范围之内。	None
河南竞争激烈不是自己当年不遵守计生政策造成的吗😄现在多出来的人到处跑搞得其他地方土著生活成本都提高。还有，被黑确实是很多老乡的素质低	Potentially
那她得不介绍她的社会关系。	None
给你一个送我彩礼的机会	None
不一样，塞尔达没了可以打，打完跟以前一模一样，而且没朋友，又没人牵挂着你上线	None
作为新时代独立女性为了争取权利，那为什么不告诉现男友?怕国人不要你?别怕啊嫁去巴基斯坦啊	Potentially
别提了，我说我觉得江北还有南京挺不错的已经被开除苏南籍了，甚至还有的人说我是反串的😓其实我身边老一辈确实有点歧视但年轻一代基本没有歧视了，我不知道在网上为什么这么多内斗的人😅	Potentially
但上海男人是真的小气	Potentially
大伙集合了	None
有些国男多学着点吧😄	Potentially
本人曾经向他指出这一点，对此，他选择了转移话题	None
拿去微博，一堆拳师教你做人	Potentially
现在我彻底懂了为啥白人要对它们隔离因为不管咋个给它们提供再好教育它们也无法同白人与海外花人一同治理好过家这是为啥这是它们天生大脑与基因所决定的	Potentially
没爹的黑孩到处扔	Potentially
意思就是说，不平等，以及双标。同性恋回怼来自一些来自异性恋的攻击性言论，结果在你这成了同性恋过激了。但异性恋如果回怼一些来自同性恋的攻击性言论，评论就基本全是认为异性恋这么做没错，“干的漂亮”“同性恋活该”之类的，最后，结果又是同性恋过激了。看到了吗？这就是驰名双标，无论怎样结果都是同性恋的错，果然这个完全来自主观的屎盆子扣起来可是一点不费劲。	Potentially
记住，人人生而平等，你歧视别人的时候自己已经堕落了	None
江西为什么是第三号坏人	None
一个人又不会跟你说ta跟黑人搞过，这是最可怕的	Potentially
有这种同事都是敬而远之。	None
婆罗门性别是这样的	None
11.让全球气候变暖12.导致世界金融危机	None
别尬黑，这是拳师日常化的高级妆	Potentially
找黑哥哥黑妹妹的一律留在别国，不然污染了中国土地	Potentially
河南，东北，山东，地域黑重灾区……	Potentially
国铝是这样的	Potentially
为什么现在感觉男权全都是要求男女平等，而女权要求的是特权呢。所谓女权天天拿生孩子做家务来为幌子打压中国男性，现在中国已经变成了女人吃你的拿你的还天天微博贴吧说这不好那不好，所以男人付出就是应该的，求一点点回报就是错的	Potentially
男女两性是不一样的。	None
我从来不会同情国女生的黑人孩子。包括他们的母亲。一样不会同情。	Potentially
因为洛阳跟西安的利益冲突（旅游方面），陕西那边有组织的对河南地域黑，河南对陕西也有同样的对骂，这都是人尽皆知的事了，还给陕西扣帽子？	Potentially
看你俩好像都是友军	None
我是直女，我也是性向平权主义者。其实吧，接受或者不接受的人，我都能理解他们。我真正为他们可悲的，是自己不理解不支持同性恋，还不能理解我们为什么要支持的人，他们的世界实在是太小了。说起这个，有同事曾经问我“你更不能接受0还是1”，我坦然回答“我都能接受，我不歧视同性恋”。他追问了我三遍“相对来说呢？勉强选一个？”	None
老默是啥啊⁉	Potentially
咋滴，就你能歧视？中国人都应该这么歧视✌️	Potentially
这个。。。原谅我不厚道的笑了。我也想黑一下各地的女孩子	Potentially
黄种人普遍都不喜欢黑种人	Potentially
人家发个表白墙碍着打拳什么事了？现在大学里男生果然变态很多呀，还偷拍别人，建议报警	Potentially
您如此高傲的挑衅全体人民的行为可真是让人始料未及呢	None
中国eg这么多🥺🥺还不允许中国男生分头突围了🤭🤭	Potentially
我们国家很好啊，就是有些eg，低劣生物那是变异，和国家有什么关系？国家让你便宜了？	Potentially
实际上排名前20%的女人真卷起来连后20%的男人都卷不过	Potentially
我讨厌双标魅黑人，觉得男人娶黑人就光宗耀祖的那种	Potentially
白人政权统治时期，南非人均GDP很高，是准发达国家的水平，但是在黑人统治过后就迅速滑落。但事实却是，在以前，南非黑人不算人，黑人参与社会劳动，但是只有白人才参与人均GDP,当然就会出现人均水平较高的情况。	Potentially
最讨厌没了解，动不动就极端女拳、极端男权的，麻烦你对比下整个网络的声音里面，谁的极端，谁是起始者，谁是反对者。谁是进攻，谁是防御。	Potentially
反击他妈。她就是想赚男人的钱。你还真信	Potentially
以偏概全，就是你的思维方式？希望你早日脱离这种落后的思维方式，八婆其实也是一种落后的思维方式导致的行为方式。@百舸争流	None
奏你是天津的啊？还我们滦河水！😠	Potentially
禁止黑人和中国女子通婚，黑人的后代不能加入中国籍	Potentially
楼中楼的基佬你就继续装可怜洗地吧	Potentially
这让我想起我初中时班上有个侏儒 老师让我们不许歧视她捉弄她 要带着她玩 所以我们女生不论做什么都会尽力带着她一起 调皮的男孩子也不敢捉弄她嘲笑她 一学期下来 她开朗了特别多	None
卡菲勒是同性恋🤭	Potentially
我在湖南旅游玩的很开心，好山好水好风景，历史文化积淀深厚，除了美食太辣都挺好的，本东北老爷们被辣的不要不要的	None
而且你说的“细胞都在反感同性恋”用稍微科学一点的话来说是“在无意识情况下就看似无理由的反感同性恋”	Potentially
？？？不要以偏概全啊 大部分国女都很正常 外网就爱带节奏	Potentially
洛阳口音和商丘口音还有信阳口音你能分清嘛	None
幕刃这智商也是服了，自己妈妈说大实话不听，听网上的人吹牛逼	Potentially
澳门有性感荷官 就不黑了	Potentially
呃，事实如此，男生对男同首先是有生理反感，其次才是歧视。男生对女同没有生理反感，所以才会更喜欢女同。	Potentially
谁叫你们成都买榜搞什么魅力城市排行，一年吹一次自己	Potentially
可能会更多，那个统计没有考虑到不同人群。实际上大学生感染艾滋病的几率是不断升高的。更何况很多艾滋病携带者自己都不知道	None
伞兵，我是友军，没看我是高级黑吗	None
感谢女拳组织的出现，解放了男性，男性开始逐渐躺平，不结婚，咱们看看不结婚到底谁着急，谁过得更好	Potentially
看吧女人哪有小心思三四十万就可以咯?	Potentially
这也是醉了。什么时候异性恋还需要别人认可了？	None
没女权那么小肚鸡肠	Potentially
评论区谁破防了我不说🤔	None
同性恋又没触犯法律国家当然不管也管不了总不能抓起来吧，既然管不了干脆不管了反正又不影响社会稳定，不是国家认可，是国家不管。国家不在乎。	None
孩子倒是很有理想👍	None
黑人请离开	Potentially
最后一个，馋到我了	None
这东西不分男女	None
既然都是和外国人结婚，那就是一样的	None
主要是，是黑人先种族歧视我们的！他们明明自己也是被歧视的对象，好意思来歧视黄种人	Potentially
这方面的报道我也看到过，女的多数具备双性恋倾向，性取向的矛盾在于男性。	None
就是 我这边 以前有个男同专门杀同性恋的 说是被他们那个群体逼成这样的	Potentially
你老公要是知道，估计要恶心你一辈子?	Potentially
强奸罪只针对男人定罪，这是公然歧视男人。应该改为一方不同意，另一方就是强奸。如果发生关系时，男人不同意，那么女方就是强奸罪。	Potentially
它们要的是特权	None
不都是 吃河南粮食吗	None
黑南方的都是北佬。你们北方就一个北京，我们南方有上海，广州，香港，深圳，台北六个一线城市	Potentially
锅钕又装男的自我高潮了😅	Potentially
为什么复旦的三个高端人才，只因嫖娼就被开除，我想问问，猥亵女学生致其死亡的那个黑人怎么处理了？学校还当爹一样供着?	Potentially
额，你不会以为同看到你就会疯狂的爱上你吧，有点自知之明行不行	None
就算是编的，我也相信，臭母狗	Potentially
不要当舔狗不要当舔狗，把女人当男人一样对待，男女平等，约她来就来，不来就赶紧再约下一个，什么狗屁持之以恒的追求，那是死缠烂打，幕刃最讨厌死缠烂打了。	Potentially
我是河北滴	None
可能你有十几二十个人追吧，所以有人喜欢你你也觉得理所当然	None
前提和推理不足	None
新疆人坑人的太多，几年前买切糕的时候说好了50切点尝尝，结果切完直接变五百，我扭头要走他们把刀都掏出来了😅。	Potentially
归根究底，广大普通女性若是靠近普信男，会不幸。这是最正确的结论。	Potentially
黑人至少比你强多了	None
人家那是和全世界联系起来的，眼界比我们开阔多了，有这种优势哪个女的不想嫁给他们？	Potentially
连动物，他也干过，就是不愿意干黑人	Potentially
你是只字不提东北人多会骂人多会地域黑	Potentially
😅我就知道会扯上安徽	None
哪有温柔善良的？温柔了就不会善良，成天琢磨怎么算计公婆算计家人，占到便宜才会温柔。行为善良或勤劳的女子被女拳挑拨的心理失衡，就不可能温柔，温顺。即使有温顺善良兼备的，往往又好吃懒做。	Potentially
哈哈哈哈哈怎么一天到晚把彩礼挂嘴上 谁问你要彩礼了	None
我山西其实还好，算是刻板印象	None
之前我没深刻体会，这次的鹅乌大战倒是敲醒我了	None
别自我意识过剩了。别人看你也一样hui气。	None
这位四川朋友没说错呀！	None
这地方在全国是出了名的	None
这不就是全人类英雄这个美国警察正道之光	None
人造子宫不是为了贬低女性，是为了女性不受十月怀胎，骨肉分离之苦，谢谢	None
姆🐶老是先开团，真的可怜，没事就骂男性。	Potentially
大家在黑人吧宣传黑人有害的同时，应该在别的贴吧，或者任何平台，或者任何能宣传的地方也宣传反黑人，宣传黑人的危害，这样咱们反黑队伍就越来越大了，反黑的人也越来越多了。我就是看到大家宣传黑人的危害的信息加入反黑队伍的，大家一起努力宣传反黑人的信息	Potentially
你说的也对，默确实是这样，有一个不嫖是弄完不给钱，就不算。你得出这个结论应该是这个行业的吧🤔	Potentially
控制三非不应该是片区警察这种终端承担全部责任，而是从引进的源头做起。以前引进个外教还要检测艾滋，现在好像是啥都不需要了。	None
女人可以光膀子吗，当然可以，女人不能光膀子是传统的刻板印象	Potentially
我怕有艾滋😓😓😓	Potentially
只要她们移民出去就行，别留在中国传染艾滋病，这不是害人么？😂	Potentially
你太小看美颜了，怎么就不能是男的呢，男的你一样看不出	None
上来就搁这查成分，女拳怎么搞的跟什么一样	Potentially
恶意p图现在又想反咬一口？？？？你脑子有大病	None
黑人事太多了	Potentially
才中国大城市都有日本街，文化入侵相当严重	Potentially
春日祭母勾还拉黑啦	Potentially
反同就是因为要保护中国公民的人格尊严才要反同，同恋太丢中国的脸了！公民在行使自由和权利的时候不得损害国家的社会的集体的利益和其他公民的合法自由和权利。同恋就是在损害国家，所有公民也染艾不结婚生子对国家没有损害？还有注意的是要合法因为同恋的爱情不被认可所以不能同婚。	Potentially
嫁给外国人就不是中华民族了，假如你嫁给日本人，那你就是大和民族了	Potentially
我被封过一星期。说的很光荣似的	None
确实当初13年还是14年的时候徐州的商场里禁止新疆人入内，可能是和那时候的爆款有关系。特殊时局特殊对待了	Potentially
四川的黑点不是gay多嘛🤣	Potentially
赞同 但是你可能没吃社会 所以信息都来自网上搜索 但现实是步入社会就会感受更多🤣老一辈确实“夹生” 年轻人基本都还好 不能说排外 是心理上的优越感 就比如跟一个小区邻居遇到了 阿姨拉住你聊天 问这问那 最后讲了一堆自己怎么有钱 怎么过得好 感官就不太好🤣感觉被秀了一波 不知道是有意无意 所以后面再有阿姨拉着聊天随便应付两句走人🤣上学的时候来上海玩 第一次坐地铁问路得到个白眼🙄️🤣给我白眼的那个大概30多女的 🤣刚开始来上海工作 大部分人都很友好 个别同事比较奇葩 喜欢欺负外地人 30岁左右女的 没多久就自己辞职了🤣	Potentially
是的 ，不知道那些人在想什么 ，有什么好看的 ，一般看到白皮黑皮都屏蔽	Potentially
没啥可说的，典就完事了，呜呜呜，原来我们男性出轨不是个例，我给男性丢人了呜呜呜	Potentially
当今网络上人们人们发言都无所畏惧，不正常的言论无限放大，耗尽了大家的信任。正常的人也不可能天天无聊在网上吵建议楼主还是多关注现实，提高识别能力，至少我觉得身边男性女性都还挺正常的，很少遇到三观离谱的	None
是日本比较喜欢江浙人吗，尤其南京	None
看看你楼上就知道到底哪严重了😆评论区简直是直言不讳	None
有同妻婚骗啥的，而且男同对女性有仇视倾向，男风盛行会导致女性地位下降	Potentially
社达不好，但在某些范围有效。	Potentially
做这么多伤天害理的事难怪会成长为基佬！	Potentially
成都人到处开地图炮的时候，有没有考虑过原因？	Potentially
国男就是爹味太足，死抱血统不放，我一个极右都不知道他们哪来的这种思想。外娶有多难？天天在国内挑挑拣拣想找一个好姑娘出来🤭	Potentially
我只是陈述事实，我重来不地域黑任何地方的人，毕竟我遇到的河南人都很不错，但是为什么河南人被黑，我想肯定是有原因的，多说无益，88	Potentially
我接触的河南老哥虽然有时候拎不清，但是实在是真实在，不好吹牛真是非常优良的品质	None
这不给小酰钕尝尝被铁拳砸的滋味？	Potentially
大多黑人都是入赘的	Potentially
你是独立的个人。你应当拥有自由。	None
说实话我可能更喜欢 类机械化 的东西，相比起生命我可能更喜欢无机物。😜	None
49胜率这mg也太低能了吧?	Potentially
因为大家有家庭有事业，上学工作，没时间整天拿个手机在网上看它们打残虹拳，它们要么是50w，要么是游手好闲淫虫上脑那类，它们有那跟我们敲键盘的时间还不如去查一下艾淋梅尖	Potentially
我真的接受不了一些喜欢同性恋的说同性恋才是真爱，异性恋不是真爱，只为了繁殖，就第一次看见这句话的时候，我的第一感觉就是耻视异性恋，还有就是让我对同性恋的好感降低了一大截。	Potentially
乐了 自己吃饭都是问题还老想着血统 那群人脑子里可能装的是💩	None
标签是会越贴越多的	None
一口一个硬盘的爱丁堡人	Potentially
看到这货的评论瞬间觉得真特么晦气	None
资本主义的喉舌又来鼓吹消费主义了。	Potentially
你哑巴了？这不问候回去	None
doi是啥	None
幕刃嘛，是这样的	Potentially
心疼一下你，要被地域黑喷三回，第一次是你的户籍，第二次是你的祖籍，第三次他们就会骂你的的民族和宗教了	Potentially
想加男权群可以私我	None
你这样在美国是要进警察局的	None
圣母还越来越多	Potentially
希望反同恋吧越来越好	Potentially
郭楠也配碰瓷你默大爷啊😓	Potentially
乐队？黑人擅长音乐	Potentially
那么基佬能接受和女人make love吗？	Potentially
老话说得好，狼行千里吃肉，狗行千里吃大便	None
txl和yxl都进来看看，给你们看一个双面人	None
反正现在女的很娇贵大家都知道就算有人揭破也会被女的集群群殴很危险的！！！	Potentially
有人管挺好的，没人管就变成透明人了	None
不，你只有一个错误：浪费时间和**废话	None
楼主高瞻远瞩	None
你举的两个例子，我怎么感觉都没什么问题啊，警察处理问题难道不应说普通话吗，至少双方都应该听得懂吧	None
一群小丑在靠攻击别人来装优越罢了😓	None
敢批评我们？建议中国女权开除世界女权组织的女籍🤣	Potentially
可以结婚生子，然后就是这态度对她，爱过不过！离了更好！自在。离婚后可以谈女朋友，不主动不拒绝不负责，如果女方催婚，你就说本着“开诚布公”的态度，然后哭穷，保障女方立马就跑。	None
我看了几个屈机头条的视频，非常的喜欢，里面的几位博士学者学识渊博，风趣幽默，对国家一片赤诚。非常的令人崇敬！可怜我只能在微博上关注搬运工，还得眼疾手快的下载，不能让渣浪抢了先。	None
这都是畒的托词罢了，现实中不需要父母帮忙看护孩子的家庭极少，加上很多畒借着冠姓权做文章全权交给男方父母的大有人在，至于伺候男方更是无稽之谈，80以后的女人让她包揽全部家务伺候男人起居住行？怀孕为借口殊不知现在丁克家庭也不少，抛去这一项畒还有什么？	Potentially
我四川人，在江浙也有歧视	Potentially
一百条才哪到哪，我那几个回答每个都有两百多条吧	None
化学姐改名了	None
工作过的人应该清楚，女的比男的享受很多优待。	Potentially
的确有人天生是坏种，比如你	None
现在的高中生都知道那些跟黑人的女人不能找好不好	Potentially
黑河南、黑北方的都是南满	Potentially
这幕刃说的点都错了，彩礼不是家庭经济行为，是古代的礼法。而且劳动力就是商品，涨工资是为我的劳动力需要相应的报酬，是我光明正大赚来的钱，怎么是物化？彩礼女人只卖卖o就OK了	Potentially
还以为微博才是地域黑子们的天下，看了底下的个别评论，没想到知乎里竟然也有以讹传讹的地域黑子╮（╯＿╰）╭	Potentially
《啥好处没捞到》男人要感谢这种女人，看看当供养者是什么下场，出钱出力还被嫌弃	Potentially
其实最严重的是河南[🤔在大陆，一般说人品很差的人都是河南人了。而河南人听到这三个字也非常敏感，经常怀疑别人在地域黑??	Potentially
反对！女权比默更可恨！	Potentially
搞不懂中国人为啥要吹黑人性能力，其实他们根本没去了解过，等到女人真信了谣言去找黑人了又哭天抢地	Potentially
最后一句笑翻了	None
所以，我已经恶心死了。	None
说明我国还是有一些封建思想余孽的	Potentially
找20出头的小姑娘不香吗？	Potentially
那你们为什么觉得大学生不能南下？🤔说白了就是你们觉得南下的大学生抢了你们饭碗😆所以才带着怨气黑	Potentially
那你就别说她瞧不起外地人，只不过看钱罢了不就行了	None
😅自从巩汉林在春晚上开地图炮，就打开了潘多拉魔盒。开第一炮是他，结果受害最严重是他自己老家。	Potentially
我想……我们得回归现实了	None
但像中国女拳这种以给外国人做性奴为荣的女性，确实让人无法理解，匪夷所思，地球上找不出第二个类似民族的女性	Potentially
你们基不吃药的真面目更妖	Potentially
旁边四川大哥替我解了围，南北疆我走了一遍，一路都有各种人当我面直说河南人不好，但这个哈萨克大姐是第一个这样说的少数民族，让我印象深刻，她其实连汉语都不会几句呢……	Potentially
我咋没看到反串差评	None
我支持的是恋爱自由，我的话确实歧义挺大的😓	None
他已经翻车了，找的论文都是野鸡论文	None
你这算什么 我们东北被黑的都快被踢出中国了😅	Potentially
这个故事告诉我们，没有被全国黑过的地方，不是太穷，就是太怂。实力和名气全没有，居然能防喷！也是强😅	Potentially
不过医生好像也都意见不一呢而且并没有哪本医学书有写同性恋是疾病曾经诊断标准里有现在也删掉了哦当然你说这是一种退步我也不反对	None
啊 虽然这种人确实很讨厌 但是小兄弟你为啥在我的评论下回复这个⁉	Potentially
我在b站的很多男拳内容都被删了但是那些女拳没有被删	Potentially
祖国认为自己厉害，硬要接收黑人	Potentially
手游死亡扳机2里的非洲，杀黑鬼丧尸那叫一个爽	Potentially
其实你很不平自己为啥不是黑帽门女主角	Potentially
没看完，不过看到北方人黑河南就不想看了。我土生土长的辽宁人，在辽宁读的大学，直到毕业才去到南方，也是从在南方开始，才发现南方各个地方都对河南抱有歧视，让我很吃惊，也是长这么大第一次见到中国这片土地上竟然还有地域歧视，本以为大家同是华夏人，应该是中央宣传那样56个民族是一家，内心受到了一万点伤害。后来的后来，发现我们东北人也开始被歧视，一度让我很气愤却又无计可施，身边甚至有当我面歧视我家乡的人，也有歧视河南的人，我不会反驳，但是我会说，我最讨厌的就是地域歧视，歧视别人的同时你是否能承受住别人歧视你！在东北，在辽宁，我从没想过我还会有这些想法，因为没有见过歧视河南的情况。	Potentially
经典各打五十大板了，再扣个狗的帽子，很难不典😓	None
😓豆瓣小红书你是看不到？微博的社会影响力也是这六个软件中最大的，无与伦比	None
嗨嗨嗨😆黑北京的哪有黑上海的多😎	Potentially
有些女的分不清是非黑白	Potentially
就这事就能看出这个酒厂估计没几年了，请代言人直接逆着受众群体选	None
人性就是这样，反正我也不是什么完人，偏激就偏激吧。	None
咱们黑龙江和吉林没有出海口啊?出海口可太重要了，太羡慕有出海口的城市了	None
炒作而已，这个女人没死。	None
家政相当缺人啊觉得自己牛逼去应聘啊看能坚持几天被开除	None
还你们 我从未发表任何关于男女话题 单纯不喜欢杨笠这个人 请你和我说话之前先讲道理 活该这两个字我是担不起的	None
十八线小城有几个外国人？😓	None
我就说一个，在华黑人除了留学生，除了跨国贸易，除了文娱还有什么，这样是很好针对的。	None
青海存在感比较低，不会被歧视	Potentially
不会是个gay吧😆	Potentially
就是尼玛的瞎好，一群gay不挑人	Potentially
丑人多作怪	None
很久没来了！看到曝光台有人又拿可笑的种族歧视当理由举报黑人问题类贴吧，决定再来发一帖，也留个备份贴给那些人看，内容可能有些冲，	Potentially
黑人还不够格，脑癌才是	Potentially
他们眼里东北985都不如民办	Potentially
搞的那歌跟你出版的一样，是你出版的该你的也得受着，还轮得到你挑选顾客？	None
蛮是少数民族	Potentially
小红书资深用户，刷到的都是美妆，穿搭，腹肌小哥哥，还有一堆妆改容貌焦虑的。	None
我去，他们自己闻不到吗😅	Potentially
找老婆不能找强势的	Potentially
后面改成默也算人😅	Potentially
被男同喜欢并不值得高兴，反而值得反思	Potentially
上海人笑而不语。看来全国人民都是一样的，哈哈哈哈。	None
支持你姐妹	None
山西挖过煤	None
对啊江苏不只是看不起河南，看网上江苏人似乎都不是中国的地方了，他们就是高人一等，和其他省份的人根本不是一个阶层🤣	Potentially
事实上，现在少了很多，但依然有。比如某电子厂招人，招聘广告里第一行最大五个字，不招河南人。😅	Potentially
真有意思人家新生刚来人生地不熟一个认识人没有咋这么优越呢我不多说你去高中找那个混子你跟他练练呗他拍的那个视角也不带有多高的就个胖矬	Potentially
而且生孩子跟这能一样么，不是两种感觉？怎么不让女的试试电击，看看生孩子和电击是一样的不	Potentially
你怎么不接吧主电话了？你怕你工作单位知道你是同性恋就开除你了？	Potentially
标子跟黑蛆一样，只会胶配繁殖	Potentially
今晚别睡太死，姆坦马上到你家门口	Potentially
这个逻辑可以	None
黑西安的只有洛阳人，但是黑河南的是河南四周好几个省	Potentially
看，各省都能调侃自家被黑的情况。吴语区就不配说自个这地被黑。吴语区人民瑟瑟发抖。	Potentially
对优越感十分执着的人，内心一定是自卑的。所以，这个问题还需要深入挖掘。	None
是的，生下来的孩子可千万别入中国国籍哦~~	Potentially
好家伙，你这是多重战略机遇叠加呀	None
不管怎么样，鄙视这种歧视国人，做汉奸帮助侵略者搞子宫战，生哥布林的行为就对了。	Potentially
南满总是旁敲侧击着、变着法的黑河南、黑北方	Potentially
我是河南人，去新疆玩跟当地哈萨克人一起吃饭，听说我是河南人，哈萨克大姐直接对我来了句“河南人，大骗子！”，当时我就懵逼了，不知道该怎么回应。	Potentially
我觉得你写的太好了，我之前，看那些耽美的书评，里面底下都会有很多很多的人骂同性恋的我就觉得这个圈子里面的人太可怕了	Potentially
这样的人一辈子都不会被人看上吧	None
她们还可以在职场在学校说性别歧视，要求男性让渡	Potentially
其实南方人才是奴性太深，被南下的北方汉人奴役了两千多年，被奴隶主洗脑，动不动就殉节殉国，得了斯德哥尔摩综合症。正常人最在乎的是自己的生命，而不是什么忠烈名节，长期被奴役的人才恨不得为主子去死还优越感爆棚。	Potentially
是有很多中国女拳友，还是脑子不好使那种	Potentially
腐癌关txl什么事	Potentially
知乎三臭唐山 河南 上海人😄	Potentially
这个观点我太认可了	None
教育开始就在教育男生让女生，还要保护，神他妈绝了。最讨厌就是女生自己说你们男生要让着女生	Potentially
上海人，或者说咱们长三角人被外来务工人员黑的严重，比首都人民不知道严重到哪里去了😅	Potentially
这他妈还用说，看看南非现在这个鬼样，就算以前不是发达国家，肯定也不如以前的经济和治安水平	Potentially
绝大多数郭女离开化妆美颜啥样自己心里没数整容之后能不能看都不好说	Potentially
批判啥啊。跟黑人搞一起，你看不惯就不搭理他们就好了。有时间看看 袁鹏的帖子。中国男人应该学习下日本人，要彩礼没有钱，要房子买不起，你们爱嫁不嫁。	Potentially
现在关于上海逻辑是这样的：上海是个好地方（所以上海是全国的上海）上海男人上海女人却是贬义词，配不上属于全国的上海！换句话说：310的不配做上海人？哈哈哈，搞笑吧？	Potentially
啥都不会的洋女也不过跟多数国女持平罢了，从比例来说这是正常情况	Potentially
我不喜欢黑人，第一点是，是审美上的问题。第二点是，他们刻在骨子里的懒惰，与不安分。第三点是，他们没有国家认同感，对他们再好，他们也觉得自己是落叶，只知道索取第四点是，他们没有民族荣誉感，他们不会为了民族而斗争。可以慢慢同化，但是要多少时间与代价？？	Potentially
这也说明反同界多年的行动并不成功……	Potentially
消费主义可是女权源头啊，自己冲自己的源头吗？	Potentially
只希望能多接受我们罢了。	None
现在不是桑嗨仁歧视外地人的时候了🤣	Potentially
有艾滋啊，比瑶姐还脏啊…	Potentially
河北偷井盖是事实 不叫黑昂	Potentially
咋说呢，你应该去豆瓣微博小红书还有几乎所有的女权聚集地去说说，你会发现，女权认为自己等同于女性	Potentially
真是利都让女的占了，真是都是沙碧吧	Potentially
我185，但这幕刃是鲨bee	Potentially
视频真棒说的好。	None
你会发现在中国的混血娃的爸爸基本都是中国人，嫁给外国人的女的都去国外生活了，这就尴尬了😅	Potentially
其他省份可能会随着时间出现不同的点来黑，河南省只用一个井盖被黑了那么多年🤣	Potentially
普信男是什么意思啊	None
对出轨新闻的评论，若男方出轨，女的一般团结一致对女方表示同情，安慰。若女方出轨就不同了，受害的男方往往成了男网友们嘲笑玩梗的对象（参考王宝强）	Potentially
脑子有问题，尼日利亚人骗子太多，能出国的基本是有文化，特能编	Potentially
飞周啊。你那么喜欢臭味啊？	Potentially
最搞的是它们的帖子只允许它们团队回复	None
我支持你去非洲，去美国。就是别再中国，中国配不上你，仙女的气质。让我们在这个国度里静静的羡慕你。快走吧。别回头别后悔。后悔也别逼逼。中国还是纯黄种人为好	Potentially
这是真女拳吧…😅还分上等级了	None
跟你一样的想法，感觉这个答主故作清高，自以为是。总以为自己的眼界就是世界，十分狭隘。还来一句骂人无所谓。	None
怕死的百度	None
非洲各国的艾滋病感染率是30-50%，而中国是万分之九，几乎是全世界最低。	None
没想到时隔一年我的评论区还能有破防的击佬	Potentially
我以為女拳師討厭腐女，原來這兩種屬性是能兼容的	Potentially
有一说一，还真有可能是艾滋病人	None
东北最大的不幸就是被满清文化绑定了😠	Potentially
还有不少说，没有永远18的女人，却永远有18的女人，我们男人随时可以离婚找年轻的女人，因为男人越老越值钱，女人越老越贬值	Potentially
就是，要是它们不呆在中国想嫁就嫁喽	Potentially
异性恋还要宣传吗某些txl还是不要自欺欺人了	Potentially
感谢南方经济制裁，现在在争取互相取暖	Potentially
我对中国女性确实有看法，在外面待久了，你就知道外国人是怎么看中国女性的了。	Potentially
好兄弟，别急呀	None
万一它们是体重两百的坦克呢？当然不输普通男性。一般100斤左右的力气是比不过一般男性的。	Potentially
虽然不知道我自己能不能做到，能做多好，您的最后一句，抵制地域黑从我做起，我愿成为其中一份子	None
还喜欢标新立异说某某省喜欢地域黑，指路贴吧 中华城市吧 辽宁盼盼吧可以去看看	Potentially
这个叫双亲祭的用户的幕就是个薇安妇吧	Potentially
你真是个蒻痣	None
黑人能发明啥	Potentially
如果支持娘炮的话，就不会把“娘炮”这个词挂在嘴边，现实中真的有男的想做女的，女的想做男的	Potentially
大部分都是开玩笑的，都是在玩男同的梗，但谁能想到一个帖子下面能炸出来多少真的呢？甚至有些信以为真了，导致越来越没收敛	Potentially
天王老子来了👴🏻也歧视黑人，来喷我吧	Potentially
汪汪队的女人我都能接受（不开玩笑），但是黑人……接受不了🙂	Potentially
ezgirl和跪族篮孩确实要批判	Potentially
建议国男们别在仙女朋友圈里出现	Potentially
媚外的国女实在是太多了	Potentially
支持 这才是真正的平权男同	None
南方吹特别蠢😓话说南方其实也不是铁板一块，南方内部的文化分歧比北方大多了	Potentially
因为杨笠说男人是垃圾，然后教育男性不要对号入座。那么我也希望你们女性不要对号入座。如果你觉得骂的不是你，就不是在骂你；如果你感受到恶意，那么就是在说你虽然这种逻辑没道理，但是好像成了共识，那么我们就欣然接受吧	Potentially
有啥承受不住的✌️不要把网络上的东西当成“人”他们只是一个又一个负面情绪的具体化，如果你把他们当成人那肯定承受不住，唐山哪怕真杀人又和他们有何关系？不过是借此发泄阴暗面罢了，正好可以把网络当做博物馆，俯瞰一个又一个垃圾灵魂✌️	Potentially
对对对，都是小仙女，小仙女没有错，都是中国男人的错，中国男人应该灭绝！	Potentially
大兄弟，小心被地域黑当成靶子，毕竟回族在中文网络上名声不太好	Potentially
其实这个外国有做过调查的，按比例上来看，现在确实是大部分男性更支持女同婚姻，大部分女性更支持男同婚姻。	None
以前确实是这样，现在觉得只针对南方了，我河南的，玩游戏有个区，东北河南都有，早期东北人骂河南人能把河南人骂自闭，现在风水轮流转，就不咋骂河南了	Potentially
可是为什么图上都是男的？难道是因为母人智商低下说话毫无公信力吗	Potentially
我国那么多老艺术家离世的时候尼孝子们也没这么悲伤过	Potentially
彩礼吧老早被女拳傻卵们占领了。	Potentially
有钱人也怕遇到烂裤裆。我婶婶给我介绍留学生我就知道这个恶毒的老妇女没安好心	Potentially
猩猩都比黑🐶好看	Potentially
还有一点我不明白，你现在为什么住南昌呢？	None
媚黑的女生我是真理解不了😅😅😅	Potentially
谁都有事情处理，不可能把精力放在那堆恶心人的身上	None
我媳妇也会打拳！😅	None
染艾的基还有脸来这里，不知羞耻！是不是想来宣传基染艾是正常的	Potentially
楼上不知道真假等等我去查一下	None
黑龙江的人均城镇收入已经全国倒数第二了，还做美梦呢？	Potentially
河南人 本来人就不算坏 只是出去打工的农村人口多 一部分公共素养不高 与其他人行成摩擦而已 以前我几个同事经常和我抱怨 合租室友不爱干净 回来声音大 厕所搞得很脏等等都是河南地区的 我反问他们是不是那些人都三十往上 他们一想还真是的 主要是上一辈中老年一些生活习惯不好而已 现在年轻人都一样的 就算公共素养不高 也不能说明人是坏人 城乡差异而已 无论哪里肯定是好人多的	Potentially
辐射避难所，黑的都赶出去流放~~~	Potentially
喷吧也是女权它们也只会喷了	Potentially
一白遮百丑！美听说过美黑的。美白，美白！美听说黑人选美的。与黑人结合就值得批判！	Potentially
江浙沪不黑其他省份就不错了，2002年黑山东多宝鱼药物残留超标的是哪里？给山东造成了40多亿的损失。2015年的山东青岛大虾事件，是哪里的食客吃霸王餐倒打一耙？2019年的山大学伴事件是哪里媒体带头炒作出来的？2020年上海的自媒体同时炒作山东理工大学学生虐猫和山东烟台鲍毓明xx养女。经常黑山东的财经专家叶檀是哪里的？骂一亿山东人不如z的大学生是宇宙省的。骂全国的许女是哪里的？	Potentially
太过分了，这艾滋率也不一样啊！	None
所以我并不认为第三帝国有错😏	Potentially
黑色瘟疫，文明癌症。	Potentially
上海就是傲呀，客观存在的难道你自己排外还不让别人说？	Potentially
引进劣质是正能量？	Potentially
不用我们歧视你是同性恋，你父母都歧视你是同性恋	Potentially
那女的不是无辜的吗？把人家推了，有病吗？	None
这个确实更靠谱，我在2021年恭喜说的是对的，现在女权已经疯了，都开始从基因找优越感了	Potentially
基佬看见💩洞就兴奋基佬不是在找屎眼就是在治病的路上	Potentially
请在女人面前加上一个限定词，你这样搞的我们99.9%不喜欢黑人的女人很不舒服😄	Potentially
苦了你了兄弟😂	None
理客中，不会就是所谓的中间派吧！他们还有一个称呼，投降派	Potentially
她绝逼看过中国男人配不上中国女人那篇文章	Potentially
tg，bbc+china，有攒劲的节目	None
😆😆你找个外国语去给黑人接盘了我们再谈	Potentially
黑人外教只是会讲英语，不会教，而且不一定是英语母语，不标准	Potentially
他们只是和你祖宗做了一样的事	None
抓虫大战，人人有责	Potentially
LZ功不可没，民族英雄。我自己也写了一些反嘿文章，但除了百度贴吧的，其他的都被删除了。我的知乎账号也被停用。我只能说，我也尽了自己的一份力。	Potentially
拳塔一体才是最大难题	Potentially
我打12339把莫言举报了，这么大个罕见，我领500万不过分吧兄弟们😆	None
侮辱彩虹这个东西了基佬应该用hiv当旗子	Potentially
上海人形象只能想起姚明了，反面例子就是周立波啦😆	None
什么都要男的干女的活着干什么	Potentially
这玩意得看个人爱好，我很多男同学就盯上aj了，你说男靴也有卖但是有的人就是不喜欢。像我是个女生我就不爱穿靴子觉得麻烦。	None
所有省份福建人均gpd仅次于江苏还非常穷？😓	None
我也是直男，我们要保护他们。通过百科了解到，导致同性恋最主要的因素与童年家庭环境和个人遭遇有关，次要的才是基因，这种心理上的变化我们应该多一些理解。但是我反对全民提倡和支持同性恋，以后要是把异性恋掰弯了我们人类就灭亡了。	Potentially
因为很少人会在职场中出柜吧😢如果基佬都没工作没社会贡献咋活呢	Potentially
第二个母吠删我评	Potentially
浪子回头是好事	None
户口本没上，按灵长类处理	Potentially
他就是个gay。之前在陕西我去医院，看到他了。他当时往hiv科室里面走了	Potentially
张口闭口嫁过去当保姆，实际上做个番茄炒蛋都不会	Potentially
篡改原话钓鱼4000＋	None
有没有可能是广东的北方移民比较多，比如客家人之类的，所以有区别呢	None
先把弹弓，砌墙开放了再说吧，还有鞭炮，小男孩连刀枪棍棒都不让玩，只会玩手办，哪来的阳刚气魄？	None
找个和苟来过的女生和黑人来过的女生你们要哪个	Potentially
九几年的故事会就有一个故事——黑人富商，女大学生，怀孕，黑人离开，接盘侠很开心😆	Potentially
北京天津那么多南方要饭的看不见啊	Potentially
证据列一列，哈哈	None
额，学过历史吗？现在的南方人大部分都是北方汉族南迁的后代，当年的南蛮，只能算是现在南方境内的少数民族罢了，😑	None
常年郑州出差的上海人。其实在当地的人还可以，没有碰到特别坏的。有几次不太好的感觉都是在上海碰到的	None
清官难断家务事家家有本难念的经	None
舔狗电都电不醒，醒来继续舔啊	Potentially
说的很对。但是吃屎的也不能要吃尿的强行认同吧！	Potentially
不是玩游戏就是刷手机，哪有空看别人朋友圈	None
希望你能好好学习，改变您怪异的性取向。把精力用在学习科学知识上。以后步入社会做一个对社会有用的人。而不是总想着YP找LG。自甘堕落变成一只大叔控zero	Potentially
人造子宫好东西啊，只要有钱，你就能选择自己后代的血统，假设基因剪辑技术成熟了，还能自定义某些东西，令人类在全方位更进一步	None
山东是要好一些	None
她是让男人都当舔狗，是这意思吧。	Potentially
我突然从我的记忆里发现了一件很搞笑的事。凡事电影里充满男性荷尔蒙的男性都会把女性折服。其中也有对女性暴力的男的。而那些暖男或是说对女性一味好着的男的百分之九十九会被认为是舔狗。有时候想想人性真的贱，有一天男性真的变成女性的奴隶了，估计也没女性会真正喜欢男性，就是这么矛盾	Potentially
哪种灵长类动物没有爹	Potentially
劲夫们打她	Potentially
所以当前突出问题也包括女汉奸的问题，这点这个🐶的贴已经说明了	Potentially
拒绝雄竞，拒绝承担责任，拒绝社会规训，精致利己，高消费，法律是道德的底线。没好处不结婚，能花女人的钱就花女人的钱，拒绝同情与帮助女性。讥讽谩骂雄竞男，对于同阵营的则“boys help boys”。	Potentially
我早就说过同性恋必须绞杀！我列举一下已知的同性恋的危害：首先就是全球变暖，然后就是缩短日地距离，拉高紫外线强度，皮肤癌泛滥。其次就是对青少年有极端错误引导，而且同性恋违反大自然，引发海啸地震	Potentially
我看过人类学的行与思，就是关于这方面的。	None
我先上为敬	None
等等，我先声明一下:我提倡人人平等，反对种族歧视。但是我拒绝凯乐奇计划，以及将某些人捧上神坛	Potentially
估计要双目失明才能接这种女生的盘	Potentially
人类中智商极端高的通常是红丸觉醒者，他们深刻认识到了母人吸血的本能和生命的雌本位底层代码，所以才把母人当成繁殖和泄欲的工具，或者干脆就是男同。	Potentially
建议不要多说，被学校的女拳知道，就不太好过，等快毕业淦	Potentially
天津以北，就是冀东辽西了	None
女人天生喜欢强者，	None
人家安徽的，江苏人出省也就去上海，别给自己贴金	Potentially
確實，莫言筆下的高密百姓吃的竟然是玉米麵饃饃和朝天鍋這種豬下水，營養級別太低了。還是我們廣西美食人肝最美味🤭	Potentially
你以为你们这种人跑得出去？	None
来解释一下为什么男同的人数那么少却能够在感染人数中占那么高的比例。	Potentially
还是得看沈腾	None
支持，女本位社会根本没有人会关注我们男性的苦难，只有男人能共情男人，我们要公平！	Potentially
一直钕全钕全的，老掉牙了钕全造词骂男性倒是一大堆以后统一用这个如何	Potentially
追求男女平权，平等，我辈青年义不容辞！至于结婚这种事情应该看个人意愿，毕竟不是所有女人都打拳，总有一些好女孩值得珍惜。我们的初衷是反对女拳主义，追求男女平等，而不是制作性别对立。	None
决不能心存半分怜悯，即使它们仅存一只，也会不遗余力地毁坏生态。	Potentially
某地人 怎么怎样本质上都是以偏概全 说某地人不好 那个地方人肯定不开心 所以那也没必要说某地人善良淳朴勤劳勇敢什么的话 也是属于以偏概全 任何个体一开始都没那么多标签 个人就是个人 不能随意代表或者被代表	None
男人就该尊重女性	None
法国觉得你说的很赞👍，还有中国那些没有爹的小黑也觉得😄	Potentially
我他玛就是歧视他们。表现不好就要有受人歧视的觉悟	Potentially
你那个性别要不要先改一下😆女拳不都喜欢冒充男的说话吗😆	Potentially
祝所有慕洋的蝈籹都能去号子里面蹲蹲捏	Potentially
真是无语，不看地区经济和女方的？拳师去刚果贫民区要求200万彩礼得了。	Potentially
你可以去看看这个索玛女王对默的评价😆	Potentially
二次元喜欢曹木琴	Potentially
这么多麦片哥	None
同性恋总是爱跟异性恋比较，认为自己做的错事别人也会做所以把自己做的错事合理化，只会不断错下去乱下去。连染艾染病后也觉得跟异性恋差不多。同性恋不会正视自己跟异性恋生活上的不同之处，只会看异性恋的缺点不会看异性恋的优点	Potentially
离赤道越近的人越黑	None
辽宁负增长还好意思嘲笑西部。	Potentially
你逻辑有问题，只要男人下面行60岁也能找老婆生女人就不行绝经就生不了所以男人在这方面比较自由	Potentially
然而现在大多数人选择不结婚，剩下的大多数从外国娶，或者入赘外国。选择和本国人结婚的少之又少。	Potentially
我身为南方人，我觉得真的应该想一想。为什么这么多人不喜欢东北？绝对是遇到什么事情让别人觉得难以启齿了，他们才会在网络上黑的。啊，有的东北人就说这个人是不是怂了？当面不敢的，并不是当面不敢，而是说当面好好解决的时候，他那边不配合，不好好解决这种事情，我在东北读书的时候，我也一样遇到过。而且说真的。东北人和南方人的性格相差巨大。生活习惯相差也很大。我承认以前东北在富裕的时候，就是呃用自己的支援那很多省，但是这不这不代表啊，东北的人就可以拿这个作为优越感。你以为就东三省对全国有很大的贡献吗？其他省份没有贡献了吗？全国34个省，自治区，直辖市，难道一位中国一点贡献都没有了吗？不是的你现在想一想为什么啊？喷东南沿海地区的就是很少。比如说福建，广东，浙江，江苏，上海，我发现就是黑那一片地区的人就特别的少，就包括北京也很少，你是不是该想一想？真的是一些人把一个地区的风景给拉低了的，这句话绝对不是闹着玩的。	Potentially
得了吧，你们才是地域黑输出主力军吧，我们安徽人被你们黑成啥样啦🤣	Potentially
上海人表示不对	None
那你还在上海吗？	None
答主说的警方处理问题就跟当地人说南京话确实有问题，你可以想想当时的情境。	Potentially
没完啦？你们到底有多大的仇恨？天天发这些玩意儿有意思吗？换话题！	None
我想问问，普通男生被莫名磕同性cp什么感觉?我一直以为同性恋只是小部分，但现在感觉这个队伍越来越壮大，甚至我说出讨厌同性恋的话的时候我觉得所有的人都在针对我，我无论从心理上还是生理上都很厌恶同性恋，无论男同还是女同，之前我一个女性朋友说她喜欢上了一个女孩，她借着朋友的身份跟在她身边，我觉得这样心思很不单纯，这与男女不一样，总之我很讨厌同	Potentially
冲过的马桶依然有臭味。	None
理他干嘛，现实中这种傻宝多得是，你越搭理他越得意，无视他当做看不到就是了	None
背后是境外势力搞得鬼 真的	None
一个热度只有5的吧还想有吧主	None
猩猩发枫也是这样	Potentially
为什么舔狗如此之多可结婚率却这么低？因为舔狗，不得好死！	Potentially
😆见义勇为：南京小张。😠嫌疑人：黑龙江张某。（在南京居然还敢见义勇为也是很勇了）	Potentially
处女崇拜是很大的群体了,可不能随便忽略不计.	None
什么叫梦女啊，没听说过啊	None
看看，就黑人这幅德行还有人给洗呢	Potentially
都是满满的让男性扛委屈，蛮不讲理的让男性退让，表面相让实则pua规训及精神打压！！！	Potentially
连个虚拟人物都知道他是英雄	None
我就问了个问题怎么扯上时代了	None
你对善良这个词是不是有误解？看看黑的犯罪率再说吧	Potentially
怀疑境外势力的参与，不然不至于如此疯狂吧	None
恶心！滚去非洲，别把串串留在中国	Potentially
我没去过上海 我生活中只接触过一个上海人 我的高中历史老师 满头白发严厉倔强的高个子老头 留给我的印象很好	None
深柜里的1很多	Potentially
荷兰卫视以及那几个特斯拉车主呢？是别人黑荷兰编出来的故事吗？	Potentially
东北中年人经历过90年代的那一批人是有点蛮横，有些人说话没什么礼貌，但那也是受当时社会风气影响，现在早就好了，那时候去上海工作别人跟我说就喜欢你们东北人，豪爽，我想说东北人不都是这样啊😅😅	None
如果你喜欢对号入座，我无话可说。你们遭人唾弃，还是你们自己的问题，若想人不知，除非己莫为。	Potentially
hxd干得漂亮	None
不行不行其实你就占了个河南	None
我一直以为是山西呢🤣我是山西的，不要看ip，那是暂时的。说实话我很喜欢东北，也很喜欢东北人的那种豪爽	None
想要判断广告有没有性别歧视，最好的办法就是性别互换：把出大力的卖牲口广告换成男劳力你愿意吗？	Potentially
之前的反默老哥都转抖音了吗？半年没来一个都没了，吧不成气候，组织在哪里，我要加入组织。	Potentially
想表达是你太偏激了兄弟	None
姐妹组团不允许国男说胖	None
笑正常人是猪，散播同性恋美西意识不良风气，校方不会轻判	Potentially
好，支持男权	None
男人们联合起来	None
还用百度。某些中文境外网站，搜索女大学生+黑人，给出的结果绝对让你惊骇	None
你读书读糊涂了。。。。逻辑混乱	None
少了安徽，安徽也是资源输出省份，粮食矿产都不少。	None
有个地方的人戾气很重，天天埋怨郭嘉欠他什么什么，埋怨别的地方欠他什么什么，看看网上哪个地方恨国党最多就明白了。	Potentially
同感，我等不及看国钕乐子了。😆	Potentially
看了好多也不敢加，合肥男童事件当事人都没啥事	None
高强度对线的结果就是不讨人待见，他这样也是咎由自取	None
朱诺话题，有本事去喷宁波工程学院黑人事件啊，无能的郭朒在狂怒	Potentially
默就是默，喂不饱的白眼狼	Potentially
沈大的关系有点不好说，剪不断理还乱	None
其实证明是个男的都有歪心思，跟美丑无关，找个帅哥，不然太吃亏了	Potentially
知乎好多黑人和中国女人在一起的图片能把你看吐	Potentially
因为同性恋也是可以和异性结婚，只要他们愿意，所以能不能改变，取决于他们的意愿，跟基因没有关系	None
老子就是种族主义者	Potentially
真没必要和他们多解释了越抹越黑你跟一个愚蠢的人聊天，他们只会觉得你是有问题的就算事实摆在眼前，他们也不会相信所以就尽量迎合嘲讽他们点一点就好	None
一位优秀的接盘侠👍👍	None
所以他是男的吗？像个小屁孩啊	None
基佬恶心人所共知，基蛆所做人神共愤	Potentially
外地人觉得江苏真的苏南苏北内部划分略微严重啊…	None
化学阉割对于顺性别男性来说只是一种逃避主义，顺性别男性需要正视性欲而不是掩藏它。支持男性成人用品产业发展，为社米团体未来可能出现的人造子宫项目投资（希望渺茫）	None
安徽也被黑很惨啊	Potentially
抛开数量谈都是耍流氓最底层的“最”，这个模糊的伺……底层男可以找底层女啊，底层女的也被挤压（）	Potentially
生个小孩还是黑色的，放心吧	Potentially
雄性基因是排外，雌性基因是择优，如果思想上升就不必去骂黑人，但在这个世界大染缸里，清醒的人毕竟是少数，大部分人靠本能去抉择，即使我明白我也一定排黑的，同族群能容我，而异族必不容我	Potentially
受不了了，同性恋真恶心	Potentially
自己先物化了	None
先解决孩子安全问题再说吧，基佬炼铜是人尽皆知的	Potentially
彩礼吧本来就是农村小仙女聚集地	Potentially
静茹的声音超好听	None
亚洲人染发	None
hub么？我在国外都不用翻墙🐶	None
我们都是直的，不弯，你以为谁都像你一样没有啊	None
这种是二十一世纪新型汉奸	Potentially
你说的才是真相	None
高密无辜养奸佞😆	None
支持丁真带领回族成为蒙古族	Potentially
什么卫校毕业的？	Potentially
晓得，但是他带领的抗联充分反驳了“东北军民不曾反抗”的荒谬观点	None
看来你没在内地找过工作	None
蛤蚧，又替黑非洲来抢劫埃及文明啦。历史上北非文明与黑非洲不是一个体系。	Potentially
男性应该打HPV疫苗吗？	None
咱们就长话短说，图片里的这个吧，大家小心点，是个撑同吧！不是反同吧！请各位注意！注意！注意！	Potentially
啊这，你对女性存在不小的误解，我从小到大的闺蜜无论室友还是同学相处都好得很，女生之间友谊没你想的呢么不堪。	None
？？？动物的同性行为多了去了自己上百度了解了解好吧……如果违背自然规律，那为什么进化了这么多年同性恋还是没有绝种？	None
回族不算被黑的吧？毕竟除了关外，回族在哪儿都挺强势的，唐山条约我还记得呢	None
不要，基本上被污染了	None
其实全球所有国际鬼子虫类及其它们后代虫混精英其实也好不到哪里去它们在全球监狱都有不同案底档案	Potentially
我感觉大多数能跟非洲黑人在一起的女人既看不上普通国男，普通国男也看不上她。男的有意见就没必要了吧😅	Potentially
如果真的引进大猩猩，到时候你可以看到大猩猩比黑人还要受国女宠爱	Potentially
黑男生的孩子再嫁给中国人，不也能稀释干净吗，既然歧视，就一视同仁吧，嫁黑人和娶黑人，都不能接受，别人那是他们的自由	Potentially
江西 就是江西 双标	Potentially
说得对，希望你弟哥都是0，你拔拔是1	Potentially
这女的还算识趣	None
批判谈不上 ，你喜欢黑的也好白的也好都是您的自由，你要因为逆反心理去让黑哥哥糟蹋那也是你的命！只要不是诋毁中国男性，不是拉低中国女性你爱干嘛干嘛！不过我闺女要给我找个黑女婿，大概率情况下我会帮她改变一下身高！！她妈估计会让想做她女婿的黑哥哥从生理学来说以后再也做不了任何人的女婿！	Potentially
只能说国女被宠坏了	Potentially
还说黑强壮，看看疾病横行，连简单的工作都不会干。	Potentially
性病为性传播疾病，hiv也是性病。	None
说河南话就是河南人？你知道中原官话范围有多大？	None
对不起了 我也是同性恋 但是我不会这样做 这种同性恋你要警告他 我也会努力变得不是同性恋 没人想当同性恋的 只有我们同性恋慢慢改变改正！	None
笑到肚子痛了！真想问谁教养他做基佬，真丢人	Potentially
为了制止通讯录怪物们日渐增长的肆意行为，现本反同战士发起同僚招募各位有意向的反同战士私发我果体照检验是否体能合格！13天后会通知招募结果，肌肉猛男们请速速报名！	Potentially
理客中是这样的	None
你还嫌中国人不够多吗👍👍	None
对不起，我笑了😄你这是自我阉割了还是被骗了	None
可以接受男男的存在，但是不要出来恶心我	Potentially
我在宁波做外审，前面年末又一次去公司，一个子公司的财务向我们骂了五分钟的贵州人	Potentially
宁要从良技也不要媚外女	Potentially
就事论事，我还真没见到像这个这样出名的🤣🤣🤣	None
他是矮姿患者	Potentially
最后两句骂的好！点赞转发收藏。🤣🤣。但是，人家黑giegie开过光的仙女，来找你？你普却非常自信啊？啊？😆😆😆😆😆	Potentially
你需要接盘吗？	Potentially
现在辩证的来看小胡子错就错在输了战争	Potentially
白人好一点，黑人真不能接受	Potentially
我是黑龙江人，我觉得河南和东北被黑的很大原因是口音。	Potentially
你不用难受，你喜欢的东西就不要在意别人说什么，我们宿舍也有一个同，我有时候就不由自主的说她恶心，其实我也觉得我错了，毕竟这是别人的事，我这么说会伤别人心，以后会尽力改的，我觉得双方都没有做错，只是角度不一样而已	Potentially
其实都是男t，不过为什么他们会喜欢复读，我也搞不明白	None
我是男同性恋，口腔医生，河北保定，常年包住博野顺馨酒店，时间充足且方便，王康35岁，已婚，大多数时间都是在单位彻夜难眠，不敢回家，回到家以后不知道如何去面对已婚的妻子，结婚两年一直不敢同房，一直无法逾越心理的障碍，现在寻求一名志同道合的男朋友，内心一直很纠结，但是实在忍受不了内心	None
说白了不就是悖德感😅逆反心理你还是青春期小孩嘛😅上次在某贴吧看到有老哥教学：不要想着yue，而是去交女朋友，上完就冷处理，拿现实条件分掉😅现在明白了家人们，原来pua约p技术都是跟黑淫学的，仿生学了属于是😅	Potentially
女拳现在泛滥了，敌我难分	Potentially
把所有消费都投给那些纯男性领域，资本就会闻着味道来讨好男性了。比如游戏之类的。	Potentially
你应该看看南方人是怎么骂东北人的..	Potentially
看到这个工作人员的衣服有彩虹就知道是美西势力恶意制造的宣传。如果工作人员衣服上没有彩虹还能有一点可信！	Potentially
支持黄白混血！	None
而你晚上是被关狗笼里所以无法发言对吧？毕竟是个吃软饭的能有个狗笼住就不错了，不然你在每个凌晨的整点时间段回我一句呀	None
所以它怎么你了？	None
我看三非镇傅也懒得管，遣返要地方出经费，这是什么道理？地方把他们赶到其他地方。	Potentially
没关系把她们培养成大纱布让愿意娶的弱指去娶	Potentially
黑粪蛋脏了衣服	Potentially
我的朋友的话我就会包容啊	None
图沙黑蛆是人类未来大势所趋	Potentially
Gay还会挑？	Potentially
性取向还分nm个高低贵贱，不懂就问请问这是印度吧吗恨不得给你yxl分配个婆罗门身份是吧	Potentially
滚，lkd	Potentially
哎，这种的，一看就是没点脑子的，他也来喷我了。。看样子像女权派来的。。	Potentially
我真的上大学之前都没听过 我身边的人也没人知道 直到碰到了河南室友，她跟我讲她们河南人为什么偷井盖 还开玩笑的教我们怎么偷井盖😅	Potentially
日本想在奥运装圣母	Potentially
当你爱这个人时，怎么能给其它人同样的爱，而且爱的发生机制不更是偶然的毫无道理的吗？	None
就像那些呼吁动物保护法的，生怕别人不知道他善良	None
网上喷黑喷同胞的成万上亿，现实中敢和黑人硬碰硬的寥寥无几，看来还是上网喷同胞安全又不犯法😆	Potentially
好，我看黑吹子有啥可说的	Potentially
哈哈哈哈哈笑死我了，籹拳帖子下面全是鸡或麦片的这波叫做产业集聚	Potentially
作为男人，这一点上我不双标：娶默的只要待在非洲生活，好好建设非洲，我们绝对支持，欢迎逢年过节回来谈情。对嫁默的，也一样，虽然我zzqs，但我支持真爱🐶	Potentially
谢谢你重视我，你当上小吧还要对付一个我？我只是反同中的小兵罢了，只要反同的吧主和小吧没有受伤随便你们绞杀。	Potentially
不至于的啦😄我们还要伟大复兴呢	None
我一直奇怪为什么和黑人没有生殖隔离？谁能解释一下给我听吗？	Potentially
臭木勾sigma	Potentially
那就很正常啊，但最起码做到基本的尊重就可以了，比如不讲人家坏坏不抹黑这个群体	None
我个人并不认同，猴痘目前认为是体液传播，性行为只是一种，常见的包括但不仅限于接吻等都会传播猴痘，具体可以参考这篇文章	None
河南新疆回族人。。。。。。。。就真的没有一点办法了，，，3头不是人。。。哈哈哈哈哈	Potentially
可就算他们被黑人甩了 传了ai滋，她们也一样看不起郭楠哟😆😆	Potentially
偶然看到，就评论一下。都是人类，性取向就是萝卜白菜，各有所爱，没有什么高低贵贱。只是想到男男，生理上超级排斥，也就是感觉恶心	Potentially
另外，印度高种姓女人颜值不差，就是东南亚矮小女人混血白人的，不少也不错。甚至说句不好听的，印度低种姓那是女人不化妆，郭女卸妆也是大姐二姐。郭女也就比默强	Potentially
B站挺多越南媳妇发视频的	None
有些人地域黑已经疯了，完全没有理智，比泼妇骂街还要可怕，	Potentially
学一口东北话去上海工作吧	Potentially
东北比你上海惨多了	None
倪哥能不能死?	Potentially
印度人体味重，让我没食欲，我是南方人，我不怕重口味，是怕重口味的人做的食物，我会心理不舒服	Potentially
上海土著，反对歧视外地人！但是我们希望，新上海人和老上海人能携起手来，共同传承吴语，勿相互攻击。	None
失足又怎样至少知错能改不像你不知羞耻！	None
这种死飞柱能不能滚去正宗大飞柱吧，还有发这种照片的建议左转隔壁厕所和飞柱吧发，那里的人会给你很多很好的评价	None
对白人黑人都不喜欢，没有例外😄	Potentially
所以你现在得出结论:不要找黑人!而不是讨论什么去不去非洲，嗯，现在我们才是想法一致👍️	Potentially
那你歧视和黑女交往过的男人吗？	None
你有支持同性恋的权利，我有反对同性恋的权利，事实上同性恋并不会因为反对的声音消失，同样的反对的声音也不能消灭同性恋，其中任何一种声音想通过道德绑架的方法来使对方消失都是不现实的。	None
去了解一下,教会藏污纳垢恶心死你.	Potentially
如果你自认不善良，那我没什么要说的	None
大家怎么看？	None
推荐重庆孜孜不倦黑成都和网宣踩不停的宣传拉踩，特点就是，喜欢吹一个唱红脸一个唱黑脸，一个重庆的负责吹其它的就是哎呀不要这样我们重庆不是这样的全都在骂装出一副与世无争，结果一看拉踩言论点赞全是它们隐去点的。耿直就是它们的遮羞布	Potentially
但你否认不了东北是日本人和俄国人建设起来的事实	None
不过为啥发到这个吧？我还以为是自行车吧	None
福建人真搞笑，自己什么德行不知道？还装上台湾人了，台湾护照多少免签，还不用抽h1b。看看你们福建畜上了多少国家的黑名单了，华人的声誉就是被福清偷渡客给搞烂的。	Potentially
人家正常恋爱	None
这其实对女权造成不了打击，因为大多数男被害人，施加犯罪的人也是男的，这样反而让人笑话，给女权钻空子	Potentially
中国军人在非洲维和壮烈牺牲的故事一个大篇幅报道！	None
人与动物的最大区别就是可以控制自己的态度，将想法和行动分离。如果如您所说非黑即白，有态度就会付诸行动，那么现在这个世界不会如此和平。	None
反冲是在敌人预设的阵地上与敌人作战，伤亡大而收益低，哪怕夺下来以后敌人也能轻易毁掉（删评控评），没有意义，而另起炉灶，构筑自己的阵地就能让上面的局势敌我互换比如这个例子，同样可以提出“婚姻是为了确保每个女性都有一个固定的供养者”	None
江西不配被黑	Potentially
这些人不替自己的未来考虑，不去努力改变纠正自己以适应求生存，是世上最奇葩的一类心理障碍群体，连生存法则都得给它们让步，他们不仅是颠覆了异性相吸同性相斥的自然法则，也打破了人改变不了现实，只能去改变自己的生存法则	Potentially
如果我没记错的话这个楼猪可是大名鼎鼎跪虫圣父标到今天发了一个虫类及其它们后代虫混增长录事实没有任何问题但是经过著名大名鼎鼎跪虫圣父标发出来就有点居心叵测毕竟古人言：事出反常必有妖！	Potentially
住在一起，一起上班一起溜圈，一起逛超市，一起做饭，打游戏，还不需要养孩子，不需要辅导功课，不用应付七大姑八大姨，日子不要太潇洒	None
你自己不跟截图里一个diao样	None
啊哈哈哈，普信男破防了😆，当真是喜闻乐见??	Potentially
异性占比也很大，与其有时间反同不如传播正确的性知识性教育，这才是减少艾滋通过性传播的关键	None
美国的忠实走狗，中国砸再多钱也喂不熟	Potentially
黑河南和北方 最严重的是西南地区及东北地区 都是一群南蛮搞的鬼 他们没什么本事 只会在网络上破坏民族团结 搞国家分裂 因为他们有着不为人知的优越感！	Potentially
男权是成不了气候的，反女权倒有可能，想要崛起还得让女权把舔狗龟男打的退无可退，事实就是男理中客舔狗龟男一抓一大把	Potentially
留学见过世面的女生和国内没出过县城的女生想法当然完全不一样啊	None
这是个明白人，中国社会撕裂的现状有自身的原因，但更重要的是美国在中国的狗腿子有意带的节奏！	Potentially
找代孕不香吗，干嘛找个女人收割自己	Potentially
一起来猎杀默和easy girl吧。	Potentially
对啊。如果你周围都是这样的女性，那你和那些黑人也差不到哪里去 。	Potentially
感觉也很不符合外边对东北人的认知，我到北京第一次吃锅包肉😆 感觉以前的吉菜完全销声匿迹了	None
我承认，我就是种族歧视！歧视一个作奸犯科，为非作歹的人不算歧视，叫弘扬正义，	Potentially
全都是你编的	None
txl喜欢乱组cp，两个关系好的朋友都要组cp，真是ex烦人！！！	Potentially
一直在呼喊被尊重，你自己都把自己放在弱势群体一栏….	None
我和她们不是一个群体，先摘开。	None
艾滋病你不怕，她等不到那天就会被艾滋病恁死	Potentially
不发布信息，没人管你。。翻墙的太多。。再多10倍jc也管不过来。。	None
按城市算最惨还真是天津，地域黑最严重的河南东北单拿城市出来都没天津被黑这么严重，郑州洛阳开封哈尔滨大连长春沈阳都比天津口碑好，尤其哈尔滨大连长春洛阳开封比天津口碑好的多，即使口碑稍差的郑州沈阳也比天津口碑好	Potentially
老僵尸还是入土吧	None
在上海务工的安徽人很多，一般对安徽有地域黑，其他身份对安徽无感，谈不上黑。🤣	Potentially
buff最高的是东北满朝俄混血	Potentially
你需要一个镜子👍️	None
择偶本来就是件很私密的事情，有啥个人喜好问题不都是自己正当的权利？根本扯不到种族歧视上好吧……	None
调查报告，性知识不会看吗？欧美那个是专门选大的和用医学技术填充的，没看到这么软吗？亚洲日本av文化你知道吗？就是胖子肥宅加短小，然而欧美肥胖率特别高，胖子很多	Potentially
这种大学多得是，上层的决策罢了。要么躺平，要么逃离，加油吧	None
我们遵循以前反钙吧的规定，不和贴吧或者微博乱骂人的人来往。以前弄的规定已经很好了，不要再乱改了。我们就自己搞自己的，不和那些男女厕所的人交流。	Potentially
东北抗日义勇军做鬼也不会放过这些人	None
最开始的时候，上面有意为之，目的是为了让女人鞭策男人变的更有奋取心，目的是为了让男人们买房，拼搏，你看看这些年的电视剧还有热点新闻婆媳矛盾被无限放大，目的就是为了让人买房，一套房子一个家家电，家装，能带动的产业实在是太多了。	None
河南是中原文明/华夏文明的起源地啊🤣	None
深柜竟在反同身边	Potentially
因为黑人女孩跟黑人男孩结婚，她们不要彩礼，黑人女孩跟中国男孩结婚，她们也不要彩礼；中国女人跟中国男孩结婚，她们要大额彩礼，婚后十指不沾阳春水，中国女人找黑人男人，她们不要一分彩礼，还没结婚也可以生孩子，把黑人照顾的那叫一个舒服，外国友人都交口称赞👍	Potentially
对那种媚黑的有恶意	Potentially
幕刃真的该死	Potentially
河南人，但经常被黑偷东西。新疆人被黑偷东西的也很多。所以答主被成为河南籍新疆人！	Potentially
大哥，就几个辽宁人这样说话你就当成所有辽宁人都这样了？我们东北人到南方上学，都是最团结的。南方人对东北人的歧视是根深蒂固的。这时候就不要搞分裂了好嘛？	Potentially
我觉得中国女性媚外值得批评的是中国男性，你们看一看出轨的女人的老公一看就很软弱，而以前在社会上混的男人的老婆我没发现谁敢出轨，中国男人如果能和黑人或穆斯林男性一样暴力，那中国就没有媚外的说法。	Potentially
现在网上黑上海的都很上头。大部分人绝对是道听途说。	Potentially
可是，现在大部分女性不都说要求不婚检吗，婚检就是对我的不信任⁉	Potentially
感觉漫画里这种金发只是亚洲人染了一头金发而已...	None
陕西南部人表示没有看见过黄土高坡，但是外地人一提陕西就是黄土高坡羊背心	None
新疆买买提过来黑你，你还敢说一个不字？？？？？你这句“最搞笑是西部城市都跑来黑。”让我深刻的明白了为什么东北人和河南人不受人待见，我差没关系。。。有人比我更差啊~~~~~	Potentially
讨厌洋垃圾，可是作者情况里的女孩确实可叹可怜，你这直接上升到基因、父母、祖宗，你太极端了。	Potentially
同性恋够低能的	Potentially
客观说，黑河南的，这几年少多了。河南经济这几年发展很快，尤其富士康在郑州设厂后，带动上下游配套厂家的发展。解决了大量就业，也使河南的出口外汇，极速大量增加。。就业多了，河南人出来少了，富裕了。被黑的也少多了。。关外三省还是长进不多，被黑的还是不少的。	Potentially
以后别抱个天生免疫缺陷的巧克力回老家上户口就行😆	Potentially
当撕下了它们的遮羞布的谎言后它们就是通盘的撒泼打滚	None
肯定红酒啊，销骨	None
还有美国孟菲斯市这个美国犯罪率最高的城市之一，曾经的孟菲斯工业很是发达，因为工业的发达所以城市也很繁华，哪怕是曾经有一场瘟疫也没有将孟菲斯人击溃，但是在那里又是一个伟大的圣人马丁路德金，也是一个为了黑人要自由要平等的人，他当初带领自己的种族在孟菲斯各种游行暴动，最后无奈孟菲斯也让步了，然后孟菲斯工业开始逐渐下降，犯罪率直线上升，居然成为全美犯罪率最高的城市之一，而造成这一切的马丁路德金被人称为大圣人，称为伟大的慈善家。	None
飞周多穷啊，别听她的，会后悔的。去飞周做小老婆，从她嘴里也说得出。	Potentially
极个别？？霍？去看看广州云贵川那里，再去看看大学校内，你说的极个别如果没人重视以后黄皮肤就变成黑皮肤了！这是灭种的责任	Potentially
要这么说我们苏北最惨，江浙沪被骂我们要陪绑，回头又要被你们江浙沪的黑，来回被骂，被黑两遍😆😅	Potentially
我就是杭州本地人，确实本地人对新疆歧视蛮多的，但是这种歧视怎么说吧，就是口头讲讲，涉及到实际利益的时候影响其实不大	Potentially
🙁说实话，我觉得东北被黑是最惨的，而且很持久，其他地方基本黑一下拉倒了	Potentially
还理性讨论，还自由？扯。我就说了三从四德是糟粕，反女权不要抗旧社会大旗，立马骂我并禁言了	None
就应该给媚黑的女人一耳光，这本来就是为她们好，更是为我们国家好，对待黑人，矫枉必须过正…	Potentially
因为所谓男子组比赛，实质都是普通比赛，常规比赛，并不禁止女子参与，之所以没有女的参与原因就是菜，没别的，菜到根本跟不上节奏男子与女子比赛就是专业和业余	Potentially
别跟我扯什么父系，奥黑有一半犹太人的基因，所以奥黑不能代表黑人。	Potentially
小管家还会威胁你⁉⁉⁉匿名也能逮到啊⁉⁉	None
可以啊，和她签合同，钱给她，但是当一定期间内的投资回报率低于一定值直接净身出户	Potentially
我看看还有没有谁出来维护他	Potentially
这贵物真够6的，小号倒不少?	None
黑安徽？？看来人们都是生活在自己信息茧房里。	Potentially
在easy girl眼里，这也比国男好得多	Potentially
喜欢嘻哈文化所以走到一起，想想一个国家的强盛，是靠发展这些垃圾文化吗？唱唱跳跳只会毁掉一个民族，所以黑人那种文化根本不值一提	Potentially
自己找不到女朋友，怪黑人？	Potentially
你工作单位知道你是同性恋会怎样呢	None
把中国当成他们的殖民地。	Potentially
该死的。龟奴又活了	None
你马上要被打成上海人了	Potentially
人家接受境外投资的，你以为	None
那女的应该被那个黑g的黑d透烂了，嘴也吃黑d吃烂了	Potentially
因为男人理性思维不好骗啊，鸡汤就像网络传销，是要变现的，你说傻子好骗还是聪明人好骗	None
那些人，已经被精神阉割了，这方面帝国主义做的非常成功	Potentially
那你得问那个女主播为什么喜欢地域歧视，反正我是没看到黑龙江的负面新闻比别的地方更多，倒是那个节目报道辽宁本省的负面新闻稍多一点	Potentially
这是一个把外来入侵物种引到西欧的好机会	Potentially
说得好，为了防止西式政治正确绑架科学，需要从我们做起	Potentially
纯黑都能在中国找到女人，混黑还会找不到？黑皮只会越来越多！！	Potentially
能不能改因人而异，性取向是个人的权利	None
这在我们眼里是标准的帅哥，死郭楠你闭嘴吧	Potentially
废话，因为我接触的人都比较有钱。当然风评好啦。骗个鬼的自己，有些东西自己找原因。	None
——同性恋第六感的什么方面最发达？——极度的玻璃心	Potentially
此高密不是彼高密，一个是现实之地，一个是文学性的地方，不能无缝对接。	None
综合作者所述，中国妇联官方认证了唯一一个被世界女权组织批评为媚黑、媚白、媚外的女性群休——中国女性，为官方认证的分裂势力。哎呀，我今天才知道，原来中国妇联都是男性，原来如此。	Potentially
你看别人还不领情	None
我身边的优秀女性说没被冒犯到，看来跳脚的人应该很不如意吧	Potentially
上广东待几天就看到了	None
请你去掉我们河南，改成我们东北下面的河南	Potentially
牲口都是这样的，做不了人事	Potentially
文中其实说的是亚裔女性，这次的批判，包括韩国女性在内，但是没有直接点名。	None
排外表现明显的主要是老一辈，年轻一辈不表现出来，只是打心里瞧不起😅	None
彩礼违法。	None
笑了笑了，前脚还滚呐，你就是嫉妒，后脚那我这五万块钱怎么办，这脑子，笑了笑了	None
这个是杀猪盘，男的都是请来的托，装大款，骗女的交钱参加相亲	Potentially
哈哈 我在乍得 这边小黑两瓶可乐就可以给你当一早上力工	Potentially
知道民族大融合和北方南迁吗？我一个南方的汉族人莫名其妙就变南蛮了？	Potentially
这种问题我也不知道该咋说了，就像我觉的阿莱克丝塔萨漂亮，可是偏偏有人觉得浩克漂亮。。男同属于后者。。	Potentially
我感觉长三角一些媒体搞地域黑比南方周末狠多了	Potentially
我也是，被他们打过	None
各位同仁一起努力，多科普多引导多宣传，尤其向自己家族的女性和身边的朋友科普嘿仁的危害，尤其是年轻少女，三观不成熟，没有分辨是非的能力，极容易被祖坟被人刨了媚嘿和田园表所引导，大家一起加油，小弟天天科普，至少家族女性对公fufu都很反感，唯恐避之不及，大家加油	Potentially
异性恋属阳，是正常的，同性恋属阴，是不正常的	Potentially
就烦这种不知道自己几斤几两地下头男	Potentially
如果这些人都有能力，是男是女都一样，关键是这些人的能力如何，我不了解，你们了解的说说	None
我就是河南的	None
太多了，援助不过来，来了也没大用，地头蛇太根深蒂固了😆	None
所言极是！而且有一个很有意思的现象，往往越是资质平平的直男就越反同，相反越是素质高修养好的帅哥，反而对同性恋很包容……	Potentially
有孩子的女人，就算以后不结婚，心里也不会慌，因为虽然你在一天天的变老，但是你的孩子也在一天天的长大，你根本不需要慌。而不婚不育的女权，你膝下无儿无女，30岁以后，你敢说你不带慌的？等你绝经了，又老又不能生，男人要你有啥用？你最后的筹码也没了	Potentially
黑命贵，黑玫瑰？	Potentially
他就是说了两点，一、这个类比有不恰当的地方，二、希望同性恋能得到平等的对待。	None
别这么说，非洲发生这种现象也是因为非洲生产力低下导致的	None
有人就喜欢听文章的最后一句话	None
每个种族活下来都不容易，嘿贵也有嘿贵的特长，父母的苦口婆心都没用，别说咱们旁观者了。	Potentially
这个人很早就挑拨地域对立了，别理他拉黑	Potentially
他怎么这么虚伪啊？脸呢？	None
作为一个普通人，我们虽然平时能看见黑人，但是基本上不会有交集，八竿子打不着。难不成我看见一个女的跟黑人走在一起就要骂她？？这不神经病吗？	None
easy girl可不是国男喊的🐶	Potentially
在中国说zzqs的黑人都是居心叵测，因为zzqs的适用范围是一个国家中的各个民族之间，而我们中国和黑人根本没有任何关系。他们说我们zzqs，这就证明他们把我们中国当自己家了!大家得团结起来!	Potentially
只有妈宝女才会说别人是妈宝男，妈宝女真下头。	Potentially
堕落的媚黑奴，就算我比黑人厉害无数，我也不帮媚黑奴。这就是报应！	Potentially
还嫌弃我们土穷😆😆😆	Potentially
我老家河南，继父新疆人，一阿姨直接来一句难怪你爸妈会离婚。。。	Potentially
苏北跟江西pk绝对是被带了节奏，很明显江西跟苏北基本没啥交集，甚至江西人口中的江北人也是形容湖北而不是苏北囧	None
现在欧美每一部电影都要有黑人，要不然就是种族歧视！现在天朝抗日剧里面开始出现黑人	Potentially
猎默人在行动，快，加入猎默的队伍吧。	Potentially
那就好 希望像你这样正常的女生对一点，某些女人已经把中国女人是名声搞臭了	Potentially
如果同性恋可以结婚，还会有人骗婚吗？如果社会接纳同性恋，还会有人隐瞒自己是同性恋然后去和异性结婚吗？	Potentially
重新整理回复一下。我过去的回答数据显示东亚男性吸引力并不低，这还是在对亚裔男性高度抹黑的美国的统计数据，其它白人国家情况会更好，比如东欧国家，中东国家。另外，我想法中提到的性吸引力特指不爱运动的国男，不包括韩国男性，人家韩国男性在很多白妞面前性吸引力挺强的。最后，性吸引力或者叫魅力，跟你外娶有一定关系，但不是决定性因素。我国初高中文化毕业，英语差的国男都可以通过经济差娶到巴基斯坦媳妇。所以，亚裔男性性吸引力低为假，性吸引力和外娶的关系更不像你想的那么简单尴尬]	None
微博能是什么好地方！	None
额，炼铜txl能不能④	Potentially
你是性功能正常的肯定这么想了，性功能不正常的不喷死你	None
十几年前我刚上网的时候网上东北的名声还行，最起码“东北曾经是发达地区只是现在衰落了”这种常识哪怕是再黑东北的人也不会否认，但是这几年不知道怎么了，可能是智能手机便宜了流量便宜了，很多地域黑居然张口就是东北是贫困山区一样的地方😓	Potentially
别想太多了，国男去援非，找个黑妹还凑合。“欧美高质量女性”就很难了，毕竟在她们眼中，国男多数是身材矮小，弯腰驼背，眯着眼睛神情猥琐的怪物。否则，NGO别说狗粮了，💩都没得恰啊，国内也没有打拳的空间了，eg随之销声匿迹。	Potentially
北方在古代都南迁了	None
一个垫步侧踢踢废这些幕刃	Potentially
一个网上的账号，没有姓名没有脸	None
教课书一样的普信女	Potentially
是东北先挑事的	Potentially
说得好啊知乎里关于地域的回答是真的不能看，乌烟瘴气的，我已经麻了😅	None
兄弟萌快看，急死的国女出来了。😆	Potentially
我个人是不接受的和黑搞的女人。就算瞒着我，一旦被我知道，分手或者离婚🐶	Potentially
道理很多人给你讲过了，你不听，我家族亲戚教育也不会出现你这种人所以我很小几率碰到，但阻拦不了我想暴打你一顿的欲望	None
嘿玩意基因自带从小都有攻击性	Potentially
我认识的河南朋友都挺好的	None
优点盖住不提，我跟比尔盖茨比谁中文说的好，我赢了，比尔盖茨配不上我	None
这个狗货给私信关了😆	None
上门的人很开心多点对立。就没有人反抗	None
不怕，现在那么多考艺术的，总有人落榜的	None
社达只能对外，不能对内。	Potentially
本山西人真的不敢歧视外地人，感觉全国就我们山西是最穷的，要是没有煤，就彻底没有上桌子的权力了😅😅😅	Potentially
那看来你的生活经验确实是有限🤔，希望你以后多走走看看多了解，不要总是以偏概全	None
河南户籍的新疆人，手动微笑，我要和他们这些地域撕逼到底。	Potentially
😆😆😆这话是事实。福建省内相互歧视的例子多了去了，我们早就习惯了。	Potentially
我害怕😨两点，1外网上有动作片，2有病HIV HPV。	Potentially
不出现在人类面前的哥布林才是好哥布林	Potentially
应该立法中国只承认父系子女拥有中国国籍。	Potentially
直男有几个掰弯的不过是摔锅罢了反倒是直女的很容易磨批之后拍拍屁股找直男继续吸血	Potentially
有本事别匿名 让大家看看你是哪的😆	None
当理性判断女拳阻碍社会正常发展的时候，清算就开始了。	Potentially
自己待的什么破公司自己没点b数吗	None
从五千年前，河南人就向外走了。	None
女权把人变成鬼	Potentially
歧视又怎么样，我们压根不欠他们黑人什么。	Potentially
舔狗逻辑是硬伤	None
真的现在女权生亩媾横行	Potentially
不喜欢不接触就可以了，喜欢不喜欢确实是每个人的自由。一个东西做到所有人态度一致本就不可能	None
嘿蛆离不开䓯品	Potentially
你这样不好，得改。要做到一视同仁，怎么能只歧视后者？	Potentially
百度百科并不正确，出生前的因素（包括基因/母亲怀孕期间的激素水平等）才是决定因素。否则就无法解释那么多出门良好家庭，幸福美满的人最后却成了同性恋。上两个世纪用同性恋做实验品已经实践过了，无论是心理还是身体上的手段都改变不了性取向。人是不可能被掰弯或者掰直的。只是有一部分人是双性恋罢了，双性恋里又有更少书是便异性恋的双性恋，所以给人的假象是人可以被掰弯。目前一般认为同性恋占总人口在5-6%左右，并不会倒是人类灭亡。并且你可以想想看，在人类没有这些意识和利礼法约束的时候同性恋野人肯定也是追求自己的自由，没有繁衍后代，由于没有产生文明的观念，因此同性恋并不会被群体禁止，但人类并没有因此灭亡啊。能挺过野人时代，那就说明性取向并不会有这样的风险。	None
真就南满，不就是你这种人在招黑？说地域黑的地方还用南满这种地域黑的东西，还怪别人黑？	Potentially
河南人就是坏，我们家做生意的被河南人骗了十三万！还把钱给转到外国账户去了 警方最后只追回来三万块！河南周口这个地方专门搞电影诈骗的，还有专门的电信诈骗培训班！我说的都是事实，不是别人，就是我们家自己亲身经历的事情！！	Potentially
那些女的就是汉奸，把劣种引进中国	Potentially
这样规定，很可能会适得其反~最终会让企业和公司那些用人单位，更加不敢招女的	Potentially
看到评论。emmmmm。我其实连评论的勇气都没有，好卑微一上海人啊。	Potentially
然后我和表弟笑的要死，结果小姨在后面听到了，然后回头看到小姨凶狠地瞪着我，然后我一边笑一边把手放在小姨胸上，我表弟在旁边笑不停，我小姨抓着我的手甩开然后带表弟走了，她说真怕我把我弟带坏了	None
那都是南满编的，你如果把南满当成人那是你的认知错误，南满不是人，南满是满子	Potentially
艾呀，梅关系，不会疣事的，概率为淋。疣其湿没有尖锐的问题就更不担心啦，你要照顾好滋己呀，不要经常去疱吧了，找个斑上吧，疹心的。	Potentially
原来女人在你眼里就是个盘。。。 有本事你可以不接的嘛。	Potentially
同还是人人，黑是人兽	Potentially
不如，人家是生意，要收钱的，这个是免费。	None
欢迎大家一起讨论	None
个人认为穷是原罪。河南资源有限，人口一亿。每个人取得一些资源，就需要用心，弄个计谋。	Potentially
😅😅我江苏的，这边传说东莞是xx的天堂	Potentially
深柜竟是反同头子本人	Potentially
都这么让着他们了还不愿意？	None
黑小妞在餐厅厨房准备尼日利亚大菜，熏火鸡配以菠菜、甘蓝、洋葱、辣椒杂炖。	None
愿黄桃罐头保佑每一位东北人	None
才10年？	None
好像从几年前，田园女权开始崛起，然后慢慢的，怎么就突然男女对立了。。。以前是真没这个氛围啊。。	None
呜呜呜畒破防啦	Potentially
有些时候，有些人，根本听不到讲道理，懂么？对于有些人，只能强硬对抗，懂我的意思么？不要觉得世界很温柔，所有事情都可以通过讲道理和感化来解决。至少有一部分人，他们决然不会。听懂我的意思了么？是一部分人！讲不通道理的人！你就不用和他们费口舌了，直接对抗！因为你对抗之外所有温柔的手段很难甚至无效。	None
你的考虑这个确实对。我就被我认为很好的朋友坑得很惨，虽然不是这方面。	None
黑人就是犯罪分子	Potentially
这些人的恋爱观就离谱	None
这个吧说真的不否认男的会有玩玩黑人里的美女的想法，但是应该没有几个会娶黑人女的😅	Potentially
因为非洲算不上文明	Potentially
我们中国真是太强啦😆	None
艾就一个字.	Potentially
这就是玩火的后果，跪舔嘿看到后很不开心	Potentially
支持顺便我想当个小吧把他绞杀	None
我一直以为广西被黑是“传销”和“电诈”🐶	None
我一直以为东三省里都是黑辽一起黑吉林，因为我们同学有人一直把黑吉辽理解为黑及辽	Potentially
在所谓“自立自强”中走向极端，然后彻底反智。管中窥豹，略见一斑，权拳二象性实乃真知灼见PS：素材来自吧中某帖一个破防幕刃的主页，欢迎仗义之辈同去屠?	Potentially
你需要更多的黑吉拔	Potentially
这种就是典型的废物龟♂了兄弟们，大家引以为戒	Potentially
爱家乡不分男女，可江西人是为了黑而生😅	Potentially
默鱼，政治正确就是不正确	Potentially
广东那地方是人待的地方？待时间长人还不熟了？	Potentially
当你们还在讨论和黑人恋爱什么的时候，脸书已经就黑人是不是灵长类展开了讨论。	Potentially
小时候就觉得山东台土，问题我十岁时去山东住过一段时间，感觉比我们那里发达不少啊，咋跟我的印象不一样，当时就很奇怪。	None
呵呵，知道女权变成女拳之前结婚率血崩了么？涨价去库存不好用了，恼羞成怒	Potentially
“直男”这个词已经被用了好几年了，拳虱们可以骂“直男”，那我们也可以骂“歪女”，或者大家认为有更合适的词可以用来指代那些喜欢拐弯抹角、敏感多疑、热衷于勾心斗角的女的，欢迎大家留言，对于拳虱们的诽谤，我们要坚决反击。	Potentially
这问题让我明白为什么基佬在唐山不会被打。基佬染艾原来是为了防身！	Potentially
所以说找老婆还是处女优先，HIV 潜伏期太长了，听你的意思应该没中招，祝你今后的生活幸福美满	Potentially
对策：没错，我就是让你伺候我照顾家务当保姆，不然叫你吃干饭的？	Potentially
黑蛆靠下体不知道能不能征服世界	Potentially
最大的侮辱就是无视，如果真的遇到大概也是如此	None
确实，女性地位能提高的的确确是好的趋势	None
这次的俄乌战争提供的案例真是太多了	None
合肥嫁到江阴叫远嫁....我怀疑江苏是除了安徽省第二多安徽人多的省份了。真的那么远江苏就不会有那么多安徽人了。	None
强迫认可的意思是改变别人的想法，不认可就喷。	None
挂出来的图片内容在这过不了审	None
同让人觉得恶心	Potentially
《牛棚杂忆》《平凡的世界》还有很多伤痕文学都一个样，反正题材都是改开前的故事。	None
吧里这几个反同根本没什么能力，反同还得靠同性恋	Potentially
杀光一切基佬	Potentially
他是打算在中国当司机，不回非洲建设自己的祖国！	None
能出国的确实这样，知乎说的属于国内城乡结合部三本大学生	Potentially
全网呼叫河南人	None
小鬼们离开b站是没有生存空间的	None
那为什么要优待白人呢	None
投资人造子宫，找相关从业人员发泄信誉	Potentially
同婚不能减少骗婚，基佬骗婚是因为想要繁衍后代，占两种便宜而已，不是来自社会压力，禁止同性恋繁衍后代就可以消灭骗婚。	Potentially
只要大家都敢拿前途来捍卫下一代男性的应有权利而去qj亩人，亩人除了怕，根本反抗不了。	Potentially
混血，眼睛是蓝色，混了白皮猪的血	Potentially
呵呵咋感觉你才是功能最全呢，，，	None
😓😓什么laji就不要叫了，艾滋里面什么人最多不用多说了吧，不要拿艾滋碰瓷同性恋，散滨😓😓😓	Potentially
没有没有没有，在网上非常少见给广东的，倒是黑东北和河南的排山倒海。我也是湖北的。	Potentially
说实话，全世界觉得嫁给老黑还光荣的也就大陆妇女?那老黑是什么品种，刚从树上下来没几天，要不是跟人类没有生殖隔离，都可以定义为类人猿?咱们可是正宗智人，和欧美人种一样，基因里都是有尼安德特人的基因，杂交出来的所以及其聪敏，老黑就不一样了，基因跟咱就不是一个色?你非得嫁给动物，那也没办法?	Potentially
无所谓，吃狗肉无所谓，同性恋无所谓，恶心的是，强迫别人吃狗肉，到处宣传同性恋的人	Potentially
尤其那种总爱英雄救美，一副道德表姿态，帮女人说话的是最为可气的	Potentially
她这是被你说破防了，但是又说不过你所以无能狂怒，满嘴胡话了	None
加两个0吧，一百万小仙女几个月就花完了	Potentially
有一说一，生下外国孩子的女性绝大多数都不认为自己的孩子是中国人吧？尤其还是黑的。	Potentially
以前在国外干活用过特制套子毛妹说比老黑那还厉害👍，完全可以代替老黑。有些瘾大的女人找猩猩其实就是为了找刺激，只要她们知道有代替方法她们也不会冒艾滋风险和臭气找猩猩。	Potentially
反过来也是一样，一个丑的直男也完全没必要担心会被同性恋看上😅😅😅	Potentially
辽宁河南安徽并不穷，有不了解经济的人以为它穷，这些地方交通发达，劳动力充足，穷不了。有次见到一个甘肃的说安徽穷，想要歧视的样子囧	Potentially
活着浪费空气死了浪费土地的渣子们	None
江苏教育就别碰瓷北京了，北京家庭从小在教育的投入不是江苏能比的，孩子从小受到的苦和江苏不是一个级别的。江苏确实会哭穷，自己哭就行了，别老碰瓷其他人😆	Potentially
别再问孩子的爸爸是谁，爸爸是在这个迪厅认识的，孩子是在这个迪厅怀上的，这个孩子就是大家的孩子，抓好脐带妈妈要开始蹦了……	Potentially
所以你喜欢一个人就是馋ta身子？就是想上ta?⁉	None
让大家都看到这张图	None
张口就要钱的母苟确实没教养	Potentially
男同也会喜欢熊类，男人的身体魅力好不好只有正常的女人才知道	Potentially
太对了 我也是男童 我巴不得那些恶心的男童(占大部分）都去死😢	Potentially
不好意思 我就是詹姆斯的球迷	None
你好棒棒呀 知道的真多你家那片还有井盖吗	Potentially
的确，这个才是重点	None
虽然但是，这图TM就是摆在馆里的泥塑或沙雕啊看着泥塑感就很重，也魅说是本人吧。	None
跑到反同群里面开盒，真的是狗啊	None
地域黑，主要是前汪伪区前国统区的，他们和台湾亲着呢。	Potentially
总而言之，现在就是女人最好的年代，不作妖，处女，整容的能好看，找一个中产阶级以上轻轻松松。也不知道女拳哪里不满>_<，或许整容也整不出来？	Potentially
你想穿没人管你啊，没人干涉你的	None
河南被黑的最惨虽然一直有人说鲁豫皖鄂豫皖，河南被全国各种黑，说起河南就是总部偷井盖逃难，以前那个省人没有逃难去	Potentially
想都不用想，肯定有哎滋	Potentially
对呀，那你干嘛什么都推到同性恋身上呢？	Potentially
希望你们都能花钱娶女同	Potentially
通讯录也不是什么好东西	Potentially
应该且必须批判。对于犹太财阀的渗透，必须坚决清理。	Potentially
你是哪里人？	None
伪军比鬼子多。	None
没开化的人和动物有啥区别虽然中国也有少部分	Potentially
头像也很亮眼呢。	None
武警排长不比你一个不知道什么二本院校出来的臭鱼烂虾好一百倍？还隔着要求这么高呢。公职是说能换地方发展就换地方的吗。还是说，你这lkd也是公职？凡事想想你配吗？	Potentially
家暴只是给男人定的，男人打女人那叫暴力，女人得到的是同情，男人得到的是谴责；而女打男，得到的却是掌声，男被女打，不仅得不到同情，还会被取笑鄙视。平等吗？到底在哪里？有没有平等？	Potentially
像我家里一群蟑螂，天天偷吃大米不事生产，还做很多危害秩序的事	Potentially
《做IT的，有自己的公司》	None
希望你早日出来	None
近代历史基本都是讲南方的，辛亥革命，清政府被推翻，两党建立，北伐军统一军阀。据我所知只有一个地方的人自卑的很，连张学良都能吹成“民族英雄”，毛和周当年最多就是看到张对党有贡献夸他一个民族英雄罢了。从人民角度来说，张在“江桥抗战”发了一个电报给马占山这个土匪自己带领的军队死守东北，自己却不支援。蒋张实属一丘之貉，一个民族罪人一个罪人	Potentially
不太清楚，一会弯一会直的只能说明男女都喜欢。。	None
各位有新词了	None
那你没看见的大部分不喜欢黑人的女人多着是，幼稚	Potentially
他也不累的谁知道天天表面上说什么正确婚恋价值观背地里天天xingqin女儿的是不是就是他	Potentially
啧啧，现在只要在网上说同性恋一点不，就要被喷的连渣都不剩	Potentially
资本只会把事情变糟糕	Potentially
违背自然规律道德伦理的还是人吗？好像是人，因为动物很少有搞基的	Potentially
😱这真有这样的人的吗😱那得长多好看啊😱😱😱🍉只能说p的一定是p的，或许是了解太少还是有好看的？🍉毕竟印度人和印度婆罗门是不同种族来着。	None
都该人道毁灭	Potentially
让她生下来，在分，不要说残忍，女人背着你跟别人的时候从不想这些。	Potentially
你可以说你自己讨厌吃屎 但你说喜欢吃屎的人是大傻逼你就有问题	None
偷红苕芒果的，是哪儿的呢	None
嘿，我籍贯就是大石桥的	None
不和最差的比难道还和最好的比吗？你到底脑子里在想什么，你屁股坐哪边的？	None
当你在明处看到了一只蟑螂，说明阴处已经挤不下了	Potentially
是的，生下来的混血在西方正经人眼里有个蔑称叫黄疽病	Potentially
变态男太恶心了	Potentially
江苏和上海能上被黑名单是我没想到的，怕不知道安徽被这两个黑的有多惨（还要加上浙，地域黑三巨头），现在神隐，加害者变被害者了属于是。	Potentially
你怕是不知道13年的“浙江滚出中国”。	Potentially
重庆是四川的 高级黑啊	None
在我高中时，电视上放有关黑人的好事，具体什么我不记得了，当时我爸说了句：嘿硅，我据理力争🤣：人人平等，黑人也是人，不要偏见看待现在的我：嘿硅🤣	Potentially
你📉我好心相劝却被基佬拉黑	Potentially
吧务和几个等级高的蛇鼠一窝，整天高强度巡逻删评，双标玩的飞起	None
啥，东北也内斗？🤣	None
看了就说我们流氓，不看就说我们是gay、xing冷淡。还不知道你怎么想的？	Potentially
说几个比较可笑的流行网络用词。1，你键盘侠。答：哦，那你怎么打字的？能脱离并且永远不用键盘吗？2，你急了急了。答：好吧，急是人类的多种情绪之一，你不会你没有，所以你不是人？3，你无能狂怒。答：哦，其实吧，狂怒是情绪，和有能无能有啥关系。你不会狂怒，所以你也不是人？4，你吃不到葡萄说葡萄酸。答：你家长辈恐怕没告诉过你，有的人不需要入口，拿起来看看闻闻就知道葡萄的好坏。先说这几个，再有再说，另外过年了，外来户是不是考虑回家探探亲，比如黑色的某些家伙，回去就别回来了。	Potentially
泼峰是一名猪种反同部队退役反同战士。	Potentially
咋不打死这狗比贱货	None
台湾人还觉得大陆人吃不起茶叶蛋呢	Potentially
小孩子都知道远离默，那玩意有艾滋	Potentially
别人下班了哪里溜你不会都监视吧？生出来的那些是铁证了吧？不出去搞黑妞也不等于戒色吧？网传的东莞下岗女工非洲工地重新上岗，这个如果是真的也挺合情合理的吧？	Potentially
泰迪家族嘛i了i了	Potentially
甘肃人默默扶额	None
原来是他不被娘服待见	None
从我多年网上冲浪的经验来看，混迹各个网络社区，就没见过哪个省是团结的，真要有的话也许是上网人数最少的新疆青藏等地	None
“这里是你的吗？是你买的吗？这里是我的！”某默视频里这么说的😆所以没有自己的文化，怎么才能过得更好呢？当然是去吃别人碗里的😆	Potentially
人造子宫真的能解放吗？	None
没意见，顺便问一下，这个吧是反同吧吧？为什么还有通讯录山峦？	Potentially
只能说截图中的部分观点有道理。女人的民族意识确实弱于男人，任何一个民族的崛起动力都源于雄性意识，这是事实。原因可能相关于人类的原始基因，猿类、猴类等群居动物的雄性都会挑战强者，夺取雌性，然后又有保护雌性的本能意识，而雌性会依附于强者，抛弃弱者，人类社会也有类似特征，比如古代蒙古人、满洲人喜欢屠男而留女。但是，截图中的观点绝对化了，人来自动物，带有动物性，但又高于动物，有人性，古往今来，不少女性有强烈的民族意识，她们或与民族共存亡，或奋起反抗，或舍身取义，或杀身成仁，不让须眉，比如秋瑾反满，比如赵一曼抗日。	None
是的，至少我的朋友圈绝对不允许有男同。	Potentially
回望历史，每当中华民族危难之际，上天总会派下天选之人拯救华夏民族。	None
我结婚的时候去做了婚检的，你结婚的时候难道不用做？	None
把湖北 湖南 河南放出来吧。这三个大概率也不会愿意和西部玩的😆😆😆	Potentially
所以说搞地域歧视的总之就是非蠢即坏，当然也有可能是又蠢又坏	None
大家看到没有本吧吧宠真是能够带给我们无限乐趣原来跪虫族都是这种水平我真是太放心了	Potentially
和女生相关违法问题不是女生问题是TM谁的问题？主语都有问题还发个鸡毛声，发什么声？÷生？你一个男，怎么还性别歧视？管你你是什么玩意儿	Potentially
抱团，我们需要工会	None
异性恋基本盘	None
你不怕你万一失足被他们烧死么	None
为什么全世界都讨厌黑，看看黑做了什么，被讨厌自己找的，没有会同情他们，只能说一句干得漂亮。🐶	Potentially
国女不值得娶和谈恋爱，只适合逢场作戏。	Potentially
但我好像听说这个故事是假的不知道各位有没有求证过当然，如果是真的就应该加大宣传力度	None
有河南在，你们都往后稍稍😅😅😅	None
国外有敌对黑恶势力，收买国内一些下贱二狗子汉奸在国内做恶意引导～	None
成都还好，基本上只要交了黑人基本上所有人都知道了，毕竟嘴碎，哦对了我就是成都人	None
江照黎明以前看来国产想离婚这下绝了看完这个女的不得弄死男的环境决定大部分婚姻观念和人性为什么没电视拍为什么要彩礼和要求的这么丧心病狂为什么很多外面都不要就国NAN要这要那	Potentially
人类祖先还是非洲呢？这能说明什么？	None
我不想嘿河南，我确实在河南人身上吃过亏😅	Potentially
我是湖北的我不反对哦，好多男孩确实爱面子，兜里没钱吃喝玩都要好的，不过好的也有很多，属于两极分化了，是因为我们那的人讲理，很客气咋说了就是想把自己好的待客，算烟都拿最好的，其他坏毛病少，别喷我啊	None
大家集火冲啊	None
我去过全国几乎所有的省，而且不是走马观花式的那种，我是平均在每个省都待了两三个月	None
作为房东，告诉各位，这是真事儿，两个女的是最脏的，其次是一个女的	Potentially
我觉得女人也没用	Potentially
黑g还要考驾照，供非送的钱太多了吧，太恐怖了，要有猩司机了	Potentially
论经济数据，辽宁真没资格鄙视中部	Potentially
[表情]反对的进来飞个	None
她们房子和彩礼准备好了嘛？	None
这事说开了吧，实际老华裔觉得黑黑白白花钱没数，不可靠，基本看不上白白黑黑。更不会以找黑白为荣，看不起黄男	Potentially
800的小姐能提非常高的情绪价值，买礼物反而提供负情绪价值	Potentially
只要女的嫁走，别留在中国就不歧视	Potentially
坦克女震怒	Potentially
还不是龟男不努力	Potentially
这种喜欢自称本宫的多半是有性别焦虑问题的通讯录	Potentially
你这个就是胡说了，大城市的年轻女性比男性更多。大城市中反而是男性更愿意选择回老家结婚生子	None
急了，某些法西斯急了，还说我是黑孝zi，23333，某些fxs，够了?	Potentially
不予置评……不过你问我的话我可能给你输出racial discrimination观念。（虽然并未接触过默）	Potentially
这种没脑子的女人真的是很可爱	Potentially
就算是女的打男的，男的只要敢还一下手，那么后果就不堪设想	Potentially
好家伙，果然buff叠满了。	None
又是你，这种帖子滚去女权吧	Potentially
要是哪个国女能把黑人老公真给弄成结婚登记的合法老公，还能一直呆在身边一起组织家庭，抚养后代，我还真高看那个国女一眼。。大部分媚黑女，说到底就是个几把袋子，你留得住人嘛你。😲	Potentially
男的比女的多几千万呢！这些光棍当然要找外国女人，找中国的没有了啊。这叫双标吗？	None
你们实在叠buff吗🤣	None
中华人民共和国 快管理一些地域黑吧	Potentially
最后说一次，别在我评论区理发店	None
随着科技的发展，男人的武力已经被削得越来越弱了。	None
男同喜欢封面上的那种?	Potentially
安徽人我接触的比较多。江西人接触的太少了，感觉江西真的存在感高低呀，黑都想不起它来。	Potentially
山东河南还是主要的征兵地	None
男权吧也有渣滓，我刚才就被禁言了。	None
虽然非洲确实艾滋病比较严重了但也没有30%🤔	None
支持作者传播正能量	None
是不是穷人家因为家徒四壁就不应该设置防盗门了。同性恋是贼穷人家也是人，不管怎么都应该提防变态基佬	Potentially
反向操作去喜欢中国的地方留学不就行了	None
你去撒哈拉以南待两年就不会说这种话了	None
它不是个骗婚gay佬吗不是直男	Potentially
对不起，我这个失败者和不正经的人又来给黑人添堵了。要说黑人的所谓运动天赋，这玩意你得用在特定的环境，比如运动会的一些特定项目。黑人都不能独霸运动会所有的项目，敢妄言自己运动能力超群？别忘了脑力运动也是运动。黑人的运动天赋实在是鸡肋，有时候还不如鸡肋了。	Potentially
有些地方就是嘴贱	Potentially
肯定是西安人😓西安人优越感可太高了😓与西安邻居的省份哪个省没被西安人黑过的😆西安口气直逼北上广每天就在网络上做梦做直辖市心里一点数没有😓	Potentially
日韩女权已经用事实证明过了的东西，还需要相信他们的理论？	None
不恶心。同性恋并不恶心，恶心的是那些跟风的人。在我眼里，同性恋很普通，那就是一种人与人之间的爱情而已，只不过喜欢的人是同性，想娶想嫁的人也是同性而已。碰到一个喜欢的人就很幸福，至少能遇见喜欢的。我的建议是喜欢就好，管他男的女的，管它合不合法，只要不是三就行，单恋也行，互相喜欢也行。别人的恋爱跟我们没有关系。我们要做到“不提倡不跟风不嘲笑”没必要真的接受同性恋，因为每个人的思想观念都不同。（仅为个人看法）	None
说的这么新奇，好了，我宣布，田园女拳有滥交的自由	Potentially
黑人的头上顶着三个大字：艾滋病其他乱搞的外国人也是垃圾渣滓，怎么了？	Potentially
黑玩意抢完了结果一看这文物是现代伪造的，尴尬了	Potentially
哈哈哈哈……我也是……太逗来……感觉说撒都会被歧视……	None
那是你们喜欢的羊大人按给你们的，然后觉的他们说的对。从头至尾国楠都木有参与。😆😆😆	Potentially
这位更是经常口出暴论，真就无法理解，成年人选择什么是他们的自由，可他们往校园里折腾是在想什么？不少成年人都无法做对的选择，未成年人就能做对了？	None
戳到她们痛处了呗	None
巴基斯坦，一个半部落未开化的国家，雷探长去那里差点没回来	Potentially
没错，所以我说的也不是“种族歧视”，我更倾向“歧视黑人”。而且不是单一的外国人，有的外国人就很正常，我们从上到下也都挺照顾的。有的外国人在我们这里又偷又抢，骚扰他人，拿着十多万奖学金骗女学生感情和身体，甚至强奸杀人，然后一总结，发现绝大多数都是黑人！所以，无论是种族歧视，歧视黑人也好，厌恶恶人也罢，即便是学校偏袒或是教育b照顾，我们都要发声，让更多不知道的人认清真相，了解黑人，避免更多人受害和生命财产损失	Potentially
什么以偏概全，我只看比例，p站世界公认中国男人大部分都很小黑人大部分都很大	None
这是不是批判，这比批判严重多了。	None
毫无反馈，自然不可能有所影响，我怀疑某些人其实是对面卧底。	None
那天我去买塑料袋。有黄色的白色的透明的还有黑色的，我问老板，哪一种颜色的最便宜？老板说黑色的最便宜。我问为什么黑色的最便宜？老板答，因为黑色的是垃圾材料。	Potentially
不是批判女孩子，而是大家都对女孩子嫁给黑人等于明摆着往火坑里跳而感到愤怒！女人真的不能无知到那种地步！	Potentially
这个房屋出资到底是怎么出的？	None
歧视三非黑人，素质道德低下黑人是正确的。而且即使不歧视，那作为一个普通人逃避风险是人之常情 在这样一个黑人留中背调这么不靠谱的情况下，远离他们就是普通人唯一能做的了。不认识排挤恶，那社会就没有向善的动力。	Potentially
兄弟不必回，他们说浙江是这样就这样吧，从13年的心寒被骂到现在还要被某些sb代表，咱学学隔壁上海已经佛到自黑了	Potentially
奈何广东媒体不把广东以外的中国人当人啊。特别是今年全运会广东从官媒到自媒统一口径硬生生把自己吹成奖牌榜第一。还不是被山东蝉联四届冠军打脸😂，先富不代表你就可以不要脸。	Potentially
黑人基本都没 叠的，结婚的很少	Potentially
现在才看到一年前的发言,那时并不是在阴阳,而是爱上了一个男生,但内心又不想承认自己是同,觉得男生喜欢男生是很恶心的一件事,同时也觉得自己恶心,所以看到你问题以为是同样的情况,现在看来,当时的语言确实会让你误会.从那时到现在也是一年多了,也弯了一年多了,也知道了你所认为的恶心是指性生活混乱.挺奇妙的,当初是为了他去搜的这些问题,现在回过头来看又会想起他,男生和男生的恋爱保质期真的很短,但真的很美好.世事无常,以前的我真的是纯直男,现在的我对女生没有一点欲望了.也不知道自己现在的恋爱心理是否健康.挺后悔的,后悔和他分手后没及时退圈,但不后悔和他相爱过.如果可以重来,我真的不会入这个圈子了,我想结婚生子,我想让我的父母享受天伦之乐.如果也有和我一年前是同样情况的人看到我的发言,希望你们不要好奇,不要再深入了,如果你们也是恶心男同,也有一部分可能是因为自己有那一方面的倾向,只是存在你们的潜意识中,但你从小接受的教育和你起了冲突,表现出的情况就是恶心同.最后向楼主道歉,当时真的不是阴阳你,是我没有注意措辞,对不起	Potentially
所以问题的根本在于“去非洲”还是“与非洲人恋爱甚至结婚”？一段关系在没有现实基础或者条件困难的情况下能否建立？你的故事里面一个中国女和一个非洲男恋爱，但这段感情在你看来是建立在“女方绝对不能去男方的家里，一次也不行”这种可能限制当事人意愿和自由的条件下。所以，既然在限制，为什么不在一开始就把限定条件定死了？不要跟外国人上床、恋爱甚至结婚，尤其是黑人。那么这个问题不就圆满解决了吗？如果开始没做好选择，就会有新的问题诞生。比如要考虑去不去非洲？被莫名人劝阻不要去老公家里看看？有得艾滋的风险？可能祸害一个“老实人”接盘？一辈子被别人漠视……	Potentially
黑人绝不是什么弱势群体	None
长三角某些媒体带坏了风向，经常以高高在上的姿态评价外省人，这些媒体才是地域黑的源头	Potentially
好家伙同性恋养的孩子高人一等是吧平等呢自由呢？	Potentially
人家女人是自愿的好吧	None
来康康你的嘿爹	Potentially
看看小拳书上名媛的真面目	Potentially
是个正常人都反感打拳吧……不分男女	None
见过一个和默晚上在小花园“约会”的，从此看见你女的就害怕她和默“约会”过，怎么辨别一个女生是不是和默“约会”过啊？	Potentially
希望他们孩子能有父亲一起过父亲节吧😆	Potentially
腿上带黑桃的是个媚黑组织	Potentially
河南人很多，加上同文化的，有好几亿，因为一个人就贴个标签，这是一种社会戾气，表面上看仿佛只是河南人受害，其实社会中每个人都是这种戾气的受害者，这都知道社会戾气大，这没得洗吧，各地报复社会的，还不都是他们当地人	Potentially
我有被东北人喷过扬州三屠和南京大屠杀是我们活该😅那怎么说	Potentially
南大人已经开始内部瓦解了，竟然能把河南偷井盖这种锅甩给东北人，也是绝了。	Potentially
历史上男风盛行的朝代比如宋末汉末等女性地位确实不太高	None
机器人罢了，你理它它就赢了	None
最少一个亿，你把浙江放哪儿了？福建呢🤣先把数学学好	None
人家又帅又可爱而且还是军人你是个什么东西	None
第二个是豆瓣母拳	Potentially
你评论下面看见没，张口就黑某省的，是美国的ip。讲真我作为河南人，第一次听说东北人被黑的很惨，也是从几个东北人口中抱怨得知的。身边外地人真没见过黑东北。	Potentially
这种低智商的女人多出去点才好，千万不要再回来了，不然会拉低整个民族的平均智商	Potentially
这是打算开始通过歧视光棍来试图提高结婚率了？	Potentially
它的意思ZG就该高犯罪率，黑是正常的留学生的犯罪率都很高	Potentially
事实证明有些男人可以分分钟有游艇，为什么有些却不行？	None
我会抱狗 但是不会抱黑人	Potentially
去非洲吧，那里有很多孩子需要你给一个家	Potentially
黑人多数有犯罪前科。不是歧视，事实如此	Potentially
老实人被逼奸诈。唉。	None
首先说一句，喷神可能大概也许貌似真的有点种族歧视；但我还没说完，第二条就是，我也不可能接受，我支持喷神😆说到这我直接联想到成都吴蒙	Potentially
黑皮肤的努比亚人是法老伴妃不假	None
别在同情什么非洲黑人了，想想自己同胞的处境都十分坚难！！！	Potentially
拿刀确实有一博之力，不过不是没办法的情况下，尽量逃跑为主，男女身体差异还是蛮大的。	None
第一印象影响了出发点，你就会不自觉的走偏	None
你真是这个问题的回答和评论区里少有的这么大度的😎	None
大姐说得对	None
我是青海的，确实很少被黑。不过，我想说，青岛那个海叫黄海。	None
小红书一抓一大堆好吗？😓	None
反正我不结婚了，这辈子就这样吧	None
哈哈哈，虽然安徽被黑，但是合肥还是人上人啊，官媒亲自下场嘲讽邻居🥰	Potentially
面对公开的外人评论。可谓是最公开公正了。	None
全国？你寄吧谁啊、你代表全国？	None
这女人能活到现在也是个奇迹！	Potentially
"当面就是从贴吧开始黑河南的，我记得特清楚，什么老乡叫成""捞翔”"	Potentially
最后两个的顺序可以斟酌的。	None
你不识字吗？郭南郭朒分不清楚	Potentially
江南三村最初是某些地方用来嘲讽江浙沪的梗。如同包邮区包邮是因为包邮区人民穷付不起邮费一样。都是某些地区嘲讽江浙沪的梗。这样的梗还有很多。[摊手]	Potentially
男的可没这么想啊，从此处可得出结论——䖡壬更恶。	Potentially
主要是被嘿嘿玩过的，那不是一般的思想，那得多么的。。。	Potentially
那下次她还得捅，搞不好所有的男司机都被她捅死了	Potentially
外籍男子醉酒闹事、公然袭警，被制服后群众纷纷拍手叫好	None
境外势力再加上无知人群，太恶心了，全国制造对立，我不是河南东北这些的，但是每次看到还是很气愤，自己都活在最底层，何必这样莫须有滴黑别人呢，多去花时间赚点钱不好吗	Potentially
身为一个男同我最反感直男拿搞基击剑来开玩笑	Potentially
这个是友军	None
东南亚小国，人家肤色都跟我们一样！说的不好听点，好多小国以前还被中国统治过～这能一样吗？混淆概念呢	None
还好我没怎么见过黑人	None
买了个表是啥意思啊	None
怎么样，人家现在露出猩猩面目了，你往世卫投钱，整天捐款，现在白打水漂了	Potentially
吧主，强烈建议去找有力的同盟，誓死守住反同恋吧	Potentially
变性人和同还是有区别吧	None
因为性别比例失调啊，有什么不能理解吗？	None
，你也就会侮辱我们的同胞了	Potentially
那为什么不说是苏浙沪呢？	None
新疆切糕大概十几年前很火	None
讲真江北人自己都是被苏南歧视的人	Potentially
逻辑高手随便打俩字就是悖论	None
是哈，宁波工程外教老好人了是吧？	None
艾基怎么刷也澄清不了事实！	Potentially
他们不是反对种族黑人歧视，他们只是反对歧视	None
受了犹太人思想的指使，目的是创造一个新的人种，没有思想没有文明的人，便于受犹太人控制，这个女的肯定是和犹太人有关系！	Potentially
啊这啊这，丰县事件是法制问题。男主涉嫌多项法律规定，和女权没有什么关系。这个人明显是媚女蹭热度，况且丰县事件是几乎全网一致谩骂，不存在什么男性不发言这类情况。此次事件的恶劣程度超过了性别限制，这不是女权问题是人权问题。真没必要因为关注某个问题，发表一些偏颇的见解就给自己脸上贴金。	Potentially
这种脑残是大学孝长的坐上宾啊	None
如题，谁去接一下这个拳法	Potentially
我会向吧里前辈认真学习，学习男权知识。	None
大家都只为自身性别考虑，没有想过男女平等。	None
原谅我手残，截的图不及他们人一半好看	None
全世界须眉阶级联合起来	Potentially
个人觉得吧，挑头的有错，但是跟后头闹事儿的就无辜？	None
可不能再团结了	None
在很多非洲部落里有着一个特别奇葩的风俗。是他们的部落认为，如果自己部落的年轻女孩结婚了，如果她们还是处女，她们会给部落带来厄运，所以每个部落都会有一位性启蒙导师代劳为女孩破处。性教育启蒙导师，顾名思义，就是为小姑娘破处。一般来说，部落中有一个单身男人作为性教育启蒙，在部落中享有特别高的地位，令人羡慕。他的主要工作是遵循当地的习俗，带走少女的除夜。当地人坚信，如果小姑娘在结婚前没有破处，那将给家庭带来厄运。于是，当小姑娘进入青春期，家长就会邀请性启蒙导师带着自己家女儿迈入成人世界。女孩们无法抗拒这种安排。破坏童贞现象的兴起根源于该地区的艾滋病毒流行。有很多性启蒙导师，自己本身被感染有传染病，疯狂让病毒传播。	Potentially
男人嘛，就该要大度一点	None
什么双马尾猩猩	Potentially
据悉，本反同剧反同大咖云集，邀请了银河系著名的反同艺人阿泼担任主演，甚至有宇宙天后淋淋加持客串撑场，将于今晚7点7分全宇宙同步上映。	Potentially
黑人专门勾搭中国妇女	Potentially
现实就是有大量国女愿意倒贴外国人🐶	Potentially
南京是因为本地人死完了好吧 三面都是安徽 移民肯定安徽江北人为主。问题在于，你有没有想过，为什么长三角唯独把安徽作为dy黑第一梯队？我跑过长三角十来个城市，基本上对湖北四川这些西边的，还有河北山东这些北边的都不怎么关心，但黑安徽河南的是最多的。	Potentially
山里碰到个这么不人不鬼的东西居然没被吓死，给摄影师赞一个	None
中国女孩也有拒绝黑人的自由	None
女人不管多与少，但是使劲夸大外国的女人她们也配不上中国男人。说个很难听难听的话，中国男人只有中国人才能评论。	Potentially
哦哦，真可怜呢，只能说不要一击脱离就拉黑哦，他说这个和反封建无关，你就来跳脚了呢[脱单doge]，仿佛在证明这种虚构抄袭的作品没有封建的原素呢，什么封建余孽残余[表情]。学会了几个词就开始乱用，来找寻自己的存在感，真是可怜你是呢。真的，家里没有人吗？太可怜了吧？家里没人照顾孤单寂寞就来网上喷粪了，所以来网络找寻存在感。[脱单doge]真抱歉，戳住你的痛处了呢。你可以继续说，我当然能包容你的。因为家里面没人照顾你，自己没有亲人，来网上喷粪，结果还被戳穿了，好痛苦哦。一击脱离是真的很好笑哦	None
别说数一数二了，数五数六都排不上。2017年包括河南在内的9省份用全国一卷，河南文科一本分数线比7省低，理科一本线也只比两省高。	Potentially
黑蛆是人类的病毒，文明的癌症，图沙黑蛆是人类未来大势所趋	Potentially
河南同胞不说话了	None
你说的这个家伙也不来了。	None
他还有某毒，你发现了之后还给他和他的姘头都治好了，把自己感动得不要不要的。干电池都比你好，电用完了至少还不得病。不过命运都是一样的，都得扔。扔的时候都不带一丝情感。自己还把自己演绎的像一个痴情女子。实际上是一个用完不要钱的奴。	Potentially
弱势群体最会用道德和素质来讲道理，这是人用来保护自己的本性，我本心就是很恶心同，影响到我我就找她们事，她们先侵犯我的感受	Potentially
什么gp女权组织？要批就批某个人，中国这么多人，这么多女性它们有什么资格评判？还拿它们的鬼话当成批判的材料吗？	Potentially
其实我觉得，真正地域歧视最严重的反而是上海的外来人口，在大城市待久了没来由的优越感，接近财富自以为拥有财富，恶臭	Potentially
体育运动从本质来说是不是属于娱乐圈，我觉得是。这个和艺术与文化根本挨不着，即便出了什么著名的黑歌手，这也是娱乐圈，谈不到艺术。	None
师尼长技以制尼	Potentially
这女的长得像美国人	None
据《纽约邮报》22日报道，犯罪记录显示，美国威斯康星州沃基肖市致命驾车冲撞圣诞游行队伍袭击案的嫌犯达雷尔·布鲁克斯（DarrellBrooks）是一名被定罪的性犯罪者，他曾与一名15岁的女孩生育过一名孩子。达雷尔·布鲁克斯图源：路透社	None
同性恋有害健康，吃狗肉有益健康，禁止同性恋，支持吃狗肉！	Potentially
是啊，针对中国女性。毕竟在韩国人眼里，就是因为中国女性倒贴拉低了亚裔女性的地位。😓	Potentially
异性恋的恋童癖应该下地狱嗷	Potentially
你为什么留着批啊，你果然是想沦为生育工具吧？	None
正常操作，谁叫人家是小仙女啊。	Potentially
你们活该罢了，雪崩之时没有一片雪花是无辜的	None
武汉小偷多	Potentially
追星加女拳，吐了	Potentially
感觉这种问题就不用来知乎问了：为啥，你想想，觉得恶心的人来这里发泄倾述自己的恶心之感，那那些大部分不所谓的人都不会搜索这个问题，那自然也不会来这说话了。毕竟软件的推荐算法就是这样设置的	Potentially
这不是很正常么，你自己评论也不这么说的么？这操作溜	None
感受不是权利么	None
那个机器到底是为了让男人体谅女人，还是为了一群智障猎奇？这是个重要的问题……	None
东北人默不作声	None
这不是行走的五十万吗	Potentially
还是欧美举牌	None
也不能这么说吧，毕竟只是肤色不同而已。不装了，我摊牌了。我就是种族歧视了，就是看不起黑人	Potentially
现实中的男铜：比利和木吉更衣室大战耽美界的男铜：两个长得像女性的男人互相贴贴	None
记得看过一本隐喻黑人的悬疑小说，揭示了黑人的丑恶嘴脸，主角好像叫肖万来着，还是肖旺	Potentially
对方造谣你对他造成损失？为什么对方会看上你？	None
很民族主义的青年表示没有抨击她们外流，我很希望她们流出去，我抨击她们把黑黄后代留在中国！！！！	Potentially
可也不是全部河南人呀，不能以偏概全，每个地方都会有坏人的😢	None
在一些聊天交友软件，或者游戏里装成女的，骗舔狗的钱，这事我以前都干过发现舔狗简直精虫里没一点脑子	Potentially
啥省份的都有	None
批站影视区好几个吃女拳饭的，比如那个路温	Potentially
你说的是你自己吧🤭	None
女拳自我安慰的话术罢了	Potentially
建议你去对线，发贴引群嘲有个锤子用，是男人就去真人1v1或者发专门贴对喷	None
看到阿娜我就放心了	Potentially
对，这是正确的，不批评她们的对错，但是也不要回来祸害我们中国男人，别用那张ex的嘴脸来说中国男人的不是	Potentially
据说境外挂IP大多是广东上海北京这几个地址，所以妖魔鬼怪多	Potentially
这个真不用承认，种族歧视是一个国家内部的，美国可以说，中国自古以来就没有黑人在这儿繁衍生息，哪儿来的种族歧视？他们也不是中国人，咱就是看不惯也理所应当	Potentially
黑混越来越多	Potentially
我遇见的骗子都是福建的、广东、广西三省。	Potentially
想想要是以前的我，肯定十分厌恶现在的样子吧，真让人感叹	None
主动养黑男的女人可不少，属实倒贴。	Potentially
抱歉，不看NBA，科比詹姆斯爱谁谁	None
我想联系韩台男	None
铜真是这个世界的癌症，治不好了。要加强青少年教育	Potentially
准确来说我们并不是它/他/她们所谓口中重族歧视而我们准确来说是科学为证事实为例冷静而客观正视它们野生动物昆虫纲卵体寄生虫这一铁一样事实	Potentially
主要是吴施蒙事情出来以后，大家不信中国女人了	Potentially
没意见，你抵制是你的事	None
喜欢中国的国家，比较富的有哪些啊？	None
只能说物以类聚吧，至少我身边的女孩子都是这样，甚至还会觉得他们（黑和白）味道很大😭	Potentially
现在好多女的都开始做处女膜修补，来欺骗男生的初恋，真可恶。所以我想国家应该让医院提供一种鉴定，女孩从青春期到结婚，每个月都去接受一次检查，看是否破裂，最后把这份鉴定当做礼物送给男生。并提倡第一次结婚的男生一定要选择一个有完整鉴定的女孩。这样这些女的就没机会骗人了。怎么样	Potentially
不支持不抵制，但是希望同性恋能幸福	None
我在办公室倒是见过一个黑人找了个中国妹子，还生了个孩子，有一天还把孩子带办公室来了。黑皮肤小卷毛的小孩，那个中国妹子长得也不咋样。那个黑人在办公室还主动跟我们打招呼，没人搭理他，连回应都不给那种，男同事们对他满眼全是鄙视。那个嫁老黑的中国妹推车里推个孩子，也没人搭理她。	Potentially
高校教育部门那种崇洋媚外的畸形教育政策茶毒整个教育体制，导致校风败坏，以丑为美，以黑为荣，道德沦丧	Potentially
嫁鸡随鸡嫁狗随狗，嫁黑人就去非洲，别在娘家待着碍眼，碍眼不说还指手画脚，那就更讨厌了	Potentially
确实感觉这个爹太废	None
中国男性外娶，九成九都是东亚或者东南亚的亚裔人种。还得跟这群非洲印度来者不拒的比？？？	Potentially
使用泼图的三大好处：1.传承反同文化。2.加深反同战将之间对王的认识，提高士气，同时向基佬施压。3.每日一笑，强身健体，反同自然势在必得。	Potentially
当然是男的多。戴贞操带的男的比女的多十几倍。	Potentially
互喷不就是最好的抵制方法吗😆	None
感情的本质也是等价交换，只不过不仅仅是金钱，长相身材性格学历工作等等，这些平等的才能长久，而舔狗试图通过放弃尊严来让对方喜欢，这就是蠢，交易策略讲究的是讨价还价，舔狗上来就不要钱，甚至倒贴，对方会觉得这件商品有价值吗？正常人都会警觉，觉得对方有所图，而绿茶就会榨干舔狗的价值然后扔了，舔狗跪着的样子可太可怜了。	Potentially
你们那是国企吧？	None
网上总有很多这类内容，看似段子玩笑，实则是对男性的PUA，以及告诉其他女的要这样做。久而久之这样的内容多了，当真的人也就多了，走的人多了便成了路，男人们也就真的都过世这种生活了。但还是有太多男的看不清，还在转发这样的内容，以为好玩，等到他觉得不好玩的时候也晚了。	Potentially
如果那个黑人对中国友好，那么我倒可以忍受，就像快手上有个嫁黑人的，那个黑人对中国很友好，我倒也可以忍受。虽然还是不喜欢，但只要是与中国友好的黑人，哪怕不喜欢，我也可以忍受	None
这意思不是最早动物还分辨不了tx行为和yx行为吗？	None
兄弟首先国际鬼子虫类及其它们后代在非常严格科学证明定义下它们根不算人类既然追求真理它们根本就不是人类那么何谈它们是重族呢！	Potentially
我怀疑他也去超市偷东西。如果没有，他怎么不拿出证据？	Potentially
最歧视安徽的，一个是江苏，一个是上海。	Potentially
不对也对。对是因为确实存在这个问题。不对是因为歧视主要针对的是年轻人，对老年人观感目前还行。	None
只希望她们去别的国家，不要在中国，华夏的土地不能被墨污染	Potentially
这个id为推拿熊的人 只不过是一个在自媒体时代被媒体所误导的人罢了。 这种人是最容易被舆论改变思想的 别人说什么他都信。 我敢打包票 他没有来过北京，甚至全聚德不好吃都是从网上了解的。 🤭	Potentially
娱乐圈早就乱了	None
河南地域黑是最严重的	Potentially
你说是就是吧😂	None
犯罪天堂非洲，以为走好运，赌上自己的一生。天天宣传中非友谊，到自己被卖了。	Potentially
那些媚黑的女人是不会听进去的🙂🙂🙂	Potentially
这下大家知道扭转性取向是违法行为了吧	None
正黄旗看不起人是事实吧，怎么这也叫黑	Potentially
我在南京 师妹师姐都是黑龙江的 我辽宁的 我们总一起去吃东北酸菜，离开东北还是东三省认最亲近。	None
反正我是心态变了，开除就开除吧，外地人现在我就明摆着歧视了，以前总要解释解释，现在算了，盘盘们怎么样都跟我没关系了	Potentially
以后你们的弟弟妹妹或者孩子学校有黑人教英语，大家要联合起来反对，中国人一样可以教英语，黑人外教，在孩子心理上灌输了什么思想，崇洋媚外，低人一等	Potentially
那是因为大家都会一脸懵逼的说，青海在哪？？？	None
确实，都给你🤣兄弟盟向你学习	None
在女权眼里只有中产以上才算男人	Potentially
黑人在中国生的混血儿越多而且都是中国籍会怎样？	None
江西本地女的几年不结婚马上问题解决。彩礼贵不贵不都是人炒的？一边给一边骂之会越来越高	Potentially
想想都后怕，幸亏当年放弃去飞州发展，没有迈出意识层，了解黑蛆事关生死！	Potentially
反正看见黑人我肯定离得远点 不会接触 如果黑人混血我也远离 估计大部分人都不会接受吧 应该也就是个被孤立	Potentially
按照你的逻辑你可以和男人doi的，只是你不想罢了	None
男的真倒霉	None
这河北也太惨了吧	None
还得看咋陕西爷基佬死于艾	Potentially
正常，两边倒就是黑x最喜欢干的事	Potentially
如果同性恋是靠“骗”来传播的，那为什么从小就与异性恋接触的他们以后再也不会变直呢	None
大哥😓，你的好闺蜜要嫁给默，和默私奔去非洲当妾，你他妈的不给你好闺蜜来十几个耳巴子，把她打醒？如果你说：不会，我支持她追求爱情。那当我没说，因为你们可能是塑料姐妹情	Potentially
绝对是 7年前我就遇见过有国外组织带领某些人大力黑安徽的 组织的头是个中国通的美国人 当时他住在上海 对中国文化了如指掌 中文很好还懂古诗什么的 他们假装上海人黑安徽人 带动真的网上上海人黑安徽人 后来黑完安徽又选择黑河南 原因是因为他们认为河南是华夏中心起源等等 其实我还想说更多 但是我不能 我很怕 我只能说这么多	Potentially
我是否可以认为，你说的是废话	None
隐藏在后面的是乱性艾滋病	Potentially
哈哈哈整个吧里就你和楼主在互怼	None
培养♂从小抓起	Potentially
那是嫉妒，不是黑啦，无非就是来江浙沪又挣不了多少钱，又嫉妒人家生活过得好的人。	Potentially
我没这么认为。不过黑人想尽一切办法来中国蹭我们的福利，赖着不走倒是真的。	Potentially
我真的特别看不下去广东人长相文化被黑，自己是北方人……	Potentially
黑人要在中国呆，就得把皮拔了，染成黄色的	Potentially
小红书绝逼是狗汉奸带的，★★在这就是工具	Potentially
那些人觉得认可同就是zzzq，反正我是恐同的，只能说我讨厌他们，不想和他们接触，但我也不会出言侮辱他们，不是一个世界的人，大家各活各的就行了。	Potentially
舔狗龜男比拳師更可恨	Potentially
吃狗肉没问题，不吃狗肉也没问题。不吃狗肉还骂别人吃的人和虐待猫狗忽悠人赚钱的有问题。咒骂就咒骂呗，站在他们的立场，认为流浪狗可怜，可因为流浪狗而被咬伤的人和动物，以及失去工作的人不可怜吗？在这种人眼里，凡是不赞同他们的都是恐和反对，快赶上中世纪魔女审判了。	Potentially
啥都不会都比国女好，起码不要房不要车，不要彩礼。	Potentially
看到你这个，我觉得好可怕	None
要是我周围朋友出现个和默交往的直接拉黑不用再见了😅毕竟我怕哪天把我也拉下水	Potentially
我不太理解这种人，如果真像她说的985毕业中科院研究生，思维怎么这么扭曲。是三观不正的人还是别有用心的人？	Potentially
下面教大家如何薄纱它们，只需复制以下两段话即可。	None
可是你这骂的不是女权啊，你开篇就说的是中国女性，真就中国女性全都成了看不起锅男压迫男性呗，这帽子还需要人扣啊，不是自己抢着戴的？😆	Potentially
真好笑，她们用什么来决战?嘴?	Potentially
我身边有很多女性，都是不要彩礼给30万以上嫁妆的，而且婚后还任劳任怨的工作，照顾家里做家务	None
低智商杀害高智商	None
对高调的同性恋真的无法理解，你做的明明是为世所不能容的事，为什么不能低调点，我用回你所举的例子，一个纹身的人去当兵或报考公务员，有关机构说明规定拒绝通过，然后这个人还认为这是自己的私人问题，旁人不该抱以歧视，你本来就是少数派，是异类，你低调点别人有可能还睁一只眼闭一只眼，现在还要跳出来说纹身无罪，甚至还鼓励其他人，这不是公开找骂？我个人认为，这群人的行为首先是对天地造化，阴阳平衡的亵渎，是为不敬；其二，父母赐予生命血肉，本应薪火相传，生生不息，如此看来，是为不孝；其三，中国社会面临人口断崖危机，这类群体不但不能出一份力甚至还以同性为榜样，是为不仁；其四，他们的行为有可能给自己的授业恩师或有地位有身份的朋友亲戚带来不必要的麻烦，此为陷人于不义。这样不敬不孝不仁不义的人，人人得而诛之，痛斥其罪，已经是对他们最大的宽恕。	Potentially
当同性恋族群在努力把同性恋发现为一种政治正确的时候，他们就把什么基因论，灵魂论全部推翻了。这特么是一种政治运动啊，说是邪教也不冤枉他们。	Potentially
那节目挺傻的，无奈父母愿意看	None
hiv吧都是艾滋基佬。	Potentially
完全不一样，失足妇女是收费的。为了生活，虽然你不会娶，但是不至于看不起。和黑人搞过，是让人恐惧的，黑人艾滋病几率不用我说吧	Potentially
抛开事实不谈，新时代小仙女找个接盘的拳力都没有了？气冷抖	Potentially
我记得你是反钙吧的	Potentially
搞不懂，这是女性向的饮料吗？	None
捅的好，应该虐杀幕刃	Potentially
抖音上的某几个黑人，挺EX的，说实话，直播只连女的，也就算了，还拍视频连续剧：小黑寻花记😲	Potentially
三个吧都没了，她们真废物	None
现在的人，更喜欢做自己的事情别的事情不愿意多管。。。现在撕逼的事情也少了很多。。	None
人家塌马是对象，活该被打，要是我我也不管，要不你管了之后这个表字又说你打她男朋友	Potentially
那不算啥，还有更恶毒的，都是些怀着不可告人目地的阴险小人而已	None
真是小看基佬们的无我精神，梅艾淋都不怕，还怕一个小小的猴痘	Potentially
同性恋别举报，举报一次，我发一次	Potentially
你要是找个黑人我还敬你是条女孩子，结果你找个巴铁⁉	Potentially
只是觉得为其开脱的龟男实属有点逆天了😆	Potentially
朱军案子打了多少年……事业都凉透了，才坐实诬告，还有张恒案，遇到正面起诉的，这些诬告的立马怂了销号，最后只查出来注册用的手机号机主是个不知情第三人老太太	Potentially
所以同性恋都该纠正取向	Potentially
龟男！还想拉女的	Potentially
女的想啥呢？	None
杨靖宇将军是河南确山人	None
希望早日实施黑蛆清楚计划	Potentially
这人知名女拳，散了吧，不用理	Potentially
三民主义就有民族主义。	None
努力大姐还没死啊	Potentially
黑人打砸抢亚裔你看不到吗？黑人的暴行你看不到吗？黑人替换人种你也看不到吗？你不是看不到，你只选择你想看到的，其他的你都选择无视，你的良心不会受到谴责吗？你是哪国人？为什么来中国？	Potentially
生活压抑，网络上发泄发泄，面对面大家都保持礼貌，隔着屏幕都放纵自己，觉得不合适的言论不在乎就好，太在意网络大家都得抑郁?	None
咱吉林基本上没啥可说的，实在没啥存在感😅	Potentially
请各位新来的反同同志注意！	Potentially
现在已经很多国企央企就不收华理的学生了	Potentially
真是国际母狗总是那么迷之自信	Potentially
日本的核废水正好没地方倒，都让黑蛆喝了吧	Potentially
对滴，很多人的头里就是臭鱼烂酱全在他脑子里，不用和他们辩论，因为他们没有思考的部位。🍉	None
别寄吧玩删本慈父的楼这种小把戏行吗，除了显示你是个弱质的事实之外还能有啥用处	None
东北感谢唐山以前说黑社会联想地名绝对是东北 现在可是唐山了	Potentially
她就是个乱带节奏的，现在给你网址，你自己看。	None
胡说吧，河南人很团结的，我就是驻马店的，在外地的河南人没感觉出来	None
我们这里一个本地阿姨儿子就在哈工大，每次跟我们说起来都是满满的自豪感，我作为黑龙江人听了挺开心的，	None
我不支持不反对的态度是怕伤害他们而说的，但是不支持就代表我态度了，我不希望同性恋，不反对就是不想干扰。我感到恶心是生理上的，他们觉得歧视就歧视吧！他们觉得被歧视说明他们内心就是脆弱而且认为同性恋就是不对的！因为我说我感到异性恋很恶心，你们异性恋的人会不会觉得被歧视？只能说这个人真傻。他们同性恋觉得我说他们恶心是没素质，那我不想掩饰我啊！明明不喜欢却说你们要99咯？	Potentially
女权？女拳罢了，不要抹黑国际女权	Potentially
还在吹这个计划😅	None
哪个西方国家有有这规定？难不成非洲小国？瞎编也得编个国家好吧	Potentially
大家请注意曾经在黑人吧著名跪虫族钓鱼狂人网名夹你又回来大家这之前的号都是像夹你这样集体跪虫族给集体举报给永久封号	Potentially
你不就是自己玩游戏玩的不好，还骂别人吗？	None
这真是两位英雄	None
中国男人千千万，你可一个都不看😄	None
那个标题还起的贼恶心，一股子洋洋自得的意味。所以说遇到这种人真要离远一点。	None
我也是南北混血，一看南方人看不起北方人，我觉得这些人莫名其妙	Potentially
我尺寸比黑人大，我还要自卑吗太大了?p站上有些黑人细成啥样了	Potentially
太棒了呀，不用被道德和素质绑架了，既然同也恶心正常人，那我恶心同就不用避讳了，舒服，大胆讨厌一些人太爽了	Potentially
我就是种族歧视，我骄傲	Potentially
😆😆😆我不着急呀，你赶紧找，我就默默看着你们使劲媚外。哈哈哈哈哈哈哈	Potentially
我所知道的黑人在国内犯的事，加起来快一万多个字了，我在尝试发但是贴吧不让发，发了就给我删除了，等到时候我编辑好了，把扣扣发上来，你们到我空间就可以看了	Potentially
其实你说得挺好的，哈哈	None
只要允许有稳定的性来源，绝大多数男权都会投诚去舔！	Potentially
短跑也算吧?跑得慢都被抓了	Potentially
抱歉，第一次听江北八市，能解释一下是什么地方吗？不然江西和安徽的人民没法嘲笑啊⁉	Potentially
湖南人真的很有才，起码广东这边很多湖南老板领导什么的🤣	None
广西不也被黑得很惨吗	Potentially
可拉倒吧，黑浙江的够少了	None
又不给做绝育又圣母只能让流浪猫越来越多都成生态杀手了	None
冷这个事情我想说一下，我们说的冷是指得是室内。室内没有暖气的西南确实比有暖气的北方冷很多😅。（为什么不开空调：我住的地方湿度常年百分之九十以上，冬天开空调是属于找风湿的节奏。我老师东北人冬天都不敢开空调，选择安暖气。除湿机就没断过）真正舒服的地方我觉得还是贵州六盘水，夏天贼舒服。	None
可怜她的父母，一辈子都抬不起头来。。。辛辛苦苦几十年，到头来啥都没有了，孩子也没有了，人情也没有了，在周围亲戚的同情之中度过。	None
你是东北人ba	None
我是个直女。我觉得同性恋是正常的，不是变态，只是性取向里的一种选择而已，应该尊重。但是我一想到女女我生理上非常排斥，觉得有点恶心。我这是不尊重女同吗🤔	Potentially
那倒也没有，我觉得女的接受度更高。毕竟百合向大多数读者也是女性。就算不看，我看她们很多也对同性恋博主持友好态度。也有接受不了双标的，相对来说吧。不过这种一般会被人批评😅	None
？？你确定？？我遇到的找黑人男友的女生都是恨国的😜	Potentially
这里一切地域黑一律删除。	Potentially
哎呀，该不会是我的拳打到你了吧？给你揉揉	None
地域黑的是有目的性，基本都是有50W的水军在操作中。然而有几个被忽悠起来，互相怼起来，结果造成城门失火，殃及池鱼！！！😅	Potentially
唉，我现在都觉得我应该成了种族主义者了，非我族类其心必异，黑人白人都不待见！	Potentially
开放ip地址不是因为乌克兰么	None
然而很多韩国女，在外和黑人睡，睡完说自己是中国人🤭🤭🤭，有中国游客去印尼玩，晚上去小吃街，有两个亚裔女性乱扔垃圾，游客上去制止，女的回她一句我是中国人。游客就试图用中文和她们对话，结果发现是韩国人。反正我长这么大，什么就没有见过媚黑的人，不仅不媚黑，我本人只能接受江浙沪一代的男性，超过这个地区，我管你是不是中国人，我都不接受。我只是不喜欢差异太大的人，就这样。跟别说外国人，难道不觉得白人或者黑人体味很大吗？我连有轻微的狐臭的人都接受不了。🤭	Potentially
在姬圈有个别人还觉得“和男的睡过的女的都很脏”也挺无语的	Potentially
基蛆衮出来	Potentially
人造子宫赛高	Potentially
好像很多中国男人找黑妹啊，抖音上一大把，非洲黑黄混血的孩子都数不清	Potentially
好人就给你了，祝你早生贵子。	None
你也应该多去健身房练练	None
右边的小老头就是婊们口中的所谓“高端白人脸”，和我们的胡兵一比，被秒成渣渣，何况是胡兵比这个小老头还大好几岁！！！！还比他皮肤白	Potentially
那我不理解，为什么网上那么多支持外国女性进口的...	Potentially
还有我们🐶“江浙人种最高贵”（看不懂这句话语气是自黑还是嘲讽还是自以为是的就要来评论对枪的直接拉黑）	Potentially
中国在非企业都会和员工说不要和当地人多接触。希望两地都做到。	Potentially
河南真的惨，黑东北还有好多东北人来反对，黑河南真的就黑到底了	Potentially
同性恋应该选中立至少不会出来恶心人，同性恋者选中立做深柜才有可能改邪归正	Potentially
绝了，不明白为啥找黑人的女生意图是什么，那么丑图啥	Potentially
守住就行，白左笑话吧是可以联合的	Potentially
鲜卑人还有记录吗？早同化了OK？	None
可是东北人在青岛的口碑已经差到不行了，我都躲着走	Potentially
我在想为什么不能做一个lkd鉴定APP出来呢？把之前和默一起的女的资料都上传上去。如果怀疑自己的女友有问题就到里面检索，这样对于天下的老实人而言岂不美哉？	Potentially
钓鱼的，不要理他，纯nt	None
没办法同性恋的孩子最高学历就是高中	Potentially
被骗是普遍的。	None
女孩泛指0~18岁的女子过了18岁叫妇女，结了婚叫声阿姨女士不过分吧	Potentially
格局大点，只要是外国人，我肯定接受不了😆	Potentially
爱猩动保人士	Potentially
影视文化都被抹黑了！！！	None
它要是遵纪守法也就罢了，碰见惹事的我就算蹲进去我也得给他弄个半身不遂	Potentially
山东人也多为啥黑的少?	None
再列举一个我觉得很关键的，大多国女找黑人白人结婚率并不高，往往是被玩够了分手，这些情况往往都是女的隐瞒自己的事让国男来接盘，彩礼车房一点还不少，我个人认为这个应该是最致命的，毕竟关系到每个男人的切身利益	Potentially
来中国的黑人，大概率和国女谈过恋爱，或者发生过关系，好多不止谈过一个。个人感觉，国内黑人有中国女友的概率，甚至比白人还高。	Potentially
小仙女都去非洲追求自由爱情了，你还想着要她们回来？回来干啥？回来继续PUA压榨国男？	Potentially
不喜欢黑人是正常的，很久以前连匈奴人都无法接受，不说还是皮肤颜色等外观与本民族迥异的外族了。中国不欠黑人什么，中国自古以来并没有黑人这个民族，更没有类似美国黑奴引进的历史，所以也不存在歧视黑人这个说法，只是正常的排外罢了，不仅排斥黑人，也排斥白人等异族。古时有句话，非我族类，其心必异，当中华民族势微的时候，恶果就会显现出来，君不见五胡乱华？	Potentially
可怜之人必有可恨之处	None
早上7:00-中午12：00基本处于消失蒸发状态下午13：00开始喘气晚上18：00之后进入活跃期，特别是半夜还在游走一周只有一天时间可以全时段在线结论：超大概率保安，下了夜班整个上午在睡倒瞌睡，中午起来开始进食，晚上出门继续开启夜班之路，一周只有可怜的一天休息时间，规定太过于固定，说明它没有朋友，家人根本不管他，和它之前口诉的从小基佬以及现在和麻麻处得不好，它就是别人一家四口之外多出来的累赘	Potentially
我们爱国人士组团一人口唾沫淹死他！	None
这话说的，好人就该被枪指着。骗人的不管被骗的有罪✌️	Potentially
我支持女权们不婚不育	Potentially
所以你们gay存在的意义为削减人口做贡献？	Potentially
非洲引进的“高材生”	Potentially
河南拔智齿	None
暴力只是一个表现形式，重点还是这个男的的内在外在及物质条件能否降得住女人	None
但也不是媚黑女的中国	Potentially
不止是白人，国女是世界少有的非洲、印度、巴基斯坦。通通咽得下去😓	Potentially
利欲熏心的人最喜欢美化共情心理以为自己开脱	None
一不小心把仙女整破防了，看来网络上脾气巨大的公主基本都是这样的	Potentially
别批图啦，这图我都知道你从哪里偷来的	None
我还蛮想去新疆，怎么会有说这么重的话，简直无可理喻。。	None
岂有此理，又见你上蹿下跳	None
错 上海排外排的是中国人，外国人可一点也不排，全供起来舔	Potentially
那些傻卵劣信女别理它们	Potentially
不接收就对了。ZG不接受阿难民是正确选择，一帮神棍	Potentially
基因学的话，还真的有女性优势。我记得叫四维视界还是什么的，只有女性才会存在的一种视觉进化（男性没有）。正常人是的光感是三原色，但是进化视觉的人是4个原色，看见的东西和正常人不同（更美丽）所以适合成为画家，艺术家。进化率很高，高达16％。	None
骂南方人马来猴子的，都是瑞典和族混血老铁。	Potentially
我之前还真见过，一家人，带着俩小孩来吃麦当劳，就坐我旁边，当时我就感叹这女的真有本事😆	None
白人也接受不了。😄	Potentially
黑盘你都接？没女人你会死吗？尊严呢？给中华男儿蒙羞！🙂	Potentially
哥真的不至于，这钱拿到手都怕没命花😅	None
支持你姐姐那些蠢直就该被绞杀	None
客观说，广西普遍个子稍微矮了一点，但也不丑，论颜值肤色，桂北比桂南强一点，但广西水果巨多巨便宜	Potentially
学校不都是一长排的那种？你没上过学？还感到尴尬，00后就是事多	Potentially
这种喜欢用宫妃头像的，对半是有性别焦虑问题的通讯录。	Potentially
只在区区几个项目有优势，社会建设，生产劳动统统不行	None
简单地说，“我”网络上可以重拳出击，一喷喷一片，现实里面友好相处，尊重女性，如果发现身边有谁媚黑，那不好意思，一票否决	Potentially
我在象山吃过亏。我在昆山吃过亏。我在广东惠州吃过亏。也从未黑过任何一个地方的人。	None
没事干躺着刷手机时可以去溜达溜达，保准有各种发现，或者查查关键词，你就能发现玩个游戏都有那么多拳击手	Potentially
txl鼠惹	Potentially
男的去哪儿了？	None
没救了，迟早跟巴黎一个德行！	Potentially
跟审美没关系，白人一样会被慢慢疏离。彼此进入社交圈，是要承担信誉风险的，多数人懒得冒这个险。真的外嫁后还能玩得好的，就文化有共同语言的日韩、东南亚部分国家。	Potentially
女士优先绅士风度这些是从西方传进来的东西，男女平等才是国策，西方紫苯滋养了女拳	Potentially
她得艾滋了你别去碰她不就好了，得个艾滋而已总好过去非洲送死吧。再说了，她可以嫁给男艾滋病人嘛，解决中国男艾滋病人的结婚需求不是挺好？中国同胞干嘛便宜非洲佬！	Potentially
极端是一身艾滋+X病	Potentially
说的好，不应该杀光也不应该驱逐，可以试试送去种植园工作	Potentially
还有杀妻案的表格，几乎全是死刑的	None
参考希拉里克林顿。。。结婚了女的姓都没了😅😅😅	Potentially
除非是想德艾滋病。	Potentially
看来你就是答主说的那类人了吧，😆以后分手了再找别隐瞒你找黑人的历史哦	Potentially
快点展示你的基头	Potentially
大学里真的一大堆	None
泼妇男，你贴出我拉黑你？你怎么不贴出你持续不断满篇脏话的撒泼言语呢？嗯？那帖子还能正常回吗？嗯？下作的剑人，哈哈哈[表情]	Potentially
抠脚大汉搞反串🤣	None
公开数字大概20%以上，不过看最近非洲新冠检测情况，我已经不相信非洲的任何统计数字。	Potentially
那女的作态还非常低贱，太丢人了	Potentially
30%是一个大概的说法。但是这个感染率也足够吓人了。我在非洲工作的时候，看到当地人脸上长了很多莫名的疖子有些还溃烂的，就知道这人基本艾滋病毒感染变成艾滋病了。	None
数字化指网络巨人现实侏儒	None
是的是的，没错没错，我乡下来的，没读过书不知道	None
遇见了记得举报，顺便说一下，东北河南一家亲，欢迎来河南玩	None
舔狗太多会惯出来这样的	Potentially
不孕不育的是人吗？丁克是人吗？独身主义者是人吗？丧偶后不再结婚的是人吗？伦理道德和自然规律本来就是相悖的，动物还搞群婚呢	None
哪有什么负重前行，都是别人在替你岁月静好😆	None
每个人都有接受和不接受的权利 不需要道德绑架和洗脑	None
没事，不是说舔狗很多吗？幕刃召唤舔狗就算了	Potentially
你去和法律说这话	None
what？ 居然还真的有？ 我只是...算了你就当我是故意的吧	None
哈哈 是的 我妈农村妇女没见过世面 最黑的就只见过云南那边嫁过来的 莫怪哈	None
用歧视修正道德吧，媚黑的扭曲三观，需要歧视其，并连带歧视其家人邻居等等大范围，只有火烧到了身上，大部分人才会救火	Potentially
我们应该联系男权吧，就算大男子主义再怎么样也应该不会支持男同，更别说女同了	Potentially
并没有，你不要以己度人	None
中国是伪装成国家的文明，而我们的文明就是56个民族的兄弟姐妹智慧劳动的结晶，明显黑人不包含在56个民族里。而且说实话，我们也没有任何一个民族会出现如黑人一般的大多数是人渣这种情况，让黑人加入第57个民族。。。我觉得是对所有中国人的侮辱	Potentially
北京人计较？你笑死我了	None
你懂？什么人才害怕艾滋病老黑入境？难不成影响你跟老黑深入交流了？	Potentially
有100多万个小偷骗子？	None
批评干嘛，求仁得仁又何求！求黑得黑，与黑长存嘛	Potentially
谢谢你，身为北京人为东北说话	None
上海歧视有，但是说实话不歧视河南，受害者主要是苏北和安徽。	Potentially
基佬会吐口水	Potentially
资本只是想榨干你的生产力，而他们不仅要你的生产力，还要你的命	Potentially
女的对于索要彩礼有三个阶段的借口，进攻退守1.以伺候男方父母为借口。但因为现在大部分人结婚都重新买房搬离原家庭，都不和父母住的，这个借口很快被推翻。2.以伺候男方，做家务当保姆为借口。然后现在女的会做饭的还没男的多，很多家庭要么是男方做要么是点外卖，这个借口也站不住脚。3.以怀孕期间的保障为借口。因为怀孕期间没法工作，所以以此为借口索要保障资金，该拳功甚至博得很多龟男的认同，所以尚未被推翻。大家对以上三个拳法怎么看？	Potentially
垃圾人口，增加世界负担	Potentially
我媳妇也会打拳！节假日忘记买礼物她生气了，我说我生日你怎么不买给我？结果她更气了，叫我去外面问问是不是所有男的都应该给女的买！😅WTF？！	Potentially
植物也会开花结果，你们同性恋的爱有什么结果？结果是艾滋。同性恋有什么爱情结晶？爱情结晶是hiv药。同性恋同婚有什么意义？意义就是互相传播艾滋上天堂	Potentially
现在被基佬删了	Potentially
必须对黑蛆实施种族灭绝！！！	Potentially
你应该说，大姐别激动，我们一般都是偷井盖，不骗人😅	Potentially
问题是这些类人猿他们繁殖速度太快，消灭不了呀！	Potentially
反黑除恶。上面应说到做到	Potentially
你在狂下一个就是你	None
无耻的学校领导，也不为自己后代积点阴德	None
我在我身边 不管是学校的 工作的 家族亲戚圈或者朋友圈没有见到一位你说的那部分 倒是见过五六个一门心思娶外国女人的男性朋友😜😜你怎么看	Potentially
txl没吗	Potentially
放心吧，没有男的会喜欢你	None
我在想田园不是不结婚吗。。那么生孩子管她什么事。	Potentially
日本现在早就没有武士道而现在只剩宅男文化看看日本最近动作片都是龟奴把自己老婆和女朋友贡献出去这也反应最近日本一个态度	Potentially
实话实说，这些男人也太怂了	Potentially
今天晚上下课，我在门口等同学，她出来拿起手机来偷偷地对着我，我看到了她就收起来了，大概率是在偷拍我，咋搞，直接开骂还是静观其变，要是是我自作多情那就很尴尬。	None
那你这不是造谣吗	None
是时候要灭绝黑人了	Potentially
像你所说的那个女的，我们能理解。不过话说回来，跟出去的外嫁女不一定丑，在中国养三非的女的真的是一个个丑上天了🤣可能就像包养小三的那种感觉吧，只不过她们是藏匿了一个外国男以及生了一堆小黑人	Potentially
是男挙定义宠女人的男人为狗，什么叫喜欢当狗。	Potentially
对啊，我长这么大压根没见到过女性和黑人在一起的，真的一个也没有，咱也不瞎不傻好吧，中国人的审美很难认为黑人帅吧	Potentially
同样女权所说的家暴男也很少😆，为什么要把部分的家暴男上升到整体？😆😆	Potentially
国女干的好事	Potentially
为了性去跪舔女人，为了性被吃干抹净，是有多可怜啊，你们是怎么克服性这个弱点的，我认为吃色普龙，还有补佳乐最好，因为，我作为药娘过来人的经验，保证吃了无欲无求，这样女人就不能利用性这个弱点了，有条件的话，最好去变个性，这样就可以挑战女人的性取向了，到时候可以扬言“有本事就百合”之类的。	Potentially
老赵，来讲讲中国原住民被大猩猩不当命的现象	Potentially
zzzq都魔怔了	None
所以有公安局还是得有个熟人的，他们的网络可以有个人开房记录的信息，只要查出一次和老外的就基本否决这个女人了，现在的酒店都是需要身份证入住的，用这样的方法来筛除烂裤裆也是不错的	Potentially
部分地区穷吧，我说的部分地区这一点	Potentially
根据大数据所得，100%的女拳都是智商低劣，且具有严重基因缺陷的下等物种，来源《就你会编？》	Potentially
很讨厌他们学校	None
帖子被删了	None
这些玩意儿怕不是有什么心理疾病😓	None
被封杀你了吧	None
黑二代混血球员交女大学生女友！	None
你是不是很少被人喜欢，所以随便什么人喜欢你，你都觉得值得高兴？	None
垃圾小仙女，不配活着	Potentially
冬天南方冷，您确定？	None
安徽也爱黑别人	Potentially
八成以上男同骗婚，九成骗婚者家暴，一成配偶被传染性病。也许很多反感是这么来的	Potentially
阿哲，好像陈浩民张卫健吴彦祖古天乐尹正他们的帅我挺欣赏的，至于现在的娘炮，对不起那些女拳拿这些娘炮当例子还说人家嫉妒，真是笑大牙了	Potentially
中国女人是被哪个古龙迷香给控制了大脑神经和思维阿。	Potentially
为什么实名制的互联网时代，这些人还能这样发布这种极端言论。	None
反同要跟上潮流	Potentially
哈工大，真晦气🤭	Potentially
可就是这样某些人还觉得是种荣幸，还不允许自己的同胞把真相说出来	None
别天天说广东，你看我关注那个仙仙底下骂广东可不少🤣	Potentially
那一定是新疆👍️	None
你这就错了。在你看来去非洲是好的，天龙人可不这么认为。	Potentially
今年冬天会不会没暖气哈？！🤭	None
你在这里问什么问	None
跟你们基佬学的😆	Potentially
人家凭什么要这么多条件和时间去思考自己为什么接受不了同性恋，不喜欢就是不喜欢，厌恶就是厌恶。我讨厌一个事情还得事先说服自己让自己不讨厌？？？	Potentially
中国不存在种族歧视，因为在中国的原住民中没有黑种人。	Potentially
你的逻辑没毛病，你来我的评论下面回复，说我找存在感。自己自卑就认，不要老玩这种完全主观和虚无主义。就这点能力，你也配讨论政治。滑天下之大稽。就这啊，继续加大力度，看封的是谁😓😓😓	None
我们潮汕黑成灰了	Potentially
同恋是可以改变的	Potentially
我就说一个事，大家身边哪里的人最喜欢自称老子。	None
中国也整天被世界指责环保、威胁论等问题，我们是不是要感激他们？	Potentially
象征男性的从来都不是下面那个东西，而是暴力，只有暴力才能被称作男性，这是人类最基本的共识。	Potentially
学校把这些洋垃圾招进来，所以也要承担相应的后果！	Potentially
过激的言论，系统会自动删的，几分钟都活不了，其实这个吧早就跟解散没什么区别	None
这两地方有优越感那都是几十年前的事了。。。。	Potentially
我俩谈的“厌恶”的语境都不一样，，，，，争论点都不在一个频道上，厌恶我也加了引号，而且也括号说明了这顶多有生理排斥，“恐怕并没有到厌恶的地步”。。。。。你还是再仔细看一下文章比较好。。。	None
这个答案写的不好，大概引起了误解。我想表达的是你可以不喜欢，但从言语或行动上歧视就不行，不能非黑即白地用“三观正不正”来判断，爱吃香菜与否和一个人的三观有什么关系呢？	None
女～权：男女平等。女人和男人有同样的地位。女～拳：女性要有特权。男人占女人便宜。赞同女权。让女～拳和男～拳在一起吧。	Potentially
你竟然不知道人类早就爱情不分物种了。你以为羊是用来干什么的？	None
好嘛，敢情一千大几百万外地人在上海受罪来了⁉	Potentially
你不就是个山东人吗 在那反串啥啊😓	Potentially
因为台湾富裕，想嫁到台湾吧	None
这慕茜丶真恶心，是个女权，支持姐姐打弟弟，不拉偏架，你就挡中间当肉盾，看孩纸打架好玩是吧？这慕茜丶个坐着看戏，先拖出去枪毙了，	Potentially
他不是种族歧视 他是物种歧视	Potentially
因为你公开表达对LGBT的厌恶，最有人味的反驳就是「关你什么事，吃你家大米了吗」。「收敛一些」这个说法，换个群体，就能看出逻辑链的根本性问题了	Potentially
不好意思，我是科比粉丝	None
建议废止该部法律，出台《男性权益保护法》	Potentially
下意识的种族歧视呗.就好象一个正常女性绝对不可能接受一个艹羊佬.	Potentially
我先来让她们自己去卷例假不能休然打扮和男性一样去挣一样的钱	Potentially
我这么纯洁可爱。。。。。	None
对啊，仔细想想得啥样的女生才能找黑人啊😅	Potentially
黑人发明零元购，无罪	None
我认识的河南小姐姐人可好了~	None
哈哈估计自身条件非常烂只能靠出卖同性获得幕刃的关注了	Potentially
所谓母亲和母体都是只有一种性别父亲可以多种性别	None
黑你们东北河南的是广州的广府人他们不仅仅黑你们，还黑在广东的“潮汕人”和“客家人”7000万广府人命贱欠杀的，我们8000万客家人以前在清朝把一部分广府人的土地抢过来了，很多广府人被打跑到香港或者移民到旧金山去了，TVB创始人就是和客家人有世仇的。不过已经过了100多年了，很多广府人（粤语：讲苦人）还在拿以前的“土客械斗”说话，肆图让我们客家人给他道歉？??	Potentially
上海(包括苏南浙北吴语区)喜欢排斥江淮地区，苏北和安徽中北部	Potentially
楼主应该是苏北的🤭	None
我也有查犹太人的历史	None
微信群演，50一位稳定工资	None
笑死了，***自己没有能力买房啊，还要靠男人，要她有什么用	Potentially
女⭕️师和泥鸽。导致艾资也不少	Potentially
我怎么查都没查到埃及文明是黑人创造的，虽然有黑人但基本都说的是奴隶，埃及是闪米特人创造的，附图怎么看都不像黑人，闪米特人更像黄种人	None
从空降吧主到改贴吧目录，现在连吧名都能改了，度娘越来越会玩了。	None
这个黑犬，设置隐私了，搜不到了	Potentially
是呗，正常女哪有喜欢黑人的啊😅	Potentially
你们那算啥？凡是有东北两个字。就全网黑。你们那才几个人黑？看我们大东北。知乎一搜索东北。全是黑。自带流量光环，	Potentially
黑人太容易得到中国女生了	Potentially
关键她们别留在国内啊，等到中国遍地黑娃娃，看着就恶心，😅	Potentially
男的也不分享，分享这玩意的不是纯初生	None
你以为她是给你们看的？给她提纯后的粉丝看的罢了“她都已经道歉了你们还想要她怎样？”，之后该赚米还是赚米	Potentially
那个女的网名叫大黑人！	None
兄弟，辛苦了	None
直男真挺不容易的	None
骗钱这玩意主要是自己防范意识不到位，孩子，到哪儿都会被骗钱，只不过你可能就是在这一领域被骗的，所以你就觉得这里骗子多	None
你想多了，没那么重要的?	None
拉山东做甚，再怎么黑也轮不到经济全国第三的省吧	None
其实那女的有可能是j，留学生有补贴，用补贴找j	Potentially
雀食男同恶心	Potentially
你真是他的确诊医生？	None
性少数者就没几个大脑正常的	Potentially
我觉得问题不大，国内女性都这样压迫中国男性了，我们还管她们干嘛？	Potentially
我真的太害怕江苏人了，跟他们唠两句，必提到GDP😆😆	Potentially
你给我狠狠的进步??	None
不要出生是对她们最好的保护	None
要是反击黑人不犯法你看敢不敢	Potentially
我现在生活很不错，但也歧视黑人和对它们有好感的easygirl,离开中国的除外。	Potentially
你是河南人吗？	None
下贱的杂种	Potentially
1，同性恋敢在大街上牵手，异性恋敢在大街上大骂同性恋吗	None
真没想到我大东北有一天居然不是地域黑最惨的了	Potentially
都说，所有的女人生孩子多么多么痛、多么多么难，多么多么危险。。。。。可是，有没有听说过，拉屎，小孩生出来了吗？撒尿，小孩生出来了吗？走路，小孩生出来了吗？。。。。。真奇怪，怎么她们都是生出来了才发现是生小孩呢？比拉屎都容易，为什么不痛？谁能告诉我？？？	Potentially
哎哟，魔都在被黑你觉得上海还愁没人去？现在被黑的惨的省份，山东河南东北是人口流出（流动人员或户籍更改）大省，直接影响经济，进行恶性循环	Potentially
他一定怕他爹恨不得把他爹那啥了吧，啥帖子里都有拳师，还说不是隐藏的拳师吧？	Potentially
井盖都是俺们偷的🤔	Potentially
没啥奇怪的，毕竟女性有30%减伤呢	None
人老了时间多了就开始发闲了	None
得个艾滋病，人生绝对废掉了	Potentially
我知道楼主你肯定不是一般人希望可以把我的言论告诉组织别让这些黑人祸害在中国了	Potentially
我也是。我及其厌恶黑皮。与其为伍就是自甘堕落😅😅	Potentially
来看跪虫族	Potentially
父母不再逼，邻居不再指指点点	None
为什么不支持同性恋就是束缚思想，这是道德绑架吗	Potentially
被基佬举报了	Potentially
我愿意相信答主用吃辣做对比是无意中忽略了社会现状。但是对于同性恋行为，社会不仅表现出了有形的骂而已，因为对于一些机遇，一些舆论，一些无形的利益/压力，社会在这些方面的歧视比骂这一行为的伤害更甚。	Potentially
咦？这逼乎风向转了？我寻思着这位答主也不是大会员什么的…x鬼这个词，以前我说一句封我15天。	None
失足妇女挣钱的，可以理解	None
婚前非处这一属性到底比处女好在哪里呢。本人看过很多为非处洗地的帖子，但都毫无意义。因为其中心思想无非是“处不处不重要”，只能通过削弱处女属性的价值来提高非处的相对地位，而指不出非处女的价值、相比于处女的长处。	Potentially
我厂里有个孕妇第二天去剖腹，今天都来上班，那些公主就是矫情	Potentially
当然→_→，女看男的话。。。按照上面的换着来就是了，现在的社会，男女都把性想的太过于美好了，而他们则只看到了同好的一面	Potentially
犹太狗在后面给他撑腰	Potentially
好客山东给爷爬	Potentially
江西彩礼确实是真高。我朋友父母在温州开厂。因为很少回沈阳处的是一个江西的女朋友。结婚前段时间。你猜猜彩礼要了多少钱？讲价之后188,000。不过高就高了点儿。毕竟我朋友有钱。但最叫我无法接受的是这个钱不是新娘子自己拿在手上，而是给小舅子。作为一个沈阳人有姐的沈阳人。我姐结婚的彩礼3万多块钱我都没见着。我姐年龄比我大10岁，那个时候是10万，现在是几万不知道。	None
劳烦楼主移步17楼	None
他们对上海地域黑怎么黑的他们把我们做过的事都说了一遍别的不说，就爱丁堡一事，哪怕你是上海人都不该维护自己，否则就别怪别人黑	Potentially
这个太绝对了	None
原贴没了看来是被正义的小腐女们举报了	Potentially
原来沪黑都如此渺小了a	Potentially
小仙女日常精神病	Potentially
这我就不赞同了，结婚生孩子就要体验分娩？要我说舔狗约炮都必须体验分娩	Potentially
举个例子 只有会咬人且凶悍的狗 才会在大街上 见到人就叫 甚至去咬，然而大部分宠物狗是不敢这样做的，除非饲养的主人是个脑残。你懂我意思了么？友善	None
大多数都是道听途说，可以看2000以后公安部发布的数据，河南人的犯罪率远低于全国平均水平，你这个难道是遇到了所有河南骗子？哪个省你给我说没有人犯罪？	None
大家可以看看1g时期的宣传画，不管男女老少，都是武德充沛，充满了力量的美感	None
其实稍微有点脑子就应该知道这是情理之中的事情网上怎么闹无所谓 现实就会社死 谁跟她玩的近也会一并社死	Potentially
0号病人是同性恋把？同性可比异性更容易传播	Potentially
谢谢他，就这待遇还一天10个小时，谢谢他帮我们排除了压榨	None
福建做的恶 真的绝不比上述被黑的地方少 不过是富裕一些罢了	Potentially
得了 ，就你还理智？也不看看自己是什么样子	None
打错了，不是F省，应该读作H省	None
嫁娶我看都一样，都是一半基因。黑男黄女和黑女黄男生的孩子都一样黑	None
闹乱全球的始作俑者就是犹太利益集团，新一轮的青洗必先发生在美国。	Potentially
老外付1％的责任，锅女付99%责任呗，那老外1％责任在于自己掏钱买的机票，自己办的签证，而不是锅女帮他们买机票，办签证	Potentially
看见南宋人的嘴脸就可恶。	Potentially
这里部分哪里是臆想，一个存在命题而已，【存在】华工在法国获得了法国女性的青睐，这样子表述你依旧认为不完备吗？	None
幕刃是这样的	Potentially
自己人抓自己人啊？	None
这个太极端了	None
他对妻子不负责任，像陌生人，对孩子很好；	None
当然是特例，一般偷偷摸摸最多自己组小圈子玩，大部分普通女孩生怕被误会都不敢跟这些以前的小姐妹来往。。。敢跟嘿贵一起的肯定都是为爱不顾一切的，这个跟学历无关。反而家庭条件差的会更多看中物质，流水线女工不会欣赏他的甜言蜜语，她们对能不能开车接送会更有兴趣。就是少才稀奇，竟然有为抢嘿贵在学校门口打起来的。	Potentially
这个女的可能是欲望比较强吧	Potentially
所谓“混血狗杂更好看”的论调，就是典型文化极度自卑的奴才心理。混杂后代智商低下，面貌丑陋所占比例更大。（黄白乱杂交后代依然是白人，黑皮能够同化全世界所有人类！）而鼓吹混血优越论调的，不是汉奸，就是文化自卑到骨子里的奴才，总觉得外国月亮比较圆。相同人种混血的问题不大，历史上入侵中国的外族几乎全都是黄种人，这就是华夏文明能够延续几千年的最根本，最直接原因！而四大文明古国其它三个，早就换了无数人种。南非、马达加斯加、南北美洲的广大地区，原本都是黄种人的地盘。现在百分之九十都被白黑两种生物占领。欧洲圣母鼓吹所谓“开放包容，接受移民难民”，结果现在变得又黑又绿，动荡不安，早已无回天之力！中国人再不警惕起来，下一个就是中国！	Potentially
你不回我我就默认了	None
河南和东北吧！山东还是好上很多，夸的不少。	None
归根结底你还不是觉得两个人在一起是为了生育嘛	None
我们首先来说国际鬼子虫类及其它们后代虫混真的比人类体育好别逗别忘了前不久欧洲杯拥有着众多国际鬼子虫类及其它们后代虫混英国队连纯白人意大利足球队都没踢赢而且再说历史上巴西足球队也有输给过纯白人足球队比如意大利和虫化前法国等等等就不举了而且体育只不过强身健体但对提升一个过家的过力完全就没有多大关系准确说来像这样体育可以说可有可无而至于国际鬼子虫类及其它们后代虫混所谓音乐根本就是黑猩猩的嚎叫	Potentially
兄弟报团去微博冲	None
南美棉花小黑马	Potentially
两性关系中掌握了话语权，定义价值，可以写小作文。男人有权力一样有，但是男人的责任女人就没有了。不能要求女人贤良淑德和贞操但依旧要求男人承受大部分经济社会责任扮演供养者角色。全世界大部分国家法律偏向女性。男人在两性舆论阵地上一再失守，从处女情结开始再到年龄要求未来还会攻击亲子情节，对女人有纯洁任何要求都是封建对男人依旧要彩礼物质。女人已经实现了东食西宿。我记得初中时都是不是处女一样好这种为非处辩解的言论，流产都是很难想象的事情。再到我的过去你管不着，我要怀谁的孩子我说了算，尽管她可能有老公（提一句这是有法律和案例支持的）。而男人呢，只会被要求更多以前只要物质，现在还要提供情绪价值和长相好。女人不关心生活中与自己无关的东西不关注宏大叙事，抱团专精与两性领域现在已经取得了极大的成果。	None
不好意思 我家庭完整 且很幸福	None
中国男人在非洲也是被非洲女人倒贴的份，津巴布韦总统以前就建议希望中国劳工出国带上自己的妻子，不要在搞他们国家的女人了，关键是还专挑好看的……，然后悄悄回国😅😅	Potentially
微博不是垃圾桶吗？你为什么要去垃圾桶逛？看到垃圾还和我们分享	Potentially
因为女生大多数比较感性，情绪容易共鸣。所以听点鸡汤就感觉说是“噢我不能受太多苦这日子不能这么过。我得打扮，秀出自我”然后就开始买买买各种化妆品，衣服，护肤品等。钱不够？没事。“我们借你钱”花呗信用卡顶上。有激进的如整容啥的，梦想一下进演艺圈，日进斗金。其实最开始就只是想要打扮一下......都是消费主义的陷阱罢了。	None
笑死我了，宁波工程学院的事更真实更恶劣，结果就没地域黑🤣	None
不评论，不支持是因为不可能改变同性恋很恶心这种观点。既然说了就政治不正确，还不给别人不说的权利？	Potentially
有可能，但是连网友都能轻松扒出的都不处理，很难不让人往某个方向想	None
别人不能定义性少数，那同性恋有什么资格给儿童定义？	Potentially
绝大部分黄黑混血上不了高中，甚至到了初中就会辍学，反正就是街溜子预备队。	Potentially
可笑的是小红书连一句话都不让我说	None
反同的人寿命短可能因为做了同妻同夫自我了断但只是少数人会这样	Potentially
说的没错，小战士	Potentially
尊重个屁，女拳这麽不尊重男性。要特权才是真的	Potentially
移民城市，能互相看不起的就是各地移民了，说穿了就是老乡看不起老乡😂	None
河南人真不错，比我们苏北人好！再一个河南朋友能处，比地温好多了😅	Potentially
舔狗以为舔狗最后应有尽有，谁知道没人领他的情。	Potentially
笑死，这就是你们地域黑的逻辑，所以你黑别人你有理，还说别人黑你，这波贼喊捉贼有意思	Potentially
湖北话好听，但是武汉话难听😅	None
女权为什么要学我们男权反婚反育，并且要攻击辱骂男权反婚，因为女人清楚的知道反婚是打击异性权益的最好手段。男性反婚自古有之，中国几千年前最著名的哲学家老子以及他弟子创建的道教门派楼观道就是吸引教徒禁止教徒结婚，到后来的王重阳创立全真道，和弟子丘处机广泛传教宣扬不婚可长生不老，其实他们早就清楚得意识到婚姻对男性一生伤害甚大	Potentially
上海名声一直就不好好不	Potentially
85年的女的可以不用征婚了	None
不管将来谁当政参政，一定要强制给黑人黑杂做绝育，要像以色列学习	Potentially
谎言并不伤人，真相才是快刀	None
我tm用手机看还能怎么看	None
是的，没有哪个省的人是应该被黑的	None
我愿称金庸为大师[哈哈]	None
女性和幕刃是两种生物	Potentially
说得好，祖国就需要你这样的栋梁之才🤭🤭👍👍	None
都2022年了还洗女权呢，把女权所有的恶挑出来，命名为田园女权，我们女权就是圣洁无比冰清玉洁的先进思想呢	Potentially
蛤？他明明黑的是广西好吧？	Potentially
还有人说默是人？	Potentially
小红书微博第二，没有老哥冲啊	Potentially
因为北京满遗多	None
不我就是想看她们的笑话，故意让她们胡闹，看看她们生下丑陋的哥布林。😎	Potentially
这是腐癌，跟男同群体有什么关系	Potentially
我居然全中…让我哭会	None
黑高犯罪率，不是歧视，在世界各地都是如此。引进中国，引进犯罪	Potentially
黑二奶带着私生子上中国大使馆找孩子爹，这个外媒都报道过，还上过一次外网热搜，中国大使馆都不理	Potentially
嗯嗯就是这个帖子被删了视频找不到了	None
默😆学到了，好字	Potentially
重点是自己喜欢黑的自己也那么打扮嘛，而且人不应该自己忠于自己的各种符号吗，身体长相不也是一种符号吗。	None
所以地域黑的地方也是存在的啊。你家乡无非就是没上海那么有名而已。谁有空去黑一个村子？	Potentially
那出名的对外国人好的学校领导都是女的吗？我怎么感觉是从上到下有一些崇媚洋外呢，当然我们这属于18线小城市真没看到过有女的和给人咋滴咋滴的	None
不会真有人想和小仙女结婚吧不会吧不会吧	Potentially
这点没得洗有时候塔利班是对的	Potentially
种群铁律亘古不变，真理只在射程之内	None
这么说，那就应该是所有不要外国人彩礼且结果的女生全都出国不要回来喽，可惜好像不是呢	Potentially
一眼真，也就母畜能干得出来这种事	Potentially
环保问题？你告诉我现在的环保组织谁不喷？威胁论本来就是中国的崛起威胁到了西方的利益，威胁论越疯狂，中国崛起的速度就越快。但是中国女性媚外呢？国内也不是没有例子，不用不承认了，你们就是媚外。😆	Potentially
慕勾是这样的	Potentially
真是够孤单的，我觉得你应该融入人群，修复自己的抗逆力	None
图都绿了会不会截图啊	None
广西的默默刷评论默默走开	None
说分割家产，必须平分管你男人娶不娶老婆，然后我说那女厕管你要干嘛比男厕多一平方厘米就是不公平女拳破防了，温和女拳在给我科普，再nm科普也违背了你要的绝对公平，魔怔女拳要拆男厕小便池，我说小便池关你女厕屁事，只要面积多多占你一平方厘米，你管别人装什么，真nm管的宽	Potentially
没什么好奇怪的，我生活圈子里有女人找黑人我也会疏远。我看到黑黄混血我一样会远离。说我种族歧视也没关系，我就是不希望和这个群体产生任何一丁点的来往。	Potentially
这样下去，中国很难强下去。	None
看图中这个不是反同的，同恋该时候承认是精神病了	Potentially
一头猪的猥琐之气是藏不住的	None
我去杭州玩 刚出铂丽酒店没一百米 可能因为我在和边上的同学用东北话交流 两个东北人真是罪大恶极 杭州警察立刻把我俩拦下来盘问并且要求查身份证 你要非得说没有歧视我也没招 我说的要是萧山话他会拦我们吗	Potentially
山西人给你点个赞	None
在天龙人眼里，吴签没有宁波黑人高端	Potentially
确实，上面带的节奏就是怕老婆，交工资，等到成气候了就开始鼓吹消费主义给女的洗脑，现在国内就成了逆民主义女拳横行了，还是挺有意思的，现在都恐婚了。	Potentially
但答主喷人也不违法，被喷到的人如果觉得侵犯了自己睡黑人的合法权利，或侵犯了睡黑人的自己的名誉权，可向人民法院提起诉讼。	Potentially
男生是正常人反应，女生是巨婴	Potentially
这个人哪个非洲国家的？	Potentially
南方人不这样，他也不会这样。	None
呵呵，但是我姐姐夫的同学们聚会又不是都那一个地方的，有大城市的还有英国美国的，像这篇文章的女的真是闻所未闻见所未见	None
你看看一个多月了有人理你吗	None
这次艾基p图造谣不了吧！这艾滋基佬自己的自拍全吧也知道了	Potentially
说黑人是劳动力的太可笑了，殖民时代是，问题是现在还是那种传统意义上的殖民时代么？如今的时代，黑人是解放了，问题是黑人能主动依靠劳动获取报酬么？黑人和他们的副产品打着“反对种族歧”的旗号惹事，把本来平静安宁的社会搞得乌烟瘴气。解放他们有什么用？	Potentially
幕刃骂多了反而对这句话不感冒了说这么一句话本子就能治她，反观我们这里，批话更多更臭，其中还有龟男帮着一起说真不知道我们还有多长的路要走	Potentially
因为看恋爱型小说漫画什么的女生比较多嘛😅😅	None
痛经是女性身体结构的问题，应该找女娲或者上帝打拳，而不是把这种责任扔给男人	Potentially
每天叫唤前台的姆人，送快递，寄快递，每天都要找理由骂她一顿，今天把它都给骂哭了，爽	Potentially
避害是动物的天生本能，何况人类。那些自己往艾滋堆里钻的人，应该属于“自然选择”要淘汰的那部分	Potentially
所以我为啥要在乎白皮的歧视呢？我生活在中国呀	None
微博的小仙女都在说求你们男性都清醒，放过我们吧。	Potentially
民政局告诉结婚率血崩，小仙女们说田楠无数，谁在说慌？	Potentially
关于默，玩兽j的小仙女岂是郭楠可以高攀的😄😄😄	Potentially
站起来，慕洋舔狗	Potentially
热知识：同性恋和异性恋只是用来区分性取向的	None
南满不是人，南满是满子	Potentially
我觉得多半有，但你实际上没得选	None
是呐，我一说是河南的就有人说偷井盖儿的╮（╯＿╰）╭	Potentially
她们有组织有纪律的，逐渐壮大	None
北欧只不过是在性少数上做的相对比米国较好罢了	Potentially
对于左壬，除非他们自己被绿一次，否则他们不会醒悟的。这不是为了被绿而被绿，而是通过被绿认识到女人在做选择时有多么凶狠。	Potentially
我表哥96年去兰州大学读书时，他同学有甘肃的，那时候甘肃确实很多地方贫穷落后缺水，不过并非全省这样，至少河西走廊那块与刻板印象中的甘肃是不一样的	Potentially
他老公也太惨了吧😭	None
一般闲得蛋疼的大概率是猪精	None
总体南方比北方发达 ，是吧	None
看某些分裂的言论就像看猴一样。	None
还有按咱们国人的审美大家觉得漂亮吗？	None
说的挺客观的，为什么还有人杠，支持你的说法	None
GDP高的地方，那些人素质相对来说也会高很多	None
大家知道为什么突然间限电吗？	None
奥巴马是黑犹混血，并不是真正的黑人，而且奥巴马被特朗普评价美国历史最差总统。	None
东北在山东之前	None
不要杂交就好	Potentially
现在看新闻的也少了，我家也只有老人看看	None
提议女方婚前支付五年个人收入做彩礼，不然女性不懂珍惜婚姻	Potentially
又是黑人...你说这是你祖先的这就是？	Potentially
兄弟们面对现实吧。	None
我只要求它们不要来中国就行了，至于其他地方它们有没有从来不在乎	Potentially
这种推送服务在制造矛盾吧，人们看到的永远是跳动自己神经的	None
我也很浪漫很会说话啊。一擦我得擦。	None
种族主义者又不是错的，和民主主义者是一个概念，种族主义概念的出现，不过200年，以后到太空时代也适用。	Potentially
手往后卡扣直接再压两个扣子淦死他	None
这样下去早晚有一天芝加哥会变成第二个底特律的。	None
有件事情很让人费解，难民不应该是被严格监管或者限定其活动区域么？怎么敢这样嚣张的在别人的家里大肆破坏还要这要那？而且处罚这些人好像还挺麻烦，什么时候丧家之犬都成了打不得骂不得的宝贝了？这个世界是不是三观不正？	Potentially
自作多情了	None
美国是移民国家，黑人也是他们国家的一部分，但是黑人不是中国的一部分。	Potentially
我鄙视黑人。我歧视黑人什么是鄙视。什么是歧视。什么是人😆😆😆	Potentially
别闹了，好像黑吉辽配单独提名一样🙂，那边一个多亿人都是被当做“东北”来整体进行辱骂的，是的就是辱骂🙂	Potentially
到处黑广东人长相这个真的过分……我不是广东人（北京的）也觉得好无语😅😅😅	Potentially
没有国家是以娱乐立起来的，更何况还是黑人的这种低俗恶俗的东西	Potentially
穷举无意义	None
就这次郑州暴雨，百度有人提问：安徽雨也很大，为什么不像郑州这么严重？有人回应：因为安徽人不坏。真的服。	Potentially
街霸2,小日本做的	Potentially
我不像你嘴硬，咱发展不如沿海城市好，咱们承认，就像过日子，人家比你有钱，你就得承认，我说西部不行难道不对么？这几年国家一带一路政策让西部进步很快，但是也不至于黑东北地步，上海人说，你们东北经济不行，我对于此，无言以对，因为咱跟上海没法比，咱确实不行。	None
让别人尊重的前提是别影响到别人😆	None
这条评论发布时间是9月1日，你说没看到说艾滋是昨天， 今天9月3日。谁前谁后？	Potentially
当代袁天罡啊，神人在民间	None
从母人到都市丽人？	Potentially
抖音上也有她了	None
黑人属于是自己放弃自己，和其他人没关系。我觉得应该尊重他们的选择，送他们回非洲，让他们自己折腾去。	Potentially
河南有一些问题，很多不好的印象其实并不来自于新闻，而是来自人们的亲身体验。至少在80年代，河南的名声就不太好了。另外建议河南对于歧视的反驳，不要集中在历史悠久名人众多产粮大省啥的，你说人遇到两个河南骗子，形成了刻板印象，你给他说河南历史悠久，你觉得有用没？当然现在河南已经好多了，我已经很久没有碰到人歧视我了，希望以后会越来越好。当然在西北地区我就不奢望了。	None
经典，某某地全是鸡🤣这种人什么成分不用多说	Potentially
畒🐶太多了，根本jb不过来，只能躲着	Potentially
东北被黑也挺冤，主要是东北一亿多人，其实我接触过的大部分东北人还挺友好的，相对而言比其他地方人更健谈更幽默一点，但也很友好	Potentially
赞同，我对异性恋的看法也是理解＋不接受	None
那位说因果循环的，不就证实了上海被黑吗，有些人其实天生就是对上海有意见罢了	Potentially
镇楼这人不是男的？	None
别人的女儿跟黑人谈恋爱：支持恋爱自由，拒绝种族歧视。自己的女儿跟黑人谈恋爱：老子非要打断你的腿！	Potentially
明星有多高尚？	None
华夏民族和非洲民族智商相差1000代人的进化（某文章上看到的），按照进化论来说，目前虽然没有进化到生殖隔离的地步，但终究有一天可能也会进化成不同的物种。就像人和猪，从一最开始，也是一样的祖先。😎	Potentially
我没拉黑你，你要对线随时欢迎进来	None
相比较来说我觉得普信男还可以一不危害社会，还能自强不息。相反对社会危害最大的是那些既当婊子有立牌坊的人，这可不是什么荡妇羞辱，相反我对一些光明坦荡的性开放是持欣赏态度，现在某些群体又当又立的行为一直到了颠倒黑白混淆丑美的地步了。	Potentially
报团，喝酒，赌博，聚众打架的这些人哪个地方会欢迎？当然不能一杆子打到一片，会误伤很多人。但企业有啥办法，企业不可能一个一个去排查呀！不招是因为真的害怕，出了人命企业要负责任的呀！	None
宁与友邦，不予家奴！	Potentially
每个在华黑人都会有3个以上的eg	Potentially
复联管儿童性侵和妇女被家暴吗	Potentially
有人黑说明有存在感，山西的存在感实在是低到没人黑，悲哀	Potentially
广西盗贼多，河南安徽假僧侣多，河南乞丐多	Potentially
贴吧图片中的非洲人应该回到非洲去！！！	Potentially
在东南亚那些10几岁的嫩妹根本就花不多少钱随便玩	Potentially
作为东北人，也正在适应这个过程??	None
所以没错为什么改？直接普信男小仙女打起来啊	Potentially
好吧山东经济还行，比河南东北好，河南人均太差了	None
人如其名 流量老贼🤭	None
如果发现对方就是来对线争论的，那么首先要把握的是议题的设置，主导叙事比起说自己是对的以及对方是错的更重要。	None
一直就有大把女人反对女拳，现实中女拳并不多，大多混迹在网络	None
看人吧😢不正常的男童百分之99 	Potentially
你喜欢默默默？默女也是够	Potentially
正常入镜的就很好？都是一路货色。黑人有良心吗？	Potentially
新群，一起爆杀小仙女啊	Potentially
编乎有几个真的，不全是cjb	Potentially
鸡就算了 带个娃的还可以接受	Potentially
可以让她生了，分月付款，生完滚蛋，给别人生去。好像也行	Potentially
中秋节快到了，节前不是越来越忙吗？😊不过，这个更新速度我爱了	None
很难不支持	None
男的会生孩子为啥要有女人啊，隧道矿洞核电站能用女人？	Potentially
只要不是最底层的，都喜欢打压下一层的人	None
百年后种族大屠杀比论和世界还要残暴杀屠戮气息	None
因为B站圣母婊和政治正确一点也不少，	Potentially
北方人眼里，广东南蛮之夷。	Potentially
珠海市五洲花城是吧，今晚就过去刀了这幕刃?	Potentially
双标男，见的没几个，女的倒是挺多的😆	Potentially
可能是本人表达能力的水平十分有限，竟然让您产生这种曲解，真的不好意思😂	None
自己过的好就行了，苏北最穷的地方能吊打中国的大部分城市这个看中国城市排名就知道，这些人再怎么地域黑，我们的生活水平也不会因此降低。过的好就是好，这要不是说没品德都不是大问题。毕竟穷富这种东西都是看个人家庭的。🤔	Potentially
为什么要恶心同性恋，爱是每一个人的自由，真情实感，对方是谁并不重要。	None
请问抗战死了多少女性？😆	Potentially
如何薄纱有性别焦虑问题的通讯录？	Potentially
淡定，在一些缺乏地理概念的人眼里，长江以北都是东北😞唐山属于东北不算什么，山东也可能属于东北😆	None
你写的这是玄幻小说吧	None
感觉好像是在宣传白人腻害的样子	None
可能你的对象不对脾气吧，慢慢找能找到好的对象。你这嫖娼和谈恋爱不能等同的啊。	None
我觉得，人应该自主独立	None
男人嘛，就是牲口。还没看懂?	Potentially
西戎 北狄 南蛮 东夷，没一个是好听的。只有我大中原人杰地灵??	Potentially
听见吉林同事骂她男朋友“辽宁杆子”，这才知道原来三省内部也有歧视。不过相比我们内斗省这根本不值一提。	Potentially
多看看分数吧，全国乙卷各大高校河南的考生的分数几乎全是全国第一。。。。华中科技给多少名额录取分数几乎都是排第一。。。说明什么？河南经济落后，考出来的尖子生不亚于发达地区（起码广东）。。	None
怕不是不知道广州一堆汉族小黑人吧🤣	Potentially
不是对黑人歧视，真的是一想到这个女人跟黑人水果，感觉好恶心，长得漂亮又怎么样，还是很恶心	Potentially
说了多少次，拳师的目标非常明确，就是把蝈腩干死，彻底的把蝈腩变成自己的血包别人说啥干啥，只要不是给蝈腩打气，她们都不会管的	Potentially
感觉你这种加上省名的也算地域黑…隐隐约约透露出“皖乃穷鬼”的气息…	Potentially
人家当时还是个孩子，你就没有当孩子调皮捣蛋的时候？但是，这样确实不太对。要养小动物，还是对他们好一点。毕竟，把鸡养大了，还可以红烧、炖汤、油炸……	None
东北以前原本就喜欢地域黑啊，你拿这个做比喻没必要，十年前上网的都知道。只不过现在是自己遭重了	Potentially
努力姐专门骗中国女人嫁非洲，和蝴蝶姬一样	Potentially
前面我们说过同性恋骗婚的根本目的是出于生育的需求，所以同性恋婚姻合法化同性恋就不骗婚是个骗局。但是骗婚的同性恋只能是同性恋中的一部分，大部分同性恋都不会走这条路。其余大部分的同性恋为了自己的生育的需要会怎么做呢？无非就是领养和代孕两种，领养是其中的下策，代孕将会是他们大部分的选择。代孕是一种对女性的物化和将孩子作为商品的行为，我相信大部分人都是反对的。而当同性恋的权势大到一定程度他们势必会争取代孕这条路子，所以为了避免这种现象的出现就必须反对同性恋，降低同性恋的数量将他们扼杀在萌芽之中。	Potentially
艾呀，梅事的，疣什么大不了的非洲默的艾滋病率就不说了，不止一个国家能干到20%+欧美默的犯罪率也不提了，别的不说有没有有几个默没磕过药？当然了，这个星球上还是有很多优秀的黑人但我为啥要去厕所里找吃的？⁉	Potentially
其实在早些年，有个外国学家做过一篇调查的发现的是男人更支持女同婚姻，女人更支持男同婚姻	None
别想多了，有多少中国女性会嫁黑人？反正我从来没遇见到过。在者，你会娶精黑女？。	Potentially
这就是你们txl的好队友吗？	Potentially
同性恋并不是西方思想，同性恋大多是先天比例影响很大。性取向无法改变。同性恋也不可能传播。	None
鄙视骗婚的话没人反对。骗婚的也不只是同性恋。不要把这些东西连在一起就行。	None
楼上那个没菊花	None
这种货色不拉到没人的地方一顿输出	None
这男的也是啥pei给女的当狗活该	Potentially
又是某东北人到这里反串的吧🥰	Potentially
口气别这么大，你们别倒贴默就行了	Potentially
老爷您可饶了我??	None
全国人口第一流出大省，再总骂下回不来这打工了岂不损失	Potentially
继续者之大华人主义	None
只要我的孩子不是同性恋就行，我不想断子绝孙，其他人我还管不着（我好像很自私，但请不要怪罪我）。	Potentially
哔哩哔哩上有一个女同叫饺子不爱吃皮儿，她经常弘扬搞同还有一个视频叫《女生怎么追女生》这就是明摆着要怂恿了，希望大家一起去这个视频下反对她	Potentially
有良知就应该打击	None
看你是女的好欺负罢了。	None
其实我不关心女人找不找黑人的问题，但你随他去非洲，去美国不好吗，别留种在中国，最最起码找个白人啊，白人起码后代大概率还挺好看	Potentially
eg是白人老外起的。	Potentially
确实，本来就有人讨厌，没当众嫌弃已经很给他面子了，还要求这么多	None
那你观察得不够了。厦门是被地域黑最严重的地方之一，原罪就是因为城市核心区在岛上	Potentially
国人挺能忍的，这要是毛子绝对打它	Potentially
你刚回答完，评论里这就有人给你打样儿，😅这些人，也就这水平了，没招。不过你大可放心，能在知乎上搞地域歧视的人，现实生活里大概率也成不了啥事，折腾不出啥大浪，这种人也就上上班，打打游戏，拿着上限八千的工资搞搞歧视，搞完被房东催房租，对房东还满脸记恨🙂，这些人的地域歧视言论，你就当看个笑话就行，不用当真。	None
图片里这垃圾吧，害我在里面签到了3级，浪费我辣么多的时间，祝吧里的基佬们早生贵滋！	Potentially
如今法兰西早就是第二个南非而以后美国将是第三个而第四个必定是我过	Potentially
只是念错了个字，不能是故意的，主持人自己也扣钱	None
你的重点放错了，我的意思是那些人太偏激了😕😕	None
国男的未来只能靠自己争取！	None
喜欢搞地域黑的三大区域，长三角三省市，珠三角，西部某都	Potentially
还有现在连某些央视都有嘿人节目，甚至嘿人评委，看着那血盆大嘴在那一张一张的心里就难受的慌，关键评论里没一个反感他们的。只要是老外，不管来自哪里长得如何，下面都是一股脑儿得说帅。眼瞎了么！但有没有发现东南亚的黄皮老外不在此列，相反是看不起越南缅甸柬埔寨等那旮瘩的老外的，感情它们喜欢的是外种？？？	Potentially
黑东北的往往想不到他这一黑 就是3个省再加上黑河南、新疆、潮汕好家伙 地域黑是不想祖国960万平方公里完整是吧😓有些人对湾湾都比东北热情😓	Potentially
我相信答主代表了大部分人的想法，就是反感还不让说了？天天要求别人认同你的病态本身就是一种病态，你先去问问你父母接不接受再来回答	None
女人说：“换了本仙女就不可能找到更好的了”。男人说：“这是编出来给?男心理安慰，好让?男去舔去接盘的”。	Potentially
唐画里的小胖妞确实是这样的但那是绘画风格，记载中唐代女子的标准其实是..“丰r肥t”之类的丰腴美	None
抢东西是真的，其他的全是借口	None
男的社会价值就是比女的高啊除了生孩子女的能做的哪件事男的不能做？且做的比女的好？叔本华讲的还不透吗	Potentially
已经完全失去了对中国年轻女性的信任（35以下），反正我现在看任何一个我不是很熟的年轻女的都先贴上两个标签 女拳王 媚黑，就像女的说男的都是潜在强奸犯一样，互相戴帽子呗，两性之间的信任会越来越少，直至完全对立🤔	Potentially
没错，让很多不懂事的年轻人觉得这种与众不同是时尚	None
肯定不能接受，我想这是男性对自己种族的保护措施吧！如果接受和黑人谈过恋爱的女人，就一定程度上等于接受黑黄混血，要不了几十年炎黄子孙就得灭绝。	Potentially
我是来加入你们的惹	None
男同性恋骗婚形婚骗子宫很常见，二者都是压迫女性的行为。如果见到同性恋我不会去指责，排斥，辱骂，我只会远远的离开不和他们扯上关系	Potentially
女人咋被淘汰😅，啥样的女人想留下后代都不难	None
田园女权是对真正女权最致命的打击，一旦两性关系坏了新生代男性因田园女权开始草食，那些能力弱一点的女性的噩梦就来了，会被不草食的渣男当消耗品，而这些女性面对外国男性也是弱者，不找男人要自立她们会更加困难，因为她们天生能力有部分本来就是要家庭才能发挥的，这股天生能力不能产生收益又削弱挤占了其它方面能力，女性地位糟糕了生育率也下降，所以真女权要提倡，田园女权真的是灭国之道	Potentially
他们是被国女逼的。	Potentially
基佬罪证合集	Potentially
我们苏北的太可怜了😭	None
b站那都不叫年轻人，感觉越来越低龄化了，他们甚至没有出过自己所在的地方，却认为自己有很大能力	Potentially
有小腐沟帮男同宣传得好呗	Potentially
知乎救了你	None
胡说，黑人各个都是王子，等着继承亿万家产，嫁去非洲就可以享受美好生活了	Potentially
😅我觉得大部分人都是图个新鲜感，甚至有些人网络上说自己支持同性恋，在大街上看到两个大叔搂搂抱抱甩出一句好恶心。😅	Potentially
没有女人缘的吊丝羡慕嫉妒恨了，乱喷有什么用	None
男性大多都有自知之明，根本不符合“普信”。然而女性月入3000嫌弃男性月入5000很普遍，算不算普信呢？	Potentially
东北人被河南人睡 不亏	Potentially
然而黑人就像清道夫，你引进了，赶都赶不走慢慢的，整个鱼塘只剩下清道夫了	Potentially
贬低和批评中国大陆是西方国家的日常工作好吧，去看看整个东南亚那里是西方国家的的后花园！	Potentially
这个国家在意大利里面，为啥不并入意大利，才3万多人	None
有些垃圾真的恶心	None
南大人要真有本事就把东三省独立出来，我们说不定还得好好谢谢他们。	Potentially
男人的权利得不到维护重视，女人被惯坏，都是因为这些伪君子们作出来的	None
你当然可以讨厌，这是你的自由。我就是河南的。我从来不偷，不抢不骗。行得端，做得正。	None
中国男人配不上中国女人	Potentially
黑人能有什么好事情？还在引进，作死害百姓	Potentially
你以为苏北人在面对外省的时候态度好吗？不，别人一口一个我们江苏人，欺负别人不清楚苏北苏南的区别，在外面把自己当天龙人	Potentially
呵呵，这答主气得我想笑。性教育缺失？？？？难道要在学生性知识启蒙教育的时候让他们搞同性恋？？果然帝国主义亡我中华之心不死！	Potentially
远离嘿，真爱自己	Potentially
突然觉得彩礼贷香起来了，你们觉得呢？	None
艾滋病 除了母胎里带的 剩下的都不值得同情	Potentially
现在社会情绪都挺过激的，令人感到担忧	None
找小姐我花钱我是大爷，给女朋友买礼物，花钱当孙子	Potentially
差去四川娶一个彝族姑娘	None
笑死我了，黑人之所以这么多，还不是因为国家管的不严？中国这么多黑人，你又能保证他们不接触女的？关我们diao事？	Potentially
因为极端女权发展到最后男性是得利的。你把维护正常女性的男性都打成国男，那到头来就活该丧失应有的社会地位。	None
搞清因果关系，主要问题还是在幕刃这边，打破她们的外包装现出原形就好了，比如把舔G的女神头发P光光，衣服换成男装，口红脂粉全擦掉，再看她们如何卖钱	Potentially
性骚扰，好死但我觉得女的也应该加入性骚扰罪名，靠近身边能一拳放倒，免得反过来污蔑他人	Potentially
人们一般关注的是坏蛋里某地人的比例，而不是某地人里坏蛋的比例，就是这样。	None
初中一个河南同学，偷东西 偷小卖部的饮料，然后跟我炫耀，当时还有点羡慕但是我也不敢，过后一想这不就是小偷吗，他家也不缺钱开理发店的体育特长生交的训练费都不少也不缺钱，但是就是喜欢偷，毕业以后我就跟他断绝联系了，这是我认识的唯一一个偷东西的人	Potentially
那就陪它们打到底！打到弹尽粮绝	None
这些对东北人搞地域歧视的人其实很蠢，早晚搬起石头砸自己脚。	Potentially
如何评价这张图是妆后五分女？刘亦菲十分我觉得顶天三分	None
肩上的脚丫吧的男同性恋就是脑子长得太简单了像猪头板鱼脑，支持dy的，我看见过他们聊天，说这个无所谓，有人反驳，他们会骂人。逻辑单一，自大的要死	Potentially
这波怎么评价？	None
对，陕西的专业黑子，这种东西都有病吧🤔	Potentially
我也确实没办法证明你有办法证明同性恋是天生的吗	None
又一个知乎账号被永封	None
泄洪区的安徽人民，有苦难言，总是因为个别人，而受到整体上的歧视！！	Potentially
以前租了一个房间，说实话，我人有点懒所以东西乱纸和快递盒子一堆一排，但是食物残渣一类的都是立刻清理的，走的时候整个房间打扫了一遍	None
抖音评论里说话最脏的地区，随便找个视频，一看便知。	Potentially
很多黑广东的ip也来自广东🤔	Potentially
因为男人不是蠢货会把钱花在有价值的地方	None
16楼那母苟双亲私觉？	Potentially
众所周知，自然界中越低级越处于食物链下位的生物便越能靠快速且大量的繁殖来维系种族繁洐，所以上图说明了什么？	Potentially
女人愿意和她们优秀的非洲老公回非洲我都想捐路费，最怕通过女人黑下来，生窝二代，长大后来一句我是龙的传人，我的妈呀简直头皮都麻了。	Potentially
不不不 我们云南人可比黑种好看多了🤔	Potentially
习惯就好了，想想人家河南人，那么多年都过来了……	None
山东还好吧，遇到的山东人还不错，。	None
男男个别很乱，女女小部分也很乱。但是异性恋也很乱。乱的是个别部分，不是整个群体的。不要以偏概全哦，还是有好的，不管是同性恋还是异性恋。人也分好人和变态的😜	None
挨骂需要“从自身找原因”那转你这么说 2013年余姚大水还有去年新冠爆发初期网上让浙江人滚出中国 是不是浙江人也得需要“反思”啊	Potentially
想知你对他做成什么损失？骗财骗色？	None
怕是生活中沒人對她說過這些話，一邊罵街一邊yy	Potentially
现在网络上有多少人都宣传自己为男性考虑，会独立思考，结果看到小作文就脑子都不要了。	Potentially
人家一句，爱情里就是能分出个高低，就是没有标准，选黑人都不选你，说明你比黑人还差😄直接给你整破防😆	Potentially
现在超多ip山东，或者自称山东人然后天天在网上骂山东的，贼不理解要是过得不舒服离开就是了，再说山东够包容了山东要是都混不好去哪都混成那逼样。以后在前面加上一句山东人是我爹才能证明他山东人的身份	Potentially
湖南由于答主口音有问题逃过一劫，甚幸!🤭🤭	Potentially
支持还有推荐这个视频，韩国女权崩塌的魔幻史，真是用魔法打败魔法，时代的魔怔：韩国女权到底有多可怕？	Potentially
人多就是好呢	None
看了，男拳女拳还真是旗鼓相当。	Potentially
内部有敌人，刚好最近在肃清，抓紧把这人肃清一下。	Potentially
我国不禁止种族歧视，没事的，大胆说出来就行！你是不是种族歧视！我们热爱祖国，但是我们讨厌黑人！	Potentially
其实可以提一个和保护妇女一样的法律来保护男性啊，为啥非要反对，男女性别中都有渣子	None
欧美反智研究一边去吧，跟当年非罪化如出一辙	Potentially
索玛女王，这博主是男的	None
反同乃大势所趋	Potentially
同性恋下地狱就属阴了	Potentially
鸡汤的作者和读者都是女人，不向着女人她们没销量	Potentially
其实东夷也算是铸造华夏族的重要一部分，和剩下三个多少还是有差别的	None
难兄难弟谈不上，东北被黑时，山东一直是主力军，去年疫情期间全国医疗队支援武汉，每个东北医疗队的视频下面全部都是山东人在酸在骂，我觉得吧平时你怎么骂怎么黑都认了，东北医疗队你也不放过，地域黑黑到丧心病狂了	Potentially
再寄吧删帖子就给猪猪来一针吧，当着他男朋友的面。	None
下策囧你打草惊蛇，以后她就会隐藏喜欢黑人的想法，变成一颗诡雷[蹲]	Potentially
没辙，10个地儿10个人出一个坑货，突然发现有个地儿10个人出2个坑货，那正常人当然对这个地方的人会提高警惕，知乎说不得这个，别讲，讲就是哪里都有好的和坏的！讲就是坏的开除户籍！知乎黑东北就两点，一种就是收了钱写文章带节奏硬黑，另在一种就是确实是底层的东北人在外面的名声不咋地，让其他东北人跟着躺枪😅	Potentially
看到了那个枯寄吧的回复果然和我说的一样只会无脑谩骂果然txl没有正常人	Potentially
男权最大的错误就是现在就反击了，欲令其亡，先令其狂。大部分舔狗都绝望了才是出手时机，出手太早只会让她们温和的处于优势地位，就像房地产尾大不掉。	Potentially
安徽被黑麻木了，为黑而黑，低调成这样了还要黑	Potentially
建议你们都去s	None
在中国，你这种烂鲍鱼一般被人叫做普信女⁉	Potentially
一口一个不生，怎么不上环啊。	Potentially
你说这几个地方离我大学都挺近	None
已经举报这个帖主，感谢	None
还有，器大活好和有男人味我不赞同。首先器真不一定大，活好是肯定的，毕竟比较原始喜欢乱交。还有男人味，那根本就是野生动物的体味。	Potentially
养鸡场屠宰90%的小公鸡做饲料，只留小母鸡下蛋。	None
东北人彻底麻木	None
猿形毕露了兄弟们，大家理解一下，这只狗狗的YD长在了猩猩身上，大家要有怜悯之心，毕竟会说话的动物很难得的，大家每天拿它娱乐娱乐多好	Potentially
一看就是四川重庆的人	None
关键郭朒没有啊😄	Potentially
先自己调查下好吧，南方系更多好像说的是广东，而且这也是实话，南方系媒体系统性BBC操作还少吗？你一个南方老百姓跟着他们冲锋陷阵啥？大家都是普通老百姓没必要。	Potentially
不一定……因为很多人会爱屋及乌，讨厌也同理。 比如说提起台湾你能想到周杰伦，偶像剧。提河南99%是井盖儿。。。	Potentially
初中都没上过的鬼母牛逼吹的倒是不小，是不是现在人类已经无法满足你了？	Potentially
但是很多身边的人都遇到过河南骗子，无风不起浪哦，洗不白的。	Potentially
因为畸形的人只有配上畸形的爱才会觉得正常，并称之为真爱。	Potentially
还有我们东北呢 被认为素质差 黑社会 😅	Potentially
坏起来了兄弟们，原来真有荣誉女人	Potentially
祖籍河南的甘肃人看过以后沉默了	None
做同性恋是病才要上药	Potentially
江西也被黑啊，彩礼就算是吧	Potentially
雇个穷的，得癌症的，去泼她一脸流酸，让她生无所恋	Potentially
不太认同，虽然我本身的审美是黄种人，但是有的人就是喜欢白种人或者黑人吧，就像有的男人就是喜欢白人妹子一样。一棍子打死所有人不好吧🤔	None
长沙法院不是母系社会吗。	Potentially
对不起，我就是歧视黑人，我还歧视向你这样的媚黑人，去吧，广阔的非洲大草原需要你，我亲爱的劳动力😄	Potentially
然而我举报了，竟然说不足于封吧的地步！继续让她们闹吧！到时候都摆烂了，铁拳就知道后悔	Potentially
感觉不至于吧同的就一群乌合之众没必要浪费时间精力	Potentially
中非友谊真的很“好”	Potentially
不存在地域歧视，只有穷人歧视。	Potentially
开除女籍，下一位	Potentially
人家独立自主和你有什么关系	None
此人品行恶劣，但一个人不能代表几十亿人。	None
我觉得自己长得好不好看更实在，没必要拿一个地区来给自己脸上增光，喜欢说别人丑的，建议自己先照照镜子，你邻居亲戚长得再好看和你又有关系么？人家美国各种各样的人种高矮胖瘦白黑都挺自信的，反倒是东亚人最喜欢整容，其实挺可悲的。	Potentially
舔狗的自我修养，女拳越是猖獗他们越觉得应该抓紧舔，自己卷自己了属于是	Potentially
只能说，真是有意思，为什么总有普信男颠倒是非	Potentially
田園女拳和正常女權的區別就在於前者只會在網上噴垃圾話，後者付諸實踐並證明男性能夠做到的事情女性也可以	Potentially
我宁愿当太监也不会找黑人🤔	Potentially
黑人是跪族	Potentially
😓xs国钕谈贡献就要开始弱者表演，享受好处就要平分，分到了还要和默骂无声贡献的郭楠不觉得自己很ex么？	Potentially
莫利安人是这样的	None
权利地位责任与能力必须匹配，现在女性的生产力以及其占有的生产关系远不及男性，反而追求更大的权利地位，而不想承担责任，	Potentially
基佬依然那么怂，昨天被麻了一整天，因为词汇量不及格，所以只能用禁言这招了	Potentially
如果说外国人通过枪炮瓜分中国，殖民中国，获得巨大好处，那么外国黑人是通过和中国女的结婚繁殖混血黑二代殖民中国，那么他们什么都有了！！！	Potentially
呃，河南有啥黑点吗？虽然有可以被黑的点也不能歧视，但是在我印象里河南确实没啥黑点阿	None
😭井盖好沉的，根本就不好偷啊😅就这一个黑了多少年了，河南的假和尚可比偷井盖的多多了	Potentially
现在美国一半的暴动就是黑人惹出来的本来世界上那有什么种族歧视，只不过就是黑人为了掩饰自己的罪恶，故意为之种族歧视是永远不会停下来的。即使社会安定，哪里有黑人的地方，就一定有暴乱因为那些黑人是江山易改本性难移，无论你再怎么尊重黑人，别人心里觉得这是理所应当的，自己犯了错反而指责别人种族歧视。想要别人尊重你，首先要先学会尊重别人。黑人也只不过只会用种族歧视的概念道德绑架你。	Potentially
这不正是你们这帮lj的写照吗？自己不接受的事物就要怱悠别人都来反对，还自以为很正义～	None
真是搞不懂这种人怎么就那么想当默的配种母狗，活该	Potentially
你说的强迫认可，是有哪个同性恋逼着你搞基了？恐同们可是经常逼着同性恋结婚呢	Potentially
寄生虫啥都指望男人也配谈女权和男女平等	Potentially
好久没看贴吧，今天一看反同恋吧我还以为是不是进错吧了，沦陷的好快啊	Potentially
哎呀，我的妈呀，艾滋病泛滥是有原因的	None
出身就不好，搞人种论？辽宁人都是高人一级呗	Potentially
人家真善人自己租个院子养，它这搁楼道里养很难有?	Potentially
东北三省被一同称呼，如果我们把三个省拆分来看就会发现，杀人放火、打架斗殴、洗脚城女性、海南偷菜，全都只是黑龙江而已。	Potentially
魔怔人还是要早点拉黑	None
我已经举报加爆杀这母钩了	Potentially
坦率说，如果不是肤色原因，看起来还挺顺眼的。	Potentially
不止是黑人，白人也不行。	Potentially
优秀天赋的默人打赏默猩猩一发梭子弹	Potentially
这特么才叫女权	None
黑鬼基因太强，此鬼虽然是黑杂，但看上去跟纯种黑鬼并无太大区别。中国女人的子宫，一旦被黑精灌入，所生的崽几代都是黑杂。	Potentially
不认可你的想法其实，我们国家是一个很传统很保守的国家，对于同性恋也是很保守，对于同性恋平权的话题基本是禁止不让谈的，只能说，不幸之中的万幸，因为，异性歧视同也是不对的，同样，支持同性也是不对的，都不是政治正确，政治正确的是从来不谈它，当它不存在。所以，我们作为同唯一能做的就是，当被人嘲笑殴打时不惜一切代价保护自己，不要被恶意重伤，骄傲地做好自己，通过努力向自己证明自己是成功的，幸福的，然后也不用理会歧视同的言论，尊重他们,毕竟，在当前的政治舆论下，歧视与否都是错的，对的是当它不存在。	None
我:你礼貌吗？	None
现在各高校都是艾滋频发区，那个学校留学生多，那个学校艾滋高。前俩年在各大高校免费发放艾滋测试纸，当天发放当天完。然后引起轰动。具体可以去b站看看	Potentially
现在互联网上男性对这张图的评价是打情骂俏，那就让我们再过5年后看看吧，若还是那德行，可能真没救了	None
对于你这种人，举报就完事了，别跟我说话了。	None
恰恰相反吧 黑安徽最多的就是江苏人	Potentially
老僵尸闻着味都能找到坟	None
我以前号还创过同入膏肓，化同为敌，同不聊生几个吧	Potentially
歧视的不是东北这块地方，是一部分东北人吧，我认识一个山东的不喜欢东北的，我还很奇怪山东东北不是一家亲吗	Potentially
男性对女性敌意大？微博厕所白叫的吗。除了营销号有几个男的还微博说话。除非什么重大事情的时候才会去微博看看官媒发的东西	Potentially
北方人不娘，可是抗日主力是南方人。西北人爱打架，可是当年同治回乱，救他们的是湖南人左宗棠。说什么南方人娘，开国十大元帅9个南方人。南方更发达，所以南方人更文明不爱打架而已，被黑娘。我中学时，学生打架，学校直接开除，哪里会有人以打架为荣	Potentially
樓主是老闆嗎	None
这样的行为真的是欠揍熊孩子行为。	None
贵州小偷第一名，这不是地域黑，这是事实	Potentially
说起地域黑就不得不提河南省	Potentially
一个人的品位由TA选的配偶的层次决定。	None
我要质问造物主，为什么把蝻人设计得这么贱这么恶心，却把女性设计得如此完美？是因为造物主也讨厌蝻人吗？性别歧视，是不对的	Potentially
没关系，嫁给黑人真的不在意，就是不要生活在中国，谁管你嫁给谁，还是娶谁?	Potentially
五胡乱华的刘渊、石勒、赫连勃勃香港黄秋生这些都是混血儿以及后代。同样司马绍、郑成功也是混血儿为什么区别这么大因为父系是哪里人的缘故	Potentially
你说了这么多，实际上只有河南和东北被黑的最惨，其他都是阶段性的。河南和东北是一直被黑几十年了。	Potentially
这年头，什么人都能叫直男癌，女拳就是喜欢给人乱贴标签…	Potentially
我不纠结你这个真实性。只要是收过正常教育，或者自身条件不错的头脑正常的就不会找黑人。你说的这个 找黑人是一点发现黑人出轨还不放手说明没什么原则还跑到学校门口闹还把这种事情整得人尽皆知。你觉得这种人会是收到良好教育的？头脑整正常的？	Potentially
用定时化学武器消灭黑贵人，不留一丝痕迹。	Potentially
男的连嫖娼信息这种违法的都不让放出来，公布给家里人，这样说女性怎么样真的好意思吗？当然如果你洁身自好，你可以不看这个	None
果然靠近幕刃会变得不幸	Potentially
其实，中华男儿也开始在全世界，娶媳妇了，娶媳妇了	Potentially
您自己不就是在践行地域黑的真谛吗	None
山东一旦被黑就是两性问题😅	Potentially
上海上戏这几年出来的牛逼点的演员基本都是我们东北的占一大半，上海本地那男的真心不行，沪圈这几年上海本地演员能拿的出手的就一孙俪马伊琍胡歌，王自健和金星在上海台节目很火，硬是被曹可凡这个上海土著在背后搞事挤兑走了。	Potentially
当然是凭着不要脸和某某把它们当人上人来对待呗，就算咋们普通人不乐意能咋样	None
炎黄领地早晚都会轮流被黑，中原，河北，东北，山东，陕西。。。	Potentially
要改变美国的种族问题，除非让那些奴隶主复活来治治默。	Potentially
你也是基佬，为什么要伤害自己人呢，不怕因果报应吗？	Potentially
为黑人生产的？低档货?	Potentially
选择性忽视男拳可还行	Potentially
是的，我是一位专业打击👊同杏恋的职业人士，我每天的工作就是观察👀谁是同杏恋，并且加以记录📝和跟踪，如果出现同杏恋有关的消息我会第一时间冲到现场，对其进行打击👊，打击你们同杏恋就是我生活的全部，我热爱我的工作，如果你们身边有同杏恋请告诉我😡我会狠狠的惩罚他们，谢谢🙏	Potentially
你为什么没去打工？	None
发了个默贴被这个，看不懂反讽的开小号玩意儿攻击了	Potentially
大多数情况下性取向是先天的吧，基因里关于繁殖的部分早就确定好了	None
对你的高论真心不敢恭维！什么叫优秀的男性拿点彩礼不是问题？20来岁的孩子拿彩礼还不是跟父母要，拿男方父母的钱去保证自己的安全、减轻自己的经济压力，这是不自信也是压榨男方家的表现，还说的那么冠冕堂皇！嫁给黑人就生活压力小，就不用要彩礼，难道他们那里是天堂？被国外男人抛弃，无奈带着孩子就是伟大的母亲？被国内男人抛弃，男人就是渣男，女人就是活该？自己傻怨别人！这都什么逻辑？	Potentially
男同没皮没脸要借别人的好脸	Potentially
珍爱生命远离幕刃	Potentially
自由社会，违法吗？	None
圈子太窄了吧，黑人在中国玩过的女人简直不要太多好吗？一堆黑二代😅	Potentially
打基佬=打hiv	Potentially
世界终究越来越正常，直佬们做好被强制纠正取向的准备。	Potentially
友爱也是爱，但不过以txl为荣是变态	Potentially
和黑种人结婚就是把后代变黑，黄种人白种人和黑种人结婚生下来的都是黑种人，黑种人的基因顽强是有目共睹的，多和黑种人结婚，几百年后整个地球都是黑色的	Potentially
去推特看看就知道了，♠️	None
比如说到知乎三大美食荒漠，北京人直接承认，还跟着骂，深圳外来人口多，归属感差，也不说什么。唯独杭州人那个跳，你说我们荒漠是因为你吃不起巴拉巴拉😢	Potentially
那是必然是冬天最冷夏天最热的南方某省啊，卖惨谁也比不过	Potentially
正三观，先要保命要紧，黑女一般都是乱性的。艾滋病能治好？	Potentially
再向各位饭桶介绍一下现在养的小猫：凯迪拉克·尼古拉斯，超级黏我	None
支持天降正义爆杀理客中	Potentially
这些形象就是东北人自己给人展示的 然后别人是这种映象了 然后说别人黑🤣	Potentially
结了婚的通讯录在当今社会不出瑰的几乎为零	Potentially
嫁非洲人可以，去非洲。我们不需要中非混血。更不需要嘿二代少先队员说我们是祖国的花朵。审美不符，道德情操不符，艾滋病的潜伏期太长，国人很怕当接盘侠。	Potentially
你妈是买的吧	Potentially
女的希望男的什么都顺从自己，又希望男的能让她百依百顺，但又想在百依百顺中让男的顺着自己。就这么矛盾。	Potentially
豫東 皖西北 蘇北 魯西南 史上稱呼 黃泛區	Potentially
幕刃讲的不是汉语是亩语	Potentially
我们云南人参与不到南北大战，豆腐脑甜的咸的都有人吃，饺子米线都吃的香，东北粤菜江浙菜都觉得不错，少数民族和汉族都相处和谐。	None
你这种角度相当于自己把自己摆在低位了大可不必	None
默错过了没有奸到，恼羞成怒	Potentially
最好不要瞎说，B站的孝子是最狠的，搞不好我们吧又被炸了的。	Potentially
你是自卑没有自信还是有艾不能见人吗？看看某基佬也不会蒙面穿衣服发照了	Potentially
艾呀，梅事的😂	Potentially
“不仇女未必能让女拳消失，但是仇女一定不能让女拳消失，甚至会反向壮大女拳”中华大地压迫了女性几千年，也没有出现过女拳这种物种，可见女拳也不是仇女壮大出来的，而是平权放任出来的	Potentially
人家说的是生理上而不是理性。	None
在国外，要配偶工资上交是家暴	None
相由心生，这个眼神真的很阴毒	None
直佬日常迫害正常人	Potentially
四川口碑很好好么，河南，安徽，四川劳务输出大省，就四川口碑是正面的	None
真的换来我们站起来了吗？我咋被996压弯了腰？	None
这娇情的小人，楼主不想理你，删你大号小号的贴是符合规则的，从他以前发贴抱怨求分享的吧友，估计是幼稚小藓女，我看就是巨婴心理，所以他的大号小号连续被拒绝了，明摆的是她的舔狗	Potentially
我只讨厌某宗教民族，其他的民族都很好	Potentially
这女的绝对不无辜！	Potentially
总部在抖音，有个几十万粉丝博主，但被限流了	None
在哪也比国内好得多，前提你自己要行，自己不行在哪儿都不行	Potentially
上海人是超级排外，不是黑，越老越排外。	Potentially
东北，河南，山东历史地位普遍很高。东北重工业基地，共和国长子。山东GDP一直在前三，甚至干到过第一，河南历史底蕴身深厚，而且这三个省份体量大，容易成为目标，我是班级里的小透明，没人在乎我，但是班里的高富帅，现在突然落魄了，就会有很多人讨论?	None
陕西没有存在感，一边凉快去	Potentially
我一东北人从来不黑安徽反而同情。不过你们的富邻居们肯定要黑的。毕竟和东北一个地位，不压榨一下怎么行。	Potentially
差不多得了啊，你们东北人出了名的自卑。张学良都能吹成民族英雄??	Potentially
我给你开上天行吗？开上西天	None
别吹了别吹了毛男自己看得都不好意思了	None
大批直男被邪恶的基佬勾引失足建议立即将他们绞杀！	Potentially
汉奸最多的不是南方么？什么汪精卫啥的	Potentially
愛死你了妹子，不管對錯，我全都服從你，你叫我往東，絕不去西，不然我就不是個男人	Potentially
论据呢？我🇺🇸待过三年，亚裔男性在奥斯丁婚恋市场可是抢手得很	None
我来说一点，你可能不知道的吧，觉得男同恶心的男性通常都是仇男的，这样的男性不仅觉得男同恶心，同时也把其他直男都当成敌人，其实内心里就是想其他男性都死光，然后他们能占有所有女性……	Potentially
广州坐了十三年地铁，除了特定几个站有时候能看到一两个，其他时候没再看见👍️	None
我没那么高尚，你炮轰我一个人我就花钱买他全家信息，然后我上新闻，他全家下户口🍉	Potentially
犹太财阀支持的	None
英雄来自生活	None
黑人是不是土人的一种？	None
还是缺物质的女人太多。	Potentially
这个世界上有的人认为男人离婚了还是抢手货，女人离婚了就掉价	Potentially
你说得对，上去	None
这个时候身为阉人的你反而不如不阉的时候呢	None
江南男人尖酸刻薄的样子一眼就能看出来，有人回一句就拉黑跑路，哈哈哈	Potentially
作为一个土生外长的河南人，以前也一直是恨铁不成钢，和外面的人打交道从来小心翼翼，生怕给故乡招了黑，但到后来慢慢才发现，各种迹象表明，地域黑是西方资本控制的国内某些媒体，刻意营造出来的从内部分裂、瓦解民族认同感的舆论战争！（结合当下的国际形势，以及曝光出来的一些类似案例，请自行脑补）	Potentially
呵呵，我说读小学的时候怎么感觉很奇怪，整个人都西方化了呢……	None
谁能证明那个机器的疼痛等级就是生孩子的疼痛等级?没准那机器比生孩子疼十倍百倍呢？让女的上去体验一下，看看她们能挺几分钟，会不会比男的挺的时间长[你懂的]还有不同女人感觉不同，有的睡着觉就把孩子生了下来。	Potentially
这一波是钓了大鱼看看她们自己这些话，直接还给他们不是爆炸?属实是没脑子，应该故意装一波这样才可以继续道德制高点贬低别人呀。	Potentially
这楼主是什么玩意	None
😆奇趣蛋还是滚来滚去比较好	Potentially
它们连做棋子的资格都没有，只是单纯的生物不能无限繁殖而已	None
在别的吧大家肯定会说这是打情骂俏，是美好的事，但我相信在这个吧，吧友能挖出更深层次的答案	None
它意思是它应该是砸肿，它母上应该多融合。	None
可以让跪虫族好好看看它们虫爹在面对人类精英足球队根本就没有赢可能性	Potentially
我都怀疑它是不是女的	None
最原始的女权，是维护女性正当权利，女性承担繁衍责任，男性在不需要繁殖的时候具有天然的生活优势，在日常生活里天然女性很明显会处于弱势地位，优势地位的男性也很乐意维护女性最基本的人权，比如生育，比如交配意愿，再比如从小就会因为女生力气小而教导男生要多照顾女生，因为同等工作量，男性天生就有力气优势。但这经不起利用，男人女人们，好好看看在争取男权亦或者女权的时候，到底有没有尊重最基本的人权！人权！人权！	None
最近挺热闹啊，是不是放暑假的原因使得一些反某某歧视的多了起来	None
你让我抱个黑娃说这是我外甥，我没这个脸	Potentially
🐶热搜不能没有西安，就像西方不能没有耶路撒冷	None
男的多事，让这个女的被骗个精光不好吗，惹得一身骚	Potentially
上小网站看看视频。黑男黄女一大堆，铺天盖地。但是黄男黑女你能找到吗！你喜欢玩人猿泰山是你的事！别扯那么远好吗！	Potentially
你介绍爱国吗？你这叫碍国	None
就好比小仙女总觉得自己应该被舔、自信的仙女最美丽，自信的男人普信男。总觉得龟男如果不要自己就再也找不到更好的	Potentially
远离黑鬼，	Potentially
吧内确实有人急了	None
你是女权吧派过来搞事的吧？作为一个成熟的男人别那么幼稚好吗	Potentially
哀其不幸，怒其不争，这男的真该，头顶绿得发黑了还原谅呢，别人劝了不听，自食其果，还发在网上…无语	None
😅😅成都是人民的城市啊，威武啊成都群众。	None
谁会觉得非洲黑人高人一等？中国女孩找非洲黑人做男朋友的原因不用分析，都是成年人难道她们不知道非洲人艾滋病携带者比例有多高？难道她们不知道非洲男朋友找她们只是为了排解寂寞？难道她们不知道即使跟她们结婚是为了拿居住权？她们很清楚。看看那些找非洲男朋友的女孩有几个是被中国男孩看上眼的，人家也有情感和生理上的需求好吗。至于那些所谓被骗p，染病，单亲女孩来说，大家看到几个来控诉的？没违法没道德败坏的何来批判之说。别拿黑人前男友感染艾滋病又传染给中国丈夫和孩子的例子说事儿，那种愚蠢的男女还是很少的。欧洲有些国家的女性倒是不鸟这些黑人和中东移民、难民结果这些国家被qj的女性直线上升。弄得当地ZF各种宣传教他们怎么跟当地女孩发生性关系。说到中国女孩找非洲男朋友为其他女同胞挡了多少伤害。所以批判是不存在的最好防护措施就好了。	Potentially
你们基佬要觉得你们基佬是有素质教养，你们基佬就应该阻止某个基佬让基佬们丢脸的事情否则就是同流合污	Potentially
谁家街留子要这玩意，要了马上就降两档次	None
对黑人无感，不是我喜欢的颜，白净的不香吗	Potentially
龟仙人只会舔	Potentially
你说对了，我就是歧视黑皮啊✌️	Potentially
援建不是打工	None
成都吴施蒙事件自己去搜搜，又是新时代女性干的好事?	Potentially
主要是大病容易人传人，必须隔离	None
南方互相之间地域黑这么厉害，我都不好意思说，还全国公投你寄吧谁啊	Potentially
🤭在自己家乡说方言算排外，当然咯，谁让这座城市没有外地人就不行呢？看看自己老龄化成什么样了，有本事自己维持啊	Potentially
"""非洲人口最多的6个国家(尼日利亚,埃塞俄比亚,乌干达,民主刚果共和国,坦桑尼亚,尼日尔)将会有总人口94.5亿..平均每个国家拥有15.8亿人口网站是:依非洲黑人的繁殖力，迟早把非洲挤爆，然后他们就到处扩张......大家拼命计划生育，为非洲黑人腾出生存空间。为了非洲黑人的幸福和生产，大家都少生孩子，腾出宝贵的生存空间让给非洲黑人。让非洲黑人给中国人改良种族。你我少生一个，未来就可以腾出安置3个非洲黑人的生存空间，让非洲黑人移民在我中华大地享受现代文明"""	Potentially
男人冲过来，我一个滑铲从他身下滑过。并用刀子把他肚子划开。内脏掉一地。或者直接原地后仰，把手里的长棍尖头朝上抵住地面，男人飞扑直接落地戳死	Potentially
下次女拳骂你不尊重女性，你就回她，「该尊重的女性我就会尊重」!!	Potentially
地域黑就是明明视频里的人的口音就不是河南的，新闻标题非要扣到河南头上😭见过太多次了	Potentially
我们没有义务要从一堆坏豆子里甄选那百分之一的良豆，更没有必要为了这百分之一的良豆而放任那百分之九十九的坏豆子烂豆子在我们地上肆意疯长，扰乱秩序，挤占我们的生存空间。	Potentially
上海那边也黑河南，蜜汁优越。。	Potentially
李世民？？他尊老子李耳为祖先，你懂这是什么意思吗？	None
我觉得还行啊 黑妹有些挺漂亮的 皮肤好 靠欧洲地区 那边也挺接近黄种人的 反正玩玩就行了 大不了不要了 国内再来一个 👍️👍️	Potentially
中国传统文化就是婚嫁随男方，女性不属于原生家庭，加上一些重男轻女的传统文化，所以对家族很难有归属感，别怪谁。我对我爸村里整个家族没归属感，对我的姓没归属感，家里一切都是我哥的，我没结婚的时候就不是我家了，回去就是做客，还要自己干活，走礼走最重礼的客人。我妈死了我不能去坟里上坟的。我老家和我老公家相差千里，我也不熟，但是以后会去我老公那边养老，我老家的地房都是我哥的，我在老家没有容身之处。网友会说我这种没有领地意识吗？怪谁呢？	Potentially
如此双标的话不是÷生真说不出口	None
为什么不打胎	None
那应该去日本生活了吧，可嫁内个的却喜欢赖在中国，这就是差距	Potentially
黑名单又多一位	None
笑死 黑上海都变成政治正确了 怎么就稍作讨论了？	Potentially
喷神，你这是在歧视女性，号不想要了🙂	Potentially
说真的，如果这边是20年，对面搞不好也就15年。	None
上海被黑多是那种调侃的黑，河南被黑才是真黑。我在南京上大学，大学里如果有同学说是上海的，别人第一句就是唉你怎么来这上学啊？如果说是河南的，那就会说 哦 好远哦	None
国男和我说话！完了，我不干净了！	Potentially
是的，她们正好说反了！	None
请你解释一下满洲话是什么话？中国现在有满洲吗？	None
你老公要是知道了，可能会离婚	None
那些重口味人的菜让我没食欲比如印度泰国非洲。。之类	Potentially
你好，既然对所以同胞都是有责任的，那你也为娶国外老婆的中国男人悲伤一下	None
欧盟在边境重兵看守。终于知道难民的危害	Potentially
以后这么跟别人说:讲个笑话，二本女生值100w	Potentially
不过我没想到相亲遇到的那么多都是劣质资源。你也没必要花那么多钱买那帮澜裤裆	Potentially
请问牠们算人吗	None
他也就是一自媒体而已，没必要追捧	None
👍️可能我也不是厌恶同性恋，而是厌恶那些跟风的同还有喜欢直的同，还有传播同性恋的同	Potentially
你们这三个人都p过我的图，而且是你们先玩的烂招，你眼睛瞎了？	None
我就是南方人 我就揍过英国佬😠	Potentially
你两头开枪是吧？	None
看到都在喷幕刃我就放心了	Potentially
杀了这头母狗	Potentially
你是河南人被人偷了手机不假，但偷你手机的人说不定就是你老乡，要不你们那里怎么会有：老乡见老乡·背后捅一刀这个梗，在别的地方如长三角珠三角这样的梗就绝对不会出现。	Potentially
你们江北不也说安徽，江西。只准你们讲别人，别人说你们就成地域黑	Potentially
我认识的上海人都挺好的。	None
女人本质更阴脸，男人本质更冲动	Potentially
男人有理想，敢于面对现实，说他不知几斤几两。男人没理想，又说他没有志气，这样的男人没有用。请问女人自己除了子宫，还有什么用啊。	Potentially
支持，同性恋是不正常的，应该纠正他们的取向	Potentially
当普信男这个词的提出，必会带出普信女，男和女本来就是对立统一的	None
厉害了，慕🐶	Potentially
东北就类似于美国的新泽西州吧东北是中国长子，新泽西州是美国建国前成立的第一个州。结果天天被黑	Potentially
这种龟男是真的可怕，离婚抢不到孩子就净身出户，要是搁了我怎么也要扛到浦乳期过了吧孩子抢过来要是抢不到孩子房车一个我都不会给他，什么狗屁父母逼的，父母叫你去死你是不是也要去死，这样在女方家庭长大的孩子想都能知道在每日挑唆下会对男方有多大的恨意，这男的以后结局就是一个人死在出租屋里了把，奉劝广大龟男多学习女人，遇事多想想自己，不要整天就是为家庭为孩子当一个atm，整天就是大度，好男不和女斗，一位忍让只会让幕刃更加猖獗婚恋市场更加不平衡，有一说一，她男闺蜜这种龟男毫不值得同情，对这种人现在的下场我只会说一句好死	Potentially
完全赞同，会地域歧视的人要么是loser，要么是带着指标的，只有这两种情况。	Potentially
这算啥，他们几个人就能接手火神山医院	None
你说的应该是那个货极其跪舔虫类那货看过它所谓言论完全就是典型断章取义	Potentially
基生唯一一份奖状	Potentially
别黑河南了 黑我吧 只要大家开心 全世界的井盖都是我一个刚成年的河南小妮偷的👍️👍️👍️👍️👍️	Potentially
其实大街上偶尔看到黑人白人都很正常，但主要黑黄混血，看到了就觉得恶心，不伦不类的😷	Potentially
其实你会发现，素质最差被黑的最厉害的，往往在南北交界处，苏北，安徽，河南等	Potentially
你这是打拳吗？不是，你这是在追求男女平等。	Potentially
这第一口就是宁咬的吧😆	None
所以说正因为国际鬼子虫类及其它们后代虫混从它们再地球诞生到现在根本就没有什么文明而且它们这种自卑性是发自骨髓基因绝对自卑所以在面对人类任何文明时就是盗窃与抢劫说白了国际鬼子虫类及其它们后代虫混这已经构成盗取人类文明罪	Potentially
其实没必要歧视，只要跟黑男换国籍就行了	Potentially
汶川地震一样被黑也是一样的话甚至更甚，地域黑这种东西一代一代的	Potentially
诶，话不能这么说，哥直的狠😆	None
老阿三了😅	Potentially
炫耀找黑媳妇的都基本上没见过什么世面，我想想咱们大部分中国男人的眼光	Potentially
那可不，咱现在都已经不是人，成野猪皮了😓	Potentially
嘿蛆族永远都是J生虫	Potentially
走个过场罢了	None
就凭人家懂得共情	None
我评论长沙女拳之都就破防了，你说你咋那么怂，怕我看见你是大肥🐷吗？都是现实里没人看得上	Potentially
你也是反同的？	None
河南笑而不语	None
社会戾气太重，带节奏厉害	None
确实如此 宁要小姐从良，不要媚外ez	Potentially
对，团结起来，赶走黑人。👍️	Potentially
我不知道我说的“天生的”和你的“天生的”的概念是不是一样。但有一个问题你绝对逃避不了，那就是社会对同性恋的态度是否宽容，并不会改变同性恋占人口的比例。比如我国、日本、俄罗斯这样的偏保守的东方国家，和相对保守的西方国家比如美国，和开放的北欧国家，这几类国家的同性恋比例大致相同，都在百分之五左右。也就是说人们对同性恋的态度只会影响表面上的同性恋数量，但不会影响实际上的同性恋数量。	None
不能，想让男人装上子宫，做梦	Potentially
山东好像韩国人比较多	None
节奏营销号和无脑女粉的大型双标翻车打脸现场	Potentially
黑人是外来物种，应该回到非洲去，因为本来就生长在非洲，从哪里来回哪里去！！！	Potentially
区别就是他们有艾滋，我们没有	Potentially
你凭什么假定他的性别。你怎么知道他不是心理上的女性生理上的男性？找这么说的话他应该是同性恋才对。	None
国女来了😆	Potentially
也就汉族人不能多生，其他少数民族一样有多生几个的特权。近几年说一千万以上的少数民族跟汉族一样了，结果二胎三胎又放开了。说白了，计划生育就是不让汉族生孩子。	Potentially
那是福建的，偷渡诈骗大省了，国外那些杀猪盘都是福建人搞得	Potentially
这肥猪幕刃，怎么从屠宰场跑出来了	Potentially
这帖子妙啊！找黑黑的，jn都不接的客你接了！???	Potentially
评论区总算没有玩烂梗让我很欣慰	None
他，这人是个男的，假装自己是女的	None
韦小宝百家脸	None
你们同性恋是说不过异性恋说不过这个现实世界。同性相斥，异性相吸才是正常是永恒不变的真理。	Potentially
这方面上我觉得直男更胜一筹	None
几个可爱的小孩子。	None
一群母狗什么事做不出来	Potentially
度度是这样的，马上就缩了回去怎么不继续表演了	None
hhhh百分之99的男童都挺不正常 集齐了所有缺点 我就是那百分之一 我也是男童 没遇到我 有空可以和我聊聊 可以多多少少颠覆你认知	Potentially
小畜生脏手拿开，别碰人类	None
我去，女子劳教所该！看来劳教所管得太松了，居然还能上网！	None
引入黑人，只会引发黑命贵运动，引起激烈的种族冲突。犹太人凯乐奇计划就是要中国引入其他种族，制造新的种族，灭绝中华民族、中华文化。	Potentially
建议去看看去年9个用全国一卷省份（包括河南）的分数线。会颠覆你的认知	None
不是爱不爱的问题是干净与否的问题	None
默这种东西还是在自己的虫穴待着好，别来中国传播艾滋梅毒。希望中国也多点肖万这样的英雄，少一点努力大姐这种默的舔🐶xing奴。要舔你腻哥跌的黑棒就gun去非洲，最好被一群默轮女干感染ai资分尸吃掉	Potentially
朒说明钕人只剩下肉了	Potentially
都什么年代了，还有人认为落后的地方很容易发大财。这种地方发财的一般都是拿命拼的干的非法勾当。	Potentially
富人那么舔的么	Potentially
少部分的同性恋不变态，大部分的比较变态🤣	Potentially
高中沐勾可不少，我学校就有好多	Potentially
防止恶性传染病人人有责	None
四年级的时候我就问过我妈为啥男女平等还会有女士优先这句话出现[表情]四年级的幼年拳皇差点被班主任扼杀在摇篮[表情]不过我挺住了现在依旧站在打拳第一线！	Potentially
可能不过多久，就又会有收小丨唇手术或漂白水漂白肤色之类的产品上市了。女人生意真的好做。	Potentially
这个、、我作为一位女生也觉得赞同==	None
你不是说上一个帖子是你的最终解释吗？解释完了你能不能别发了？或者换张图发点新的？	None
你觉醒了，恭喜你	None
那个福南啊🤣，其实正确发音不是福兰嘛	None
快进到学韩国男人摆烂	Potentially
上海北京被黑和别的地方有本质不同，这两个地方被黑主要在于这两个地方对其他地方自然不自然的优越感甚至歧视，别人黑它只是一种反弹	Potentially
僧伽罗人只是比较黑，面孔和纯黑人差异还是很大的。斯里兰卡我旅游过，差异度和东南亚人感觉类似，但婚嫁确实有点超出一般的想象。	None
去求吧，就像几兄弟总得有个垫背的。大家都黑你，自己做点坏事也扣你头上，反正你都这么黑了，继续背锅吧。时间久了大家都让你背锅，你再也反抗不了了，久而久之外界认为你就是坏蛋远离你。就是这样	Potentially
因为高空抛物会影响到其他人的利益，偷东西不怎么会。	None
白人怕是已经输了，人口比例都不行了	None
穆加贝这个恶魔有什么理由说我们，看看他干的那些事	Potentially
黑人自己放弃了自己，怨不得别人。	Potentially
果然河北最没有存在感	Potentially
囧如果不是吃相太难看，谁特么在意这群惹人厌的玩意儿囧	None
我在这里骂txl没码，各位没有意见吧！	Potentially
总是会发现一下蛛丝马迹的吧，侦查手段已经在学了，比如如何查男友手机，如何判断男友是否是处。	None
中国又不是男人的中国，所以谁有那个资格，要人家出去呢？你谁呀？	None
让我想到了清道夫。就是传说中吃屎的那个	Potentially
这个我还真不知道，但是有那种基因的人挺矛盾的，他既能繁衍又不想繁衍，最有趣的是，这种人的基因竟然还能世代流传直到现在，说明还有很多这样的人没被掰弯，细思极恐。	Potentially
是不是汉族又怎么了，56个民族一家亲	None
基佬真不是一般的恶心。	Potentially
妇女节已经不叫妇女节了	None
我只是支持你的观点而已，你能不能好好理解我的意思，难道你就没感觉出来我是倾向于你这边的吗？	None
扔辽宁菜的时候可不是这么可怜巴巴的。新鲜菜冷运进上海就坏了，看来是大上海的水土养菜，到地方就坏。	Potentially
这就是蝈籹的丑态	Potentially
在中国，进入初中后，学业会立即加重，所学内容也会比小学难上很多，黑小子极有可能初中会就辍学，成为街溜子预备队。加上到了十多岁孩子性意识萌发，就会开始骚扰异性。。。然后发生什么，大家想想也能猜到。	Potentially
不要偷换概念，答主说的讨厌吃香菜对应的是穆斯林讨厌吃猪肉，当然他们讨厌别人吃猪肉也没有问题，问题是因为他们不吃因此要禁止别人也不吃，这才是问题所在。喜欢和讨厌都是个人主观上的情绪感觉，这个是没有任何问题的，如果因为这种个人情绪表现为其他方式（比如辱骂，比如阻挠）因而妨碍或者伤害到别人了，那么就是错的	None
江西人含泪默默走出	None
b站都变味哈样了，女✊一路打到这，看番软件没好番，天天打✊，还有就这种打拳学历能高？太瞧不起博士了吧	Potentially
气抖冷，我们男人什么时候才能站起来，应该加强对男人的生命安全保护才对	None
这是EVAHERMAN2009年照的照片。不过她的确看起来很年轻，我觉得玻尿酸微整形是很管用的🤔👍🏻	None
你可以去哔哩哔哩搜一下非洲媳妇有关的视频，真的有，底下评论还有不少男人觉得很好，不要彩礼又能干😅😅😅	Potentially
不奇怪，只有这种人设才配得上国铝，国铝都觉得自己配得上这种人，不上当才怪了	Potentially
母狗是这样的	Potentially
因为后门脏恐艾	Potentially
我的意思是为什么大家不骂黑人，不骂那些为了钱去找黑人的女的，而是要骂所以女的？难不成天底下下所有人都喜欢黑人？在座的各位的妈妈也喜欢黑人？哈哈哈，搞笑	Potentially
广东那个应该不算黑？或者是我没经历过那个时代吗😅	None
重点不是威胁吗？😅能把自己违规说成被威胁的没见过	None
重点是那些喜欢黑的自己为什么不美黑，其实仔细分析她们喜欢上的玩意就会发现长的像一种动物，大黑狗。也就是他们那些人不是真正人类间相互爱慕而是他们把对方当成了宠物的一种爱欲。	Potentially
你们的教授三观还是蛮正的，不像某些推崇非洲文化的叫兽	Potentially
国男睡过外国女人不也得意洋洋，国内也有例子。一天到晚日本女人贤惠，印度女人给嫁妆，美国女人随夫姓，穆斯林女人贞洁，俄罗斯乌克兰女人漂亮，非洲女人身材好，论起崇洋媚外男人不比女人差。	Potentially
很正常，不光是男女问题，现在互联网大环境就是只能选一边站，要么不出声看戏	None
手机上有豆瓣soul陌陌的必女权，要彩礼还不随嫁妆的必女权，公务员十个有九个女权，没正经工作还喜欢打扮得花里胡哨的十个有二十个女权	Potentially
如果真的是男的，则废物测试没通过	Potentially
黑蛆也吃蛆	Potentially
这个 口音太重了确实很容易区分 所以福建被黑我觉得挺正常的😅	Potentially
我不讨厌哦，我之前根本没这个概念。后来因为喜欢张国荣慢慢了解到这个圈子，但一点都没惊讶，就觉得是很自然的事情，我自己都觉得奇怪～	None
女人因为生理因素比男人劣等，什么时候她们才能接受这一点看看残酷的现实吧	Potentially
其实我本来不是很反感同性恋，把它当做很普通的事对待，毕竟人人都有追求自由和向往爱情的权利嘛，但到后来我发现我必须随着时代必须说我支持同性恋，否则就会被骂。天天身边把同性恋当做潮流就有点反感了	Potentially
哪里小偷比武汉少 (具体地名)	None
微博女厕所不是很正常吗	Potentially
你们这些从心理到生理都变态点玩意儿有资格说患者，真是恶心呀，你们自己搞搞就算了，还要骚扰身边的人甚至未成年，你们这些变态不灭何来太平	Potentially
个人是觉得这样的。不过你的评论很诚恳，虽不接受，谢谢交流。	None
且不说台资“声名远扬”，你把我台湾岛仅次于半导体的第二大无烟工业放在哪里？	None
蚌埠住了 塘沽是穷山恶水😆	Potentially
对 那种感觉是个人……大部分纯黑卷毛的 感觉跟没开化似的😅	Potentially
哈，你意思发达国家的黑也是缺少教育？还有他们教育的代价凭什么要我们去付？我们欠他的？	Potentially
同性恋只会害了下一代	Potentially
黑人重大发明《爸爸去哪儿》	Potentially
琪贵人发誓的时候你想掐死她吗？	None
你们双方互相泼脏水的精彩程度堪称世纪大戏	None
小姐姐如果不胖的话还是挺瘦的	Potentially
这个人的眼神中充满了调侃	None
飞周只会万简单的乐器，稍微复杂一点的玩不来。人家要花很久时间才能学会，飞周人没有勤奋的心，水平很低	Potentially
阳光彩虹小黑马摘完棉花吃西瓜	Potentially
看来你身边也有同性恋啊，我同桌就是一对同性恋😅	None
水文是水文，我又不是没把国内女权的德行放出来。你也不用来扣帽子。😆	Potentially
只有以自己血统和文化为傲的人才会有歧视。那些喊着不歧视的人其实没有自我认同	Potentially
好美的一出婊戏，闹事闹到985大学真是笑掉大牙不知道这位🐷精是哪个技校出身啊	Potentially
不过山东大学的领导非常的不在乎，被网友爆出后，一不道歉，二不回复。就当这事不存在似的。	None
歧视了又咋滴？甚至希望他们能被德国落榜美术生同等手段对待	Potentially
知乎早就失守了，仲裁官几乎被女拳占领了	Potentially
浙江人在全世界被歧视 集体驱逐不是新闻，只是国内不报道	Potentially
可怕的是、明明两个上海人在公司用上海话聊天、会被其他人举报说这两个人在偷偷骂他。	Potentially
不反对她们找黑人，但是结婚以后一定要和老公孩子待在非洲不要回来。	Potentially
地域黑最惨的真轮不到天津🤔	Potentially
这事只能黑客干	None
现在不都是这样么 原来只有我一个？我老婆是根本没要彩礼 换成宁德时代股票 那时60	None
2020年真题乙在高速公路上从正在行驶的车上跳出,属于异常行为。因此乙因跳车摔成重伤与甲的行为不具有因果关系。	None
异性恋一样有骗婚，一样有仇女，直男的大男子主义盛行更导致女性地位下降??	Potentially
我只知道你是一个无知且无畏的复读机	None
支持支持支持，女拳成了全女社区，更支持	Potentially
因为东北人没他们老家人那么狭隘，当年东北人三线建设全国，现在也是。在东北人的眼里，不管在哪都是在建设中国，只有他们那边人才喜欢搞地域、搞歧视、搞分裂。	Potentially
我裂开了，🤣🤣🤣，都2022年了还有地域歧视还在这无脑黑，生为河南人感到难过，生为中国人感到悲哀	Potentially
本来评论第一是我，现在没了，真是醉了	None
以前有个爱狗人士的ID，支持黑人	None
这样的假设，现实中并不存在或极端罕见	None
我也不是黑你，安徽这个地方存在感不高啊	Potentially
其实我觉得东北还好啦，你碰上的大概是个例，因为对大多数东北人来说中国除了东北人都算是南方人......尤其是东北人对家乡文化一般都不太自信	None
对于小管家来说，是没有匿名的	None
诶，你怎么说就不对了，我就是河南人从小到大在河南，我也没被偷东西啊，还有，河南有上亿人口，出几个人渣也是很有可能啊	None
黑性旺盛，完全不讲道义，坏人一个	Potentially
你让你爸妈先收敛一点，也没你了	None
因为古代封建地主和官~员的嘴脸，比外国人还要丑陋…	Potentially
致敬，警察叔叔，但要小心艾滋	Potentially
这个才是真相啊。我这里有个和印度人结婚的女的，上海的，以前的圈子里慢慢就没有她了，后来华人圈子里也没有她了。	Potentially
东北佬真不错，我爷爷抗日的时候 你们东北在干嘛，直接投降是吧	Potentially
是hei人的默	Potentially
具体是哪的我不知道，反正我徐州人对安徽挺有好感的	None
小仙女上辈子这么过来的	Potentially
终于喝了一回男权的鸡汤了	None
女的啊，那没事了	Potentially
这种你能忍就忍呗，放我身上开始都不会有	None
没办法山东媒体太差了	None
怕啥，有我们东北人在前面顶着呢	None
呵呵我没食欲的时候就真想吃这个米饭喔，印度菜更加是我的最爱，你是南方人吗吃东西很清淡？	None
抽它一耳光！	None
是的，现在上海的一些媒体人也是喜欢黑安徽。一天不被黑反而不习惯了	Potentially
为什么我要支持？你又你喜欢的权利 我也有反感的自由	None
我在浙江。我觉得气候而言。并不宜居。	None
打拳的都是底层的蛆罢了，被上面的人当猪宰，还主动替主子说话，但凡有点脑子的根本不会去打拳	Potentially
未来世界主流就是潳嘿！只要种群铁律恒定，痛苦总量不变，人形畜狌的本能还在释放，人类没有四觉，那就一定会桖洗嘿枸。	Potentially
小红书上面的女的，基本一个比一个丑。全是p图到极致那种。我半眼就知道假。	Potentially
挺你，默只要不来中国，就是好默	Potentially
刷个抖音都有傻B女⭕️	Potentially
记得前些年有个黑杂在抖音拍南京大屠杀纪念日	Potentially
我没说跟黑人女性结婚的中国男性也应该去非洲吗？还是你觉得跟黑人女性结婚的中国男性已经在非洲了不行。得让他们回中国一趟再回去？🤔	Potentially
别再骂啦。他们就两个人等等说我们以多欺少	None
看来你在家长的管教下压抑太久了。至少错过了10年的性开发机会。在外国人的调教下，你解锁了各种技能。可喜可贺。只是国男现在仍然比较保守，他们跟你不是一路人。包括你的父亲，你的兄弟。所以你只好把这一段美好的回忆压在心底。我建议。你去日本表演表演。能够获得从经济到精神的双丰收。	Potentially
黑人都是灾祸的根源、明明就是进化失败的猩猩、这些脑残女都是秀逗了	Potentially
热情好客不代表可以反客为主。	None
是同又怎么样？？天天歧视同性恋你还很有脸吗？？以多欺少算什么本事？？😆要不把我们杀了吧？？你有这本事吗？	Potentially
就想问官司打赢了么	None
没啥说的，她们热爱自由我支持	None
大家都误会了，这不是卖衣服的，这卖的是小黑奴，一万多一个，	Potentially
我在非洲十年。有个别人不负责任，但极少。审美观决定的，愿意冒着艾滋等风险搞黑妞，还是少，一般是劳务队伍，国企有红线，而且传出去是不光彩的。黑人正好相反，搞上中国EZ GIRL恨不得人尽皆知	Potentially
这可是转贴	None
这不就是中国人口吧那群人吗？老大聪明了	None
很喜欢东北人，因为热情，东北人扶起跌倒老人的概率，或许是全大陆最高的。和我青梅竹马的妹子是东北人，恩师也是东北人。以前快手爆火的时候，几乎全网批判东北人，我就发现很不对劲，因为这些都和我在现实中所经历的不一样。随着从各地老人的叙述中，了解到到许多书本没有的历史，也逐渐搞懂了很多事。对此产生了许多无奈的思绪，毕竟很多都是不可能公开说的。也是尝试过帮东北人说话，无论是现实中还是网络上，都没有任何作用。导人向善的速度，始终赶不上魔化的速度…………	Potentially
人和动物乱整我们是不能接受的	None
如果说要反对黑人留在中国，必须真实点赞率必须超过4.7亿人，也就是总人口的1/3以上！！！	Potentially
哪天第三次世界大战，或地球毁灭了，一定是舔狗害的。	Potentially
我就很想问同性恋一句，为什么你们大多数需要腐女来支持同性恋平等而不是你们自己来呢（我承认确实有勇敢的人在站出来发声，但比起腐女来说就太少了）	Potentially
为什么麦片哥盯上我了	None
河南人不仅黑湖北，还黑陕西	Potentially
北非和欧洲地中海有联系，人种也混了西亚和南欧的人，中非南非都很荒蛮	Potentially
排外也是排你这种人吧？	Potentially
我在外地被黑龙江所谓“老乡”背了多少黑锅？关起门来自己人说说。但是外面人分不清辽宁黑龙江！南方收保护费，打手，是不是黑龙江人最多？还有青岛为什么房子都不爱给东北人？你们黑龙江人干的好事	Potentially
这头发真的不会长虱子吗？	Potentially
放进罗非鱼行不行，那个鱼起码好吃，也是很凶残的鱼。应该能消灭清道夫吧。	None
🐶那本来就是骗婚的人品有问题的人啊，你抵制他们难道会消失吗	None
上海歧视北京23333	Potentially
我不歧视黑人，但是我歧视媚黑的人。	Potentially
黄种人不care，而且，既然性取向为天生的，为什么要那么在意别人怎么看？这个社会已经很包容了，网文网剧不少了，难道只有把这个东西变成主流文化才能算尊重吗	None
韩国把全职太太叫妈虫	Potentially
本人有位兄弟 河南人常驻新疆…但人真好	None
这种就是为牢房准备的犯人，从小就能看出他很有暴力倾向智商低喜欢攻击攻击人	Potentially
廯籹本来就是和蟑螂一样的生物，不奇怪	Potentially
贴吧就这样，随缘吞帖，所以贴吧越来越凉了	None
捐个市长过去吧	None
观点不反对，但是论据有问题。你发的这个文章和世界女权没有任何关系，作者都是个华裔	None
木有进化动物这样生存	Potentially
蛛女是这样的	Potentially
她们不是单纯，是真的蠢	Potentially
切，优胜劣汰很正常啊。比不过人家就说人家心胸狭隘，大叔你羞也不羞。	None
那你可真是个**啊，不想好好上班，整天别人压迫你了，还给这放洋屁，你但凡有一点b成色，你会抱怨社会，抱怨性别，*****，有多大的本事吃多大的饭，你这种抱怨一切的人，给爷爬，自己**给这叫唤，让别人同情你?还是想让别人加入你一起对社会有所抱怨，你都该死，自古物竞天择，优胜劣汰，是你去适应社会而不是社会适应你。	None
女权=女拳=汉奸反动派=邪教=敌人✌️✌️❤️❤️	Potentially
头像就选错了右边头像那个同班男的纯👅🐶，犬夜叉当时心里有人戈薇还对他死心塌地	None
阿泼的脸顿时因为怒色而扭曲。	Potentially
顺从她就好了	None
怎么我看到的基本上没有说天津好的，但凡有一个人说也会被喷成是排外，自大，懒惰，喷天津是没有后劲，谁也比不上的垃圾城市	Potentially
网络上的东北人是不是有被迫害妄想症啊？天天就是南方所有媒体都针对东北，不然就是各种软件限流东北，收收味行不行。	Potentially
综合上述评论、上海这轮第一，大家没意见吧？	None
真无语，不相信就不相信吧，找你幻想中的外国美妞去🤭	Potentially
上海大概是吴越50%，江淮25%，南方其他20%，北方5%	None
给她两个艾就一资吧	Potentially
😆😆😆大部分谈外国男朋友的都是找的那种在国外考不上好大学才来中国的渣渣，这种别说男人接受不了，我是女的我都接受不了，这智商以后生孩子直接拉低国民素质。你找个品学兼优的是ok的，b站阿福就是中国女婿，留在中国没回德国，一个标准肥宅，经过努力一年瘦了一百多斤😜这种阳光向上的外国人到哪个国家都会受欢迎，不论找哪里的对象，放第一位都是人品。我们要打击劣质外国人，难免要无差别打击正常人，切癌细胞难免带点正常细胞，我留言是希望你别和其他知友吵起来，现在是统一思想的时候。	Potentially
我至今忘不掉在网上被人追着问的那几个问题。他问我东北有电吗？东北有超市吗？囧我大概是靠着意念连接的网络吧?	Potentially
反正理科班没有🤣	None
行吧，可能我比较敏感😅	None
这种还真不少	None
是的，反感和歧视不一样，我反感毁容的人，看着特别恶心，但是我不歧视毁容的人，我觉得他们和正常人都是平等的人	Potentially
果然是人才，红毛鬼子婊子都不接	Potentially
反正基佬不敢实名见人见光，应该送去唐山处理掉	Potentially
自己感染hiv还到处想着传染别人，美女她不香吗	Potentially
明明自己没道德以强凌弱还处处欺辱同性恋。脸皮那么厚呢？？😆	Potentially
没死刑？管不了他们	None
我是同 我觉得这些g就是有病觉得	Potentially
墨翟是黑人？你确定说这话的人没疯？	None
这怎么就河南了，你是不是也是来挑事情的	None
楼主魔怔人，刚从医院放出来大家别见怪	None
想想北师大的拳师是什么货色，你就知道下一代已经没有免遭女权规训的希望了。	Potentially
坚决抵制中非混血	Potentially
感觉这种女人生出的小孩都脏掉了	Potentially
我不好评价	None
哈萨克人更是骗子和小偷啊，，。	Potentially
算了算了，你跟这种人是说不明白理的，他们只是想让河南人闭嘴，默默种粮食给他们吃，不能反驳，回怼了就是“你们河南人怎么这么敏感”“你们被黑不是没有原因的”，体谅一下他们吧，他们需要这种卑鄙的歧视来满足他们可悲的优越感。	Potentially
没关系没关系，现在结婚的还是太多了	None
女人那么好，牛顿为啥不娶一个？	Potentially
首先本贴不反同也不反对撑同，也无意把此人所作所为扩大到群体	None
更准确的说，毛爷爷所说的，第三世界的国家才是我们的兄弟	None
别说得好像中国男人很负责一样。忽悠自己是最大的傻	Potentially
你这明显不是北京人	None
其实同性恋中大多数德行好不好真的是很难说的一个问题，有些确实嘴碎、娘等，但有些也确实只是天生的、想正常生活的，我们所能做的也就是不要乱贴标签，尊重彼此不存恶意好好生活吧	Potentially
本人在今日倡导：华东理工大学毕业的人不要交往，不要说话，不要做生意。倡导用人单位不要聘请有华东理工大学背景的人。倡导各位就华东理工大学尽量绕路走。	Potentially
解决艾滋病的根本方法真的是绞杀txl吗？符合道德吗？如果txl有着和异性恋一样的社会环境，那txl就算传播是不是也应该是圈子自己人传播呢？直男直女们在害怕什么？那请问山村拐卖妇女儿童的法律惩罚就是上升到死刑能彻底解决问题吗？民智需要开化才能解决，同样的道理，txl本就不是疾病，普及性知识，提倡安全性爱，营造社会宽容的氛围，让txl不要需要隐藏自己的身份才是解决问题的关键。	None
魔都+帝都从人人清北复交，到著名的排外说，再到男人没男子气概，女人跪舔老外，再到小市民精打细算小家子气斤斤计较，我真的不想列举了	Potentially
可见上海人比广东人素质高多少😆	Potentially
你见过有几个国家的女人嫁了人不去男方那里的？嫁出去的你见有人搭理么？还带着生的串儿在中国混谁不讨厌啊	Potentially
版本答案籹拳铁拳	Potentially
你以后把那些辱骂同性恋的东西代入到自己视角里，你就知道大家为啥要喷了。在这点上，大家都是人，谁喜欢被无缘无故地骂。	Potentially
还有一个是小时候看到我爸的同事把手搭在我爸肩上，就是兄弟间勾肩搭背那种，当时我以为我爸的同事在欺负我爸，我冲上去用脚踹我爸同事。这件趣事我爸亲戚那边长大了还会在谈，不知道为什么虽然小时候很熊，我妈那边的亲戚也都不喜欢我，可我爸那边的亲戚却出奇地喜欢我，都说我性格特有趣	None
是的，娶还是嫁，孩子都是混的，都别留最好。	Potentially
就我一个人发现他们高中竟然能带手机？而且还有表白墙？！	None
大家举报吧，有这一类人真是种花家的不幸。	None
楼主是机器人吧。这天天4000+	None
这文字才是带脑子的	None
所以说出轨搞出私生子，抛弃私生子的，叫“道德高尚呗”你们可是吹国男道德品质世界第一呢	Potentially
江西：入籍韩国	Potentially
只因怕打针，爸爸狠摔亲生孩子，男子气概？父爱？	None
这叫识时务者为俊杰，因为全国到处是黑人，当然我必须拍黑人的马屁！	Potentially
小仙女捅你是看得起你，你看她不嫁给你，外面多少人排着队求捅呢	Potentially
这就有点病态了，	None
微博就是女fen坑，也不用。但是影响力还是有的。	Potentially
我有过法国前任啊，但是黑人白人的体味确实不是一般人受得了的，所以分了。我们中国男性跟你们不一样，我们受不了半夜被狐臭熏醒的感觉。所以中国男性外娶，九成都是东亚、东南亚的黄色人种。反倒是国女，狐臭对你们来说不是啥问题嘛，毕竟是洋大人对吧。	Potentially
最近调查数据体制内女性是处女膜修补术最大客户群体，占比达到33.6%	None
浙江也不遑多让了，尤其是杭州这种安徽人多的地方	None
你就是一坨黑	None
春日祭幕刃嗎玩就拉黑，也不知道她幕就是个揉遍器祭♀	Potentially
苏南浙北还能算闺蜜上海可不能说是闺蜜了，那是爹	Potentially
谁说只有男的会骗婚的？？	Potentially
"""1,本地白人，他们大多数是loser，其中不缺乏富裕家庭，欧美法律父母赡养允许只到18岁，到了18岁允许赶出家门。平时父母工作忙，没有时间管教，加上欧美不允许打骂教育，学校快乐教育的放松，刚踏入社会的他们更容易学坏，更可怕的是欧美对于毐品管控不严，抽麻叶都还是小事，而吸食咳卡茵，海螺音，冰犊，就像是吃饭一样平常。2,黑人，绝大多数醉犯大多数来自贫民窟，十个有九个不知道父亲是谁，教育可想而知，长大以后几乎是监狱的常客。3,中东移民，国土上的石油和在现代战争的他们几乎是牺牲品，从以色列和阿拉伯人的中东战争开始，到现在的利比亚战争，叙利亚战争，无数中东难民涌进欧洲，而经济萧条的欧洲等于是雪上加霜。居民安全可以说是如同虚设。4,吉普赛人，在欧洲流浪千年历史，不喜欢打工。喜欢坑蒙拐骗。在欧洲习惯了别人的施舍。"""	Potentially
啥哦，非洲有蛮多地方物产丰富，很多果子，植物（菜），野生动物，鱼都能吃，不工作饿不死。	None
接下来的语句要求全文背诵，我会抽查的。跟着我念：人工子宫技术已经研发出来了。骨髓干细胞（多功能干细胞）转化实验早就成功了。我国的农村小伙都娶上俄罗斯妹子了。婚介所得男人家的门槛都被踩烂了。所谓的“普信男”其实长的都很帅，因为丑的被她们叫“迪奥s”我不挑食，什么都吃，就是不吃亏。你说吃亏是福，那我就一直让你吃亏，我看看你有什么福。	Potentially
你这帖子一发，我就想到鸡你太美。我们说他长得是个屎你们又不同意。	None
艾滋这事儿真的是国内最失败的一次舆论败仗，在早期大家从老港片以及一些西方影片中了解到艾滋，并且知道了艾滋的可怕。后来一通骚操作，现在的年轻人除了深刻的不能歧视艾滋病患者的思维以外，反而许多人却表达出一种对艾滋没有一丝恐惧的情绪，甚至在B站还能看到不断的复制黏贴什么艾滋长期服药传染低寿命长对艾滋的可怕程度不断弱化的言论，我想说你们关注过艾滋病患者的心理负担和对生命社交的绝望吗？不可怕的吗？然后就是取消入境检测。从来不说非洲人这病得病率。这几乎就是性教育的一次倒退，在政治正确和圣母的挟持下的倒退。	Potentially
有时候说自己不喜欢同性恋就要被骂，又没碍着他们，非要所有人都举双手双脚支持是不是？是不是连自己的思想自由都没有了？	Potentially
想知道这个有没有科学依据啊？混血真会智力什么的不如不混血的啊？	None
幼稚！弱势群体拿什么去歧视主流群体？	Potentially
河南的标签:骗钱，穷，偷井盖	Potentially
当个txl还光荣起来了，一边喊别歧视，一边四处发情。。你们不到别人的圈子发癫，人家会理你？	Potentially
我都想知道ta们这些自称是女性的人到底是不是真的。当初捉女拳结果捉到的是男的，还有美国那里fbi都到maga和natifa里当卧底。	None
法国都成高卢乌鸡了	Potentially
法国就是前车之鉴	Potentially
韩国邦子还是牛13的。。。君不见在美丽国的韩国人都敢开战，xx之围。🤔	Potentially
没错就是妓院！不然黑鬼过来干嘛？学习？开什么玩笑！	Potentially
持续关注中 抖音上好多女黄男黑结合了 而且都生了孩 都留在国内了 拿的身份证 汉语 哈哈哈	None
看不得人家女孩子幸福咯，女孩子就看耽美管他什么事了呢？	None
上去打死这些默	Potentially
东北人巩汉林捏着嗓子黑上海人，后来为了来上海捞钱还给上海人道歉，说当年演的小男人不是上海人。	Potentially
杨圣母出来恶心全体男性的时候怎么看不到它站出来	Potentially
为什么每次出现个厉害点的女的，就会有人说她能秒杀百分之多少多少的男性？那些人就那么喜欢针对男性吗？	Potentially
舔狗龟男大多十分固执，不愿醒悟，他们其实没有能力当我们的队友。	Potentially
所以说这年头男的想结婚不是脑子有病就是脑子进水了，有钱干点啥不好，没钱干点啥不行	Potentially
浙江不是东越人种嘛？跟主体的汉民族人种也不一样啊。	None
是真的排外，他们只是有礼貌，很多人内心深处还是排外，看不起外地来的人，最开始我刚来上海上学的时候也是觉得上海并不排外，但是和上海人做朋友之后恋爱之后才明白，即是那些上海的成功人士和富贵人家，内心深处还是排外，只是用素养包裹住歧视的内心，真的熟了之后他们就会开始直接说出歧视的话，说完之后加上一句不包括你???	Potentially
那男性和雄性动物的区别呢？使用暴力要有节制。	None
你错了，男权还是女权，都是偏激的，没有任何一方宣扬的是平等	None
这是一个光荣的事情，请大胆的向你的家人，同学，朋友告知，并且通过微信、微博、抖音宣传，让他们都知道你有个黑色的玩伴！	Potentially
台湾这两年人均gdp暴增。。。。	None
可你在别的回答里是男的啊，敢问您现在到底是男是女啊？	None
又发黑人丑照，滚滚滚	Potentially
这波自杀真亏，为啥没把那个评论区的那几个女权们带走。	Potentially
说个最简单的，回家打开电视，调到cctv3，每天都有宣传黑人的节目	None
相比黑人，你说的这个，我觉得可以忽略不计	None
毕竟喊着普信男的大人教出来的哈哈	Potentially
那个傻卵是反串的理客中阴阳人，大家注意一下。	None
还有俩男的争一个，当街打架扇嘴巴，当街舔，真恶心	Potentially
最多的还是东北，什么口音都甩锅给东北，就像唐山打人，明明没有东北人偏说是东北人。而且这种现象不是一次两次了。	Potentially
北上广虽然被黑严重，但没有被地域歧视，而是被羡慕嫉妒恨。	None
已经拿普信酒砸陌生女大学生了	Potentially
黑龙江都没有地域歧视，毕竟过了松花江，都是南方人－＝≡ヘ(*?ω?)ノ	None
只是发图片要钱，给你们看看这些媚黑女，推特一大堆，国内也有，啥玩意儿	Potentially
我我我，青海的	None
额，这个我的确是不知道 而且可能身边基本没有新疆人	None
她们才是普信女	Potentially
可别给我带上，我不讨厌东北人	None
为什么要怕被喷，自己怎么想的都怎么说，择偶都有选择权，不能接受就是不能接受，如果我相亲遇到这种，我肯定就会直说：你什么都很好，就是和黑人谈过我不能接受，就这样，拜拜。	Potentially
祸害学生，是他们的死罪	None
不把散布极端言论的罪魁祸首统统抓起来进几个月局子是不会知道反省的	None
二人世界不好么，没有其他的东西消磨二人的热情，俩个人一直潇潇洒洒的，现在都好难过，我要是个男的好了，可以找个男的一起生活，也不用怕怀孕，也不用怕不会辅导孩子，每天俩人甜蜜蜜的，你哄哄我，我哄哄你，心态也年轻。事实证明大家不结婚不生孩子，确实过的也比较舒服，放开不利于社会发展这一条感觉没啥不好的	None
这些媚外女极其自私自利到令人发指的地步！看不起国男，喜欢找外国人只要离开中国，没人拦着！但自己浪够了想收心了或被甩了想找国男当接盘侠就不要指望国人同情你、收留你。这是你们自己咎由自取！	Potentially
洋人从中国公司赚的越多内心里越反华。	Potentially
是上海，上海暴雨这种条都能上微博热搜，下面高赞评论淹死上海人❤️	Potentially
可是上海被黑的最惨🤔	Potentially
不好意思，我们身高矮学历不高，出生也不好的中国女性配不上您了	None
没有人祖籍东北，东北人祖籍都是山东河北那边的	None
人造子宫技术己进入适应阶段，距离社会推广将成现实，一个卵子，繁殖后代，女性的价值将被取代。女性的基本价值将得到贬值。一个没有生育权的女性。不如一个你实体娃娃。	Potentially
我对象沈阳的，我觉得还是看得上的	None
你这个人不是反对地域歧视而是反对自己被歧视，如果你的广西经济但凡好一点你歧视起别人来比谁都严重。	Potentially
你们异性恋为什么来同性恋吧发反对同性恋的东西	Potentially
不用理他们，他们就是一群闲人，长舌妇一般喜欢指手画脚别人的人生。	None
江苏或者是江浙沪，也就苏北历史上能打，义乌的戚家军几千年也就那么一次	None
"但是，最重要的一点在于，我国男性不能因为女性的堕落而毁掉五千年的文化。我认为在这一点上，我与大多数男性的想法是相同的。我们态度可以用丘吉尔式的态度来回应她们:You ask ""what is our policy? I will say ""to wage the war ，with all our might and all the strebgth the God can give us,to fight against the enemy"	Potentially
看这个基佬的头像就知道这个怪物不敢说不需要孩子想要孩子了，如果他老年没有孩子会怎样了，可能他会想繁殖恋，他会后悔自己不做正常人。	Potentially
每一个黑人的居留都是一粒黑色的种子，撒如我华夏大地便如鱼得水，看似微不足道却不可小觑，来势不息连绵不绝10年20年50年后呢？有一天法国那样的人种构成悲剧就会成为锐不可当之势横扫中国这片我们繁衍生息了7000年的古老大地，真如此的悲剧到来后人必会骂今时代的无所作为者姑息纵容者！防范黑人的人种侵入必须像防范洪水猛兽一般的重视甚至要有过之而无不及！蝼蚁之穴溃堤千里不要因其初步的微小而漫不经心无关痛痒！！防微杜渐未雨绸缪绝不姑息！中国这片我们民族繁衍生息的土地绝不能成为黑人特别是非洲黑人向往的人生乐园！！！作者为大！我认同您的观点！大家必须团结起来共同驱逐人形黑猩猩出中国！	Potentially
上海人给丈母娘洗内裤🥺🥺老北京通天纹人上人🤭🤭🤭	Potentially
🤣🤣有理。主要某些人跪的比老百姓还快还彻底。治不了洋人还治不了你？	Potentially
看看喷吧被删的贴子捏	None
你不说了嘛，男人是“娶”，女人是“搞”	Potentially
这是阿娜吗？长得像卖瓜的水果摊老板似的。🔪	Potentially
你这样说让那些标榜找个外国对象倍有面的人还怎么装b😆	Potentially
我还真的信，河南那一圈，因为河南黄河被绝口，河南人四面都有逃难，所以，陕西河北山东山西都有黑，现在陕西是主力了，因为两省利益问题，河北和河南口音不仔细注意着，可能分不清，就像我以前一直以为王宝强是我们河南的😅，山西以前也是有钱，现在老实了，山东和河南关系一直说还行吧，现在经济北方老大和老二，安徽关系算是最好，特别是皖北，湖北因为两个省会原因，也是互骂的厉害	Potentially
你这不是真黑，，，是假黑	None
不符合东方审美观	None
都说底层男人娶不到处女，为什么现在底层男人都要求另一半是处？	Potentially
在日本，30岁的年轻人不买房不买车，不结婚生子，只是不停地存钱；60岁的老人养着像猫一样的狗，种着兰花，在电视机前孤独地等待人生最后的终结，	None
最高赞也是一种刻板印象，以偏概全，模仿一下，其实我也可以这么说：男的普遍不爱夸人没有女的那么虚伪	Potentially
赶走黑gou，复兴中华！	Potentially
能轻松共情的人非常适合被当枪使	None
原来大国气度是接盘😄	Potentially
你可以自己恶心 但是不能指着他（她）的鼻子说恶心 我就是我所谓的三观	None
哥们你说出了我的心里话，太对了！	None
还什么房子将来孩子结婚用，你孩子结婚起码还得将近20年，也不动脑子想想现在房子的质量20年后女人还能看得上吗纯纯就是一个懦弱又自我感动的大**	Potentially
广西人确实脸圆鼻子塌，但是看起来很可爱，我对象就是广西人，广西人都比较温柔	None
谁知道呢？或许是玻璃做的	None
我本来不厌恶男同，直到看到他们骗婚，妈的，自己结婚，伴郎全自己炮友，结婚前一晚酒店还来一炮的那种，还想让人尊重，笑死	Potentially
哥，你这是典型滑坡谬误😂	None
上海人比温州人还排外😂😂👍👍	Potentially
歪瓜裂枣嫁白男其实真可能，毕竟白男对黄女审美观就是猎奇。不信你看美国选的亚裔美女什么德行就知道了	Potentially
u1s1，那个图片里对女人的解读基本没什么毛病，如果你觉得不对，那么请在五千年人类史中举出反例	None
好吃的炸鸡	None
到時我們像法國一樣被黑化就你就知錯了，我們就是擔心這個。你還別說，我們思想還真有些血統論	Potentially
在老乡群，我给群主面子，忍住没骂他	None
排斥同性的表白跟排斥自己不喜欢的异性的表白是一样的啊，自己的选择而已	None
当然是东北啦，整个知乎地域黑大v最多的地方，没有之一	Potentially
我觉得南京环境方面是不行，我在南京念书，家在常州这边，灰挺多的	Potentially
这种龟男必须抵制	Potentially
中国基数大，自己素质低的国民本来就很多，再引进一个种族炸弹那不是疯了吗	Potentially
你看起来也挺了解的，白天接完富婆，晚上还要给中年男老板解闷，真担心你身体吃不消。	None
黑土地盗掘确实严重，该罚！祸害我们东北的黑土地	None
山西拉了拉陕西:兄弟，你社(说)要不给他打一顿，拉到黑煤窑里？	Potentially
最好转发朋友圈，QQ空间，微博这种	None
联合国就是一个分赃机构，有什么好值得吹捧的	Potentially
你说的是黑龙江，人家有省名。	None
这瞎娘们要做历史罪人吗？滚去非洲。这黑还得了便宜卖乖	Potentially
又不喜欢小黑来国内。	Potentially
河南山东GDP都前五了还欠发达，山东第三比浙江还高😅	None
因为社会主力还是60-80年代的人 有家室 怕连累家人 可惜90 00这代人结婚率低 过几年排黑就会蔓延到生活中了	None
如果黑人多了，一定闹分裂了	Potentially
那么喜欢中国，就死在那里吧，不枉它一厢情愿	None
得了吧，他们如果分的清两广江浙沪也不至于对着江浙沪开喷南方系了。	Potentially
就是你好好跟他说，他觉得你怕他。你收拾他一顿，他从此对你毕恭毕敬	Potentially
这个是喷吧小吧主阿娜	None
这只是普遍存在的世俗眼光的问题。 好比刑满释放人员一辈子遭人诟病一样，你说合理吗？不合理！但是在强大的世俗观念里，这就是合情，这就是正确，这就是无可厚非。 为什么黑人被唾弃鄙夷？很简单，因为世俗的观念就是:人种有高低贵贱之分，而正常人只能人往高处走。🙏🙏🙏	Potentially
1000克的衣服收你邮政平邮50元邮费。还打着新疆就这样的借口恶心你～我在乌鲁木齐，所有快递均可正常收，碰到这种商家怎么办？果断收货打差评，不打出三百字图文并茂的差评都对不起自己。	Potentially
他是个什么垃圾？	None
如果一个语言要靠侮辱其他语言展现优越感而存在，那消亡也没什么可惜的	None
黑人在田径运动方面确实比其他人种有优势，这个必须承认	None
短视频不少公的黑人跟中国女孩交往的人啊爆出来的新闻也很多啊	Potentially
许州的事真多	None
作为一个青海人，我想说青海人也会歧视所有外地人，除了甘肃人，我想是因为甘肃方言和青海方言还有生活习惯很像吧，我们一般叫甘肃人“老甘”	Potentially
这人可能这辈子没出过抚顺	None
你为哪个组织工作？跟默睡过的，你还要她们留在中国，是希望中国男人给默接盘吗？中国男人哪里得罪你了，要遭这份罪。人家女人爱黑人就跟着回非洲呗，你急什么？	Potentially
还是民族自信不够	None
哎 我东北人嫁到唐山 感觉一段时间这个地域歧视都少不了 哎还有问我是不是天天被家暴我真是无语。。。	Potentially
看到你这帖子，确定你就是***媚嘿奴隶了	Potentially
小姐还能跟你坦白？艾呀，梅事啦	Potentially
现在批站拳师确实越来越多了，md昨天看个冷门动漫弹幕里都有拳尸恶心人	Potentially
每个省各个教学质量都不一样，就这你都直接无视，做没有意义的对比。	None
不懂，回族有什么问题？	None
哥们，恭喜你勾搭个妹娃儿😆	None
男人不过是最开始的“原型机”，上帝做完男人再做女人，本来想做改进版本，增加怀孕的能力。可惜做女性的时候材料严重不够了，所以女性的体型和脑子才比男人缩水一大截，除了怀孕，没有其他长处。	Potentially
贴吧的审核要是没有慕刃，我把手机吃下去	Potentially
如果你不安于现状，寻求生活的突破，如果你有很强的执行力，请联系我。	None
这人被汽车撞死了好像	None
开始什么样。最开始的早就被他自己删光了吧好一朵白莲	None
你不带上大家一起歧视，想吃独食？	Potentially
你可真会抬杠。纳粹是剥夺他人生命，侵犯他人权益，同性恋侵犯你啥了？拉黑不送。	Potentially
那么小号来来好好过来看你们国际鬼子虫类及其它们后代虫混的翻身做所谓人类又是怎样面貌	Potentially
这种垃圾不值得生气，他会有报应的，现在就身染艾资，想害更多人	Potentially
你这波种族歧视我服	None
你们同性恋又幻想对方是0，真是饥不择食，也不好好评分1-10	Potentially
你难道不是？凭什么你的身边就是身边，我的身边就是假的？你怎么证明那些跟小黑交往的女生是我们985的？	Potentially
反同没理也要搅三分，顺什么有反同基因？同性恋是自己的事，你反同是干涉别人的事。你有啥基因只要不涉及别人都可以，但是你有杀人基因暴力基因虐待基因所有对别人造成伤害的就不行	Potentially
这孩子够贵的	None
他下再多都行, 只要不把孩子带回来.	Potentially
中国GDP超过日本了，也没见中国日子比日本混的好	None
首先这东西真的能普及吗？我喜欢女人，喜欢的不是一个胎盘，我要这胎盘有何用？	None
想多了兄弟，爱谁接谁接	None
我可以再说一百遍 知乎上黑江浙沪的少？	Potentially
很多基佬也弯变直跟异性结婚了，每个基佬都跟异性结婚变回正常就没有必要宣传同性恋。没有同性恋出现，世界更美好。基佬反正都一定需要像蚊子一样找异性吸血结婚繁殖所以应该专心治好病传宗接代孝顺父母	Potentially
普信女真下头	Potentially
地球是一个赤道略鼓两极稍扁的不规则的球体，不是圆🙄初中地理听过课吗？	None
借楼提醒一下男性粉刷墙们。发问题时首先自己立场搞清楚哦，本身就站在男权立场的，是没有资格讨论这些的。包括男性家暴法，毕竟中立男性说了，他们也是男权的受害者，先搞清楚自己的立场再来搞笑。	Potentially
我怕性病艾滋病🤔	Potentially
如果生孩子是女方的意愿，没有家庭和老公的逼迫，那女人生孩子的痛苦，男人不能感同身受就应当给予照顾，心理生理经济照顾，并且考虑到产妇的修养问题，花销问题，这个确实不能对调至于吃你的拿你的这个说法，嗯，如果女方做全职的话，也是在为家庭付出，家务孩子，还有家里老人，这种全身心投入的照顾很男方工作的压力也算平等的吧，所以说男主外女主内也是有道理的，女方应该体谅男方工作的压力，男方也应该理解女方的压力，没有绝对的平等，都是相对的吧	None
法国已经遍地都是hei鬼了🤔	Potentially
一句“带孩子的女的不叫女孩，就叫女的”给不知道多少小仙女整破防了呢，嘿嘿嘿	Potentially
这种nt发言一度让我怀疑是友军反串	None
跟本不可能的事你在这杞人忧天啥，别看几个新闻就以为国女都媚黑了，	None
祖籍东北？我认识的怎么都是祖上从河南往东北跑的，兄弟你这样的真是少见。	None
差评都是女拳反串男的在刷，经典第一句就是“我是男的”	Potentially
概率上讲，这个人大概率是江苏人，不是苏北就是苏南。东北内部就算有也没达到江苏的水平。	None
你怎么骂基佬我也不生气我也不是男的我还有男朋友	Potentially
这个问题得和社会资源充不充足来配套看，社会资源充足就导致个体女人产生了不需要个体男人的错觉，社会资源不充足（贫困战乱时期）大家都顾着自己呢，谁在乎女人咋样。温饱思淫欲，动保环保女权这类东西的发展，必须建立在一个稳定/处于上升期的社会	Potentially
黑孩一点也不可爱，是小色狼	Potentially
但是我活了十八年真的没看到穿紧身裤豆豆鞋的啊😅	None
看到一些男的动不动就：我是男的，不觉得杨笠在侮辱。这些人真是麻木	Potentially
山东的名声彻底被这些高校领导给搞臭了，而且至今仍不知悔改，可悲	None
到时候一离婚，债都判给你，钱都判给她	Potentially
你遇到一两个就代表全部了?	None
事实上，上海的苏北人是很多的，包括上海话是融合了苏北话的	None
广西最少	None
黑你们就觉得被骂了，黑河南就觉得只是玩梗🙄 大家都这么嗨的黑河南，那我们井盖手艺都是炎黄传下来的，大家一个祖先，黑呗！	Potentially
本人新疆对象河南	None
美国男人关我们中国人什么事？你应该问的难道不是这个中国女人的选择吗？你觉得这个美国男人会帮着中国女人杀美国人，还是帮着美国人杀中国士兵？	None
这个帖子写的是男朋友顺着它不跟它讲道理哄了它，然后它还不允许人家跟别人诉诉苦了，属实培养奴性	Potentially
只要她们跟着去非洲一律送祝福	Potentially
你是不是对高级妓院有什么误解；	None
分娩体验就是女性对男性的道德绑架	Potentially
数百年后，一黑色皮肤小孩指着照片对爸爸说“我听说黄色皮肤才是正宗的中国人”，男子听了后笑了笑道:“黑皮肤，卷头发，黑眼睛”才是正宗华夏人，小孩听后，笑了笑道“哦，原来那些黄皮肤才是异种啊，我长大一定要把他们驱赶出我们的国家”，男子会心一笑“好孩子”。😭	Potentially
就最近来说有两个事，lol某主播的前女友发文称其飞黄腾达后抛弃她。我个人的想法是看男方的回应，本来恋爱期间有些东西是说不清的。结果小作文来了，一群人不等男方回应直接定论。如果男方承认了那确实应该锤死，万一有什么反转呢？这次是顺风团，万一下次是逆风呢？	Potentially
幕刃已经很可怜了，色情上服务男性，穿暴露会被指点，婚前破了是没贞操，力气小，参政更少，孩子还大部分跟男方姓	Potentially
你们安徽皖南的都看不上皖北的，真是服气。	Potentially
假设他说的话有前提，只是他没有说的话，那请问任何的论证在哪里？	None
正解，她现在跑抖音秀了，真的是够够的，秀恩爱正常，但是说实话她是抖音上秀的最露骨的，就差脱光了直播了，各种隐私都在抖音上说，我要是她妈，打死她了！找个黑人男友就算了，秀恩爱也就算了，穿的漏的跟什么一样也就算了，妈的穿情趣内衣挑逗男朋友还发网上，真的是没脸没皮	Potentially
这有什么好讨论的，不怕得艾滋病的接盘就是了	Potentially
像郑若璘和潘庆林和吴宗宪等等等一大批非常多民族豪杰都在反国际鬼子虫类及其它们后代虫混这些入寝社会的入寝者可是这些人在跪虫族眼里基本上都是键盘侠	Potentially
转而录用你一个下水道老鼠吗，开玩笑呢吧	None
按皮肤归纳人种本来就不对，黑人里面的人种特别多，天差地别。而且黑人不聪明很多是教育的原因。但是黑人数目那么大，比例少但是数量绝对不少。没必要说哪种人比哪种人聪明，更开化什么的。我就在网上看到过一些黑人精英，而且能到中国做生意的黑人，很多时候也是非洲比较聪明厉害有行动力的。就文化我们和他们处不来，但是做生意，尊重一些还是能做到的。	None
为什么心灵鸡汤总是向着女性说话？	Potentially
我不认为，小仙女，老仙女能做得来，每天不但要搬重，还要晒太阳，对于小仙女来说，工资还不够买防晒霜	Potentially
早把他骨灰杨了，还供奉😓	None
评论区更恶心，女权真是吃人不吐骨头！	Potentially
不是北上广被黑的最严重嘛	Potentially
偷井盖这真不是黑，现在招工还有不要河南人的，河南人太奸，还喜欢报团，坏心思多。东北才是被黑的最惨的，我希望有个东北哥们而不是河南	Potentially
答主是河南哪里人	None
现在那个“Freya冯丽”改名“Freya945”，然后他的不像道歉的道歉问下边有个“华夏历史人文”的一个黄V在支持呢，我去看了一下，感觉挺恶心的。	Potentially
中国并非是伪装成国家的文明，当然，这样理解也可以。你应该说中国是炎黄子孙的国度，会出现这个说法用四个字概括，那就是传承不息，本质是同化能力强，可惜，再怎么强，也同化不了肤色，况且还有客观素质问题，所以无论从哪方面看，黑皮的融合都只会破坏民族凝聚力，破坏社会稳定	Potentially
这波应该是愚蠢的山姆	None
笑死什么兄弟阋墙自相残杀	None
国人为什么崇洋媚外？因为我们从小就被这样教育的，外国人比中国人好，比中国人强。而小学女生比男生学习更好，学的更深入。哪里见了外国人不去死贴啊？结果黑人也是外国人，国人都想去做朋友，结果男的被骗钱，女的被艾滋加骗钱。	Potentially
哈哈哈，小仙女的事要你们管	Potentially
男的不傻！你以为他们是舔，他们其实是故意这样的！有那啥上啊！就只是为了这个罢了！大多数是丑男，缺女人缘！帅的有本事的不需要这样！这是他们唯一获得女性亲睐的机会，能懂了吧！	Potentially
女权怼了女拳？这事儿女拳知道吗？?	None
男女都多高？现实里见到的矮丑女生对高个子男人都是无条件倒贴的，无论高个子丑男还是高个子黑人	Potentially
有一个香喷喷的批	Potentially
拳是起软怕硬	Potentially
同样的内容，男权女权吧各发一次	None
罪不至此，女人趴在我们身上我们也要可以无规则杀死	Potentially
什么母狗，洗衣机她家的？	Potentially
说到底还是资本的坏，为了利益恶意宣传不择手段	Potentially
还是吃太饱了	None
txl414哦	Potentially
我默认找过黑人的女的有艾滋病	Potentially
被开除腐籍了？	Potentially
亲人们，我发现两个好地方，是反女✊的上佳首选。一个是今日头条，一个是百度app，那里影响力更大	Potentially
都弯了180度所以直了	Potentially
错别字好多啊，这就是世界第一优秀的国女吗？家暴、吸毒、酗酒的黑人，在国女嘴里是wild man。不家暴、不吸毒、不酗酒的中国男人在国女嘴里是xdz、茶壶嘴、金针菇。反正中国男性这么垃圾，你就让我们老老实实“媚外”呗。我们都外娶了，你们就不用接触到我们这些xdz、茶壶嘴、金针菇了。大把大把的wild man等着你们。这不就是国女最想的吗？😆	Potentially
白人歧视我，我在中国吃香喝辣无所谓；默来了是真的要提高中国犯罪率，到时候城市一片混乱，南非就是下场。	Potentially
挡说：好姻缘	None
广东就别说了，黑河南、黑北方的总部就是广州	Potentially
《存在……观点》🤭短短的回答竟然得到了如此肯定🤭🤭	None
女拳直接把女权开除出女权😆	None
我山东的，	None
中国错过人口保持稳定时机。	None
很多人都说性别矛盾的本质是阶级矛盾。资本是俗世的王，女权是宗教的王。中世纪国王和教皇究竟谁更厉害？教皇可以加冕国王，国王不能加冕教皇。这就是女权和资本的关系。不是资本利用女权，而是资本家也必须对女权跪伏，否则下场参考俞敏洪。即使你是马云你也是郭楠也得赎罪。比尔盖茨大手一挥十个亿，马云大手一挥一万亿。保护这个性别的权益还是本NATION的最高意志。真不知道郭楠到底哪里错了？为什么另外一个性别那么高贵？虽然我知道换个别的资本家也一样给女权进贡，但是这个人确实不咋地。	Potentially
别跟我在这整些有的没得 言论自由 思想自由 你可以是同性恋 我可以觉得同性恋恶心 咱谁也别膈应谁 不用再回我 不想跟你们这类人沟通	Potentially
玩游戏玩魔怔了的废物傻狗而已。不懂得地球ol才是最真实，拟真度最高的游戏，连虚拟和现实都分不清，自己的人生都经营不好，跟*****的关系真的不大。	Potentially
底层女就算不愿嫁底层男，也嫁不了中层男	Potentially
《西瓜汁分尼一半》怎么唱来着	Potentially
诸位如何评价？关注微信公众号-反接盘联盟	None
地域黑怎么也避免不了，我一个从小从苏南去东北生活的人说是哪儿的都不合适🥺，黑去呗。	Potentially
好久没上贴吧了，广黑吧没了吗？	None
祝她幸福，不幸福也别放弃哦	None
txl去死	Potentially
这绝对是好消息，经过本吧正常人苦口婆心的治疗，性取向异常患者终于意识到性取向疾病的可怕。虽然它还没有彻底被治愈，但很多时候就差最后一步是需要我们正常人助力那么一下下：比如在医院指出他的病因，一针见血揭穿它的性取向。大病还是得下猛药才行。所以说本吧做的是社会两性公益，救治一个病人就是挽救一个无辜的家庭，让一个失足病人回归正常人的社会	Potentially
抖音b站微博一丘之路	None
凡阳光企及的地方，都不该存在黑蛆的气息	Potentially
我虽然是男生，但是这种血缘和宗亲的疏离感也有过。我的姑姑在几个兄弟姐妹里是最惨的，几个兄弟都出门在外打工赚钱，她没读几年书，要在老家操持土地，照顾父母和老公，只能说命好，儿子有出息。只能说时代在进步，希望这种情况越来越少。我是很讨厌血缘和宗族关系的，很多都是能力不够关系来凑，亲戚越多越烦，三代以内还能走一走，远的过年都不去了！	Potentially
基佬应该感谢自己没被吊死在树上	Potentially
很多工厂不招贵州人是真怕了贵州人了。	Potentially
拿出这种言论，我感觉你的世界观只能覆盖自己眼前的一亩三分地。同样，这样的观念并没有错，只是狭隘而已。其次，喜欢只是一种感受不是一种权利，能和喜欢的人生活在阳光下才是权利；最后，你提到的反感也不是一种自由，而是有限的眼界里，表现出的无知与傲慢。	Potentially
确实男人结婚离婚都是扒一层皮女人结婚离婚都有钱赚能过得不好吗？拿着男人的钱可不舒服吗	Potentially
震惊原来整个重庆都是反同吧吧主小号	None
我认识一个包邮区农村的小伙（此处农村非歧视，只是如实描述），他们和附近几个村都挺富裕的，他们就歧视一切外地人（此处本地就是指他们村和附近几个村，其他全是外地），他跟我说如果谁家娶个媳妇（嫁个老公）是外地的，亲朋好友们都会鄙视得不行，我问如果是大城市呢比如北上广？他斩钉截铁滴说只要是外地都不行！	Potentially
那是谁批准聘用她的呢？	None
我超，男同！	Potentially
搞地域歧视的都是憨憨	None
关键在国外主流国家，中国男人性吸引力都是最低的，尤其在欧美国家，不光中国人，亚裔地位都最低😅😅	Potentially
应该宣传防治中国被黑化，这样比较好，或者说黑人被歧视，生的孩子一辈子也会被歧视。这样宣传效果更好	Potentially
你把生活区ban了就不会碰见女👊了	Potentially
飞机大炮你想要也得给你呗，一炮给你轰印度打拳去	Potentially
喜欢黑，就一直黑下去，千万别回头，国人不接盘。	Potentially
我本来对同性恋没什么反感的想法，直到看到她们在地铁上不正常的表现，我立马想吐，恶心到我的人我也会反击	Potentially
惯的，用电炮和飞脚跟女人沟通，你会发现她们变得很讲理	Potentially
远离默默默默，抵制串串🤣	Potentially
跟我观点一致。现在的外男入侵跟遗留子嗣不亚于日本侵华跟游牧侵边，都是男性杀掉，留下女的。	None
吧务删帖。内容完全正常。	None
非处：老娘补膜+紧缩术+整容，安能辨我是雄雌😆	Potentially
怀疑是故意逼你离婚好分家产当然我是怀疑楼主别介意	None
笑死了，eg的名头是老外安上去，关中国人什么事	Potentially
黑龙江人天天东北东北，都忘了自己叫黑龙江了吧。拉着辽吉和你一起背锅？	Potentially
对啊，根本没那么夸张，或许有个别地方彩礼高，但他们就非说江西彩礼高，什么四五十万都来了，有几个人结婚这么高的我一个没见过，而且我们这边彩礼都是全退给小家的，就莫名躺枪了	None
捧杀操作起来比较容易，顺着她说就完事了	Potentially
说实话，马丁路德金很伟大，他的梦想实现了，全世界的兄弟们都以人品来看待别人，以及铌铬，想想什么人会77%没有父亲吧	Potentially
支持黑叔叔大骂织女	Potentially
中国14亿人出几个nt也正常	None
黑杂碎贱婢表字***！！！！	Potentially
欢迎关注撑同吧	None
都一样，不把黑人画在择偶范围内😅	Potentially
普通大学也这样搞？	None
求求了你可别发了，还是去上学吧😅	None
我是内蒙东北部，大学毕业后图个离家近在沈阳工作一段时间，交了一个沈阳男朋友，这人只能用坏和小人来形容，只会说漂亮话，但不会真的帮，非常自私，只顾自己，平时说漂亮话花我的钱说帮我办事，但从没真的帮过，因为我是外地人我衣服啥的暂时在他那存放，而我也不知道他地址，后来闹矛盾，主要是因为他平时不停的花我的钱，占我便宜，从来不说实话，我没让他继续占我便宜，然后他就要和我分手，我让他把我的东西还我，他说不知道放哪了，然后我就骂了他几句，然后他找个女的给我打电话，说是我前男友的老婆，说我是个小三，要坐牢的，我说把我的东西还我，那个女的就说我跟我前男友的过去跟她一点关系都没有，衣服是陈涛送她的那就是她的，说什么都不还我，再然后就把我拉黑换了联系方式，我存放他那的所有东西都要不回来了	Potentially
我觉得喜欢黑东北人是因为东北人口音太明显了，反正南方口音，除了粤语我听不出对方是哪个省的，东北人一开口就能比较明显的听出来。	None
你真好 还夸我善良~	None
张华考上了北京大学，李萍进了中等技术学校，猩猩被引进了国内高端大学，他们都有光明的未来[拥抱]🐶	Potentially
有很多种原因，黑河南、黑北方的都是南满	Potentially
我会打醒她👍️	None
果然猩猩去到哪都一样	Potentially
我都算比较宅的了，这几年我都看到三次黑人和中国妻子在街上走，而且是带小孩的那种。具体哪个地方不说了。	Potentially
和黑人结婚生的杂种都应该灭杀掉	Potentially
这种东西都能照做的不知道是没脊椎还是没脑子，不怕一万就怕万一，万一老婆是个仙女....	Potentially
就像你说的你因为腐癌对txl略感不适，因为了解不全所以才对txl抱有厌恶感不是吗？	Potentially
哪里都有好人坏人，两三千万出几个坏人很正常。然后作者说不喜欢天津以北的，一下讨厌了好几亿。嗯，你把信息简历发我，我给你推CNN去。🤭🤭🤭🤭	Potentially
厉害了我的国	None
的确如此，只要是事实，我都会承认	None
看了你好些回答，你真的是一个很平和很暖的人 ，祝你幸福	None
广东就根本不熟，都不知道黑啥。。。	None
舔狗也本来不是结婚去的，骗炮的，骗钱的，女拳自己都知道不靠谱	Potentially
少点宏大叙事，国男还是想想怎么让自己不接盘更实际	Potentially
男人都去工地煤矿，太危险了，女人坐办公室	Potentially
新闻报导黑人男人单枪匹马在广州地铁徒手当众暴揍南方男人，一车南方男人没一人帮忙，新闻常报导东北人在海南街头当众暴揍海南男人，满街海南男人看着海南同胞被外地人当众痛打没一人帮忙	Potentially
处女膜流血	None
80后剩女好气啊	Potentially
这...长得有点儿中性吧？也许是我get不到她的美。	None
七尺大儒猴？	Potentially
自古……小人难养也	Potentially
好真实呢，第一次的男人得到最大的好处拍拍屁股走了，最后老实人不但要给大量钱，很可能面临离婚分财产扶贫的任务，而且女方lkd，艾疣梅事都可能上门，简直是对勤勤恳恳辛苦工作的老实人最大的恶意，最后可能婚后一地鸡毛还有个泼皮祖宗站在老实人头大拉屎撒尿。	Potentially
不过一般像他们这种婚姻长久不了大部分过几年就离婚了。因为中国女人其实一般都没法忍受黑人社会的滥交，艾滋及其他传染流行，还有她一个人赚钱养活整个家族的“传统”，我见过几对离婚的，然后中国女人把黑小孩带回国内给娘家带着，自己跑另外一个城市从新开始。你有时在国内一些小区突然发现冒出了一个黑人小孩，就是这么来的。	Potentially
你个loser，自己生活失败，就天天黑人怎么怎么样，人家惹你了吗	None
我先说，礼让女人和龟男是不同的。你要出让好处，前提是你能拿到更多的好处才值得。和打工一个道理，你加班，只有拿3倍工资才值得一样。	None
对的！有包含爱国内容！！！	None
我是广东人但生活中真没有遇到提黑龙江如何如何的，被黑的最惨的是河南，很多招工的直接写不要河南人，现在人员紧缺这几年也没有啦，那几年歧视河南人好像是他们抱团经常打架。	Potentially
想起你来了，你对象找找了吗	None
以前在学校里黑人很捣蛋，说你们中国的女生都不行，不禁日，一会就不行了。	Potentially
改，得改。不久将来，中国将重返世界第一得地位	None
世界第二大经济体的年轻女生就这种素质，太悲哀了。	Potentially
高中都这么多拳师了	Potentially
吃狗肉随意，恶心的是狗奴，txl必须清除干净，不然美国大使馆天天宣传什么骄傲月，国内txl直接帮美国搞颜革	Potentially
多健身，看到嗨👻欺负同胞就直接上去重拳出击。	Potentially
那胸不大的女人没有人权？	Potentially
美国驻成都领事馆，被关闭那天，果子狸就注销账号跑路了……什么成分就不用多说了🐶	None
可能店家就是江浙沪一带的吧，自然运输费越近的越少 越远的越多呀	None
兄弟，挺帅的，不急的话别相亲，相亲大概率都是奇葩，心态放好	None
被答主这样的国女喷下线了，	Potentially
它都当农批了，你就顺着它吧	None
jiabao很难说平等，由于体型和道德要求的区别谁占优势还很难说，只能说是不合情合理，像以前jiabaosiren男的会定过失致人siwangzui，女的就直接是故意伤人了	None
还有混血儿聪明没有任何科学依据，出不出科学家诺贝尔奖人物跟环境有关	None
兄弟们我上条冲错了，牛头怪是自己人，其他三个是真默🐶，冲另外三个默孝子	Potentially
西方通过洗脑女人，达到殖民侵略的目的。洗脑的工具：NBA、欧冠、好莱坞、美国神剧、尬舞⋯	Potentially
我遇到的东北人的确有这样的，有事的时候和你称兄道弟，一没事了就不把你当回事。你不理他他还说你不把他当兄弟。真是受够了	Potentially
我超我终于能说话了	None
讲个话一直没人回，好不容易等到一个回话的，点开一看居然是女的	None
过失杀人，20年以上，限制缓刑，最好死刑立即执行	None
你不说我就认为湖南人把你家端了，还把你老婆带走了啊😓	Potentially
这女的纯纯穆🐶，这男的也是若志	Potentially
不是说黑人饿死不种地渴死不挖井吗？咋会加班呢	Potentially
找到你也看不了啊，你能上porn？	None
成都黑帽门确实大开眼界😅那黑人甚至用女方结婚照作黄网头像，各种羞辱。就是不知道那女的后续咋样了	Potentially
我记忆中男性明显偏多	None
说实话我最近对陕西的印象急速滑坡😅我还是陕西某“兄弟省份”的人呢	Potentially
相信科学家	None
谁把这玩意从笼子里面放出来的	None
女权得寸进尺了	Potentially
B站女拳，说着说着自己玻璃心把我拉黑了	Potentially
我是一个直男，和一楼一样，生理上厌恶同性恋，我的看法是，我不希望我的生活里出现同性恋，如果出现我会避而远之，我不支持同性恋，反对的声音留在心里，不说出来，因为说出来会被喷，我不会去尊重同性恋，因为我不会去和他们说话，也就不会有尊不尊重一说了。所以，我的观点总结:别人同性恋是别人的事，我只管保护好我自己的处境。但是，如果同性恋强迫我尊重、重视他们，我会立马反对他们	Potentially
东北被黑是因为这个地域三个省，而且是捆绑东北这个词。不像甘肃宁夏之类的，上来我就西北人。不是说东北不好，而是说三个省的人一起捆绑这个词，被黑的几率肯定是别的地域的三倍以上。😅	Potentially
好啊好啊，因为杀人更可恶，所以抢劫就该被免罪，好耶！?	Potentially
河南井盖新疆切糕这俩算是最初成体系的地域黑了吧，之后就是东北，现在有点往山东来的意思了	Potentially
应该要求女的出示处女证	Potentially
给他们开个苞	None
什么都不用说，钱包强男权强，没钱的缺钱少钱的男性朋友可以咨询我，在下有赚钱平台，日结的。	None
所以宁比得上人家吗	None
现在丁克也很多呀，他们也没有孩子，难道也是自私吗？	None
国家为什么禁止耽美文化没点数吗？	Potentially
黑东北是有人有目的的制造矛盾	Potentially
妈宝♂不行妈宝♀行	Potentially
事实就是艾滋烂大街	Potentially
然后有个叫黄巢的人从唐代穿越来进了了一波收割挽狂澜于既倒，扶大厦之将倾，再次净化华夏血统。	Potentially
黑龙江GDP确实比不过辽宁，我不是东北的，客观看法	None
什么越南新闻	None
现在有汉奸专门带女孩风向，是个团队，目的就是让中国民族矛盾激化	Potentially
别尬黑，猪头肉可是上好的下酒菜。	None
😅25年没人要，你这	None
我们大连总背说属于山东，其实我们是辽宁的东北的	None
我觉得应该是，黑人女性受成长环境影响，更能干，更听丈夫的话。黑人男性受成长环境影响大多会觉得打女人，三妻四妾天经地义，坏习惯一箩筐。所以黑人女性比黑人男性受欢迎。🤔	Potentially
这句话到底出处啊	None
你这样人的人真的很讨厌 张口闭口南大人 或许就是网络上你这样的人很多 才引起了对立 我自己在东北读的书 同学朋友 大都是东北人 其实大家生活里都很友好 但是就是极少部分人在网络上 上跳下窜的 导致很重的戾气	Potentially
"""666,中日韩的成绩比白人高。"""	None
嫁到非洲真的是垃圾至极的电视剧，之前央视八套还有一个一家人好几个孩子嫁日韩嫁欧美娶日韩的，弄得一家跟鸡窝似的	Potentially
看见杨笠这司马脸就觉得恶心	Potentially
爱上同性后悔莫及	Potentially
开房女的可以不用自己身份证，我经历过。这种方法查不到	None
反铜头子忏悔记，震惊出贵	Potentially
？？电影里不是帅哥？你换成孙笑川的样子女生只会报警，谢谢	Potentially
女性找黑人结婚和我半点事都关不上，但问题是很多女的找h人之后还要贬低一把国男，我知道的就有一个之前在b站被欧洲男人搞大了肚子人家直接跑了，这女的就带着私生子到b站各种炫耀，然后又跑到微博去了	Potentially
我记得前几年我在一聊天App聊的一个女的，开始聊的不错，后边她试探问我，她以前老公是黑人，有一孩子，我直接骂了一顿，拉黑了，其实我挺想约见她的，但是她说了以后我整个看见她照片恶心加反胃！	Potentially
这点道理都不懂你211的书怕是白念了？他扶被诬陷有警察主持“正义”，我们扶等着赔钱吧。还有你既然觉得你是对的，就不要隐瞒啊🍉	None
人竞天择，智者生存。	None
仙女的盘谁敢接	Potentially
是啊！那个都有这些脑瘫奇人跪虫族	Potentially
自相恩残相煎何急	None
最好的防守就是进攻，在被利用前利用她们，不要贪恋美色，多了不好	None
大连人路过点了个赞	None
以后拳师让舔狗买车给她们开就行了，货拉拉顺风车什么的一概不接女乘客	Potentially
我就是江苏人😅	None
女生打人的时候，男生不能还手，体育考试要求还比男生少一半	Potentially
原来女性的地位由男同决定?你这个思想属实搞笑，对于男同仇女确实有，但是我觉得大多数不会，还有你不会以为抵制男同就没有男同了吧，男同事基因，不是后天学习，打压男同只会有更多的男同因为社会压力骗婚，这道理都不懂。	Potentially
问题是我们太难组建家庭 两个男人怎么组建	None
吧里不婚不育的女权出来吱一声？	Potentially
姐妹们，有他联系方式吗	None
真晦气你还是回你的非洲吧	Potentially
有兴趣再收复一下反同恋吧吗，那个地方已经被彻底占领了，我真是服了	Potentially
😆哈哈哈哈答主为啥不回你呢	None
拿着一张p的图在这里意淫，通讯录是不是都有臆想症。	Potentially
大哥，这小子是个钓鱼的，你不信看他主页就知道了，你被钓啦。	None
这吧的都魔怔了喊不醒	Potentially
女本位内斗是吧	None
我还是更爱听《龙的传人》	None
江苏一些媒体专门报道负面新闻，比如江苏城市频道和江苏公共频道，先报道省内负面新闻，再报道外地的。我记得江苏新闻台曾经报道南京的理发店问题时就对开理发店安徽人苏北人搞歧视	Potentially
潜在患者现身说法🤣🤣🤣🤣	None
你看，你不就自己送上门来了吗	None
说真的。现在的中国女性找黑人男性，那要的能叫彩礼？怕不是婚后要还回去顺便在倒贴个十几万？中国女性管中国男性要十几万甚至几十万，管黑人要个几万就撑破天了好么。	Potentially
青菜萝卜各有所爱，有人爱吃煤，就不难理解了	Potentially
其实这个要求，真不过分	None
很多男的无感，我老公就是对同志无感，而且他还有一个同事一个战友是同，他们玩的都挺好的。但是他说他在部队，有个男的加他，要给他k，他不同意，然后那个男的说闭上眼睛享受就行了，结果我老公把他拉黑了。今年我不知道啥事问他，他才告诉我的，他说就是很奇怪，为啥会有男的要给他k🤔，神经病么。。。他们直男都不了解为什么同会这样，都觉得很奇怪。其实很多直男对同都是无感的	Potentially
女权吧的人看到会不会说:孩子不是你的就不爱我了？渣男!	Potentially
刚果的首都50%的黑人有艾滋病。去医院的黑人有80%是因为艾滋病或艾滋病相关的病。这是一个刚果首都医院的一个黑人医生说的。	Potentially
西班牙的生育率应该是1.39才对	None
原谅个几把，它丝了我就原谅	None
孙杂能不能速度点出来给本帅哥跪下，一个个都被本帅哥一牛子捅哑巴了吗	None
你想多了，不要这么自卑，大多数女生喜欢白白嫩嫩大小适中的。没人喜欢身经百战的黑杰宝	Potentially
四：被愚弄及不明真相的女拳这类女人其实是最可怜的，没得到利益还被女拳连带受害了。但是她们无辜吗？其实并不无辜，每一个成年人都必须要为自己的行为付出代价。有的责任不是无辜、装可怜就能躲过去的，何况他们每个人都或多或少吃到了女拳带来的带血的红利。目的：无目标，纯粹发泄。	Potentially
假的，只要威逼利诱一下，先找当地黑人威胁一下，再给钱赎人就能救回来，就是两个孩子可能带不回来，看舍不舍的了🐶	Potentially
人家是真的敢办事儿的，裸体游行、终身不婚、单亲养子。国内的女拳拿啥跟她们比？?	Potentially
是啊，男女中正常人还是大多数的，只是他们不爱当搅屎棍出来发声，那些男女拳真的怪恶心的呀。	None
从此以后，或许是因为放不下内心的自卑，他在魔怔的路上越走越远，甚至爆出了许多经典言论	None
我说的其实就是马克思主义。在原始社会人们以氏族为群体，和自己没有血缘关系的就是敌人。后来又发明了种族，再后来又发明了国家与民族使五十六个种族可以团结。所以人类社会必然会渐渐变得紧密，终有一天我们都会成为地球人。不过现在没有那个物质基础，我也不支持在当下放弃民族主义。只是觉得不能把民族主义当做神圣不可侵犯的东西	None
有一说一抖友还是能处的很多爆杀畒的都是抖友	Potentially
可以说这个华裔警察和肖万简直就是人类的英雄	Potentially
舔狗赶紧去死吧	Potentially
拳师不打洋拳	Potentially
取缔手术就行了。非要给女生强制检查的话，这边建议全国信绿哦亲。	Potentially
本来就是宿舍的规定，楠拳自己不遵守，这下北师大已经把2、3楼层设置不可按，2、3楼都没得坐了。	Potentially
腐癌说的不是txl呀😆😆😆	Potentially
先把人拉黑，害怕被关爱，只有把它的基头蒙上独自表白	Potentially
云贵川出去打工的多，	None
可有些人觉得看过就高人一等🤣虽然都是几十年的AB言论，但是…😓	None
找黑人作男朋友的女生真的应该好好调查，踩雷机会太大，珍惜自己，善待亲人。	Potentially
不和你争了。但是有一点你百度一下，艾滋病在潜伏期是可以查出来的，安慰了黑人之后，去医院查一下，不要害人。	Potentially
二：纯粹女拳这类女拳比上一类更纯粹，上一类主要为了利益服务，这里才是最为纯粹的女拳，也是女拳最为中坚的力量。女人因为生理和心理结构，很容易走极端和情绪化，把自己所受到的不幸归责于他人，特别是年龄大的女拳手，大龄剩女和大龄离婚女性就是女拳最独特的温床，因为这类女性基本翻身无望，但是作为女性她们希望有人比她们过得更惨才能衬托她们不是那么惨，从而得到一点点可怜的慰藉。所以她们不遗余力蛊惑年轻女性走上女拳的道路，用女拳给年轻女性洗脑。这类女拳还喜欢打着名义上为女人争取利益的名头打劫男性，主要是为了争取更大的不对称利益、用争取到的不对称利益蛊惑更多的女性加入女拳壮大团队。殊不知所有的利益都不是凭空生成的，有人受益就有人受损，不对称的利益不能长久，长此以往也容易遭到反噬。但是这类女拳是不会在乎那么多，毕竟有这么多的女人垫背，也值了。目的：安慰自己、发泄自己的不满	Potentially
拳师的台词我都预备好了：歧视，歧视，还是歧视😜	Potentially
再举个例子吧，一家公司要招50个大货车司机，有60个女的和60个男人应聘。这家公司将能拿出一百个理由，最终全部招了50个男的	Potentially
难道上次我去重大被我吓得不敢出门的就是这个小基	Potentially
要的就是根本就回不来，不然去非洲有啥意义	Potentially
能不能回复啊，笑死了，没见过这么嘴硬小胆的fw，是不是待会还要自己精神胜利一把说我不屑于和你说话啊	None
其实答主和您说的观点差不多，首先既然是类比，那肯定是有差距的能理解其中表达的意思就好。比如我对待性工作者和人品低下的人都是一个态度，保持距离，那对于我个人来说，这两种人可能就可以看做一类人，就是我都不愿意去亲近的人，这个分类方法带有主观色彩，别人没法要求具体把谁谁分到一类。其二，平等对待的态度答主也表达出来了。	Potentially
这就是剩女被剩下来的原因，都去竞争那2%的	Potentially
国内比不上国外？	None
女儿是哪里来的呢	None
我没咋见过黑甘肃的，西北被黑的省多了，见过好多装河南人装甘肃人的南方人黑陕西	Potentially
女人一思考，上帝会发笑，逻辑是所有女人的硬伤	Potentially
我怀疑你还活在梦里全世界著名的公交车eglkd还以为自己受欢迎有人高价接盘现在是你们想嫁都没愿意娶的	Potentially
但如果把他们的病情公开，他们对生活绝望，直接报复社会，又当如何？	Potentially
你们上海人黑白完人的时候也没见你们心疼白完人啊。搁这装什么小白兔😂	Potentially
请不要看到黄皮肤的人就认为是中国人，早期很多“组织”用其他国家的黄种人和外国人的合照来骗国人	None
绞杀肥猪直男捏	Potentially
你们媚外的才多吧？一堆喜欢新鲜感的媚外女性，我都看到过，承认不丢人，真的。况且，我不极端，并不是所有中国女人都这样，可你也不能反驳这样的人很多。	Potentially
武侠啊？我有发言权。殷素素滥杀无辜杀了都大锦全家71口人，没有得到任何惩罚！张翠山这个滥好人，谢逊在武林滥杀无辜，六大派只是让他交出谢逊，他不辨是非，替恶人隐瞒行踪。最后张翠山和殷素素自杀！要我说，死了活该，死有余辜。	None
怀疑很正常，如果你以前从来没接触过，没了解过的话，你肯定会自我怀疑啊。可是最后你不依旧是喜欢女生么？迷茫是很正常的事罢了。	None
你这条没火 火了估计会有很多txl过来说 你特么污蔑 我们怎么怎么不正常了 还有一个话题 还有的娘炮txl会说 男人担当不在于娘不娘炮 八卦不八卦 化不化妆 在于内心 平时有担当就行了 但是他们平时也没担当啊 做人也挺loser的 挺恶心的	Potentially
和国女半斤八两，我为啥不找一个媚自己的烂裤头？	Potentially
反同方会思考，撑同方不会思考，看看只有撑同方相信p图造谣我有艾，这只会让人觉得基佬都是脑子有毛病	Potentially
不是，就觉得恶心，洋垃圾不要我凭什么要，要是easy girl骗我接盘，让我发现不会放过这个婊子	Potentially
没事儿哥们，你这一看就是祖国哪里需要你，你就去哪里，我相信生活中不会有人看不起你的	None
祖籍河南宁夏人，从小就被叫河南蛋，河南大裤裆之类?	Potentially
三万人民币都够黑人在那盖个豪宅，娶好几个老婆的了	Potentially
恩施的卷子。。确定不是黄冈的卷子吗，另外湖北是一主两副，资源并不是都集中在武汉，宜昌襄阳在中部地级市里排名前三	None
我不是因为网上说的他们没素质，或者是有性病而歧视他们，我只是发自内心的，作为一个直男的，生理上的排斥，真的恶心，之前学专业的机构让看电影，月光男孩，看完回宿舍趴马桶上哇哇的吐	Potentially
有些直男只是单纯恶心 男同do爱吧	Potentially
就算她不拿刀你就能打得过180斤起步的母坦克?	Potentially
？？？有人造子宫我家众筹一个孩子就行了，要这种幕刃给我添堵吗？？	Potentially
在抗战期间，因为抗战而死的女性跟无辜而死的女性相比，不过是九牛一毛。	None
求男司机内心的阴影面积！	None
你他么赶紧交稿了，诺贝尔文学奖评委会都准备打车到你家门口来拿稿子了😆	None
日本人就是拎屌入住，有啥风险大的。国人房子、车、彩礼、婚礼等把全部家当都搭上了。	Potentially
好多都是营销号	None
去非洲永远别回来才好	Potentially
现在外来的多了，刚波宁比例有所上升	Potentially
不过我爸做生意还是有很多四川的朋友	None
其实京津才是东北黑的大本营，东北在广东没啥存在感。	Potentially
喜欢黑女的很少很少，你说得绝对是极极个例。	Potentially
我蛮喜欢山东人的，厚道，踏实	None
上海本地人到底怎么样，那一千多万去上海打拼的外地人应该都不会说谎	None
找了个帅的白人，再找个丑的国人。然后放在一起比较，说中国男人就是比欧美男人丑，有意思吗？	Potentially
赛俩目 我们俩一样，这buff叠两层🤣	None
你说的对，我们不是虚伪的白左，不喜欢黑人就是不喜欢黑人	Potentially
大家反同的原因是什么捏？㈡①通讯录教唆未成年人②社会不稳定因素，情绪不稳定③自认为通讯录高于yxl，自我宣传的同时贬低yxl④X行为对身体可能有不良影响⑤就是厌恶，认为不符合自然规律以上加上上一贴共十点，其实很多txl并没有这么夸张并歇斯底里，大家都是接受过九年义务教育的人，我不相信只是因为txl就会变成那种妖魔化的样子，我本人其实也极度反感反异人群，抵制男女恋爱在我眼里可笑至极，我不认为谁比谁高级或是优越，希望大家不要因为部分在网上激进的txl疯子对这个群体有太多恶意，最后强调那种反男女的都是疯子，二球，傻*，更多的txl群体只是安静、正常、阳光的活着，不是每个人都是疯子问题:如果所有txl不张扬、不蓝交、不反异、安静平和的活着，大家还会厌恶txl吗？	Potentially
舔狗不得**舔狗不得**	Potentially
字太多不想看我只想说一句女人垃圾	Potentially
为啥？就是因为现在中国女人地位高到离谱，男人任劳任怨还被女性瞧不起。破坏人类的根本原则	Potentially
你搁发廊作市场调研是吧，剩下的一个是不是扫黄的警察？说实话是不是集体蹲墙角刚被放出来？	None
白男娶黄女七层是炼铜，剩下两层是猎奇	Potentially
我不歧视河南，我觉得黑河南是有人带节奏	None
把信息发出来啊不发怎么去骂它啊	None
你要相信自己是人，只有动物才会被自己的欲望操纵，对自己有信心	None
还有人说我们甘肃人一辈子洗三次澡，出生结婚死亡?这都是谁发明的??	Potentially
好像你能看出来似的，能看出来的是什么样的人我就不用说了。	Potentially
hello nigger	Potentially
河南表示：这个资本家还不配让爷去🙂	Potentially
其实广西都是外地人在搞传销，结果广西居然自己也认了，现在官方发声明也不管用了，人不信了	Potentially
笑柄就有可能	None
一是怕有病，万一………………二是你主动靠到高富帅我还明白，主动靠近默，还倒贴………	Potentially
我在网上不会共情但是我觉得我对待现实里的女生都挺好的不过也的确没遇到女拳，身边女生都挺友善的，甚至朋友圈里也没人发过女拳言论果然现实还是很美好的，和网络完全是两个世界啊	None
我在苏州待过几年，“江南三村”不是自嘲吗？并没有外地人用这个来歧视当地。上海人对外地人的歧视是客观存在的，这个洗不了，但上海人并不是很歧视北方，他们只是歧视外地。	Potentially
而他俩最为有名两大吧宠	None
鉴定完毕:真大佬	None
如果你看一下民族主义的词条就知道民族主义不是贬义词。极端民族主义才是。民粹主义也和你理解的不一样	None
非常严重，我一个上海人搞不懂。	None
生理恶心也是我自己无法控制的的啊😅	None
同河南籍新疆人，大家问我是哪里人的时候我都不知道该怎么说，刚上大一，男同学问我哪里人，我说新疆，他突然来了句那你怎么来的学校，我觉得不对劲我又说我是河南转学到新疆，他直接说:那个偷井盖的地方是吧	Potentially
😅我和同学合租的时候 旁边那个步行街全是北方人大半夜搞直播 大喊大叫 说实话 很难不讨厌但都是为了赚钱 也没有办法 我们湖南90年代找不到工作去广东搞飞车党的也很多	Potentially
哈哈你看看自己说的是什么破玩意，先学学语文吧😆	None
我是湖北襄阳人，和南阳交界，我记得零几年每到过年前期会过来很多河南那边人过来溜达，小偷很多，还有很多卖东西的，每到过年前期，我家人让我少出去玩，过年10年后基本没有了，之前名声确实差！特别我老一辈不怎么喜欢河南那边，我爷爷那个时候去卖米，去村里卖，那边一个村里人围上来，说尝尝这米怎么样，我爷也让拿一点尝，后面就一帮人，拿瓢往袋子里装，完全拦不住，一车米也没有剩多少，之后我爷再也不去那边卖米了，家里发生事！	Potentially
有一部分确实如此，但我相信更多女性是明智的🐶	None
反感也总要有原因和理由吧？😲你也不会毫无理由的反感月亮喜欢太阳，反感花朵喜欢石头。	None
因为女人大脑感性部位发达，喜欢引起情感共鸣的，撩动情绪的。而短板是大局观较差，比较好下手，怎么舒服怎么活，开心就好。不管会对人类群体会产生哪些负面。只看见面前的东西，比较好忽悠。	Potentially
没办法，这些女的只喜欢钱，她们可对嘻哈不感兴趣	None
反正前妻也再婚了，再生小孩就不会对孩子好了，不如dao了这个老娘们和她父母，一命抵三命值得了，看来是城市人，城市80.90后基本都没兄弟姐妹，然后她家财产都是自己孩子的了，孩子由爷爷奶奶带大，将来也不会对爷爷奶奶无情。	Potentially
男性被害一般上不了微博热搜，女性被害才有更高的流量，媒体热衷于报道。	Potentially
因为上海人瞧不起外地人，所以被黑，不冤	Potentially
中肯，看个人的品质才最主要	None
地域黑和分裂国家的汉奸没有区别	Potentially
直说吧，你有什么不良嗜好，口味这么重	None
所以国内的再不要拿欧美种族歧视说事，国内地域歧视的比人家的种族主义者恐怕只多不少	None
楼主你不懂有些跪虫族就喜欢这些像黑猩猩式唱唱跳跳所谓比如就像众跪虫族就喜欢类似文化可见精神世界到底有溃乏	Potentially
每个eg背后也有3个黑人呢，集合	Potentially
你搁这发鬼图呢？	None
海王的存在已经证明了一切。	None
因为讥讽、耍笑河南是历史传统啊！是一种流传了2000多年的风俗习惯! 看看春秋时代老祖宗留下的成语吧: 郑人买履，买椟还珠，拔苗助长，叶公好龙，杞人忧天，守株待兔，郑卫之声……反正就是一种传统。🤝🤝	Potentially
这幕刃就是个xn装s，说的话不明不白，偷换概念，初中没毕业，彩礼就是在物化女性，	Potentially
没用的，它们一直都是在灰色地带	None
果然虫混奴隶大蛆就是虫混奴隶大蛆连最基本说话都不会说	Potentially
当🐔更赚钱，一次五百，一年365天就是几十万	Potentially
如果没记错，在河北人印象里，最差的是北京人（滑头吹牛逼），其次天津人（骗子多），再次是安徽人（小南蛮子），最后才是河南人（偷井盖），奇怪的是，河北人对山东人的评价最高，其次是东北人。	Potentially
啧，现在感觉形式开始严峻了	None
男的再落魄也不可能看上黑女吧。。	Potentially
艾滋病也一直和异性恋挂着钩呢	Potentially
男性主义团体致力于向男性“传教”，告诫他们杜绝与女人发生严肃认真的恋爱关系，特别是婚姻关系。选择这些道路的男性群体抛弃了传统的婚姻和女性伴侣关系的观念，而选择了以个人为重的生活方式，一种追求自我生活。	None
人之所以为人，就是因为可以克制自己的想法，以道德法律为准则行事	None
珍惜本人本民族的基因优势.	None
拼生孩子还真拼不过，国男喜欢养孩子，默从来不养，怀了就跑路，	Potentially
扬州市的路过	None
塔利班是和美国打了20年游击战的武装力量，这还用得着问	None
多去江浙一带广东一带转转你会找到答案的， 与其问为什么，何不问下在外的老乡这么惹人讨厌😅	Potentially
引进就是恶毒的诅咒	Potentially
但是聪明人的比例太少了	None
被迫展现男人风范	None
靠，学长也打拳	None
别代表我。不管是现实还是网络上，见到你这样的肯定敬而远之。如果你想代表某个地区，先问问人家愿意不？他们全都愿意的话，那我见了你们那地儿人都避而远之。	None
人形畜狌只有本能，除了寄声就是寝犯。	Potentially
小女孩都吓哭了，放着畜牲来干嘛呢？回非洲好好待着去	Potentially
看了好多遍，我居然没看懂？算了，反正二次元和微博都是沙軟	Potentially
听说艾滋病可以潜伏好几年，评论区的可以撤退了🤣🤣🤣不害怕吗	Potentially
都是一些歪瓜裂枣的LKD	None
当时，一个反同者炫耀自己骗了一位同性恋，内容就在图里，其行为之恶劣令人发指。居然强行为反同者开脱，并且随意污蔑这位受害者，试问哪个有良心的人能干得出来？	Potentially
同性恋大多是先天的，只是为了生存不得不一开始学会伪装。还有，同性恋也没法传染。异性恋身上也没有同性恋的基因。	None
好家伙，你今天敢叫“女人”明天就敢叫“妇女”！你真是好big胆！叫《女王》《小仙女》《新时代独立女性》！	Potentially
结果那个泼男就是他们另外反同吧的吧主？哎哟，我都兴奋了！打的就是你们窝里的老杂毛！把话带到，我回重庆的时候约他不要怂	Potentially
反女拳是因为：他们并非善类，绞尽脑汁把广大女性作为工具，来发泄他们对夫权和父权的仇恨。（对女性也没有善意，一旦女性有不同观点不同价值观，也同样会被他们攻击辱骂）	Potentially
楼主作为早期人士。目标都是一样的。	None
河南人不比浙江人强的多？	None
他是男的，主页很明显	None
感觉造物主很奇妙。给予他们超强繁殖的本能的同时，也给予了艾滋病这种克制的病毒。只可惜那些无辜遭殃的人了，自作自受的就算了。	Potentially
把自己小号暴露了	None
感觉你见到的是特例。我是四川的大学黑人不少根据本人实地考察，和黑人待在一起的女生几乎没见过更别说情侣了，什么让黑人选谁的那更是不可能。时代变了，能考上大学的多少都是有脑子的。找黑人图啥？长相和女生审美背道而驰，智商更不能比，文化差异巨大。。。。	Potentially
nb阿楼主可以开经验分享吗	None
给他脸了，这不110	None
有这好了，不去让他们去采摘园真是可惜了	Potentially
同性恋和异性恋都是真爱	None
这个女的是不是很瘦，看上去很朴素，生的是个儿子？	None
你这个南满，大凉山欢迎你	Potentially
法国不是法国人的法国	Potentially
Txl真恶心	Potentially
自己下个blued看看，一堆丑男	Potentially
以前有一部分女权还没那么极端，而且喜欢骂男同，所以合作的吗？	Potentially
我同学，生在安徽长在新疆	None
女人不懂，还会说不就一个游戏嘛…听到这话就想抽她。	Potentially
说白了你就是嫉妒他们的学历比你高长相比你好身材比你好身高比你高罢了毕竟你自己一无是处是一个彻彻底底的垃圾人整辈子输的一败涂地	None
这你不先透了再甩啊	None
不会停下脚步，直到业火将华夏血脉的黑色荡尽	Potentially
艾滋，梅毒，淋病真艾必备	Potentially
我就是生理排斥 但有些人奥 尤其是女生 自己不是同性恋天天TM在那磕别的男的 明明我和我好兄弟是兄弟情 他非得在那脑补那种东西 你说恶心不恶心 你反驳她 他就说你歧视同性恋 我是真不懂了	Potentially
生化危机5也不错的，控制主角在非洲屠杀变异的黑鬼	Potentially
为什么如此骂自己的老爸	None
我见过很多贵州人说东北贫（穷的意思） 我就奇怪了论省经济你个倒数第二的笑话人家倒数第一的？	Potentially
他还想用激将法套我的信息，可惜我已经不上当惹	None
对策：男人不婚	None
你们黑北京的时候可欢了 这点刺激就受不了？	Potentially
“粪城”“贼都”“xa人都死绝了才好”类似这话我在知乎微博看了不下一百遍。挺好的，原来不是说大家都是中国人就是同胞的，原来有人真的恨不得把西安开除国籍的，那以后咱们各自安好。🙂	Potentially
他们收钱办事的	None
日本人祖宗还是中国来的呢，也没见日本对中国感恩戴德。3.5代考证得着的说说也就算了，几千年前的祖宗，就别拿出来说事了。	None
我记得不太清楚了，去年好像有一个。本国留学生被一个混血老黑枪击案，	None
不要自己什么样就把别人想成什么样你以为每个人都混到要靠出卖民族出卖国家而活吗赚卖国钱的你有什么资格说别人	Potentially
广东珠三角以外地区也极其符合😆	None
你的资本就是身后挺你的那帮人穷志不穷的兄弟啊，不然你这屁大点地方能有啥资本？？？	None
特朗普可不会去扫绿特朗普的宗旨是杜绝非法移民	None
不为中国人生孩子，却为外国黑人生后代	Potentially
这是把男人默认摆在强者的位置上，是对女性的歧视，我要求你立刻道歉	Potentially
。。。这二者间有什么逻辑关系吗。直女不能和女性make所以直女和女性关系就不好？笑死了🍉	None
我们浙江不服，天天被骂	Potentially
你搁这叠buff呢？😅	None
支持答主，再瞎的人看评论区各地的表演应该也看得懂谁是弱势谁被黑了	Potentially
舍得吗，把她v信告诉我，我来治治她	Potentially
除了吓得删回复，就是对着自己咬，基佬果然是同类相食的怪物	Potentially
是被阿娜夺舍了吗我寻思着就阿娜这个水平应该也学不会盗号啊	Potentially
😆我不想黑河南，但是河南今年大新闻确实不少😆😆😆😆😆😆😆😆😆	None
这我倒没话说，看起来那些双标的男人好多了	Potentially
xdm,看看韩国人是怎么对男性的	None
这个有点难审	None
pc都不能接受外国人上过的，😄	Potentially
你说的对，不过数量相比仍旧是少数。 不过举报三非 我赞成。	Potentially
该🔪的女⭕成事不足败事有余的fw	Potentially
我对txl无感，且因腐癌对txl略感不适，这是我个人的好恶，你要硬说是偏见也行。但我不会在公共场合大发厥词，或直而辱人，极端地去抵制txl，将txl打上某种标签污名化。这是我对待我的好恶，或者偏见的方式。	Potentially
问题不是男的可以自己生，还要结婚吗？	None
它们只是在仁权的框架里定义为“人”，实际上就是畜狌	None
解放时和90年代统计，吴越（包括上海本地）占大概70-80%，江淮15%左右，其余是其他地方。	None
你说的很对物已类聚，人已群分。相差很多的两个群体没必要产生多少联系，我觉得那些撑同的人尤其是女性，就是站着说话不腰疼。既然她们喜欢那就不可能真正的公正看待。。	Potentially
这跟以前的管家仆人似的	None
跟河南人在一起就是这种后果	Potentially
香港也有异曲同工的叫法：“北姑”	Potentially
顶啊！低等的黑杂种！滚出中国！	Potentially
在中国动手你想坐牢？	None
卧槽，你真的严重地吓到我了😷😷😷😷😷😷	None
嫁娶低物种不划算，生出来的小孩属于低物种，拉低智商而且很黑，不符合审美，是倒退，是没有完全进化，文明会倒退，消失掉！！！	Potentially
好一个能让郭南自由发言的平台是必要的！	Potentially
我们应该统一起来举报他，把他黑点，让他的账号不能使用	None
白黑都歧视黄	Potentially
民族问题可以谈，物种问题没得谈。	Potentially
可能自己思想太传统吧，实在难以忍受那种矫揉造作娘里娘气的男人	Potentially
麻烦查一下历史，不要被不知名文章骗了说什么上海100年前就是小渔村，上海以前就是富庶之地，到现在不知道为多少地区输送人员和物资。	None
这没什么吧，她只要没做什么奇葩事，说什么奇葩话。就不该被攻击。除非你有大病。	None
摩洛哥不知什么人种，好像穆斯林吧，从摩洛哥带了混血宝宝回来，唉，不知道她后面还能找到老公么	Potentially
奸**人的迷香就是古龙水，就是非洲黑人或者美洲黑人使用来奸淫中国女人的那种身上的香水味道，是一种迷香，对女人特别有效。	Potentially
摸个头，哥们乐观点，客观看待自己爱自己	None
不错，看来我大中国同胞对黑人还是有客观认识的。	Potentially
感觉黑人给ysl丢脸	Potentially
这跟海有什么关系？青海也不是海啊	None
这个吧里到处发帖的不就是引战的流量佬吗，你给同什么实际利益了吗，没有的话你和那群你认为的贵物也没区别	None
纪录片什么名字啊	None
四川啊，经常被黑	Potentially
屠杀黑人屠杀犹太人	Potentially
安徽南边彩礼还行吧，我家都没要	None
比不过比不过，你们北方实在是太厉害了，个个都是人上人。不过奇怪的是，北方人上人既然认为南方人是野蛮人，却还有那么多北方人上人跑来野蛮之地给野蛮人打工也太让人疑惑了🤔	Potentially
有几个东北人吹张是英雄的😓😓至于你这么黑吗😓😓	Potentially
你这和在网上看了点男人家暴出轨新闻就宣称不婚不育保平安的女拳有啥区别😅	Potentially
我可没那么大大局观跟你讲民族大义，就希望那些找黑人的女的别在这呆着了，还有如果散伙了请不要找国男了，也不要隐瞒，大家平等嘛，你男朋友有权知道你的过去	Potentially
喜猪妹进来看	None
不，应该说为什么不做子宫摘除手术，这样不是更绝。	Potentially
你不会真以为我是小号了吧，没见度度都不说话了吗	None
依然有歧视。我是河北的，2019年去北京当保安挣学费，人家说：你是河南人？（我家是河北南部邢台的，所以说话接近河南口音）我说不是，但是有什么关系呢。公司人事对我说：早些年只要是河南的，都不要。我年龄也不大，我估计就是早期带头黑河南的，然后慢慢形成固有认知了，其实都是空穴来风。	Potentially
中科院读研这个也不是很困难的事情啊本科班上有保送的，有自己考的，隔壁班也有好几个。	None
可算有人发现问题的实质了，我们这些国楠才是真的惨。还好现在我国整体经济实力慢慢上来了，也逐步更开放了，个人再努努力，我相信还是有机会争取到其他选项的。共勉～	Potentially
你再说一遍？江浙沪被黑？	None
女👊配黑🐶不是绝配吗？别呆在国内就行	Potentially
这里面女⭕️师也不少	Potentially
以为黄白混就好？愿意混的都是比较差的，长相好的极个别	Potentially
仙女魅力时刻	None
我觉得一定是安徽人装上海人的原因🤣	Potentially
我是河南人，我在河南活了二十多年没被偷被抢，在外地上学第二年手机就被偷了……还有次打车回学校，司机知道我是河南的后还说“唉你们河南人是不是特别拐啊”，我说你去过河南么？河南人挺好的啊，你来就知道了。那司机说“我没去过，反正我不用去你们河南人就拐。”？？？我跟他说了不下三次你不信可以来我们河南看一下再下结论，他一直咬定我们河南人不好，我当时真的是又生气又委屈	Potentially
起码还没人给东北编顺口溜😅	None
而同性恋滥交和传播艾滋造成的苦果，也需要社会上的每个人自己承担，滥交导致的艾滋和性病传播会增加社会的医疗负担，减少每个人得到的社会福利，因此向社会传播txl的恶行而导致txl社会认同度低的话其实会变相减少自己得到的社会福利，简称自食恶果。	Potentially
扣那多字来反同有用吗，去做有用的事吧	None
非常的帅，我建议你可以挺身而上	None
难道远方的风学的太乙神数	None
你们一直拿相貌说事肯定是不对的，现在很多人都看不下去了，人最重要的还是心灵，品德	None
这个也就对应了国际鬼子黑猩猩及其它们后代猩混间野生动物猩猩之间它们自己生物物种间的自己物种歧视。	Potentially
蓝鸟上骚女和菩萨被开除女籍了	Potentially
哟呵结果又放鸽子了？不要脸的杂皮重大教务处有空理你这种瘪三？？？可能吗？！	None
兄弟你不知道再那个小強loveyu眼里你这些都是键盘侠比如你举那个现实当中做的列子就比如房东也开始不租房子给虫类了，或者直接以租房子的名义看虫类护照，没有？直接拿起电话拨打。在那个小強loveyu眼里你也是键盘侠	Potentially
不然幕刃是怎么诞生的？	Potentially
难不成我还非得接受同性恋？	Potentially
在这跳的这帮同脑子都不太对劲	Potentially
批判的武器不能替代武器的批判。	None
嫌办的寒颤女方咋不出钱办的好点捏?	None
郭女颜值不高，又不肯去做性价比高的整容，化妆邪术毁皮肤，卸妆如同恐怖片。我是佩服成天郭女推土机为荣的，牙口真好	Potentially
出狱了记得带着你的小二嗨一起滚回飞舟	Potentially
女人越老越贬值，越老越不能生，这是事实吧？有的女权要问了，我为什么非要生孩子，问得好	Potentially
黑人就喜欢免费的、原汁原味的叫花鸡。	Potentially
连这个是转发贴都看不出来只要有人骂他他就说人家是基佬嘞	Potentially
是的，反黑不要一上来就骂，会引起反感的	Potentially
我对国外的了解不是靠电视， 更不是靠媒体。 都是亲身经历。 谢谢✌️	None
靠 在非洲时 黑人银行女 酒吧女 微信附近女这么热情就不敢尝试，一个那个味道受不了，其二艾滋病占到全国百分之六七十以上，还有中国妹妹在那边洗脚您懂的，都不敢接黑人活	Potentially
捏哥在豺那一年白拿二十万，这是凭什么？	Potentially
所以啊这话根本不是韦小宝说的，而是金庸说的这意思就很明确了	None
女性在这个世界上除了繁衍能力之外，对文明的推动几乎没有一点贡献，如果男性解决了困扰自身的繁衍能力后，女性会不会沦为交易的货物，或者奴隶呢？本来现在女性的社会地位的提高，就是男性对女性最大的宽容了，如果女性仍旧对现在自身的地位不满，那女性的末日就会很快来到！	Potentially
有道理，国内歧视这么严重，确实不应该冒险。就跟当年老人们教诲不要找南方矮矬子，外地土老帽一样，都是经验的传承，对吧。	Potentially
他是不是和男的发生过不然为什么说十艾九基…	Potentially
国家重拳出击，不合格的直接遣返，差别对待外来物种低人一等。	Potentially
有多少男性因为自己的思维方式，行为方式或者兴趣爱好的不同而被嘲笑辱骂甚至摊上暴力！我斗胆直言，男性是舆论的弱势群体，男性才是被各种事物绑架的奴隶！如果我们的权利在得不到保障，我们何必拼命维护男性的文化约束	Potentially
打弟弟要趁早，这句话不知道是哪个幕刃说出来的	Potentially
不可能害怕，只是想让她们玩的高兴点，她们去非洲生活难道不比在中国更好？	Potentially
你爸哪里得罪了你	None
全知乎的人都讨厌你，不信搞个公投试试	None
因为你上赶着	None
本质上是我们不识字，没胆量，才被人当了殖民地。。资本说白了就是一只蚂蚁而已，想捏死就捏死，连个p都不算。第二天早上一起来，资本可能就被没收全部财产了。	None
看到黑人就很憎恶，为什么？	Potentially
过来看看西边人的素质	None
跪族篮孩居然歧视黑人，好奇怪的现象。	Potentially
黑人吧早被我们反黑站了，你还洗	Potentially
其实作为一个杭州人，我是不会黑东北，因为压根不关心这个地方，何来黑.....	None
经常听男的回家跪搓衣板，就说“正常啊，这不挺正常的吗？”，没听说过女的跪，如果跪搓衣板了，就“这是在家暴啊”，以前古代任意朝代都没有这样的哦	Potentially
西游记本来就讽刺社会的	None
嫁黑人的我不反对，我只歧视。最好出中国永远别回来了。	Potentially
呃……上海经济好吧，还不是照样黑	Potentially
智商70数理化再学也是0分，但人家是世界殖民亚军，天生能扣篮，倍受中国球迷敬仰崇拜	Potentially
还吹嘘十年前和人对线呢，连对线都不敢	None
山东人口碑不错吧，被黑的最惨的还是河南人🐶	Potentially
我竟无法反驳。。。	None
我是黑人有很多漂亮的985/211中国女友	Potentially
同性恋又不像异性恋一样是一直被人接受的😄你有必要这样说嘛🤔	Potentially
然后她就会跟你说.遇到你之前的事情 跟你有什么关系呢.不让你知道是为了你好吃瓜	None
尼日利亚一女学生遭4名男子鞭打：校方称其违反教法通过鞭打“威慑他人”	None
11.和我doi	None
求大佬解释	None
本来直男也就是个不褒不贬的词汇，在现在女权横行的环境下，变味了，只要不理解，不赞同女性的观点，或是不符合部分女性的价值观，很容易被扣上直男的帽子（往往被歧视为不懂女人，没见过女人的人）这个词现在也变成了带有贬义的嘲讽词汇	Potentially
按常住来算，新上海人也算进去吧🤣	None
我儿子要是说要从良j，我一定打断他的腿	None
呼呼感觉是恨国党的天下了。。。。有些话乍一听有点道理，但细品后觉得真的是故意搞分裂	None
白人应该不算寄生虫毕竟最初期白人创造无数科学发明和自己打造领土的罗马和希腊而且最初期根本就没有吸食咳卡茵，海螺音，冰犊而且现在三观传统正确白人也没有吸食咳卡茵，海螺音，冰犊而现在贩读和吸读的第一大户是拉美裔和拉美人而第二大户则是国际鬼子虫类及其它们后代虫混而全球著名贩读和吸读大户基本上没有白人而全球所有国际鬼子虫类及其它们后代虫混除了中高底层它们是入寝人类各国寄生虫同时别忘了拥有和个别拥有良好家庭和受过高等教育中高层国际鬼子虫类及其它们后代虫混所谓国际鬼子虫类及其它们后代虫混所谓精英和它们有极个别经过努力能成为但是往往全球所有国际鬼子虫类及其它们后代虫混但是天生基因和大脑和它们百分之99野生动物大脑不如和它们虫类基因和人类和百分之99野生动物的最大差距所以不光它们怎么努力都达不到百分之99野生动物高度所以才有политическаякорректность虫命贵而它们从底层到高层所谓精英无不贪而这个贪基本就是它们基因重要一部分而纵观全球所有国际鬼子虫类及其它们后代虫混精英基本上个个都是犯罪分子的冰山一角的马丁路德金和毁掉南非曼德拉和阿明和博卡萨。	Potentially
哈哈，金庸的文字真是绝了。媚外女还不如丽春院的	Potentially
本人胖子一枚，不久以后会去埃塞为期一年的外派工作。到时候实时分享一些黑人的真实生活情况让圈内朋友知道什么叫做黑色癌症	Potentially
说错了，是“南方系媒体”，不是江南系。南方系媒体是以《南方周末》为主的一个媒体集团。“南方系媒体”不是“南方的媒体”，南方系有很多北方的媒体，比如新京报。	None
黑人反对歧视。其实那本质是只允许他歧视别人，不允许别人歧视他。	Potentially
9.9看畒苟破防超值	Potentially
个性签名亮了:向韩国人学习😓	None
太多辣鸡媒体宣传默默卖蠢和苦难来博取国人尤其是女性共情～	Potentially
我要收藏这个答案，没事看一看神清气爽👍️	None
别人骂你你都不反击呗，真乃高风亮节之人	None
男人只会和男拳战斗，好男不和女斗。	Potentially
知道nv拳最大的敌人是谁吗？是亲子鉴定，是基因技术，建议打拳的认准敌人。	Potentially
滴滴司机请不要接单身女性的订单！为了自身的安全！	Potentially
防火防盗防黑人，黑人之害远甚于其他	Potentially
你没事找别人骂，活该	None
你的新闻说明东北人敢暴打欧美人，而且在南方地区暴打欧美人的同样是东北人而不是南方本地男人😲更说明南方人面对黑白人唯唯诺诺不敢出手，看到南方同胞被黑人在广州地铁当众暴打没一人帮忙的民族性	Potentially
凭什么男的不生，不公平！	Potentially
一提安徽我想不出除了中科大以外的任何事，感觉没什么黑料，也没有正面信息	None
不至于吧，浙江的普通话理论上没有口音	None
超过西周？？？我说是放P。西周早就发明文字了，黑人什么时候有过文字？到现在还有原始社会。	Potentially
哼哼哼，圈子不同吧，大学生那种就少	None
兄弟你这么才知道它们有这种绝技在暂时没有**人类与它们交配情况下它们是可以见到一个洞都能交配比如汽车排气口和众多大自然野生动物也是它们交配目标这些都是因为基因与大脑和历史长期就注定的事	Potentially
侮辱同志一词	Potentially
尝试以团结解决一切矛盾，将自己的性别认知为阿帕奇武装直升机，拜托，性别是阿帕奇武装直升机很酷的	None
被娘服封肛了开始用精神宣布胜利✌	Potentially
什么女厕所	Potentially
不在中国地盘繁殖混种默，一切都好	Potentially
政治正确这个词用的好，现在接受同性恋居然变成了主流，对同性恋稍微表示恶心居然就成为了反面派	Potentially
自作自受 回来让老实人买单？ 你同情她们 谁特么同情老实人？	Potentially
装成女人来骗那群龟男来舔啊，这就是最简单的方法了	Potentially
看个人吧 有些欧洲小国是对中国人印象不错 但要谈婚论嫁还是得看个人能力	None
你不会是怕将来你妻子告你强奸罪吧！你放心这项罪名很难取证的，女的一告就众叛亲离被人嘲笑，女的还怎么在家里呆下去，还不如直接告离婚	Potentially
我在bilibili吧发了帖子直接被秒删	None
我是觉得库里真不错。整个NBA没有几个不逛夜店的，然而库里洁身自好，这条件仍然只爱他老婆一人。谁能嫁给库里肯定不算EZ	None
罪证已保存！	None
我们哪儿费劲的是上好学校，普通的学校省内能够满足。是整个中华民族都能生，不单单是我们河南人能生。就是河南只有五千万的人口，高考分数线还不会变。	None
黑人暴力基因占百分之84白人和黄人分别是51和13黑人暴力是基因层面的，可以通过后天教育改变但是很难。	Potentially
扯淡，找黑的比失足女差远了，失足女都有措施的，染病几率都没有那些女人高，黑人在大学约妹子从没有措施的。	Potentially
苏北人歧视起其他省份一样厉害的	Potentially
让我看看你长啥样	None
不得不说抖友有的时候还真能处	None
又瞎说，阿拉上海不歧视河南的好哇，我们最排斥的是皖北地区😅	Potentially
是啊，我上次遇到一个恶臭直男，真的，他一直三句话不离同志是变态，最后在我把很多论据给他看的时候，他还嘴硬，这些论据都是假的宁愿自己看几千年前的小破书，也不愿看看现在的论据。眼看说不过，就发各种表情来阴阳怪气。🤣大半夜的，差点没把我笑死。	Potentially
同性恋的者的性倾向是可以改变的，部分学者认为，性倾向在人的一生中并不是一成不变的，而是流动的。一项2003年的追踪研究发现，在7年的时间中，有三分之二的女性至少改变过一次自己的性倾向认同。许多人认为，性倾向的标签不足以反映她们在性和浪漫感受上的多样性。总体而言，性倾向在人的一生中是否会流动似乎是因人而异的。而那些宣称同性恋无法改变的大多其实是曲解了原文的意思，同性恋无法改变只是针对无法通过外力强制性改变而不是一成不变的。	None
猪溜溜就是这样，讲不赢就拉黑然后自己编故事你这只猪溜溜搞那么多小号还凉面都吃不起我第一次见猪溜溜这样辟谣的笑死我了	None
人人平等，为什么你眼中你黑爹就高人一等？	Potentially
你是在搞笑吗？21世纪了还搞出嫁从夫那一套呢	None
确实看见过“江苏这挨屠的地方就该全部死光”的说法😓	Potentially
小孩都怕黑砸	Potentially
今年小学教材已经更新了，满满中国风	None
在一个组织资源日趋瓦解的时代，内外之分正在变的很模糊	None
不用干活，直接每年20万，奴隶爼极力推荐。	Potentially
很多人对上海的刻板印象太严重	Potentially
找黑人的大部分都是追求性自由的，但她们不懂黑人文化，黑人没有责任感一说。他们才从部落文化中进化而来，他们与草原动物无异，都是雌性负责养育下一代，雄性只负责到处播撒种子。	Potentially
这是歧视，QJ是非洲文化，把非洲文化引进到国内	Potentially
东北人才是最喜欢黑别人的，我就评论了一下，就被追着骂了	Potentially
再说了，神学学位算个鸟，迷信和宗教在中国人看来就是个屁。你让马丁路德金去考一考数学试试	Potentially
江浙可是被搞得方言都讲不了了，嗯，这叫有话语权	Potentially
阿三不比黑哥干净多了？🤔	Potentially
祝福这两个人不得好死兄弟们记好了这个慕勾防止接盘	Potentially
安徽人路过，感谢江苏兄弟为老家打CALL	None
你赞成骗婚吗？？？	None
艸，河南山东东北完全符合上述全部条件	None
这个提议可以说非常可以	None
因为你们这些无脑舔黑的人，才导致国人恶心他们，	Potentially
好多人说他们女人不能上桌吃饭🤣🤣男的大男子主义严重。😅😅反正都能找出来点黑	Potentially
我认为的偏见是指在还不了解真实情况或者了解不全的的时候就对某一件事情带有明显的情绪化和极端的观点，例如山西都是挖煤的，上海男人说话都是娘娘腔这种就是很明显的地域偏见，我认为你的好恶只是说你不喜欢txl，可我没说你是偏见。你的好恶是自由的，但偏见不是。	Potentially
不管是什么原因交往的黑人，都绝不接受	Potentially
地方电视台，听不懂换台呗，上海人在上海跟上海人讲上海话，关你个外地人什么事?入乡随俗不知道啊?	Potentially
呵呵，反正你们这些夸黑人的人，遇到的黑人不是家里是酋长就是家里有矿，好家伙，黑人人均瓦坎达王子是吧？	Potentially
老乡，井盖要吗？一个大胡子满脸堆笑看着你。	Potentially
黑河南的很多、其他的都不是一个量级的、不要带入其他省、原因是什么、谁知道	Potentially
这又是哪位老师	None
你厌女，你是天才吗哈哈哈哈哈哈哈哈哈哈哈哈	Potentially
楼主说的对，图中这个女的要嫁个楼主做老婆	None
但是大部分同性恋不会这么做，即使爱上了不该爱的也会埋在心底，宁愿自己痛苦一点，也不会困扰他人。	None
不同人种之间存在智商差异是科学事实，科学真理不因谎言而改变。	Potentially
肚子可以饿，下半身不能饿。😓	Potentially
视频我去看了，怎么从上到下都有一种被害妄想证。巴不得美国从地球上消失的样子。	Potentially
你这跳的也太高了，，	None
是，虽然消息被和谐了，但那三个默应该会被判刑法十到二十年左右	Potentially
我大学也没见过学生找黑人的，很多黑人的对象是社会上的ji婆	Potentially
女人经常利用男人的性，把男人死死的拿捏，但是遇到我这个药娘，她们还是蔫了，女人pua男人那套对药娘无效，这又是为什么呢？	Potentially
又是应了那句老话，认真你就输了。人类真是复读机，租鸡青一了解一下？（开玩笑的）	None
有几个男的天天颜文字啊?	None
不了了之了。有些水军，还说自己错怪的宁波猩猩学院。	Potentially
重点是又不是她们取得的成就，照她们这么说，男的牛逼的那么多那我也很牛逼，真的是明明那么普通却那么自信，别人努力的成果，她们在这里意淫打拳	Potentially
这个视频里就是一个男的在吃酒席时和另外一个男的起了冲突，周围人在拉架，这个完全不沾边的亩?就拍了下来发空间，不知如何评价	Potentially
这个吧有专门的QQ群吗？	None
而新移民甚至留学生，easyg天下文明，就是为了骗美国国籍的，当然以和白白黑黑一起为荣了。	Potentially
确实，不是专门拉外国人皮条的窑姐，人家都不接黑人的客🥰	Potentially
所有的地域黑都离不开媒体、平台的无耻	Potentially
她们艾滋病率远超失足妇女，会要人亲命	Potentially
旧的不一定好，新的也不一定正确。在大家没有办法完全对取向这种东西有清晰认知的时候，走老的路子是最好的解决办法。不反对已经是最好的态度了。	None
哈哈哈网上说他是上海的	None
上海歧视北京很严重的呀我每次看戏吃瓜都笑不行	Potentially
猩球崛起，黑猩猩会成为世界的统治者	Potentially
这个垃圾，绝对是黑杂子	Potentially
说得对，我们没法分辨谁是烂裤裆，那只能摆烂或者先自己变成烂裤裆了😄	Potentially
不要看到几个就觉得霉黑很严重，反正我见不少黑人，只看到一个体重两百斤的没黑女和黑人在一起	Potentially
她们能力好，跟你有什么关系？	None
5毛呢，怎么不去把黑鬼都灭了	Potentially
黑人也有好人，不能一棒子打死，建议多打几棒	Potentially
西南官话区的确实都不怎么地 实话实说	None
这层主明显是东北，明知道你说的是东北，故意转移到西安，企图挑起矛盾。	Potentially
明明是江浙沪被黑的最惨吧	Potentially
这种男人可能心不坏，但是实在是很令人讨厌，往往把自己看得很高，虽然普通和自信是两个褒义词，但是这种情况下就变成了贬义，虽然呼吁大多数人都要普通且自信，但是这种男人并不仅仅是自信了，而是骄傲自负，自信过头了，是非常不好的一种行为。	Potentially
春晚喜欢黑南方人娘娘腔	Potentially
资本主义的阴谋，女人购买商品的欲望强，这个社会早就在偏向女性了，我们只是争取我们男性本来该有的地位而已。	Potentially
我一东北人在江西上学发现自己和当地人比嗓门算小的了	None
我没回复你😓	None
现在上大学，江苏各地的同学都有，感觉南京话就是最接近普通话的了，除了有点脏话。。当然你同学可能是南京高淳的，那边的话我也一点听不懂	None
截图说的确实有道理，商女不知亡国恨，民族复兴，冲锋陷阵，难道靠你们女人嘴皮吗？健壮青年却每年都在减少，说实话，参军人数并不太理想，真以为世界是和平？	Potentially
知乎一直都是这样，管理员精神有问题	Potentially
嘿嘿，一起减一起减。话说潮汕火锅什么味道啊，求科普≥﹏≤	None
习惯就好小仙女都这样抬高自己贬低他人	Potentially
很明显火星人是人好吧？火星人名字都带人字了，选错的自己反省	None
异性恋里不也一大堆普信男😅😅😅	Potentially
这种女的就是以后说儿媳妇的人	Potentially
搞半天，她也是个普通人。结果自己不把自己当人	Potentially
你这个广东满子，黑河南、黑北方的总部是广州，核心地带是从上海到广州的整个东南沿海，范围是整个南方	Potentially
在女权眼中，男人没有存在的必要	Potentially
湖北不会有男铜的，因为都被我绞嘞	Potentially
要换男的，下面就不会这么祥和了，得被骂得满脸血	Potentially
当然要反抗，但是答主说的相互歧视是不存在的。同性恋无法通过“歧视”异性恋来达到反抗的目的。因为歧视是强势群体对弱势群体发动的，单向的行为。	None
国际除虫人人有责	Potentially
那你这些闺蜜室友要是有个黑人老公，50%艾滋病概率，你还敢继续相处吗？	Potentially
这是什么鬼屈臣氏想玩什么	None
支持。反同迫在眉睫	Potentially
我也不看白色区，不看棕色区，更别说黑色区。还是日韩好看😊	Potentially
一口一个普信男，你是微博里的普信女还是烂裤裆	Potentially
我也在非洲工作，就挺不能理解这种女人的	None
哈哈哈，您眼睛怎么了，要不要给您擦一擦？	None
她和红警蓝天是什么关系？	None
？基佬对社会的贡献远不如一个长相不佳的直男工程师	Potentially
你这种人多了，反感同性恋的群体也多了。其实他们反感的不是同性恋，是你这种道德绑架还自以为是的人	Potentially
钓鱼佬永不空军😜	None
我一说是安徽人就说我小偷小摸	Potentially
没毛病，这些白人终究会后悔的	None
谢谢大家投票	None
谈恋爱不在朋友圈公开女生会介意的吧	None
你急什么啊？好国男自然配好国女，你竞争不过好国男，又不想找eg，最后找了个越南🐵，还在这同情好国男呢？好国男表示，你谁啊？可别代表我，我手里没香蕉。哈哈哈。	Potentially
以前男人还留长发，穿裙子……来来来搞起来，男拳师复兴起来	Potentially
那个华夏是西安的已证实，在新郑举办黄帝典礼时还拉条幅搞活动做破坏，非要把黄帝说成是西安的，而且被扒出来吃国外饭，经常挑拨地狱对立还有很多小号，用的湖北山西和山东的注册地，到处挑事	None
我不否认现在的社会现状是外国人对我国环境造成了一定的影响，但我认为相当一部分人其实是把自己心里的自卑投射在找外国男朋友的女生身上了。	None
说重点，艾滋病，要你命	Potentially
“中国特色地域歧视”，河南和东北数一数二严重的吧，基本是被压着骂，你有一个反击十个人骂回来，真的羡慕互黑的。。。	Potentially
你既然都知道答案了，还来问题主？	None
便宜好女孩就嗯造??	Potentially
可以考虑去东南亚国家，比如菲律宾 那里的女孩真的没那么多要求	Potentially
都是土著王了，杰希一听就是歪果仁	None
不好意思，纯洁美好不是你来定义的，我还可以说鼻涕虫交配也是自然而然纯洁美好，所以那些觉得鼻涕虫交配恶心的人就是冷漠了？是不是大家都要赞扬一番啊？别人不来干涉就行了，你还蹬鼻子上脸了	None
醉酒妇女在哪里呢？我没看到	None
杨笠们嘴里的普却信❤️❤️❤️	Potentially
你把舔狗龟男放到这个行列里可还行，自娱自乐真好玩	Potentially
上海需要黑吗？	None
不好意思，国际女权组织，是各国公认的女性权益权威组织。为女性争取产假、同工同酬、平等参政等权益上，做出了突出贡献。囧	None
作为一个在这方面很无知的人，通过举一些极端又片面的例子，公开发表对一个群体的主观憎恨言论。别人问候你父母也是合情合理的🙂	Potentially
养殖的狗肉就是为了吃的，娃娃鱼都有养殖的了，吃个狗肉有啥大不了的	None
东北也沦陷了。别单指责广东了	None
微博发声的最大声是女拳，讲道理女拳如果不是说那些骇人听闻的反人类的言论，而是正能量的讲这么改变，谁喷你可能还成为主流思想呢，毕竟在中国女性在言论上还是受保护的。打嘴炮那些不算呀，如果硬要算那么低端我也没话说。是女性自己不争取正确价值观，让女拳这样妖魔橫行，而女拳要的条件是政府和人类不可能接受的，也就是说不会改变什么，占着位置不做事。	Potentially
垃圾：黑同，同意的顶。颠覆国人的三观，棒垃圾当宝贝。	Potentially
最近黑上海的超过了黑北京的😅以前看黑上海的都会黑北京，好歹觉得公平😅现在黑上海的规模碾压北京👍😎😅	Potentially
我们人人祖传18代偷井盖，上古时期就开始了，井盖都是我们发明的，不然不好解释怎么上古时期开始的。	Potentially
说实话俺不讨厌白人，他们整体还是挺文明的。但是国内剩男太多（计生得背大锅），如果我是领导要先保证自己国家的人的利益，不能强制安排婚配，起码不给老外拉皮条，不区别对待。	None
什么上海？那不是叫爱丁堡吗？	Potentially
互联网时代没有秘密	None
感谢lz的社会实验证明小仙女就是想做	Potentially
逆向民族主义者😆😆😆	Potentially
这么优秀的黑人找个这么丑陋的国女 不信 感觉严重造谣	Potentially
太可笑了，苏北跟江西八竿子打不着的怎么会干起来🤣	None
有些上海人确实是以说上海话显示优越感	None
通讯录就是一群反人类的异类。	Potentially
每个国家每个民族都有那么几个有病的人，但她们不能代表全部	None
好人一生平安	None
也不一定，我有次在知乎评论区看了一个男的和黑人裸上身合影，应该是同，但是太不挑了😅	Potentially
虽然不合理，但对黑人，咱们是物种歧视😅	Potentially
她不要脸，我们家人还要脸的。她不要回本地生活，我们还要的。	Potentially
看了那么多回答，没看到因为说害怕艾滋，搞不懂，男人娶黑女白女好像他们就没啥意见了，女人搞黑哥白男，他们反应好大，看不懂	Potentially
广州小北路。治安乱吧？隔不远就有警C观景车。	Potentially
想不到清华大学的人也有傻的	None
身体还是不错哒	None
烦死我了（摇花手走了）	None
同志！请问有没有男权交流群，我要加入其中	None
不好意思，你们的言论我看不懂，因为我从来没有靠过男人（除了我爸爸），也没有诋毁过任何一个正常男性 你们说的那些人跟我也不是一个圈子的，我也无法理解，所以，我也只是从我的角度说出我的想法，意见不一样很正常，我也接受任何的批评	None
跪族篮是很少数	Potentially
网上的话也信，那就是你的问题了，中国男女对立只存在网络上	None
不会氙钕怕事情败露自己删了吧	Potentially
关键是十月怀胎黑小孩落地，出院发现爹不见了😅	Potentially
猩猩是人的话，那猪早就是了	Potentially
16楼是个基佬。	Potentially
他们没有智商	Potentially
人家说娇滴滴的时候 主要是说长江沿线 广东被说长得丑和东北被形容粗鲁声音难听😅	Potentially
你河南的？那我只能说你又拉低了河南人在我心中的印象	Potentially
问:如何对上海地域黑?答:把它做过的再说一遍😆	Potentially
同是病，得治	Potentially
我在南方，这边人也不喜欢你们，好像。多从自身找原因，我在抖音聊天室，骂人最狠的就是东北人。。。。火药味十足的聊天氛围。。。。	Potentially
貌似青海是被黑得最少的，主要原因是存在感太低	Potentially
我研究两性关系很久了，钓鱼有意义吗，我只是想让大家消除偏见而已	None
楼主圈子太小，可以去南京或者广州，武汉或者成都酒吧一条街和大学附近看看，现实会告诉你答案。武汉女大学生被黑人感染艾滋病，自己百度一下，你就知道了。😅🤣😆🐶	Potentially
结婚率再创新低	None
我们的学校是培养人才的，做学术研究的。现在变成了妓院	Potentially
人口基数大，没办法，很小比例就是一大群人	None
我河南人，外婆家辽宁，这两年沈阳大连城市发展已经开始落后了	None
我是骂人了对吗？尊重有那么难啊？	None
黑人为什么出不了科学家？因为黑人没有进化完全，四肢发达，头脑简单。科学这种高大上的东西，他们理解不了。	Potentially
既然她们真的想跟男人比拼一番，那就随她们去吧。看来她们真的是以为男人活得很轻松。_x000D_7楼如果你真的变成男人，你就知道做一个无忧无虑的小女人找个男人依靠是一件多么幸福的事了。如果有下辈子我还想做女人呢_x000D_男人征服世界靠的是流血流汗，女人只需要征服男人就可以享受一切成果，多么轻而易举啊_x000D_但是，如果你想做一个爱逃避责任的小男人那自然会比女人还轻松快乐	Potentially
接盘侠太好了，帮我们排雷烂裤裆	Potentially
河南人，真心说，淳朴的人是绝大多数	None
你以为同性恋都很帅吗？就跟一个丑男想要美女要看自己配不配一样，一个丑的要命的同性恋能找着一个帅哥爱上你？	Potentially
女生要求高唉?	Potentially
既得利益者可真是笑死我了，得利的也就少数上流社会，底层打工人过得还不如卖啤的女的	Potentially
如果说要反对嘿人留在中国，必须真实点赞率必须超过4.7亿人，也就是总人口的1/3以上！！！	Potentially
兄弟，你口味有点重啊	None
陕西的枯了	None
尼说真艾可以永远~，一起去有尼的地方~	Potentially
郭楠不配，还是乌干达适合你~	Potentially
因为黑人好色，所以只要是是美人计就来者不拒，再说它们智商很低	Potentially
哈哈哈，上海被黑了开始反对地狱嗨了是吧？可是之前那些地方基本都被上海壬嗨过啊😅	Potentially
应该说是，很多男人对供养者有误解。供养者对应的是女人三从四德。只要男人不外边有孩子了，彩旗飘飘都很正常	Potentially
还别说，有句话我挺支持你，中国男人那么多，为啥要找外国人？就像，中国女人那么多，非要找外国人，一个道理，尤其是黑人。虽然，黑人有好的，但抱歉，针对黑人这个群体，我真的受不了。	Potentially
男女平等就是个笑话	None
😆但凡这些姆的都去国外，也没毛病，但是，这些姆的都留在国内了，还生了小黑，有的还把HIV传染给老实人，这能忍？⁉人家老实人上辈子是当了汉奸还是卖了国家被整这么惨⁉？	Potentially
感谢楼主明辨是非！	None
它背后跟畒是一个爹，一家人亲兄弟	Potentially
还要排出云南和广西，毕竟云南都是悍匪，广西都是鬼火少年。🐶	Potentially
什么男奴隶	Potentially
和杨笠宣扬的正好相反，大部分男性尤其是底层男性非常自卑，这也是舔?的成因。自信的男人只会靠自己的魅力吸引女性，而不会当舔狗	Potentially
如果你有数据就拿出数据说明是大多数，不要在这里'…吧'。简单说几点，艾滋病保密原则，留学生特权，以及各种各样的负面新闻（面对宁波工程学院的事，残忍虐杀，为什么不是立即绳之以法，要考虑他是外国人的身份，这也是特权)，中国人建立的国度，让外国人享受特权这是什么道理。三非黑人为什么不立即驱逐出境。凭什么入境不能查艾滋病？	Potentially
我们也一样啊	None
别把女人弄丢了，中国就更没人了	None
还有什么奔现的，基本都是男的舔狗才能找到那的女的，说的自己不是网恋游戏，去区服情缘贴看看，那是多少搞网恋找情缘的	Potentially
我特烦一张嘴就这事不关你事的人，管天管地管的着别人怎么看？照你的理论，批判这些人也不关你事啊？你废什么话？	None
生动有趣 简洁明了的例子 秒啊	None
😭黑不溜秋怎么有人喜欢。	Potentially
上海以前是江苏的(纯粹纠正一下...)	None
应该立法禁止瘾君子进入中国	None
匿名作者有本事别匿名啊？捞子说你亲人说到你痛处你不高兴了？	None
说明北京人包容	None
日本女人贤不贤惠我不太在乎，反正中国女人已经跟贤妻良母不沾边了。穆斯林女人贞不贞洁也不是我关心的，反正中国女人不太贞洁了。俄罗斯乌克兰女人漂不漂亮也就那么回事儿，反正中国女人已经靠着美颜、化妆变成世界第一了。非洲女人身材好不好我是没注意过，反正中国女人就算身材不好也是“仙女”。😆	Potentially
河南有个屁的存在感	Potentially
那些嚷嚷着女权的，不如你直接来当个男人好了，你当吗	Potentially
我就是个，感情经常被骗。真心得不到好报，明明聊的很好，结果只是为了和我做爱	None
只能说地域黑这种东西 是常态 改变不了的 和他们对峙也没有用 没素质的人哪里都有 以偏概全也不是啥聪明人	Potentially
这能挑起男女矛盾吗？不能啊，所以为什么女拳要冲它？	Potentially
这个没事，只要她还想和我走下去的话一概不究，但不能怀哥布林，不能藏匿超级病毒。	Potentially
不想一棍子打死车、房、彩礼你们倒是一视同仁啊😆	Potentially
出来引战就别怕被骂啊母狗	Potentially
有过-同居史-的-女孩-能-娶-吗？其中有效名词是同居史、女孩、娶按当前常见价值观，同居史和女孩显然不是不友善，所以不友善的是娶。破案了，不婚保平安	Potentially
基佬太恶心了蕾丝边也恶心	Potentially
沈腾这人行，能处	None
去理性，你去非洲跟黑人去说理性去	Potentially
慕√口嗨习惯了，都快忘了自己什么pi样了	Potentially
我觉得很奇怪啊，我从来没歧视过外地人，我同学也不歧视外地人，怎么网上都在说排外，搞得我现在真的排外了😅	Potentially
我可没认可答主啊，我只是说女👊	Potentially
你说的很对。大部分找黑人的女人，其实分不清美国黑人，法国黑人，东非的还是西非的，总结起来，就是一无所知，完全不清楚这种文化差别会带来多少灾难，对于中国人，就要摸清楚脾气秉性，文化背景，对于外国人则毫不了解也行。这就是外国崇拜。	Potentially
带上我，老铁	None
待在小圈子里是挺好的事，有些人非要破圈在一些平台上宣扬，真受不了	None
早该抓了，女拳遭到报应。	Potentially
不要脸的女人	Potentially
这些巨婴都是惯出来的毛病。	None
习惯了我现在都不发了	None
最开始的我:我不是种族主义者。我只是怕三非外国人让中国移动治安变的很糟糕。我支持高素质移民现在的我:老子就是种族主义者!	Potentially
突然想起以前看到的，好些中国男的去非洲援建，然后在当地留下了大量混血儿跑路，不知道这些男的回来会不会也有艾滋……	Potentially
从小带有翻栋基因	Potentially
看过视频，这个华裔警察什么也没做吧，怎么被判刑了	None
是取她还是嫁她？跑到合肥？分不清大小王了，人家wj军官，上升空间很大，不要因为这个就耽误自己，全中国全江苏没别的女孩子了？	None
哎?别吵了你们，去做变性手术一切不都OK了，爱当男的当男的去，爱当女的当女的去。当然你也可以选择不男不女，如春哥，他（她）兼具了男人的阳刚和女人阴柔，男权女权都快活，活的多滋润呀。	Potentially
只有一部分，知乎这话题底下大部分都是和男生抬杠的，装理中客的。	Potentially
我感觉我会在乎对方的能力 品性 学识 刚好的外貌	None
以上数据全部来自官方，比较详实，你可以不接受现实，你可以说反同是封建，你也可以大张旗鼓的宣传同性恋应该得到尊重——但是当你感染的时候，Hiv病毒可不会特别关照你，事实就是事实！	Potentially
陆续有无辜路人被烧晕，情况十分紧危机，人们正迫切地需要着反同战士的登场。	Potentially
暴漫里的一群弱智小学鸡还帮黑鬼说话	Potentially
需要那么多嘴炮政客？还是黑皮。	Potentially
你需要这种人治治	None
南方人的祖先从我们河南逃过去，这叫保存实力，东北不抵抗，就是没有血性，我寻思着有血性的也不会逃到南方吧	Potentially
感觉近年来黑河南的呈下降态势，西安和东北呈上升态势。。。	None
百分之五十的艾滋概率，自己想吧	Potentially
其实现在知乎又有个挺别致雅名而这个雅名就叫虫乎	Potentially
我朋友，我亲戚，我邻居，我同学，我认识的人......我身边即世界😆	None
我中国人，你喜欢黑人麻烦你走😠😠😠	Potentially
还扯什么传播成本，那我是不是可以说男人更不挑，是女的都上，更可能因为滥交传染给女人，女人的性需求根本没有男人这么旺盛，所以一个男艾滋病人的杀伤力比女人强。	Potentially
它们网络战斗力爆表，但凡稍有冒犯，必定要跳起来打你的膝盖	Potentially
黑就黑吧，心放宽点，不要跟地域黑较劲，离远点就行了	Potentially
你把埃及科普特人放到哪去了？	None
这不很正常吗？中国人就喜欢老实听话的😆😆😆	None
所以问题的本质还是出在肉体伤害可以定罪而精神伤害和冷暴力无法定量和定罪还是那句话，不扯结婚证啥事儿没有，再BB直接赶出门，反正房子都是男方买的	Potentially
你看你看，天天都是你没看过。中国女性连印度、非洲都来着不拒。还穷地方向富裕地方？中国女性在香港叫北姑，在台湾叫大陆妹，在马来叫小龙女，在欧美叫Eg。你以为中国女性比那群东南亚的好多少？人家收钱，你们倒贴，这就是区别。	Potentially
拆除国内的倭狗街和倭狗学校！！！！倭狗日杂必须灭绝！！！！	Potentially
黑的暴行实在太多了，看到这些黑的所作所为还有人要为黑打抱不平吗？要是还有的话你的良心不会痛吗	Potentially
顶，气抖冷，剁jojo，男人什么时候才能站起来，男权的兄弟们呢，顶起来啊	Potentially
社交软件这种太多了 看多了容易怀疑人生	None
外国老头都能找年轻的？	Potentially
黑人是弱势群体是我听到的又一个笑话	Potentially
急了急了，就会这两句？看你评论全是黑南方的，估计智商也高不到哪里去	None
江西女的虚伪到了极致，接触过就知道	Potentially
缺乏父爱，或母爱容易扭曲，反对同性癖才是正道	Potentially
给中国女孩按eg的是那些外国人🤣🤣怎么又是我们背锅了🤣🤣太牛了	Potentially
不只是彩礼，一说到赣派建筑、江西文化、赣语、婺源，很多人就急着否定，说江西人自吹自擂，说我们跟韩国人一样	Potentially
男的还是女的失业抑郁？男的话太惨了，女的话真是活该	Potentially
中国艾比例0.1%，默超过10%	Potentially
没错，但是杀伪军和杀鬼子一样重要。	Potentially
这个题主是个反串女，你睁大母眼看看好不	Potentially
怎么都是中国出的事啊？中国人咋这么能出事呢🐶🐶🐶	Potentially
姆蛆好不容易才找到的	Potentially
跟女权废什么话，徒增流量，直接举报啊	Potentially
。。虽然我对这个答案也挺迷惑但是基佬就没工作就不能有工程师了？?	Potentially
浩克傻东被歧视被人人喊打还得碰瓷一下东北😓	Potentially
同室内伐贻笑外人	None
女人嘛，很宝贵的，以前的社会结构下，男的结不起婚就是不行，就会成为老无所依的老光棍汉，现在农村养老院里住的可不都是老光棍，至于未来是什么样，我不知道，女权们也不知道，但一些人觉得可能和今天一样，所以她们继续自己的战斗，反抗能反抗的，占领能占领的，抛弃一切想抛弃的。	Potentially
嘿蛆应该被从地球上抹掉	Potentially
怎么又是东北人，你这样跟关里那帮有啥区别，那我还要说下次辽宁有事别带大连呢	Potentially
江西存在感低，想不起黑。安徽还好，但是，上海好南京好多人都歧视安徽人，这是我安徽朋友说的	Potentially
南满正在修沈白高铁。	Potentially
说实话 你挺自卑的	Potentially
我是老家大连（东北辽宁）的成都（四川）人，我也遇到过歧视，但也还好	None
这次我是真的没绷住	None
很快就能解封的，性取向变态患者搞得鬼	Potentially
共产主义点源头是哪里，不是西方吗？源自西方就是西方思想，早晚应该放弃的，只是需要前后顺序而已	Potentially
同性恋没有正常人，低龄非主流觉得有和别人与众不同的思想很突出自己的高尚，就算有真正相爱的同性恋也是心理疾病，同时明明知道会遭到议论和歧视又改变不了，还是要为了自己的爱情把家人置于其他人歧视中的小丑，总结一下捏，同性恋是个自私而且低能，说理说不过又只会无脑的谩骂的低龄心理变态人群，同性恋这辈子就这样了	Potentially
国情不一样，法国每年60%的新生儿是非婚生子女，爱情观家庭观跟国内差别较大，涉外婚姻还是要多想一想	None
同性恋当然不是病啊.清除放射沾染，拿高压水雾往他身上冲一冲就掉了，而完全治理逆转录病毒，除了嘿嘿嘿嘿没有第二种选择.为了让某些猪队友不至于摇摆不定负加成，我非常非常赞成同性恋不算病	Potentially
男拳和女腿，骚林捂裆功😠	Potentially
我认同你的观点，就我而言来说，我是无法接受同性恋的，当然，我家人更不可能会支持	Potentially
他说自己是湖北襄阳人	None
主角整个班上20个人，1个黑人、2个黄种人、1个印度人，其他16个全是白人，而这里面漂亮的女孩至少有4个，不得不说白人里出美女的几率也太高了其他3个	None
现在的女的真可怕。自私恶质，对男人来说就是祸害等级	Potentially
因为你关注广东所以推送给你的都是广东，我关注东北推送我的全是黑东北的，那天我心思搜搜河南啥样，然后又天天推送黑河南的😅	Potentially
你喜欢复读😆	None
嗯，地域黑都是蠢或者坏！！	None
这就是不重视普遍性了。东北这些年人口外流已经不算新闻了，流向中原大省是再正常不过的事情。而我所说的东北人大多是关里过来的的限定词是祖上，你难道看不见吗？	None
南满:我们南方才不吃你们北方的粮食，我们吃的都是南方的粮食。北方人:断粮。南满:oh,no!米怎么这么少了，怎么买不来米了，面根本没有卖的。	Potentially
操正喝着哈啤呢差点给我整吐了能不能别再发了肥猪真恶心	None
在路上遇到黑人 他们看中国女生的眼神都很恐怖 仿佛就是行走的生殖器 有些黑人甚至会来和你搭讪 我遇到过这样的情况 非常想骂他甚至想打他 但是我不敢 我只能快点走掉 为什么呢 因为我觉得他们可能会有艾滋 真的看到这种人 是从心理到生理上的恶心	Potentially
娶黑人的也会被骂	Potentially
看看基佬的恶行就知	Potentially
可是，你就算喊得再大声，也不会有人理你，情况也不会有任何改观，生活中你还是一条卢蛇，也透不到批😆	None
由于违反XXXXX，该用户已被永久禁言✌️✌️✌️	None
挺烦的，一直就想封了那个傻逼，ww什么的	None
年轻时存钱，年老时潇洒没M冰，繁殖让生活水平下降还不如不繁殖、不谈对象、不婚不性不生，年轻人最理性的生活方式	None
居然只是不能接受被黑人睡过，你这要求也太卑微了吧🙄	Potentially
当成女权来侮辱	Potentially
没活就不要硬整，刷屏是想干啥	None
这个就是一个狗	None
本浙江人表示并没有，当然我只是个人意见。至于那些说浙江牛逼或者差劲跟我有关系吗。在哪里并不能代表什么，你人牛逼才是真牛逼。	None
一般这种男的最后都会被绿。	Potentially
抛开游戏不谈确实可以，但是作为游戏可能不好玩，值得多数差评	None
东北都被黑成瑞典了。。。就这样还有人说是东北挑起的地域黑	Potentially
长三角就没什么媒体	None
很多时候不是恶性男同本身，而是恶心他们的是，这个圈子很乱，乱交得病的骚扰直男的占比很高，他们一定程度上吸引了社会注意力。然后他们被人家反感了又跳出来说歧视，然后普通人懒得和他们解释谁管你？！这种态度将错就错长此以往！	Potentially
慈溪这边很多厂子都不招贵州人，不过现在好多了	Potentially
为什么这年头大家都默认男性不能为女性发声？	Potentially
这可咋整。反对种族歧视的没有几个（至少我没看见几个）替受害的中国人说话的。倒是一帮替黑乐色洗白的。这是反对哪门子种族歧视？这不就是他们抨击的以貌取人吗？自己就是种族主义者，还逆向的。跟我这反对种族歧视，别跟我胡说了行么？	Potentially
很多跨性别这一辈子都想当女人。就开始学一些女人的特征，开始假装自己是一个女人。想了半天女人的特征到底是什么呢？没有想到自信没有想到包容没有想到善良也没有想到温柔，却学到了泼妇的刻薄。以及淫妇的放纵。	Potentially
日韩好啊，跪着让你伺候	Potentially
感觉这个吧的吧主好没存在感	None
找黑男的也可能是要不到中国男，不要以为在中国男的多就容易找对象	Potentially
这女的啥意思啊是自己烧还是被ai换脸了	Potentially
国内有些女人跟非洲男人玩大了，然后生了小黑孩后，非洲男人跑了，一个人带着小黑孩。这样的女人你愿意娶了和她一起抚养那个小黑孩吗？	Potentially
北方人不是讨厌地域黑, 他们只是讨厌自己被黑而已, 这点和黑人出奇的一致.	Potentially
🤣图片确实好笑	None
每个人有每个人的选择吧，不过，作为中国，一个省的饮食口味都不同，都会吃不惯，换成不同国家的，这能吃的到一起？🤣🤣🤣	None
仇视国男的一般就西方国家和汉奸	Potentially
wb懂的都懂，纯杀软	Potentially
看她会不会用一些女权最喜欢用的词，下头直男癌之类的	Potentially
有些地方挺集中的，特别是大城市和大学生特多的城市，找地方不用太担心	None
现实中没遇到过母狗，这些母狗在现实中太怂了，不然杀几个玩玩	Potentially
除黑的到时也会打死你！	Potentially
正义的百度	None
能被这种破戒指骗到的，怕是属于自然淘汰的吧	Potentially
他就在胡说八道，挑拨离间那	None
某个博主被埃塞俄比亚入境官员收取四千多块的所谓相机税，说真的，比越南人还黑，至少他们只收几十块到一百块。	Potentially
你要坚持自己的想法，因为我也觉得同性恋很恶心，永远都不可能改变，太恶心了	Potentially
反同赶紧领盒饭吧，嘻嘻	Potentially
什么是快乐猩球？	Potentially
5楼把我拉黑不敢面对咯	None
在上海，最被歧视的是上海人	Potentially
人家写明了妇女，男人还想有权益？	Potentially
总之，去了非洲基本上就完了，别说非洲了。看过人民的名义吧，一个副市长去的还是美国，结果过的什么日子？	Potentially
要不怎么说，中国女拳被全世界女拳圈鄙视是有道理的。美国女拳那是真牛逼，实打实。高中找帅哥就一帮人跳帅哥。中国女拳磨磨唧唧的，天知道帅不帅，就知道吹牛逼。美国女拳上大学没钱直接就糖爹。中国女拳磨磨唧唧说是男朋友。美国女拳喜欢黑色神族，人家是真的当单亲妈妈，中国女拳动不动就流流。美国女拳人家结婚就直说我是lkd，你不是lkd就是书呆子。中国女拳成天满嘴前男友渣男，张嘴闭嘴要求男人婚恋清白	Potentially
私以为只有自身的素质、能力以及平和的心态才让人骄傲，新时代原来一省gdp也能令人狂妄，我在深圳生活时也没见到这高高在上的江北思想啊😓	Potentially
其实有一些靴子是男女通款，而且马丁之类的也有男靴，男靴也有一些小众大牌	None
不喜欢就是不喜欢呗，哪个正常女的会喜欢黑人，怎么答主一说你们就跳脚了，非得逼女的喜欢黑人？	Potentially
本来我的回复只针对层主我不知道你无缘无故来插一脚干嘛？只准层主地域黑，不准别人反击是吗？何况我的回复跟层主的回复比起来简直就是小巫见打大巫了好吧。层主讲述他们北方那边有根深蒂固的地域歧视，只要见到南方人尤其是讲粤语跟闽南语的，就会叫他们蛮子？认真的吗？现在中国最发达的就是讲粤语的香港跟讲闽南话的台湾了，说这话未免太自大太无知了。还说是由于现在南方发展好经济上来了，北方才没有歧视南方。哈？一边说自己是古代的文化中心，一边却什么都用钱衡量，也太好笑了吧。北方叫南方蛮子，南方叫北方什么了？南方对北方有过什么歧视性称呼吗？北方一天天在网上说被南方黑，殊不知最喜欢搞地域黑的是他们自己	Potentially
抠脚大汉，别装了，赶紧游戏上线了，5v5就等你了	None
非洲能跟中国比吗😅	Potentially
河南人偷井盖	Potentially
请问你走路漏屎吗	Potentially
希望吧主别犯贱乱删	None
说得好像也好有道理。而且只要有钱吃药，HIV也不算什么绝症了😅	None
对啊我个人就抵制男同了咋滴啦	Potentially
补充一下，不只是黑人，只要是找过外国人的我都不能接受	Potentially
本贴已上首页，奉劝看到此贴的基佬都去看心理医生纠正取向，做个正常人。	Potentially
为了钱倒是觉得可以理解，我这个回复意思是黑人太黑了，大家不太喜欢，但其他外嫁挺常见的，嫁个人实现阶级跨越不要太爽。	Potentially
所以你和杨笠先分清楚自信和自负的区别再来瞎扯淡吧，一个褒义词硬生生被你们这些文盲玩成贬义词	None
车子没坏吗？	None
黑犯罪率高，还好人？劣质人种	Potentially
国女不也一样xdz、金针菇、茶壶嘴嘛。	Potentially
🤔当然要去非洲啊，可以当大酋长夫人，多好啊。	Potentially
我大学里认识的河南朋友，人都特别好，我觉得河南历史悠久，真心觉得河南挺好的，以后想去玩🍉	None
姐姐你的圈子有点小啊，我就见过黑白在学校门口扭打（女的撕打，嘿人被打），女的带着哭腔质问“选我还是选她”？。。。平时不知道用啥语言沟通，这句倒是字正腔圆的京片子。	Potentially
和那群基佬一样，安能辩它是雄雌	Potentially
交往过的，不管睡没睡过我都不会要，当普通朋友都不可能。	Potentially
我也是去读书的😓	None
为什么jiang学长要打码😑	None
所以，需要广大男同胞发声，多搜集一下男性遭到家暴的例子，然后大规模宣传，深入人心	Potentially
🥺这样的直男好少见额，羡慕了	None
你玩的默都玩腻了，你没玩过的默也先玩了🤭	Potentially
她们跟谁结婚我们不在意，只要婚后别赖在娘家就行，孩子国籍只要不是中国就好	Potentially
你对工程师有什么误会，只有在车间从事生产的技术人员和工地看图纸的才叫工程师？😓制造业种类那么多，做软件的电子的搞航天的都是工程师，怎么就又毒又累了	None
还是太惯着了，才会给她一种自己是美女的错觉	Potentially
这就上纲上线到做风问题了？你在部队班长踢你一脚骂你一句你岂不是要闹到师长那？你在部队该不会学的是打小报告专业吧	None
男權社會：會出現很多優待女人的行為，甚至女性特權女權社會：只會一味女性特權，打壓男性	Potentially
很多保守派白人都是拿中国人当做白人的，除了可能要求你信基督教之外，结婚其实就差一个语言问题。	None
黑东北的百分之九十是“好客山洞” 见不得中国好的是美国佬小日本 见不得东北好的是好客山洞	Potentially
原来是个臭gay	Potentially
本周三，世界精神病学协会（WorldPsychiatricAssociation，WPA）发布声明，呼吁所有医疗机构停止一切有关同性恋的“扭转治疗”，并呼吁在全世界实现同志婚姻合法化。该声明指出：同性恋是自然界中的正常性倾向，性倾向是天生的，没有任何可靠的科学依据足以证明性倾向是可以改变的，所谓的“治疗方法”是基于偏见和歧视的，具有不可忽视的危害性。精神科医者有责任引导减少性少数不平等的现象，包括针对性别认同和性倾向的不平等。而平等的社会环境有助于减少性少数人群所面对的痛苦，改善心理健康状态。世界精神病学协会（WPA）于1950年在巴黎成立，总部位于瑞士，是一个旨在向精神卫生和精神疾病保健护理领域的工作者传播必需的知识和技能的国际精神病学专业组织，宗旨是“推动全世界精神病学和精神健康的进步”。该协会每三年举办一次的“世界精神病学大会”，多次由中国承办。目前，WPA有来自117个国家的135个团体成员，而本次发声，代表了20万人以上的精神病学家或医师的立场。有关同志权利组织指出，本次发表的声明是目前WPA对性少数群体最强有力的支持！	None
有时候我觉得自己很矛盾。我知道这是别人的取向，他们很勇敢，人也很好，我很祝福。但内心还是不适的，排斥同性对自己的表白。	Potentially
别被带了节奏，国内网上很多越南人觊觎两广，想挑拨粤和内地的关系，反 送 中就有很多越南人的影子，油管推特越南人的言论我看了不少，大致是想曲线“收复”。当然还有一部分高贵中原人跟着黑，转身捅自己人，那就是蠢了	Potentially
快乐教育的产物😓生怕我们不知道她们是圣母，还有他们那些极端动物环境保护组织的人 一群玛利亚	Potentially
在新疆工作过两年，本地汉族很排外，问题是他们老家也是内地。	Potentially
你说的方面都是无关紧要的，河南才是真正悲惨	Potentially
哎，我就不一样了，是外来入侵人我就歧视	Potentially
艾就一个滋，你只试一次，黑人有百分之五十的艾滋携带，有群p文化，试试就逝世，得了艾滋真就完全性社会死亡了。	Potentially
记着有对上海夫妻，老婆生了个黑人小孩，这种才是被批判的。	Potentially
公路学院的同学	None
有个个张口“普信男”的微博在，小孩怎能不有样学样。	Potentially
身为黑龙江人我替他向您道歉。这种人在我们那里也是极少数，代表不了东北。一个根本没去过河南的人对河南这么大怨念我也真是理解不了😅我身边就有两个河南同事，人真的很好。	None
可能这样还比拳师好看点吧	Potentially
额，我想问下你们这些吧都有什么活动来反同，如果只是说说我觉得……没啥意思	Potentially
亚非拉◎◎◎不要说我无情	Potentially
内卷是有底线的，你本科毕业再怎么卷，即使在家待业也不会去扫大街。那个男的接这盘，一辈子抬不起头。	Potentially
你信不信很多女人连巴基斯坦、伊拉克、埃及在哪都不知道？还分清美国黑人和非洲黑人？想太多了吧。	Potentially
山东人陕西人真的不爱出门打工	None
草，我不是男同，我也觉得恶性，那我是不是和你一样也是男同	Potentially
集美你的私信关了怎么联系你	None
倒打一耙？ 想认真讨论的我欢迎， 想胡搅蛮缠玩文字游戏的孩子我就不奉陪了哈✌️✌️	None
莆田系医院难道不是骗？哦，莆田系医院不是骗，是杀人，莆田鞋难道不是假？	Potentially
如果不是因为别的原因婉拒你，说明这个人认知水平比较低	None
不用太担心，喜欢黑人的很少，说句不好听的现实中女生都多多少少有点歧视黑人。主要网上那帮挑搞男女对立的渲染的太严重了，很容易让人跌进愤怒的漩涡。	Potentially
扯吧，微博豆瓣小红书哪个不是女性的天下	Potentially
今天我在浦东新区某镇看见一个身材高大肌肉壮硕的黑人和身材矮小的中国女子在一起，去一家洗浴洗脚中心里面去了，真是没办法！我十分反感中国女子嫁黑人！	Potentially
对啊，我也是这样，看到我喜欢的画手是同，就接受不了，可是他的画风我真的好喜欢啊	Potentially
支持家人，直接来个几十棒😆	None
当当当，请问毫无存在感的吉林可以说话吗？	Potentially
但是，女方想隐瞒你也很难知道	None
想下一杯水滴上滴墨水，还它嘛好看，还它嘛不黑，黑人总是美化自我，抬高自身，只懂得向欧美索取对于先辈的赔偿，却永不感恩如果不是欧美亚人类，非洲还是石器时代！	Potentially
人家自己说话，与你有关吗？	None
你在劳资回复犯贱干什么	None
想想外国怎么黑中国的，掌握媒体话语权的都喜欢抹黑别人，因为自己没啥优点只能用过抹黑别人来显得自己有优点。	Potentially
你知道和狗狗吗？这就很容易解释郭南为什么觉得默过的女人很恶心了。	Potentially
其他亲戚有弟弟谭海星。谭海春。谭海娟。谭海琳。谭海坚。邓罗胜。谭海慧。谭海生	None
骂河南人是关内 逼的那位老铁的家乡啊😆	Potentially
上海人路过，我有时候特地喷喷这种有问题的人发泄一下垃圾情绪，上海是风口浪尖的地域黑这种事从来不缺席🤔	Potentially
这不慕勾阿娜么	Potentially
这是要把你变成绿毛龟	None
如果不驱除这黑虫到时候全是这样的小黑虫说自己是汉人是华夏子孙	Potentially
说唱就是个寄吧	None
黑人在俄罗斯抢俄罗斯男人女朋友也很常见，再看看同样热带生活、个个打光棍的南方人和东南亚人，确实强大	None
啊对对对，众所周知：河南，河北是不存在同性恋的。🤣	Potentially
见到黑人就应该上去群殴他们	Potentially
南方沿海主要指福建广东广西海南	None
害，现在不管怎样都能搞歧视经济发达地区就说你搞小资，什么精致利己主义😅	Potentially
这种太恶心了，弄不好国内的接盘侠感染艾滋病了，所以对那些来路不明的女的，一定要搞清楚来历啊。	Potentially
别打拳，打什么拳，点踩举报完事。	Potentially
就不该让这些家伙离开非洲	Potentially
传统以来的观念：男人就该让着女的，她骂你忍着，她打你身受着，男人不能反抗的。不懂有这样观念的社会为什么是父权社会。	Potentially
男权：我们反女拳不是反女性。女权：所有的男人都没一个好东西。	Potentially
去这个索玛女王微博看了一下，全是女拳，大家去看一看，我真叫恶心着了	Potentially
我有个发现，大部分反对同性恋的人很少有支持吃狗肉的，可能它们觉得一边反对同性恋一边支持吃狗肉显得很分裂。可我不同，我觉得同性恋很恶心，但支持吃狗肉。	Potentially
我在湖南黑车基本都被打烂了 初到黑龙江 ✌️一口南方口音被坑了不少钱 难怪叫黑龙江	Potentially
这图，拿来吧你	None
没见过，只是他说“朋友说新疆人拿刀砍人很正常”我就回了这么一句	Potentially
母人进来啦	Potentially
有孩子的父母最明白这一点，对智力还没有像正常人一样高的同恋，始终要有一点耐心处理，所以希望同恋能明白父母含辛茹苦的养育之恩，知道自己孩子是同恋就像长不大的孩子对父母来说真的是很痛苦的。	Potentially
在东北上学的人表示，他们一部分人，直球直起来很离谱，很自私，就是说的话完全不考虑别人想法，但凡一点不顺心就咋咋呼呼的，这种个例占比虽然也不多，但碰上了真是恶心得够呛	Potentially
要不然你以为拜老登一年好几亿美元是白花的?	None
我今天恰好看到这条回答 放心 你绝对不是他说的那种要一棒子打死的人 你看他最后一句话就知道了	None
好吧老哥，这玩意天生的你说改也太难了🤔🤔	None
明天这里会不会有黑小子来？	Potentially
你踏嘛的是不是觉得你的白叠就应该理所当然的在那	Potentially
你们继续你们高逼格的掏粪工作，也要加油，为了你们追求的与众不同而努力。	None
如果女性生孩子是应该的，男性保护女性也是应该的，就别扯那么多不平等了	None
榴莲确实难闻，因为有硫化物的气味，但是吃起来确实香，因为含脂类化合物。说难闻的是因为没吃，说好吃的是因为他不在乎气味而在乎口味。但是从生理学讲，同性恋就意味着断子绝孙了，有悖于一个物种繁衍后代的初衷，如果全社会支持同性恋，不排除很多人从小就被掰弯的可能，中期将会面临伦理和道德的挑战（例如完全可以近亲同性恋，跨辈分同性恋，想要的小孩却不是亲生的导致后代心理扭曲），长期会面临人类灭绝的风险（人类或许没有动力繁衍了）。	None
确实是，感觉女生接受程度更高	None
前男友是黑人，就跟孩子不是自己一样，没人能接受，能接受的都是有绿帽癖的男人，喜欢看别人干自己老婆，	Potentially
河南人多，不好事件就概率性多，给人河南不好的印象😅😅	None
李世民还有鲜卑血统呢，华夏血脉不是有你一半嘛	None
😆韦小宝都会被查	None
也就这几年了，过几年再不拉架，弟弟怕不是直接把姐姐脑壳打烂	None
狗带风向是一回事，女性群体中一部分跟狗走那是另一回事🤔你觉得呢	Potentially
人跟动物就不能混在一起。	Potentially
洗头佬罪不至此	Potentially
一眼顶针，两张图等级都不一样，这样搞大可不必	None
或者说的明白一点，要男人买房买车高额彩礼，就要婚前处女，三从四德。你要结婚前花花，那么结婚也得AA现在的问题是女拳要婚前花花，还得男人买房买车，高额彩礼。男人不同意就舆论打压。不让说话就用脚投票吧，现在结婚率不就是明摆着的么？	Potentially
外国那种不带套的习惯，还真让人害怕	None
兄弟们这个律师说的是真的吗？	None
女生也是中华民族的一份子，也有权占用中华民族的资源。	None
入乡随俗这个词，好像就是个笑话🙂🙂🙂	None
黑人也不是！	None
它和广大女醛全体紫砂估计大伙就能原谅它们了	Potentially
犯罪的小仙女都有病捏	Potentially
原来是睾贵的八旗老百京王爷啊？那没事了????	Potentially
现在的男权吧，已越来越不像男权吧了，貌似已逐渐在女性化，被女性占据	Potentially
跟后天的教育有关，但是吧，非洲包括西方世界里的黑人，有受教育这一说？	Potentially
福利就是你卷得相对轻松。🤣 至于退休金医保这种切切实实的福利也是取决于在哪个口工作。	None
艾滋病不在我的关注范围内。我只在乎黑人基因会不会留在国内。你要反对艾滋病是你的自由，但与我无关。	Potentially
这事必须闹到外地审判才有可能翻案反正湖女省的司法机关真不好说钕拳之都	Potentially
因为我们不一样，不一样	None
害 我发布的文章也说我带有歧视 让我修改 就他妈心累了	None
免费？这老哥怕是还没有结婚	None
他说的难道不是事实？	None
只要是和歪果仁上过的，看都不会看一眼，脏的要死，还怕唉死病。。。	Potentially
yysy美国婚后财产分配更离谱	None
他不怕打门锁流弹蹦死自己？	None
嘿人删我贴就是**子！	Potentially
老乡鸡，只做最纯正的乡批	Potentially
easy girl懂？无缘无故扣这个帽子？崇媚洋外中国好像很普遍，某些大学一年十几万几十万请连汉字都不认识多少的“高材生”？国内211随便挑几个会比这种人差？	Potentially
基佬艾滋。	Potentially
不懂就问为啥某些山驴b这么喜欢拉黑本大爹，难不成本大爹说一句话造成的损失能比他木琴去世还大吗	None
我要是这男的，看见她拍照片就一盆洗脚水泼她脸上了	Potentially
南非被黑人接管以后大把的社会资源和教育资源落在黑人手里，然而呢	Potentially
犯我河南者，有井无盖	Potentially
在网络地域黑眼里，穷是原罪?	Potentially
洋人真高贵，放个屁都是对的，你是站不起来了	Potentially
你可能看不到黑人对你女友玩得有多花	Potentially
现在情况是黑帽门，媚黑，ez群体已经把中国女性污名化，中国男性不再信任中国女性了。信誉受损这种事情很难恢复。	Potentially
是默不是嘿😆	Potentially
提到骗还有福建😅十个福建九个骗说的也不少	Potentially
兄弟们，它们拉黑我了	Potentially
现在的问题是，中国男人要求做供养者，还要作为爱情提供者，这就离谱了，离大谱	Potentially
最没有地域歧视的是河北	None
基佬大多数只会骂一两句就不回，这就是纯种懦夫的表现，赞成？赞成	Potentially
普信奇趣蛋也就能想想了	Potentially
你圈a准一点，我这差点出南拳了	Potentially
这位警官是尽职尽责的人，打爆?	None
毕竟江浙这几年发展太猛了。以前除了上海偶尔被北方人调侃，江苏浙江好像存在感也没那么强。我在知乎上第一次看见“江苏人为什么优越感那么强”的时候觉得不可思议。	None
人家不就说了个普信男吗，又没扫射全部男性，可就是架不住有些人着急对号入座😄	Potentially
果然是有组织有预谋的团体，😅	None
中国男人不配我们中国女人🙂	Potentially
东北老大哥：这只是开始，以后你就会习惯，甚至开始自黑	None
多少真实案例，，她们还不吸取教训？她父母也是失职！不好好教育闺女，养个女儿让人玩，让人骗	Potentially
恶心，同性恋怎么没有问题？当然有问题了！	Potentially
肯定是女滴先打的，弄不好连婆婆都骂了或打了！男人再不打它，如何做人？？？女的肯定骑脖拉屎太过份了	Potentially
默默太恶心了，受不了😱	Potentially
我们那对河南同志的传统印象就是缺水……	None
这要再加上在山大当过学伴，buff就叠满了	Potentially
以下是网址	None
就算黑人不肯结婚 她也不会分手你信不信 她在利用黑人赚取流量	Potentially
还会我父母靠谱点，找的还没这样	None
这你倒是可以代表我	None
我也是服了这个学校了，硬生生的成就了2019年骂人最狠的一句话。	None
确实在骗你，在美利坚亚裔男的地位最低，内个在那里比亚裔男对异性的吸引力都要高不少。当然意识形态在他们那里确实影响不小	Potentially
给彩礼也不嫁什么诈骗犯	None
甘肃人普遍低调	None
不按照母拳预定的轨迹和套路行事，大概率被母拳成为普信	Potentially
你是汉族吗	None
不这么算否则给它6500万年都算不出来	None
怪不得女的一嫁给外国人，屁股都变成那个国家的了，原来是因为跟这边断了，接受的信息都是另一方了。	Potentially
直男天生就有暴力基因，得不到就毁掉，对喜欢的女孩表白被拒就女干杀的犯罪行为数不胜数，可怜的花季少女就这样殒命男人的手里，因此支持所有女同胞和我起仇直男，恐直男，直男都应该去死。	Potentially
哈哈，作者外国男朋友的特征，如果出现在国男身上，就不是优点了，毕竟这些特征那么普通又那么自信。	Potentially
唉，你举报要有用才怪了	None
那个人本来就是陕西的，他的抖音号你可以去看	None
青海人少，没存在感，，，	Potentially
恐怕从这个尼从出生到现在都没洗过头吧！太恶心人了！光看到就反胃！这女的居然不嫌弃，看来是真爱了	Potentially
哎就算没有亚裔他们也还是社会的底层	Potentially
我怀疑你在侮辱窑姐，即使窑姐接了还挣钱的呢，她们白给甚至倒贴🤔	Potentially
关键是这些女的喜欢留学生也就罢了，能从一而终不负初心也是好的，但实际上大部分最后浪完回头找国内的，当初是自由快乐我的身体我做主，后面是严防死守拼命隐瞒感情史，防不胜防啊	Potentially
可以啊。你不仅可以穿裙子，还可以编辫子。	None
我也感觉...其实现在表面上多少人接受同性恋，就是跟风而已，跟风瞎yy别人的人更恶心我觉得，就拿我同学的例子来说，别人以为她是同多少想远离她，哪像网上说那么好听	Potentially
🐮人口多嘛 不过很多把潮汕当靶子 也有把潮汕切割出去的🤣	Potentially
牛马男人做，上层女人做。然后满嘴都是男权社会。	Potentially
把个人资料公开下以后男性司机全部拉黑她就行了	Potentially
浙江人在东北不被歧视吧，浙江卫视台倒是全国各地都在骂，不知道你们浙江人骂不骂，在北京浙江卫视都被骂成韩国卫视了，比韩国人都能抄	Potentially
作为一个女生，我也看不惯和黑人交往的女孩子，反正不知道为啥，就是对黑人有点莫名其妙，心理上的厌恶，我觉得男孩子不肯接受这种和黑人交往过的女孩也是很正常的，不过嘛，毕竟那也是人家的自由，我觉得难受，我觉得不舒服，我躲远点就好了，反正我是不会出言诋毁😅希望男孩子也可以这样，大家知道他是什么样的人就好了嘛，不能接受就不要接受，不过进行辱骂就有点过了😅万一对方的法律意识有点强，被警察叫过去要求道歉也挺难受的🍉	Potentially
这倒不是，广州在知乎只有吹捧没有黑。很多北方人以为南方系媒体吹江浙沪，实际上南方系既黑北方也黑江浙沪，最擅长的是挑拨北方和长江流域互撕。	Potentially
其实不然的，明显反对的还是更多	None
?咱们是没特点	None
影视文学网络到处都是异性恋这就是传播，说什么没宣传，传播就是宣传	None
吴施蒙事件，她前夫张哥也不知道是祖上造了什么孽，好好的结个婚，就一顶顶黑帽戴得天下皆知，闻名遐迩。最后离婚了失业了抑郁了	Potentially
不不不，视频中只有一个小孩，另一个黑色的是动物	Potentially
esgirl👍️	Potentially
到什么山上唱什么歌！身为中国男人，该负的责任就得负，不能跟黑人一样！	Potentially
太真实了。这个才像是真正在现实生活中经历过的人。	None
后面那个是漩涡鸣人变身的漩涡鸣子😆老板：妖狐给👴🏻爪巴	None
浙江人 觉得年轻一代江西人很不错呀	None
山东gdp第三	None
什么垃圾昂撒	Potentially
可惜后续是女方被抓了	None
这话说的，凭什么就允许别人在网上说自己喜欢吃屎，不允许别人在网上说讨厌吃屎了？	None
按城市算，西安才是最惨的，差距太大了	None
果然b乎人均985	None
黑和同：艾滋病的高发群体，这一点高度相似	Potentially
跟我一起唱左炸🐔右🍉吃完一起摘棉💐	Potentially
我真的非常害怕浙江人 点开主页清一色滤镜和戴妃包迪士尼纯欲妆岁月安好 一开口吓死人了	Potentially
想多了才哪到哪啊，不是反感女拳，而是最近一些事影响到她们利益罢了。	None
所以中国的艾滋病感染率9%，这部分女人要贡献很大一部分。政府的恶意不作为其实也给很多接盘侠男生带来伤害。政府好像2010年左右取消了外国留学生艾滋病强制筛查。	Potentially
你误判了😅	None
我不会表现出歧视你，我只会远离你，你嫁给什么人都行，只要别被抛弃了又找国人接盘，嫁给洋人也别留在中国，我就是民族主义者。徒增笑料罢了。	Potentially
本人男，被女友戴了贞操带，女友不戴。我听说有好几个女的给男友戴贞操带，没听说过男的给女友戴贞操带。	Potentially
这能叫歧视吗？我在自己的国家，自己的土地上排斥外来种族，这能叫歧视吗？我这叫保家卫国	Potentially
微博女权现实中被曝光已经结婚,有老公在网上发反婚反育忽悠其他女人不要结婚	Potentially
大家知道怎么让人没法关注我吗？有个叫蒋仁贵的黑咋种老是要关注我，也是无语了！	Potentially
我寻思着 答主说什么了吗您叫他善良 搞得你们全都是善良人似的	None
要向大佬学习	None
话很难听，但不幸的是却是至理，不说黑人了，看看“我大清”制造扬州十日、嘉定三屠、江阴屠城、广州屠城、大同屠城、剃发易服的八旗屠夫们的历史地位，看看现在影视界、文艺界、所谓的“学术”界，“我大清”简直就是开天辟地以来最光辉、最伟岸、各个“千古一帝”的神存在！人必自辱而后人辱之，对于国人来说这并不是一句警示恒言，因为毫无任何警示作用，而仅仅是一种真实的生活写照而已！	Potentially
浙江人挺好的啊，为啥要被黑，浙江也是很富裕的鱼米之乡	None
这就是批判婚姻制度的♀⭕️	Potentially
告辞了各位，现在去研究一下反歧视书籍，半年后回来	None
你能在化粪池里面找一条干净的蛆？	None
这几年大概许多原吧友都隐退了，吧里的帖子价值和热度都不如以前，再加上百度阴间管理，很多吧都容易被攻破	None
为啥总有虾爬子一样的二极管？正常化就正常化呗，非要跳出来表示同性恋就是高贵就是先进就是现代化吗？扯犊子	Potentially
通讯录就是素质感人捏珞复读和被害妄想症已经算轻的啦	Potentially
作者似乎忘了这两只企鹅和其他企鹅的种族不同。连同种族异性都没有，他们根本就没有成为异性恋的机会，我完全可以说这只是他们为了合群而对其他异性恋的模仿，说他们是同性恋根本是牵强附会。	None
倒数第二句、你说的和你的行为一致吗？你有尊重题主吗？	None
但是上海确实排外歧视很严重啊:-|	Potentially
抖音算是把你的那点喜好算的明明白白了	None
呃。。。这个是一个发生的历史。。。这里面法国还是华人都没有神圣性，而是落后地区的男性在发达地区获得青睐这种情形是一再上演的。	None
我倒是不歧视有过黑人男朋友的女性。因为这属实光宗耀祖了，还敢歧视！	Potentially
曾经我反对人种歧视，如今除了黑人	Potentially
以后亲子鉴定技术一定会更大的推广	None
主页整天搁那和不同的白楠yy，就算你真的那么有钱也不妨碍你lkd	Potentially
河北也开始了，刚看到个热门话题，河北是如何一步步沦落到最贫困省份的	None
你眼瞎啊，是没摆放标志罚款	None
希望我国能借鉴韩国	None
有人以生混血儿为荣，部分女生想生混血儿，我真是佛了[吐]，几乎在全世界所有国家，混血儿都等于**，是不被主流社群待见的，饱受排挤的，而有些女生，竟然不为本民族的血脉感到骄傲，不可理解！痛心！	Potentially
你说这话脸不会红吗	None
那你认为中国男人找黑女会污染五千年血脉吗？	None
好了，这都成东北圣经了。东北人把两家媒体的报道拼接起来，就来骂别人双标？！😆	Potentially
在上海，当地的大爷大妈会时时刻刻提醒你是乡下拧🤭	Potentially
天天有人惦记你的屁眼子很高兴，兄弟你是真不挑食呀。	Potentially
他们会很巧妙的在任何讨论和争执中把自己伪装成一个受害者的形象，正常人只要表露出一丁点的对同性恋不支持的态度，就会立刻被扣上无数的帽子口诛笔伐，好像同性恋才是唯一正确的生活方式一样。然后借同性恋与主流不符的这个特性，在天性喜爱叛逆的未成年人群体中大肆宣扬，潜移默化的改变正常未成年人对性的认知，让未成年人认为同性恋是酷的，很帅气的，很另类的。以此达到壮大自身队伍的目的。	Potentially
这不废话嘛，能找到年轻的谁会找年龄大的	Potentially
黑人自己喜欢到处移民去享受别人创造的生活条件。为什么只有黑人一再喜欢强调我是中国人，我是法国人。我是英国人美国人。但是这些国家除了美国之外其他国家的原住民根本不会认同它们是同族的	Potentially
凭那句你您不好看，女拳就已经炸了，直接拿出包里的刀开始暴金币了	Potentially
上帝的伊甸园里牧狗是骨头变得	Potentially
老黑一直都是边说人家歧视他边做伤天害理的事。	Potentially
台湾有一款蔬菜，形容大陆女人的廉价，为了嫁到台湾无底线，那种蔬菜就叫大陆妹	Potentially
每个人都有自己的思想的自由，你有支持的权利我就有反对的权利	None
小仙女根本不怕你们躺平而是外娶	Potentially
外国媳妇的话，日韩越的还能接受，至少同人种。	Potentially
越来越多的男人不想结婚了。	None
所谓“男人比较邋遢，女人爱干净”的刻板印象是咋出来的	Potentially
是啊，现在贴吧没人看了，我们都转战抖音了，抖音现在是默默的重灾区	Potentially
贵州怎么了，不太了解？	None
博弈双方要维持相似的道德水准，所以扩大化不仅不是坏事，反而是大好事	None
是从小穷男富女教育导致	None
性工作者和同性恋还是不太一样吧，这样类比是否不太妥当	None
为什么要改呢，我也是同，做好自己过好自己的生活，不影响他人，不可以吗？🤔	None
他们就是典型的欺软怕硬的，又没自理能力的一族	Potentially
现在不是已经有了吗？那个中非爱情故事的邱昱不就是。马丁路德金只是为黑人争取权利而已。并没有为美国争取利益。时间会证明一切。马丁路德金其实是个罪人	Potentially
广西人飘过……	None
那基佬敢在部队里承认自己是同的身份吗？	Potentially
幕刃瘠薄又逮着“理”了	Potentially
这种人就纯粹是同性恋里的败类，人们对同性恋不好的印象几乎都是这些人搞得。	Potentially
互联网没记忆，我记一辈子呢。以后反正梗就天天玩着，诶谁提到我就提这个事情	None
黑人可是有共妻的习惯的，想找黑人的人，好好想想吧🤔🤔	Potentially
有人为了骂原，甚至会和女拳站一边吗？	Potentially
😓方正的事情都能拿出来讲真是笑死人了 你好好讲讲立碑的事情是周说的 周算不算洗地？	None
说实话，网上挑起性别对立的基本都是猪精，正常人都忙着生活忙着工作以及同闺蜜逛街这些不比打拳有意思，这些人怕不是被同性异性都孤立的存在	Potentially
你们东北人最自卑了	Potentially
幕刃应该把他自己和女性割裂开	Potentially
？？？？？？？为什么这么拐弯抹角的给自己长脸？？？？？不懂～～～感觉江苏在外面得瑟自己“十三太保”是挺丢人的，摆明了不团结，结果还这样美化自己。另外，歧视江苏浙江的人很少的，人家歧视也是歧视上海啊，关江苏浙江屁事，还轮不到江苏浙江拐弯抹角的给自己长脸吧？	Potentially
单亲妈妈熟悉的剧情，有些蠢人活该被淘汰。	None
你在知乎和今日头条多搜搜河南为什么被黑这类问题，然后就会给你推荐类似问题。然后你就不会觉得委屈了😂😂😂！河南仍然是地域黑的最大目标！	Potentially
我一直厌女但这样的话太直接了只要表现出自己一点厌女就会被女的集火攻击不管上到40多还是下到13~4的那种逮着你就咬一点人简乐趣都体验不到后来我就隐藏了起来比如搞妞妹儿的时候我什么也不表现后来我就又成了她们嘴里的老（渣）鼠（男）人呜呜呜呜呜	Potentially
不能带走孩（串）子（串）😆，这难道不是好事嘛	Potentially
这不是非洲boy吗，他的原视频特别有意思	None
东北医疗、教育、住房、养老金都是全国顶流，经济仅是不及东南沿海。鄙视不存在的，部分人敌视倒贴边，据说是历史上被揍怕了。	Potentially
黑人的好人大多在电影里，坏人在现实中。	Potentially
不是回来欺负老实人，而是根本就回不来了！国家统计说女比男只少三千万，但实际上你感觉址这个数吗？就是因为被外国人骗出国后杀了不少！	Potentially
知乎对别人不敏感，对他敏感的很🍉	None
死肥猪去死啊	None
非洲有些国家艾滋病竟然占了近1/3。就这还不劣？	Potentially
努力蛆被嘿玩意骗后，身染艾病，疯狂报复同胞，看到嘿玩意犯罪强力证据后经常装瞎，一有说嘿玩意不好的就神经错乱强行狡辩，吧友从没把它当回事	Potentially
原来美国佬想把中国分裂成几部分，从而抑制中国的发展，首先它们就想把东三省分裂出去，这样粮食和重工业就与国家分离了	Potentially
我之前一直感觉没人黑安徽都是黑河南后来浙江和上海的朋友告诉我他们那边对河南的歧视反而不如安徽我也不是很懂为啥😅	Potentially
请搞清楚不负责和戴绿帽的区别，黑是拔屌无情不负责，帽控是生下来我养跟他姓，老贼是别有用心的生下来看性别决定干什么😆	Potentially
澳大利亚研究人员发现智力与反同性恋的偏见之间存在很高的相关性。该研究由昆士兰大学社会科学研究所的FranciscoPerales领导，并发表在“Intelligence”杂志上，这项研究的样本规模为11,564名澳大利亚人，研究了认知能力与对同性伴侣持偏见态度之间的关系。研究人员通过三次认知测试来提出问题，并询问同性恋者是否应该享有平等的权利。Perales和他的团队发现，那些在三项认知测试（全国成人阅读测试，符号数字模式测试和反向数字跨度测试）中得分较低的人更有可能不同意“同性伴侣应该拥有像异性恋夫妇一样的权利“。尤其是在测试的言语能力部分，持偏见者的测试分数更差。研究即使在控制包括教育在内的社会和经济变量之后，其结果仍然成立。	None
在这事上真应该参考日本的做法，限制黑人进入国门，真不知道引黑人来中国到底有什么贡献	Potentially
那我魔都就不服了	None
母朱的兄长似乎出现了	Potentially
还赶不上失足妇女，失足都不接默	Potentially
禁止种族歧视，吧内话题:亚楠为何这么丑	Potentially
这个仙女其实就是女权定义里的女强人	Potentially
哈哈哈哈还不快去把肖万救出来，那是世界英雄！	Potentially
冷知识：种族歧视指一个国家内部不同种族之间的歧视😎	None
懂了，原来微博对标的是虎扑！谢谢您，涨知识了	None
行行行，女的都是八婆，男的从不八卦，男的看娱乐新闻都会立刻去世，不死就是没有男子气概😄普信男值得骄傲，值得赞扬，您满意了吗😄	Potentially
美国嘿人马丁路德金嫖娼考第一	Potentially
人又帅又高	None
这是中国人，可怕	None
女权发展一百多年，也变味了(悲)	Potentially
然而事实是男同和女同为了过上正常人一样的生活 往往比普通人更加优秀 尤其是没有退路 不优秀就要去结婚的女同 比普通女生努力不是一星半点	Potentially
拿就业来说吧~企业或公司，肯定只能追求利润。因为那样才能生存下去~这类规定实际上只能起反作用，让用人单位更加千方百计地不接收女的	Potentially
直接不接女单就好了，吊事那么多	Potentially
我看各种车祸事件也怕肇事车主是女司机，不然也是群嘲，异曲同工啊😅	Potentially
不是你们先来碰瓷的？????	Potentially
最离谱的不该是中国网资讯吗？	None
这酒十分地珍贵，应该让小仙女先喝。	Potentially
我这个失败者都能让黑小子和他们的黑爹如临大敌坐立不安，仅仅是我一个而已，可见所谓的“成功人士”是多么的心虚。	Potentially
我是东北人，没上网之前从来不知道河南人偷井盖，第一次是从一个湖北同学那里听来的。论说话嗓门大，我感觉是个东北人都抵不过一个广东人。	None
黑人会吹牛，个个黑人都是牛津大学的博士，黑人他爸爸是剑桥大学的博士。有妹子就是因为这个被骗了。	Potentially
江南对北方并不是很歧视，相反川渝很歧视北方，也是带节奏带最狠的，我去川渝就经常有人跟我说“你们北方人抗日不抵抗，我们川军……”“东北衰落，西南崛起”	Potentially
这不光是黑人的问题，哪怕是白人也不行，甚至，哪怕同样是黄种人，别的国家的也不行。你中国人不找，找个日本人韩国人，我也是膈应的。	Potentially
你说的有一部分道理，但是有些人是跟风黑的。东北人才很多，但是你说的那种人也不少。多数在黑龙江。	Potentially
你狗屁才艺	None
不喜欢黑小孩加中国国籍留中国	Potentially
这里面这两货虫类把它们野生动物生物物种形容成狗类这简直就是狗最大羞辱它们野生动物生物物种在严格科学研究定义与众多证明下给出答案它们野生动物生物物种是属于昆虫纲最低等卵体寄生虫。	Potentially
这关普信男什么事呢？	Potentially
此种人不得house啊	None
少说什么，黑人也有好人跟坏人，日本人还有好人跟坏人呢？日本人还有共产主义者呢！有如此的胸怀广阔，选择帮理不帮亲，劝大家后退一步海阔天空，那我也劝大家不要再跟美国人竞争了，美国人科技先进文明发展一统全球文成武功天下盖世，让它们统治全球肯定天下太平？🐶	Potentially
黑江西的也不少，都成正确了	Potentially
是的，通常只求这样的男女跟黑人出国，不乱生垃圾丢在国内污染环境，其他一点不在乎，毕竟是自然选择，智力水平也般配	Potentially
就是啊，之前我们学校一位医学老师开女生安全讲座，说现在中国HIV患者数男男最多！搞得我以后都不敢谈对象了。。。	Potentially
上海笑而不语	None
孩子生下来黑猩猩就跑路了	Potentially
中国男权一盘散沙，现实都是各舔各的，只会在网络上口嗨	Potentially
找乌克兰的还好理解，找黑的真想不到在别人眼里他的下一代和国女生的黑孩没啥差别吗？😅😅	Potentially
这个吧被女⭕️审核24小时看着呢，大伙散了吧！	Potentially
非洲人以家暴为荣，女人地位比驴都低，婚外约pao，养不起家的就直接跑路，艾滋率1/3。在漂亮国黑人人口占15%，却贡献了55%的犯罪事件。这种高级人才才配得上那些小仙女，而且我们没有嫁了人还留娘家的习惯，快去非洲追求真爱吧	Potentially
女生本来就比男的懒这是常识好吧	Potentially
光天化日之下黑哥居然就这样	Potentially
西安人死绝🙂	Potentially
而且，据我所知 ，有一部分女的是被黑人包养，就算她们不喜欢黑人，看在钱的份上也会忍着	Potentially
舔狗不得**	Potentially
还真是，我们吉林收入倒数第三，税收反倒能排上前面😅真是不知道哪错了	None
泼图的意义？以诙谐、从容的形式让同性恋们认知到我们处于优势地位的事实	Potentially
总结：存在感太低的地方，黑都懒得黑😅	Potentially
所以说嘛他在哪个吧都是这个13味儿骂他就对了	None
我就是想证明她们也是哥布林，不是什么体面的圣母，我在想真正抵御哥布林的方式是从我做起，积极的和愚的，黑的，挫的划清界限。积极引进可爱清秀的，聪明伶俐的来升级我们的基因，要明白咱们和她们不是一个物种，千万年后咱们的后代进化成长的甜美身材匀称的天使精灵，她们的后代退化成各种怪物，到时候咱们的后代就可以玩刷怪游戏了。	Potentially
我记得有本书叫重生之黑人留学生	None
囧我就直接了 歧视白人和黑人	Potentially
正常，现在东亚和欧洲生育率最低	None
事实上留在河南的古汉人才是最多的，去南方的都被同化了	None
女生跑大城市的才多把，男生要考虑房子车子（车牌车位），学区房一堆东西。女生靠比入住就行了	Potentially
这很niggeг	Potentially
广东本地人说方言被骂有优越感的表示不想说话🙂	Potentially
预言b站将是下一个豆瓣，A站要火。	None
为什么一定要找国内躺平键盘男，靠女孩子养吗？	Potentially
难道犯罪率不是社会状况的重要参考标准吗？	None
因为某些上海人排外带来的，这不叫歧视了叫反歧视😄	Potentially
上面的度°C别在那洗了，刷屏不是你们干的？别搞笑了好吗，想看开始什么样多刷几页帖子就能看到，少往自己脸上贴金	None
祖籍河北 现居河南 另外你是西安人吧。你资料里都是关于地域黑 西安 郑州 洛阳这类问题的点赞以及回复。我还没准备和你唠唠呢，你就急着关评论，拉黑我😅😅😅 心中有鬼啊。	Potentially
它怎么不动了？！😭	None
建议对理客中进行成分分析这就好比你在实验室做实验，你用GC/MS去定量测产物含量一样理客中和网左大概率重合的其实而且你想想，理客中这么愿意拉偏架，是不是符合网左只会哔哔赖赖从不认真动手的标准特征	Potentially
会打鼓的人都很带劲	None
广东哭都哭不出。😅	None
吃肉不是不可以，但也不要那么大声，毕竟让你们有资本的因素太多了，也不只有你们自己本地人的贡献吧？被时代洪流眷顾了就好好感恩就行。	None
现在只有韩国比较正常还有俄罗斯	None
再说说现实，杨li代言是一个接一个，男女对决还要看现实，反正现实看现在对男性非常不利	None
这样的我真不反对，反对的是那些提裤子走人的。黑人干这事太熟练了	Potentially
在王者开个变声器打打辅助取个软甜仙女名，舔狗和米分分钟来，数麻了	Potentially
我们家没有。我们家只有2个亲戚外嫁，嫁到日本的	None
中国女性就是亚洲女性，东亚女权本就是一丘之貉	Potentially
貌似成都被黑的排第一	Potentially
艾滋病人身上都会有斑斑点点的，一看就看出来了	None
我觉得地域歧视的前提是你和被你歧视的对象有共同的认同。你自认为中国人，人家呢？😆	Potentially
两岸比讨好黑人	Potentially
聪明的已经留种跑路了。而愚笨的还在接盘养别人的孩。	Potentially
经统计黑人艾滋率，暴力犯罪率，没爹率都出奇的高，所以其实他们是对我自身生命安全的负责。假如你遇到一片雷区，然后心想我们不能种族歧视，雷区和马路耕地都必须一样，然后大胆的踩过去，那我也很支持你。😆	Potentially
同性恋不是西方传来的，他本身是先天得来的东西。自然界各类动物都有同性恋！	None
看抖音的人脑子里都是什么成分不用说了吧🤣🤣	Potentially
怎么感觉这个楼猪像是在钓鱼问一个祸害家族与民族这么个民族败类脑瘫问题	None
加油，让阳光充满本吧	None
那些人利女病发作呗	Potentially
女权背后打拳替美国佬办事的狗东西可不少，把黑人娶进来的咋不说呢	Potentially
3楼基佬，艾滋病的传染概率，女传男概率比男传男概率低多了，低个几十倍吧。	Potentially
萨沙这种优秀男士，非常了解中国国情。可能真的看不上国内eg,中国的脸面让中国eg丢尽了	Potentially
“应该”是一个很复杂的词，智力不足的人在讨论严肃的问题时使用该词会造成歧义，比如现在，读者就无法理解你究竟想表达“不排斥就该被惩罚”还是“不排斥对自身或许会有不好的影响”，这是不好的。	None
宁可认滤了几代的旧宫家养子,也不认可血统纯正的女性为皇族继承人	Potentially
这事要怪美国日本，他们一直宣扬暴力血腥的动漫、游戏，帝国zy亡我之心不死。	Potentially
往上翻，有楼教你用话术钓鱼的	None
无意刷到个视频，视频中女方找男方要彩礼，男方认为有些多，女方就说自己出彩礼，但有要求男方什么都要听自己的，我就在下面评论女方给彩礼向男方提要求，那男方给彩礼是不是也可以提要求？结果没想到回复那么多，大多数讨论还是平和的，只有下图这个小仙女，我就回复她女性嫁给普通人就是吃亏，那就放开一夫多妻，让有钱人多娶，让女性嫁人不吃亏。我为女性考虑，结果还是被骂。我也没有说要废除彩礼，也没有说彩礼要少些，支持婚姻自由，过不下去那就离，男人真是太难了	Potentially
座山雕貌似是西南那嘎达的吧？😅	None
可别了，正常女的也会恶心女👊的，起码我身边受过高等教育的女性都觉得女👊傻逼	Potentially
还有百度，男女3:7，女拳特别多	Potentially
国际母猪与龟奴公猪跪舔入寝者	Potentially
有时确实是有低素质老乡败坏了形象，有时是他们不了解，有时纯粹犯贱，反击他就好了这种	Potentially
最奇葩的是高密人视莫言为高密的骄傲	None
已经连续给我推荐快5天了！这会中文的黑猩猩在我国神马地方？？！！	Potentially
可能要等大家忘得差不多了，才弄。最大可能是偏袒黑。	Potentially
没有任何一个舔狗值得可怜	Potentially
肖万 永远的美队！	Potentially
没必要兄弟 那就祝你生活中一个女的都没有 不用谢我 理性讨论 求仁得仁	None
同类遇见同类	None
然后就是B站，舞蹈区，瑜伽区，健身区，女的恰钱和这些男的相安无事。而且说白了人，拳头没打到自己身上都不会痛的	None
应该发到正宗大飞柱吧	None
河南是中原，华夏之源，我觉得挺好一地方，郑州洪水里人也很热情善良，为什么被黑啊?	Potentially
哈哈，现在北方汉人才都有北胡血统吧，不知道衣冠南渡吗	None
我看抖音，有个男的在非洲有了好几个黑小孩。底下的评论让他多下点种😄	Potentially
巴黎人到上海都是横行霸道的	Potentially
生为国南，我很抱歉😑	Potentially
看我直接化身贴吧暴躁老哥，直接喷死双标男	Potentially
哈哈哈感谢尊重，肯定不会强迫支持啊，一个性取向，本身就没啥好支持的。关于这个问题，有一个小视频想分享给您，个人觉得做的特别好，您可以当作茶余饭后一个小视频看看。新年快乐。	None
管她们呢，让她们和劫匪一起死不好吗？	Potentially
原始人的一种，未经进化和淘汰的	Potentially
你以为国女她们不知道这些吗？	Potentially
你这样找什么女朋友	None
浏览是没事的吧	None
中国男性就是被五千年的文化糟粕绊住了手脚。你看女拳一点儿传统不讲。凭啥男人还要跟她们讲传统？负责任？养家？彩礼？不，这一点儿都不国际化。😆	Potentially
几千年人类历史都非常在意血统，杂种无论中西方从来是不好的词。你仔细想想	Potentially
哪敢歧视魔都天龙人😆	Potentially
但是现实中你吃榴莲如果在寝室或者教室别人都不喜欢那肯定会说你啊，跟吃螺蛳粉一样啊，但是现实中那些最会道德绑架别人的人就是那些高调出柜秀恩爱，或者乱搞传播艾滋啥的（同性恋艾滋有多少不用多说了吧），一般同性恋都不告诉你。	Potentially
要是可以选择的话 谁不想当正常人	None
人类基因本身就和野生动物和昆虫纲基因就不一样这是科学上早就是铁论和无数实证都证明了	Potentially
啊这不给他们开除女权	None
饭桶皆深柜，不敢直面自己的内心	Potentially
韦小宝真可爱，他是中华各族人民的结晶。	None
人家老公有特长	None
生而为蝻，我很抱歉这种牧人代表十成是觉得仙女们要彩礼要车要房不愿生孩子还动不动生孩子警告跟你争冠性权的行为很合理吧？？？？？？？？？劳资改个屁的择偶观	Potentially
她自己的混杂	Potentially
什么wzry还会发信号？	None
她们有找黑人的自由，我也有不接受她们作女友的自由呀。	Potentially
我们河南都习惯了……	None
和黑种人结婚就是把后代变黑，黄种人白种人和黑种人结婚生下来的都是黑种人，黑种人的基因顽强是有目共睹的，多和黑种人结婚，几百年后整个地球都是黑色的，在法国黑人的数量已经占据总人数的百分之八，我就不信当国家都开始变色的时候，那些极端种族主义分子还会手下留情，白人可不是善茬	Potentially
给大伙辟辟，也许有些人的女神背后就是这种模样	Potentially
我空间加了一个号以为是发搞笑说说的结果天天打钕拳我直接把她删了	Potentially
寒国割裂的今天、我们最需要团结和理解。没人想成为西八那样（笑）	Potentially
谁给东北招黑了我不说，但我们辽宁人不应该替某省背黑锅	Potentially
黑人不去建设非洲而非要跑来中国享受生活这是怎么回事？难道我们中国人一边要帮黑人建设非洲，一边还要帮黑人养黑人?	Potentially
失足妇女没这么不要脸	Potentially
黑人里面所谓的聪明的人的比例太少了	Potentially
支持正义执行！txl再不管管，气候变暖又要加重了。	Potentially
不以为耻，不好好想想为什么会被女权批评。	None
在吾看来，非洲人妖也好过非洲男人至少非洲人妖不会随意侵犯女性	Potentially
这要换昭和时期的日本人不得一刀刺过去？	Potentially
彩礼？屁礼！大清亡了，还搁这儿彩礼呢，结婚，爱情不是交易，不是买卖，也就明码标价的买卖，还不是真买到手。	Potentially
来不及了，女拳小队轨道空投仓先来一波	Potentially
黑玩意臭不可闻	Potentially
变态同性恋，用词精准	Potentially
山东人路过，个人感觉，说山东土不算地域歧视，确实土了一些。	Potentially
还有离婚律师就离谱	None
nba的确作为篮球顶级殿堂，喜欢篮球喜欢nba很正常，但是崇拜球星，特别是那些品质极差的真的脑壳有包，以前还看过希望用爹吗换qj犯复活的呢	None
吧主你们打算怎么反同	Potentially
婚姻是女人的必需品。男人可以一辈子不结婚，女人不能！现实中无数的男人却比女人还积极，为了娶妻生子不惜掏空家底当舔狗，真是无语。	Potentially
责任最大的显然不是国女，但只能用省略号替代了。	Potentially
我很讨厌这种女人 就是因为有部分媚黑女的存在 大街上见到黑人 他敢肆无忌惮的跟你搭讪 在你透露出嫌弃恶心的表情 他还能淫荡的看着你笑 我觉得不被尊重 很想打他 但是我不敢 我觉得他有艾滋 而造成这种情况的 我认为所谓的媚黑女有一定“推动力量”	Potentially
两广要特别突出一个：潮汕地区，被黑太惨	Potentially
这种地方，要么就是发达的城市，被外来打工的吐槽，要么就是不太发达的好多都出去打工可能素质不太高	None
度度，拿不出证据的话能不能给我道歉啊	None
不好意思，人家原话说的是中国女性。	None
干嘛一视同仁，男人都是潜在的qj犯，黑男更是不同人种男性犯罪率最高的，女人则很珍贵，黑女犯罪率低，受教育程度更高，黑男跑了往往是黑女带孩子养家，怎么看黑男和黑女都不能相提并论	Potentially
喜欢黑人请去你男人国家，赖在中国就不要怪别人骂了，动手都是应该的	Potentially
我将来都不会跟非裔结婚	Potentially
接受她，只要她别嫁给我们中国男人🐶	Potentially
打骚扰电话的时候是随便播个号码，然后可能是拨到酒店餐厅，一个女接待接了电话，说请问有什么需要，我就说你好我要一盘红烧鱼，然后就和表弟不停窃笑，女服务员就冲着电话大骂然后挂了，我当时还百思不解她怎么拆穿我在恶作剧的。	None
我这么说吧，哪里都被黑过😓就没有他们不黑的时候	Potentially
这烂B在古代会被凌迟处死	Potentially
不尊重女性？它们值得尊敬？中国女人的名声在国际上都烂透了，老外们流传着这样一句话“想玩女人，去中国”只要你不是亚洲脸，它们都爱你。	Potentially
今时不同往日	None
本人山东的回族，也是被黑的挺惨的	Potentially
当年玩魔兽台服的时候，台妹的声音是真的嗲，好评！	None
怕得病就不要随便，正经男人女人一生只和一个做爱怎么会得病⁉	None
知乎里的中国女人是不可以有优点的，真的是硬生生按着普通女人的头，让她们承认，反驳这个称号的说明知道羞耻心，不明白为什么一些男人一定要这样对自己同胞，要他们不要内讧，他们说这是洋人给的，一起认同洋垃圾，可笑，自己喜欢外国女人就是为国争光，女人就是比男人多了贞洁感，在男人眼里睡女人还是被女人睡永远是赚了，挨骂的永远是女人	Potentially
看了几天微博我总结到一个规律：只要是离婚的，男性都是罪大恶极的，女性都是无辜的。	Potentially
安徽也就只能用这种方法找存在感了	Potentially
我也觉得恶心，我超级不理解那些腐女乱磕cp，两个普通兄弟被磕cp我不知道当事人什么想法。不知道这个队伍怎么壮大起来的，以前我也不讨厌，可是后来泛滥了，一百个男的里有四十多都是男同，就开始厌恶了，我也不太相信他们天生取向有问题，大概我是烦那些传播同性恋的人	Potentially
好像基督教徒没有童姓恋的	Potentially
哈哈哈，别自欺欺人了四川的黑帽门了解一下	Potentially
大东北现在也不差，主要是网络媒体很多带节奏的别有用心的人搞事情。各项指标：GDP总量、人均GDP、人均可支配收入、人类发展指数、高等教育受教育人数比例等等，都在全国中上游，辽宁还排在前十名之内。	None
我不知道他帅不帅，但是我很帅，而且拒绝过的女人超多三位数。现在单身，而且打算永远单身，除非遇到真爱。	None
毕竟东北人也就一亿人 肯定反驳力度差	None
最离谱的是冒着风险跟他媳妇儿pp还生孩子了他是什么nt这跟医院检查有什么关系他在不确定风险的情况下跟媳妇儿pp不就是对他媳妇儿的不尊重吗也没给他媳妇儿当个人啊他媳妇儿不过是个繁衍工具罢了吧不先想想能不能对得起媳妇儿紧着转移话题赶紧离了得了	Potentially
我刚看完一个截图，让东北人全去死的😠	Potentially
这。。。。其实最歧视安徽省的，一个是江苏，一个是上海。我扬州的，靠安徽，扬州市各个房地产商都说西边那里房子差、不能买，安徽人多，素质差……平时听到安徽就说人家侉子，高考结束报志愿我们班好几个人坚决不报安徽的大学，问他们为啥，他们就一脸鄙夷…………	Potentially
这个熊孩子真是欠揍哈哈哈哈	None
同性恋是一种疾病，同性恋患者不必恐惧，现在医学科技发达，是有设备齐全和医员专业的矫正中心的。及时到相关设施就医进行治疗矫正，早日康复回归正常生活。	Potentially
你跟这种人说不清楚，不如省点流量😅	None
你需要更多的瓦斯	None
小仙女得从小培养	Potentially
母狗冲进来啦	Potentially
？你想表达什么？身边是男娶黑女，于是全国就都是这样？我的态度是，无论男女，生黑混血都不对。全国各大平台数据，本来就是媚黑女远大于媚黑男。如果你不知道BBC 黑桃q组织 可以自己搜搜	Potentially
黑龙江最穷？我一直的感官是东三省吉林最穷	Potentially
这女的也太肤浅了	Potentially
这警察战斗力不行啊，那个女警察被袭击了，	None
az病是美国传来的，黑人其实也是受害者。毕竟黑人也可能没问题，小帅哥自走火炮也可能有问题。关键是黑人az比例很高，这是歧视么？害怕不行啊？	Potentially
我敢说楼主是光说不做，因为别说去“关爱”女性了，光靠近都常常被当做骚扰。楼主现在还没呗投诉骚扰或者挂墙上，说明它根本就没做到“关爱”女性	Potentially
可是我真的很喜欢东北人啊……东北人永远都代表着他们热情、爽快、好客啊	None
为什么都是哈尔滨	None
批价都是舔狗舔上去的	Potentially
是的，我还搜过好多黑黄大战的自拍，基本都是不带套那种，那些女人真是勇敢，生怕得不上病😆	Potentially
说什么呢？上海苏北人还不多？	None
普信幕刃罢了	Potentially
领导角度:谁要这种人？这不是个定时炸弹吗？我又不是拆弹专家。这货脑子指不定有什么幺蛾子，哪天就把我坑了，算了算了，赶紧好走不送。	Potentially
你去帮你的嘿嘿打工吧	Potentially
蛮夷之辈罢了，天生的生物武器最佳选择	Potentially
如果你是黑人的敌人，你活下来的概率较大；如果你和黑人是朋友，恕我直言，你恐怕已经被生死簿勾了名了。所以拒绝黑人就是真爱生命。	Potentially
一生要强的南大人🙏	Potentially
人家塔利班有飞机大炮	None
女的看得上药娘？她又不是女同……	None
楼主啊！我记得这是某位普信女写的关于男性的条件吧，改的好，还有，您的帖子里面有条目🐶，赶紧置顶羞辱	Potentially
因为媚外是表象，借媚外打压锅男才是女拳的目的，反媚外就是反拳，逻辑没问题。	Potentially
东北人追上海不放😅虽然上海人里东北人也不少了	None
盲目移民很正常？欧洲都深受其害，禁止移民难民	None
2021年，西北某211大学，大三，如此受过高等教育的学生，我竟然还有两个舍友组团黑河南，还是那种理智分析地黑，麻了😅	Potentially
如果你是因为天生讨厌，那远离就好了，对吧	None
打人的悲伤蛙？拿来吧你🤣	Potentially
建议建立网络档案，大家把自己晓得的黑人女陪读都共享名字	Potentially
好家伙，整活老哥把女拳的活性转然后买抖+推给女拳粉丝炸鱼	Potentially
可否封了这个索玛女王并立案调查？	Potentially
没交集当然不过问啊，我兄弟要是喜欢鸡，我肯定也会劝啊，他要是喜欢黑人女，我肯定也要劝他三思啊，你打的比方不是不愿作为的意思吗？我问的也是如果你闺蜜喜欢上了，你还是不作为？	Potentially
按照流程：和你对骂-骂不过就开小号来一块，24小时在贴吧和别人对喷。喷到对方没时间理他了他就开始精神胜利然后就会说“你怎么不回了呀是不是怕了啊”反复刷屏	Potentially
传统地域歧视地区	Potentially
同性恋也是正常的，你们这群人也就会以多欺少，不过同性恋依然过得好好的。😆。天天就只会歧视，迫害。以强凌弱。但愿未来遇到比你更强的人你不会被打死。	Potentially
曲阜和孔子这不是好事吗🤣 后面那几个都没听说过🤣	None
为什么我觉得，以前黑河南的是全国，现在黑河南的只有西安人，而黑西安的是全国人民。	Potentially
这四条对应的国家法国瑞典	None
中国14亿人总得有点奇葩。	None
她妈就是洛克菲勒员工	None
霓全价什么时候能被做成刺身	Potentially
这幕刃真的是欠剐	Potentially
说的对，普信男都是这样低下	Potentially
有些人，你尊重他，他会得寸进尺	None
哈哈哈哈哈哈😂说的太对了，赞👍	None
海南最没存在感了😂	Potentially
恰恰相反，爱他就跟他去吧	None
以偏概全了，什么叫底层人的思维，地位低就必须鼠目寸光吗。就是剥削者，小老板 一样有地域偏见的。嘲讽别人的刻板印象自己却也在偏见，我还见过读过大学的老人一样在捡垃圾呢。什么样的思维看人的想思不是看地位。	Potentially
被人喜欢不是一件值得高兴的事吗？人家好像也没有骚扰你吧🤔	None
昨天某音一个热搜，河北沧州偷玉米被抓，偷玉米的都承认是隔壁村的人，下边一个安徽IP热评：听口音这么像河南人，然后三千+赞同的。现在去某音应该还能刷到这个视频和评论。真该算算全中国到底有多少中原口音的人。以我的认知里不算河南人另外最少有一亿人是中原口音。出了事全算河南人头上，有点可悲。	Potentially
呵呵，荷兰人总是说是别人祖宗，可惜非洲人还是全世界祖宗呢，不照样讨人嫌？更何况你荷兰什么名声自己心里没点数！	Potentially
每一个在华黑人背后起码有3个eg，你觉有没有	Potentially
其他男人我不知道，反正我是接受不了，我宁愿娶个三婚带二孩也接受不了黑女。	Potentially
广府人黑潮汕呢你咋说😆	Potentially
玩网游时确实被河南小朋友骗过	Potentially
😅我也实在不明白，有些人玩个游戏都要捏个光头黑人。	Potentially
上去，不要让你的智慧光辉被时间埋没	None
现实就骂丑逼了，幕刃在打拳方面是比男人团结的，中国龟男舔狗太多了，她们一到能和男人吵吵的环节就会无比团结，其实到了微博里就是饭圈撕逼最狠的一群人了	Potentially
默吸毒不是常识吗⁉	Potentially
这样的解释就足够明确了，我尊重你的观点	None
我是高贵的黑人哥哥，讨厌郭某楠，请联系我👍️	Potentially
因为正常人不会专门搜这个话题	None
楼主三观挺正👍️	None
其他支持！但是中国又不是男人的中国。你说那话开为什么玩笑？	None
这个不是有视频吗，再怎么样黑黑在中国打中国女人那两个男的不出手说不过去，如果在非洲中国人打黑女人估计命都不保	Potentially
我是四川人，当初我的舍友怀疑我是小偷	Potentially
固她所愿，与吾何干	None
评论就评论，捎上我法兰西斯坦是几个意思？	None
哈哈哈，没想到现在妹子都挺聪明，也知道嘿人那些手段了	Potentially
看来同性恋只知道污蔑他人了	Potentially
自从把他照片曝光后老私信追着我骂	None
喜欢找黑人pa不是喜欢找黑人结婚呐??这些女的pa累了还得找一个老实人接盘顺便传染下艾滋	Potentially
哭她娘滴个鄙！宁可留下猫，把这小表砸一刀一刀宰了	Potentially
艾滋病啊哥。非洲3000多万人艾滋病。非洲人才10亿多点，这个几率你自己除一下。我也是佩服有些人，为了玩，命都不要的吗	Potentially
那些媒体优越感很强	None
《骄傲的先富人》	None
我记得同性恋都比较喜欢肌肉猛男啊，觉得伪娘这种和女人没有什么区别啊	Potentially
从哪看出的黑人更大，少看点av.	None
所以你想表达什么⁉	None
确实啊 我之前说恶心同性恋 她说我不尊重别人 我都语塞了😭	Potentially
可怜的孩子，抱抱你	None
吧友们帮我骂个慕女狗，打女拳的狗男硬是想被幕刃当狗玩，真丢脸	Potentially
为什么，女生总把问题归为男生呢1.当你不爱说话的时候，说你不理她。2.当你提出相反观点时，她又不乐意。3.当你提出问题时，她又嫌弃你不懂(=_=)。总结，跟女人打交道真难，人不能不理，话不能不轻，还不能提问	Potentially
换成男性起码判四年	Potentially
被侵略还立碑？以为是光荣的事情？果然汉奸	None
哈哈，几个视频都看过	None
古代青楼都瞧不起外夷?	Potentially
同性恋跟异性恋是不一样的，或许是因为我们中国的思想已经根深蒂固，以至于我们有了您这样的看法	None
嘿人删我贴真讨厌！	Potentially
我是合肥土著，合肥晚报早就私营了，和其他自媒体没太大区别，为了流量也没有底线了。安徽的粮食自给率也挺高的，%169，比不了东北，但是除了东北，就安徽最高了。安徽的土地红线比例高达%75，安徽想发展经济的阻力也很大。	Potentially
学伴难道不是慰安妇吗	Potentially
河南驻马店人，被所有驻马店以外的河南人歧视	Potentially
不讨论！你这脑回路比较清奇！	None
可以这么说白皮是普遍性都长得很丑只有极个别长得还算中规中距而黄种人可以说基本上百分之90都长得非常不错而且黄种人也是极不显老的人种	Potentially
可能南方也分为东南和西南	None
小黑砸很死皮赖脸的，很难搞。老是相同几句不停地回复我。有一个老是拿恶心话回复。我猜想他们认为这样就能赶走我	Potentially
个人经历这个真没啥代表性，我遇见的骗子都是福建和广东的。难道我就能说福建人都是骗子吗？ 有一次真被骗走了点钱，我报警了可惜也没用	None
甜上加甜?(虽然我精神洁癖对性敬而远之)	None
对呀我说的是一部分人，我也相信存在的那部分是少数	None
中国发展了，富强了。还要去国际上与西方争夺舆论控制权。到时不愁外国女生不来中国，中国有少量女人出去，随她们去吧。	None
嫁就算了嘛，但你嫁了就别拖家带口地留在中国	Potentially
我家有个日货电器，当时听人说好没看牌子就买了，花了一万两千块钱，攒钱攒了很久，没舍得砸，你们反同的“爱郭人士”有哪位给出一万就行，我砸掉	Potentially
人在非洲黑又贫，黄昏饿晕到天明。一朝登临济南府，大明湖畔四人行。😆😆	Potentially
b站可以说是仅次于wb的第二大饭圈集聚地，出现这种反串行为太正常不过了	Potentially
很简单这个事，出台法律只有中国男人的孩子才有中国国籍，中国女人和外国人生的没有中国籍。直接解决问题	Potentially
同性恋就是哗众取宠的小丑，低龄非主流觉得有和别人与众不同的思想很突出自己的高尚，就算有真正相爱的同性也是心理疾病，同时明明知道会遭到议论和歧视又改变不了，还是要为了自己的爱情把家人置于其他人歧视中的小丑，总结一下捏，txl是个自私而且低能，说理说不过又只会无脑的谩骂的低龄心理变态人群，txl这辈子就这样了	Potentially
如果有人不是单身进吧会怎么样	None
性格善良，指美国黑人犯罪率远高于其他种族	Potentially
其实根本不用那么难，韩女喜欢南亚男性荷尔蒙！但是想控制韩女的自由是不可能是，那些个大胡子也不会威逼，知道得了便宜差不多得了！	Potentially
想多了，长三角现在安徽口碑比以前好多了	None
小丑能出来说一说你的成分吗	None
对的这群败类真是浪费我过粮食资源其实对于它们最好结果就是跟着到地狱十八层当中无间地狱受刑才是对它们最好归宿	Potentially
谁闲着无聊黑江浙啊。。。。。不是一直沪黑全国么	Potentially
其实jatoo是多功能的。	None
舔狗让他死就行了，杀鸡儆猴么，一个舔狗不死，其他舔狗怎么觉醒？	Potentially
力口之束之后，中间方将被对立双方视为叛徒。吃瓜	None
这个混血儿黑人基因已经不多乐	None
小红书比微博更让人反胃	Potentially
囧南方人揍黑人白人也很多好吧 你什么时候看见南方人不敢揍了 南方人就低人一等了？	Potentially
个人认为可以用歪女这个词来指那些多疑、热衷于勾心斗角的女的，虽然在我们传统文化的词汇里面有类似的词语或句子，比如说三个nr一台戏，但是个人认为应该造一个词来反击拳虱的诬蔑	Potentially
如果你把基佬打伤，他的伤口沾到你的血或体液，他就会感染hiv。	Potentially
我被楼里那个，被我疑问句问破防的大男权主义分子拉黑了。所以我建个新楼回复在那个楼回复我的人。	Potentially
正确的通讯录素这样的	Potentially
和平精英的网络公主也没这么女拳啊，鸡疯子还是比农批高一等级的	Potentially
这货应该是虫混而且她基因就是虫混而且一看它用修图功能把它的绵羊卷毛头发修成直发而且还把它的黑咖啡色皮肤修成暗黄皮肤。	Potentially
你写什么了	None
真正歧视外地人的都是新上海人 在上海待个几年觉自己身份证就是310000开头了	Potentially
女拳真是典中典?	Potentially
《嫁到非洲》是什么风气？	Potentially
吧友们来点作用啊	None
每年，山东得挤出3万个大学名额来支援中西部，分给河南的名额有几千个。东部中部每年好像给河南5万来个名额。山东每8个高考生就得被刷下来一个。	None
花钱去讨好一个依附你的吸血虫？	Potentially
直男最擅长的不就是双标吗😆所以现在很多时候我已经懒得讲道理，看见nt直接骂就好了😆	Potentially
北京👴不是地域黑？	Potentially
白女对黑人的同情和包容我也是看得无奈	Potentially
外国人犯罪三年以下有期徒刑的不追究了解一下，他们背后有我们强大的祖国，你去碰一下试试？	Potentially
是个正常人不应该都狂怒吗？	None
看了几个小品，天天喊着结婚生娃，能不能关注一下别的，默不要出现在春晚行不	Potentially
澄清下，我发这个不是为了加深矛盾，是为了让人们看清楚地域黑的可怕弊端，不要让误解更深。🤝	None
山东为什么会被歧视？我江苏的，只觉得山东男生真的帅……	None
弱势与强势都是相对而言的，在美国社会由于白人站了主体，它们属于少数民族，所以只能说相对来说它们属于弱势群体。不过它们只是相对于白人来说属于弱势而已。在美国对比其他族裔它们还是强势的，因为人口。亚裔中东裔对于它们来说它们就是强势而亚裔与中东裔就是弱势群体。	None
你去广州看看，广坎达可不是空喊的	Potentially
如果全国人都讨厌避而远之，就是自己的问题了	None
这么做有啥好处呢？你给解释一下我不明白	None
??????太过分了，她说疫情最好传入河南，诅咒河南人都去死。其心可诛啊。有一说一，我湖北的几个同学确实都比较聪明，也确实都擅长做生意，但是人品很好。	Potentially
这种男的就活该被戴绿帽	Potentially
豆瓣，男女势力基本是1：99。除了看剧外我基本不用。就感情小组就很多，那些女的不管真假就一个事B，你就算中立也会被秒删。而且豆瓣小组是可以报团的。这点知乎和抖音虽然表面上男性占优，但是不方便报团，威力还是不如豆瓣	Potentially
畒是这样的	Potentially
众所周知，南昌是个很文明的地方，对的，就是众所周知…	None
嗯。。确实。。看到男同觉不得什么，但是看片的时候不小心看到男男了就有种搅屎棍的感觉，同样男女这种方式也一样	Potentially
就是 国外的都是好的 连家暴都是对的	Potentially
txl能不能滚出反同吧，你们没有自己的吧吗？	Potentially
毕竟同性是真“艾”	Potentially
你还真不要小看舆论的力量，有很多事情都是迫于舆论的压力才得以解决，如果大家都保持沉默，那才不是个好现象，不光要反对三非，还要反对在国内的所有洋垃圾，还国人一片净土	Potentially
取决于家长抚养孩子的态度和方式，并没有太大关系，但是以所谓“正常家庭”做文章实在可恶，单亲家庭照样可以培养出优秀的孩子	None
对这种事情完全无感	None
反变态吧反变态，天经地义顺意民心反变态吧就是为了反变态的	Potentially
第一条已经把位置局限到北方省份了😅南方智慧人怎么会被黑呢，对吧。	Potentially
不过不会就是嘿嘿吧？	Potentially
因为非粤北的广东人更有钱😠	None
盲猜你把他掰弯了（）	Potentially
在黑非洲，有没有黄种人聚居区呢？像唐人街那种·····	None
香蕉也能炸？？？	None
有一说一 人类进化就是靠杂种推进的 你圈起来养的那些个观赏动物才在意纯种 血统论的目的主要是为了给种族歧视创造合法性 虽然我是皇汉 但是不建议整这种活嗷	None
南京人民表示，用历史来嘲讽南京人民的不在少数，最近这事也一样。而且说的都是胡扯的。	Potentially
中国你觉得在养一个亲华的势力实际上是养了一堆白眼狼黑人很歧视华人知道嘛？	Potentially
吧主是重庆的啊，你们那儿也算是重灾区了吧	Potentially
八国洋人在天津消灭了九成天津人，天津貌似没有被毁灭啊	None
世界公交	Potentially
所以同性性行为和同性恋有什么关系？	None
看你这种人的文章瞬间戾气重了250倍	None
因为不是蝻人拍的，拳尸选择性忽略	Potentially
某些评论是被戳到g点了吧	Potentially
0中国的立法机构是人大，要反对就要让这事变成非法，批判算什么？键盘敲起来有那么好玩吗？	None
这仗已经输掉，男的全成舔狗。何时打个翻身仗啊？	Potentially
这个基佬人面兽心还叫帅天理何在！	Potentially
多少腐癌女生搁哪磕男男？朋友也磕的是谁？连苏轼都磕😓	Potentially
北方的东北河南山东，现在也开始搞陕西了。网上都觉得只有南方一片向好	Potentially
囧上海有100万日本人？就算上海是个有近2500万人口的超级大都市，可你知道100万人口是啥概念嘛？	None
我不清楚那个文化，把你研究犹太人的证据说出来！ 我的观点就是法兰西列强进行黑奴贩卖，大量黑人被贩卖到法国，葡萄牙等地进行劳动，随着林肯解放黑奴，这些黑人就在其国家繁衍！ 你的呢？？？说出来听听	None
你最棒🤭🤭 你去支持你的 我反对我的	None
和黑种人结婚就是把后代变黑，黄种人白种人和黑种人结婚生下来的都是黑种人，黑种人的基因顽强是有目共睹的，多和黑种人结婚，几百年后整个地球都是黑色的，有的人真的就不担心吗？	Potentially
不想被一棍子打死你们倒是拿出点态度来啊😓	None
主要是他们张口闭口说只有同性才是真爱	Potentially
说真的找个黑人男朋友，不是你很难找非黑人男朋友了，而是你很难有同性朋友了，大家都会远离你，然后等着看你的笑话	Potentially
你还能代表全国？如果没有你国民素质至少上升两个档，你快去自**吧	None
华莱士也被黑得很惨，喷射战士段子满天飞，就因为他华莱士是中国人自己的公司。就因为他抢了m和k洋快餐的生意。还是毛主席说的好，敌人越是反对，越是说明我们做得对，若是不被敌人反对，肯定是和敌人同流合污了。	Potentially
国外还有嫁人要冠夫姓，你赶紧去批判	None
东北人表示去新疆都被说东北黑暗	Potentially
这时候，沙滩上忽然响起了警报。	None
这个吧里都是**有个女的喷我然后让我教育了自己外地的去新一线然后瞧不起我大连土著说我是18线小县城的房子不稀罕殊不知她连户口都没落自称当地人	Potentially
以前的工作大都是体力活，干净不了	None
哈哈🍉看过🍉男生真倒霉啊	None
他道歉的时候回他一耳光不就扯平了，注意要在没人的时候	None
应该不仅仅停留在批判，应该竭尽所能去歧视，特别是他们的下的黑皮崽。	Potentially
我们公司老总找了一个克罗地亚的，男33，女24，婚前体检是处女，亲子鉴定毫无不满。那容貌秒杀95%以上国女。一口气生了三个孩子，亲妈照顾。除了需要天天洗澡避免体味以外，你以为有多少郭女比得上？	Potentially
😅😅被黑人搞过的有几种，一种是人傻媚外的，不能要。一种是性瘾大喜欢大家伙的，也不能要。	Potentially
问题是菲律宾这样国家的女孩已经不是烂裤裆的问题了，而是都没裤裆了	Potentially
反正基佬来山东河南河北 只敢学艺术文科	Potentially
你真是绝了！	None
玉米的黄油变成炳蔚通知书，落在头上是写着艾的，还砸出血了	Potentially
不是病，就是传播艾滋，梅毒等并的高危人群。	Potentially
我宁愿做一个四等女人。	None
我姐姐夫有空就带娃，或者就往图书馆里钻，很少出去，	None
真的，你這評論有趣又奇葩，我笑了😅🤣	None
B站绝对下一个微博。女的势力绝对有8成左右	Potentially
主要你说的是结婚，给黑人白嫖拿爸爸的钱养黑人男友的eg不要太多	Potentially
笑死我了，你和答主搁这叠bafu呢	None
有男联吗，维护男人正当权利的那种	None
我承认，我宁愿孤独终老，也不会接受一个和黑人嘿咻嘿咻过的女的。我不歧视黑人，我知道人类起源于非洲，我知道人类从生理到智商大家都是平等的，谁也不比谁差，黑人现在落后是历史的罪过，他们运气不好离欧洲太近了，如果历史可以重来，说不定他们的文明是全世界最先进的最强大的。但我还是不能接受，这跟先进还是落后无关，再次重申，我不是种族主义者，但我好像明白了种族主义为什么在全世界根深蒂固，不能终结的原因	Potentially
俄罗斯？常见个锤子😅俄罗斯嘿人几乎绝了😅	Potentially
不是一个物种，毛主席时代和改革开放年代的女人跟现在的女人是两个物种，讨论归讨论，难道我也要带上你的父母回复你，你很开心？	Potentially
河南人瑟瑟发抖	None
对啊，你提醒了我。植物也是有生命的啊，人类为什么要吃大米、麦子和蔬菜呢？建议欧美开展“植物的命也是命，植命贵”运动。素食主义者全部变成绝食主义者。	None
如果说一个国内的和一个白人让我选的话我还是会选白人。因为个人觉得黄白混血的孩子还是蛮好看的（个人观点不喜勿喷）	None
陈胜吴广揭竿而起	None
现实中不敢跟黑人硬碰硬，网络上还收拾不了本国人？😆	Potentially
真的一上知乎全都是骂的，从女权骂到了女性，然而在现实生活中根本见不着，是我层次太低？	Potentially
毕竟还有恋性病癖，恋艾滋病癖，答主你说对吧，，，这个不是个人自由那么简单了，是这个原因需要批判的媚黑行为。否则那些狗贼把病都留在中国了	Potentially
东北人真的很讨厌阿	Potentially
普信男：都怪老师太漂亮穿的裙子太短！	Potentially
黑人哪来回哪去是最好的，这个办法可以避免“种族歧视”，我就问你在非洲别出来谁歧视你。所以别去人家国家宣传垃圾，没人听的。什么官方？摆脱，官方是官方，民间是民间。我tm一老百姓就不合作就不帮助“国际友人”谁管的着我	Potentially
我没有老攻🌚🌚🌚	Potentially
同性恋跟异性恋都会有这样的人	None
非洲有没有什么划时代的产品？有啊，奥密克戎和艾滋病	Potentially
所以你承认之前视频里面的是你了？	None
现在想平权就不能再把女性当做一个弱势群体了，不要大男子思想不拿自己当人看，遇到性别绑架勇敢反驳大声说不	None
就算实在改不了，你这种同我们也不会觉得讨厌和歧视的。因为你值得别人的尊重，加油😄	None
别说了，我跟孩子姓😆	None
另外想补充一点，香和台被黑其实也不冤。想想这几十年来内地被黑了多少。我们从小看的TVb，电影，随便扒扒都有一箩筐。特别是香的粤语原声电影😅这几年新闻自由，港台不好的一面我们都能看到，想想内地人民地域黑早已进入了固化阶段，没有了新意。突然来个新的港台，那怎能不兴奋一阵？前年的事件更是将黑港台从发展阶段进入到了成熟阶段，达到了巅峰。看几年前打出的旗子，尚可理解为内部矛盾。但当满机场飘扬的盎克鲁撒克逊民族的旗子，实在是让人恶心。	Potentially
这人喜欢的不是文科而是文学吧，文史类学科讲理性、讲逻辑而且极其复杂的也不少	None
是这样的，这种极端言论感觉调调都差不多，就像是什么地方专门训练出来的一样	None
直佬的瓜真是太香了哦，吃不完了	Potentially
看了评论，我在想知道白人是不是也这么想我们的呢🤔？	None
黑人五千年祖先都是灵长类动物	Potentially
狗肉香喷喷，同性恋臭烘烘！狗肉还能做成脆皮狗肉吃呢，同性恋这么恶心连狗都不如！	Potentially
黄字弹幕味太冲了。	None
四川媒体黑其他地方也不少	Potentially
但被爆出来的说的都是上海话	None
男明星是哪种群体的追捧对象你自己不清楚吗？到底该怪谁？	Potentially
媒体从大到小，好事就算东北人做的只提发生地点（南方），坏事就算南方人在东北做的也只提东北，这都是老传统艺能了😄😄😊	Potentially
你不后悔就好，如果他确实洁身自好品学兼优问题不大。不过你既然说出来了，少不得要有人评论，比如我思想上就接受不了这种事（虽然这是种族歧视，但是我确实歧视有狐臭的人，价值观定型了改不了的，仍然庆幸自己没被公知洗脑觉得外国更好，宁可做一个种族歧视者😅）你不用管评论里说什么，没有狐臭长得好品学兼优的外国人是可以谈恋爱的，但社会到了一个关键节点，迫切需要破除迷信权威，就比如今天拜登拉稀这件事，真假不重要，让美利坚成为笑话，挖苦他在金毛面前标记领地的行为，可以破除人们思想上的枷锁。如果不是激烈的反对劣质外国人，公知的声音就会占领舆论😆你要谈个小李子或者孔雀那个颜值的外国人，评论区将铺满酸柠檬并祝贺你为国争光，	Potentially
完全正确呀楼主	None
潳沙它们，嘿蛆跑走就会嗐仁了	Potentially
民族团结大过天	None
我们同性恋真是太正确了	Potentially
果然吗？北欧，可是北欧是一群炼铜海盗哦	Potentially
中国男性配不上中国女性	Potentially
有一说一真的不会有审美隔离吗，例如黑人白人看我们都是黄皮，我们也分不太清黑人白人的样貌，甚至觉得黑人严重不符合我的审美	Potentially
本来就是一帮没啥别的只能靠地域来包装自己优越感的傻*，网上输出暴论自我安慰图一乐罢了。	None
我在，我每天都在关注都看的！	None
尊重？很多男同性恋都是在涉世不深时被忽悠甚至被骗的。	Potentially
我只是生理性，不受控制的反胃…我其实也蛮好奇为什么自己会有这种不受控制的生理反应	None
自由社会真是所有无耻作为的遮羞布挡箭牌了😓	None
又是个黒杂	Potentially
这位小姐姐评价相当精准，把整个事的来龙去脉，包括人们的心里所遇到的问题，已经提的说的明明白白清清楚楚，不错，很有眼光，但愿女孩子们都看到，尤其是我们的女大学生们，别再为了几句甜言蜜语，为了所谓的几分面子就找不着北了	None
没事没事，宽心点，出这两个成语的时候还没有贵省。要到明朝，从四川湖南广西云南各划拉一块地才拼凑成了贵省😄	None
江南侉音非宁镇莫属😆	None
你这个喃蛮编的故事挺好的	Potentially
举报和点踩，这个人就是吃女拳这碗饭的，建议每个视频都这样骂只会给他流量	Potentially
我想当个黑人，来中国留学……	None
老鼠乌托邦实验，黑人不攻自破	Potentially
人人高人一等，但我们能和猩猩平等吗？	Potentially
说得不错真的害怕，显性基因洗不掉的等我们黑混成规模了整个国家会不可避免黑化下去，造成很严重的社会问题，想想子孙后代都被染黑的时候，这片土地还是炎黄子孙吗	Potentially
美国不是流行娶黄种人吗？	None
广东没有吧，我去广州他们刚开始以为我是新疆，之后我说我是黑龙江他们都夸我那边能看到雪然后厚道啥的，我对广东整体印象还是挺好的🍉	None
他是说黑人器大活好，没说rap，那里越黑和粗越会让女性产生原始冲动🤭	Potentially
贴吧系统就是这样多发几次就行了毕竟这是百度特色嘛	None
曾经有几个都被封了	None
黑人的感觉丑臭脏黑。给黑人睡过的女人就是被弄的臭脏黑一样。男人也爱干净。	Potentially
艾滋病，要人命	Potentially
额正常中国男人会跟黑人女性交往吗…	Potentially
內個虛空法師是什麼豬精	None
江浙沪黑安徽是最凶的🤣🤣	Potentially
上海某些媒体黑北方可是很严重	Potentially
东北人表示…习惯了，别把它们当人好了	None
在，钱最重要	None
妇联不管？也确实，妇联不管男性儿童被性侵的案子，也不管男性被家暴的案子。你们就是一群分裂势力，别把自己抬的太高。	Potentially
大可不必，我可不觉得你姐夫的留学圈子里会少了那些人😓	None
黑河南、黑北方的都是南满，黑河南、黑北方的总部是广州，核心地带是从上海到广州的整个东南沿海，范围是整个南方	Potentially
底层女不会嫁给底层男？她们或许有上择倾向，但也不是每个中层男都愿意下娶她们啊当然了，光棍问题是永远存在的。	None
汉族的祖先不是主要在山西吗？而且河南很多都是山西迁徙过去的后代	None
所以还在p站吗，我去批判批判	Potentially
你就没想过那些人是高级黑吗？	None
因为我们不是同性恋，找黑女白女关我们屁事	None
我批评坐地上看戏的，她就阴阳怪气了	Potentially
那你去瑞士啊，别在这狺狺狂吠	None
反过来也是一样的，有些人就是要强迫别人认可他们，啧啧	None
美国黑人并不缺教育资源	None
我们内地就先被他们黑得很惨啊	None
这也能遇到你	None
某些地区能够负重前行，那是因为有别的地区在为他们风花雪月	Potentially
中国人，只有家的概念，没有国的概念，你看沈阳市大连市互相考的上吗？你看沈阳市里人郊区人互相看得上吗？你看你家小区住洋房的，高层的互相看得上吗？	Potentially
我的QQ空间已经有普信男，下头等词语，正在清理网友中	None
如果黑人搞过的女人骗炮呢	Potentially
他真的有错吗	None
黑就算了，还长得那么猥琐。不知女生喜欢他们什么？	Potentially
不知道你反驳的点在哪，答主也从没说过没有，只是一个小范围。你还要怎么样呢？一定要举各种例子来证明国女的肤浅🐛茧方能显现出你的优越感吗？说国女都爱黑，你们要假惺惺地说也不是全部人都这样，说不是全部人都这样，你们又要跳着脚宣扬周围各种事件。你们要怎么样呢？你们想要我们怎么说呢？	Potentially
嫁印度人怎么说？五等吗🐶	Potentially
哈哈哈哈哈哈，笑死我了，真会诡辩；这么理性的你不应该嫁鸡随鸡，嫁狗随狗？地球这么大，他能跑出地球？哪怕天涯海角、倾尽一生的时间找到你口中负心汉，用你无限爱与被爱的力量感动曾经与你共度的黑人，书写一段可歌可泣跨国恋情，如果你连这点都不敢尝试，你这三言两语叫我很难相信你啊，很难办事啊。	Potentially
我一直在鼓励国男外娶或者不婚，去规避越来越高的接国际盘的风险，我担心个啥🤣	Potentially
黑子们四五月份骂上海，六月份骂唐山，七月份骂南京，八月份喷海南，	Potentially
我们上海最近很红，毕竟黑红也算红嘛，让他们多骂两句多黑黑也无所谓了，浙江和江苏就低调发展闷声不响发大财吧，发展才是硬道理。我们上海就当仁不让的抢个2022最不受欢迎地区吧😄	Potentially
这也造成女性权益运动更为世人所同情，而男性权益则被嗤之以鼻。因此，他们认为：即使是在男性掌控社会地位和权力的社会，仍然在运行女本位主义，以不断牺牲男子利益的方式来保全女性。	Potentially
针对女拳而已，😆应该还有些好点的女人	Potentially
所以别人歧视我们也是说的那么难听，一口一个人中国人怎样怎样…甚至出国别人都对中国人有不好的印象，现在所做的行为不是跟他们之前歧视中国一样嘛… 虽然这么讲有点圣母…对于正常恋爱我觉得没问题吧…至于洋垃圾和eg确实该喷…	Potentially
你们同性恋为什么不收敛一点，我们看着觉得恶心	Potentially
那我就实话实说了吧。🐶从我们童年时代开始，安徽那边过来的就是乞丐，捡破烂，穷苦农民工，你说让我们没点看法那道德要求也太高了🐶根本没有黑过。要想改观，等历史翻篇吧。	Potentially
多数女的，所以，维小人与女子不可教，古人早料到	Potentially
13襄金边了是吧？	Potentially
山东黑别人挺厉害的	Potentially
你确定电信诈骗不是广东福建地区口音？？	Potentially
就是嘛，都说了 不喜欢黑人，一个个的还在哔哔赖赖，那你要我怎样？啊，广州就是有很多黑人呐，难不成我看见黑人就要立马钻到地底下？😠	Potentially
女孩子不能急 😅	None
东北人热情好客，讲义气，热心肠，天下皆知，某些人见不得人家好，特别是两广一带，心里不平衡，酸呗	Potentially
潮汕人？你们的刻板印象不是钱多吗🥺	Potentially
针对的是基的智商问题不是善恶的问题	Potentially
有黑人终成眷属，祝福吧能找到自己的爱情也是一种美好的诉求，爱情永不落幕，可否不分肤色的界限，在这土地里你我不分高低，黑色肌肤给他的意义是一生奉献，肤色斗争中	Potentially
小的时候有一次在幼儿园上课，忽然飞进来一只手掌那么大的蜜蜂，所有的小朋友都吓得退开了，老师说不要动，然后我直接冲上去用手罩住那只蜜蜂，然后被蜇哭了，在家躺了几个月，太蟒了	None
凭什么？女性生孩子是权利而不是义务，什么本就应该，见鬼去吧！	None
可有我大南京文明？	Potentially
这可能就是个人问题 异性恋也有被骚扰的时候	None
有钱的蛮夷自然惹人记恨	Potentially
它只有大量繁殖才能保证种族延续。世界乞丐，不是吹的	Potentially
我们联合起来把他列入黑名单什么的，让他封号	None
果然，美好的世界还是要依靠自己亲自创造，永远不能寄托于别人	None
我觉得这才是真实情况，大部分人不论男女避之不及。也只有被洗脑的那一小部分会贴上去。正常人应该都知道大多数黑人的秉性。	Potentially
人造子宫出来了要她们何用	Potentially
对我们这些不外娶不外嫁的人而言，黑人、白人有什么区别？就是个人种不同、文化背景不同、过往历史不详的陌生人。我们又不混外企圈，为什么要在社交圈子里引入这些只有风险、没有收益的陌生人？这是个理性选择，不是种族偏好的问题。	Potentially
我并不歧视同性恋，因为我知道，这个世界大了，什么都有，没必要搞什么歧视，说实话，我只是单纯的反感而已，某些杠精请不要把反感和歧视混为一谈	Potentially
只要记住一个原则，黑蛆是动物，所有的谜团现象就能解开。	Potentially
我爸在广州被四川的骗过钱，在列车被人偷了钱，逮到后也是四川的😅，在深圳我妈要生我时，我爸抱着我妈去医院，在路上被一个四川的抢了包😅我爸现在提到四川的都是一股气	None
我连谈恋爱都不想	None
反正我不当冤大头?	None
从事这种违法犯罪的都是东北人？	None
我也觉得👍️和外国人谈过恋爱的男人很脏	Potentially
我不会选撑同弱智	Potentially
人和人当然平等，人和猩猩平等？	Potentially
笑死我了😊，你说是就是吧	None
中间的黑人小哥太帅了	None
兄啊，这澡可不兴洗啊	None
要不要一起组队猎杀默和easygirl	Potentially
所有的地域刻板印象都low到家了	Potentially
debuff叠满了，本人西安上学维吾尔族极左普信男粉红爱国蛆😄	Potentially
安徽是河南永远的兄弟	None
经典我是男的。	None
sb！真正聪明的男人已经留下了种子还不用负责！	None
河南的分数线简直不能看。。	None
我是男的，我支持你的看法，我也觉得很脏	Potentially
那是他们搞错了，江浙人民黑啥东北，南方系要的就是挑起地域间的矛盾，他们被带了节奏。	Potentially
祝你成为人尽皆知的接盘侠	None
性格善良的人全世界多的是，都住到中国来吗？	None
河南省有一个白头村，原因是地下水含镍丰富。	None
房子和车不是钱？彩礼现在10万都是少的了，30万也不新鲜。	Potentially
这难道不是传说中的警察大战黑猩猩？	Potentially
钻石在特定条件下会灰飞烟灭，而且这个特定条件很容易达成。所以钻戒这个东西，不吉利的。	None
河南逃难那时候主要还是逃到陕西，河北，山东，所以给别人带来很多麻烦😅	Potentially
不应该让他们加入中国籍，中国籍没有黑人！	Potentially
我看孙吧，孙吧人个别素质很差，这一点我不否认，但是就观察来看，哪怕素质最差的所谓“孙杂”，其素质也要比来反同吧找骂的孙杂强上百倍，如果说孙杂是人类这个群体中素质非常差的一批人，那孙杂这种生物和人类这个概念可以说是不咋沾边【图片】	None
回去看看你们中部城市建设和生活水平吧。	Potentially
银监会再投诉一遍	None
真相了，就像我喜欢黑江浙沪焊奸多	Potentially
这么说吧，就是一群那啥尖嘴动物，去认门，认清楚哪些是富豪，哪些是潜在富豪，以后捞钱的时候不要走岔了	Potentially
我觉得很恶心啊，这是心里表现，但是我不会侮辱他们啊，但是我会侮辱宣传txl的，而且是狠狠的侮辱😄	Potentially
中国的男艾滋病人，基本上全是同志，你让她嫁给谁。	Potentially
我现在在每一条地域黑回答下面都能看见浙江人，黑山东，山西，广东，湖北，东北，都是浙江人，我是真的理解不了，浙江人是不是除了自己谁都看不起啊😅	Potentially
还“龙阳之好断袖之癖”...可见普通人都已经深深被撑同言论所洗脑，说起这堆东西还让人听了感觉似是美谈一样!你去历史学者那里看看真正的历史:“龙阳之好断袖之癖”的都是些什么东西?亡国之君!为什么正史中从不提及?因为肮脏淫秽!因为他怪癖、脏癖、恶癖!中国历史上的皇帝多了去了，难免有那么几个荒淫无耻下流的(所以国都亡了)就被撑同的提出来万般歌颂美化蒙骗无知大众!你相信当然就是无可救药的愚蠢。从这点也深深可以看出撑同的是些什么东西了:要说皇帝，中国历史上多少勤政爱民的好皇帝，他们提出来的那都是些什么荒淫无耻之君?足可见全是辣鸡臭味相投!	Potentially
看样子，我给小孩的分配条件里面要加强一条了🤔。1.当兵的多拿两层。2.找黑人处对象的鸟毛不给，滚出户。	Potentially
以我的经验，女性多的大学或者专业要小心，工作接触老外比较多的要小心，实在不行就找体制内的，毕竟国家已经帮你审核过了。	Potentially
反过来，女性提高家庭地位的方法：工资上缴	Potentially
对于它们必定最后结果就是疯狂零元购	Potentially
为什么必须反女拳	None
所谓的渣男只是回归天性罢了！中国男人被责任的枷锁，束缚的太久了，把枷锁当精美的首饰，这是个错误，老黑身上唯一值得学习的地方就是他们没有家庭观念	Potentially
看到小红书这三个字儿	None
微博豆瓣就不管吧	None
河南真的太惨了，我河南同学被黑的不敢说自己是河南的	None
女性都应该有一份属于自己的事业。	None
我也是念书的时候才知道江苏这档子事的，以前我从来没觉得苏北南有这么大隔阂，我看地图都以为江苏所有人说差不多的方言（即使现在，我也觉得吴语区和淮语其实有很多相似的地方），最奇葩的是竟然有泰州的歧视盐城的，而且是在老乡互相介绍时，那泰州的冒出一句：原来苏北的。他俩从此有仇	Potentially
我猜想，大概率是南方系媒体作祟，小概率是国外势力	Potentially
国男知道了，哪怕结婚了你还会被甩😄	Potentially
文化软实力还缺点	None
这就是典型的国籹罢了	Potentially
楼主别理会亩刃	Potentially
能否尽灭默妖，关乎人类之存亡，文明之延续，责任艰巨，意义重大！	Potentially
一群披着人皮的炼钢售，躲在人群里，难以分辨，基本没机会面对面KO[表情]	Potentially
河南人对陕西可没有成组织的黑，本人生在河南，在西安上学，每次亲戚问到西安都会翘起大拇指，说句好地方!舍友是个陕西人，真是黑河南有种被洗脑了的感觉，受了三年高等教育了，还拿他的亲戚给他从小传输的那些知识说事，什么“河南蛋”，什么河南“小偷多” ，还有他们村里那个“上门女婿”是河南的等等，我给他解释，他也听不进去，然后沉默一会又冷静地说“河南人确实素质不高”，关键他连河南都没去过，麻了😅，一句一句无不是带着极大的偏见，仿佛陕西人在河南人面前就带着天生的优越感。河南人对陕西可是带着极大的尊重，我们只是单方面被黑，用“有组织地互黑”不合适。	Potentially
别这么感性，男人都这么没逻辑性吗？这个真辟谣了。	Potentially
不希望以后中国遍地都是黑人小孩，怕但是治安社会矛盾突出，大家过都过不好，大家都是中国人，感觉大家还是不一样的…没有那么懒，没有那么多政治正确，没有那么多暴力和低素质，5000年的道德约束还是有的	Potentially
人家没惹你吧	None
txl是社会问题，应该有人管，而不是当透明人	None
前者加重对女性的精神依赖（无非是围绕着饥渴和厌恶这两种状态），后者摆脱对女性的精神依赖导致的对自己生活和思想的束缚。	None
这个母🐶没了男的也买不起车啊有个批没了男的也没地方卖啊	Potentially
白人妇女生小孩后，臃肿不能直视	Potentially
楼上就有一个感觉他们两广被黑了，很委屈。然后黑河南就觉得大家只是玩梗~玩梗～还要劝河南人别玩不起🙄	Potentially
是你对号入座了吧😆	None
埃及文明至今还没有盖馆定论，目前还没有任何一种观点是所有考古学家认同的，楼主发的论点具有争议性并不可取。文明的发展和传承需要长时间的积累。非洲黑人如果经历过璀璨的文明的话，不至于落到现在的境地。	Potentially
2.一方面说同性恋是天生的，在人口中比例是固定的，说同性恋不能被矫正，直男也没法转同。另一方面却常为直男被“掰弯”成同性恋沾沾自喜，面对成功被矫正的同性恋案例却视而不见。----直男扳弯和所谓矫正同性恋一样，都不过是城乡故事，并没有任何医疗临床证实。相反，全世界医疗界反复验证了性倾向无法改变。所以在论坛上说些斗不过是私人观点斗嘴，毫无意义。	Potentially
什么硅南，能不能死一死？	Potentially
如果是中国男友恐怕是骗不到的，就算骗到了也是个无期徒刑	None
普信男破防实录了，属于是🤭🤭	Potentially
关键是黄精灵是真的摘不到蓝精灵一样多的果子啊	Potentially
西安本地都是河南人，在西安城里面走到哪都能听到河南话，有必要黑河南？我听到见到的主流声音都是豫陕一家亲，从足球来看，无论陕西浐灞还是现在的长安竞技，都是和河南建业关系最好。个别黑河南黑洛阳的是带着KPI的，甚至不排除反串的，请不要再挑起豫陕两省的矛盾了。	None
我不歧视黑人，但我不接受有过黑人前女友的男生，我这样想是不是虚伪？但这的确是我的真实想法	Potentially
既得利益者指责被剥削者了属实是	None
东北人声音比较明亮，可能是我们这边比较冷，所以说话底气可足了，感觉自信满满哈哈南方人说话比较温柔声线也挺好听，给人感觉很舒心很柔和～我倒是都很喜欢！但是作为东北人我尤其是喜欢浙江人的声音，真的是声线柔美气质佳～	None
像你这样还去找证据的人不多了。我不太明白为什么作者和其他评论区的人还能完全信西方媒体新闻的，前阵子的新疆棉花事件都忘了吗？还有BBC阴间报道，以及西方媒体上对中国的各种抹黑禁言等等。	Potentially
秘密被发现咯	None
去B站看看，小仙女诬陷好人猥亵，黑框眼镜小仙男替小仙女出头，远离诬女，今日朱军，明日诸君	Potentially
大丈夫能屈能伸呐🐶	None
武侠火那时候全是龟男道德观，自然衍生出这种作品	Potentially
我已经累了，也懒得讲道理了，爱咋咋地吧，ez和默关我什么事啊，总有一天中国要整出个右翼分子	Potentially
十二生肖里没黑人	Potentially
女的都这种玩意儿真以为男的想结婚？当然，舔狗不算人	Potentially
这就是没救了	None
我是ftm我该死吗	Potentially
我是在河南的黑龙江人😜	None
听说还要升职，山东大学国际排名提升了	None
骗子不是都来自河南，经常遇到骗子就要想想为什么身边都是骗子❤️	None
卧槽，还有这种操作吗，稍微好一点的酒店应该需要自己的身份证吧，只要查出几次就可以判定这是个什么货色了，但是很难找关系，一般有公安局朋友最好	None
宁愿小鸡守活寡🤣 也不想小鸡沾粑粑😅	Potentially
大家可以多混混黑界和喷系，学学滚刀词汇，练练打字速度。也最好多了解学习一下语言学，逻辑学，辩论学，这些可以帮助大家出征仇男雌教魔怔教徒更添一笔整体战斗力和攻击值！	Potentially
这种话就没必要说了	None
对东北来说东北以南都是南方，对广东来说广东以北都是北方😊	None
有时间去骂那帮说好帅好帅的，别在我评论区下面发疯	None
LGBT：我不听我不听我不听	Potentially
西南地区也普遍看不起贵州人，喜欢搬弄是非地域黑，你上面那个就是地域黑，反正就是说贵州它们就说其它地方才是，老🐶了	Potentially
上面什么时候宣传过这个风气？一直宣传的是女强人，妇女能顶半边天的正常女权，每年评感动人物的也都是无私奉献，舍小我成大家的雷锋精神，什么时候怕老婆成为'上面'鼓吹的精神了？若上面真是用这种方式刺激消费，那锤子镰刀还是尽早换了吧。一直是所谓的'民族资本家'为了利益，鼓吹这种风气来刺激女性消费市场的。这些'资本家'能代表上面？他能高我们一等？	Potentially
对事不对人吧，她又不打拳	None
人家是在调侃啊	None
尬黑，意思是韩女正常哺乳都不行吗？	None
支持憨色正义破女权防	Potentially
度度又在刷屏啊，找没找到我是小号的证据啊	None
这楼里的同性恋者真可怕 就是因为有你们这样的人 同性恋才会被误解	Potentially
已经做了，他们挺开心的	None
上个回答下面就有一个河南人在骂东北人😆👍	Potentially
女性到底应不应该有权利呢？	None
哪都有骗子，骗子最多的城市应该是温州	Potentially
没关系，某些地方人就是喜欢干这一套	None
东北比上海惨多了囧	None
HIV最先也是从黑猩猩传给黑人，黑人再从非洲传遍全世界。	Potentially
现在有些女O确实有点过份	Potentially
民粹主义真是笑死我，戴帽子还得是你。	Potentially
所以要反对同性恋，那才是骗婚主力	Potentially
果然答主是日本血统，日裔遗孤，挑起省际矛盾，居心叵测	Potentially
这幕刃直接经典我一男的	Potentially
男人荷尔蒙比女人高，所以发生这种案件时常会有的	Potentially
好像，最可笑的是你吧🤣	None
可是我爷爷姥姥是山东人 我奶奶是江苏人呀😅	None
其实男权女权，最终是父权与母权的博弈而这种所谓父权与母权的博弈，已经转嫁到了母亲和母体的博弈	None
让他们多吃点苦他们就清醒了，都是自找的	None
大姐推荐电子厂和纺织厂	None
主要是下手狠，一个黑龙江人，一个辽宁人，必须打一个，我肯定打辽宁的，因为黑龙江的能玩命，豆豆鞋，紧身裤一看就肝颤.....下限低，上限高，有位兄弟说的没错，一小撮黑龙江人，尤其是年轻人，素质极高，彬彬有礼。但关键是不能赌啊.....还是发展不平衡，导致差距太大	Potentially
看的口水都流出来了，它这条狗只能默默地吃它的烤红薯	None
又是你这个高贵的殖蝻啊	Potentially
反对一切圣母行为	None
一群站街女！看来可以说是免费鸡院	Potentially
山东相关部门操作很迷	None
这个人宣称要“白黄黑融合”	None
你野die们在呼唤你	None
以后出门逛街遇到这种满脸都是妆的我大家伙得离远点，不知道卸完妆是什么贵物	Potentially
就这母猪****，老子真想一拳把她这张烂坯脸打成稀泥	Potentially
一元购真是这帮东西的天性	Potentially
男的娶了外国女人，滚出中国。女的嫁了外国男人，滚出中国。交往过外国人的，都不要留在中国	Potentially
不让他们搞，但是在性教育的时候，应该让他们学会尊重这些群体。比如说泛性恋同性恋双性恋性单恋这种基本概念应该让他们知道，并且告诉他们要尊重	None
毕竟人家是高贵的异性恋男性呢😆想什么都是对的，一个个都能自己做大科学家，能自己给txl群体下定义呢😆一个个都是大哲学家，贯彻了形而上的思想方法，将以少见多的理念发挥得淋漓尽致呢😆	Potentially
自己可以查查黑人比例，好像有些地方黑人有50%的比例了，黑人平均好像是10%还是20%。反正就是一个离谱，离大谱，而且很多是有其他各种病的	Potentially
国男只能通过婚姻获得性？？？？我是不是听错了？你骗骗国外无知少女还可以，用来骗国女，合适么？	Potentially
普通人不自信不就完了，真牛人也用不到自信啊	Potentially
这种垃圾看多一眼都觉得浪费时间	None
哈哈，lgbt是这样的，他们觉得自己才是先进的，不支持lgbt的都是愚昧无知的，不先进的，崆峒的直接就是还未开化的。而自己作为lgbt群体则是代表了西方先进的文化和思想，觉得异性恋都是缺少性教育导致的。lgbt群体，他们永远高高在上，他们永远都在叫喊着让大众包容他们，喜欢他们，允许他们的存在，确容不得别人不喜欢他们，无法接受他们的存在，简直是赤裸裸的双标。	Potentially
怎么还管到韩男了，不过孔刘眼睛看起来确实怪怪的	None
我猜你是浙江人~~	None
中国男人死光了🤣🤣	Potentially
应该把你这种黄皮黑比物理阉割	Potentially
那些亩狗，纯纯畜生，这个词作为PUA男性的东西，解释权只能在小仙女手上。	Potentially
但是对线是需要确认对方意图的	None
谁喜欢小黑啊，黑不拉几的看一眼都嫌脏，也就某些连汽车排气口都不放过的男人会喜欢黑妞	Potentially
我也是很支持同性恋的	None
我也是给国男提建议 提升自己的素质不要不尊重女性 每个人都有自己的选择 无论合不合你的心意 不要给中国女孩儿按头eg了	Potentially
它们只会骂中国男性，🐑跌跪舔还来不及呢	Potentially
把这帮孝子贤孙冲爆	None
肤色是显性基因，遗传概率大	None
广东人跟广西人长相有什么区别？本来就同为珠江流域人，语言风俗长相文化都相似，从南越国到交州到岭南道都是同一个行政区，广东人以为攻击广西自己就不东南亚了？	Potentially
我上大学的时候，被河南人骗了400块钱。。。	Potentially
这年头某些烂裤裆都这么明目张胆了？	Potentially
黑蛆经济来源分为寄声，帮派，?品，奖学金。	Potentially
营口市中心医院，核酸检测的挂号处那个男的说话语气巨差无比，说的我想揍他，但是又没人捞我	Potentially
同性恋也能用同志？简直就是笑话，让同志一词的脸往哪放	Potentially
果子狸前几年很嚣张举报都没用。现在微博好像看不到了。	Potentially
广西人表示你们都别跟我们抢了好不好？	None
他们拿钱了，要恰烂钱呀	None
为啥济宁会被黑	Potentially
至于黑蛆是不是“人”，至今还存在很大的争议	Potentially
我认为你的观点是不对的，同性恋可以和异性结婚并不能说明他们喜欢异性，更说明不了同性恋是能改变的，如果和基因没有关系，还有可能和激素或者受体有关	None
这正是这样不会把自己人推到对立面，要知道许多媚黑只是排黑目光的产物，她们其实和默没爱情，如果真有的话她们为什么不美黑呢一个个妆化的那么白。	Potentially
性本身就是有自主权的啊，这个不分男女，很多男的天天yy女的怎么怎么yindang，其实基本上是自己自作多情罢了，或者说一厢情愿。无性恋比例百分之2，即使是直人，性也和激素有很大关系，雌性激素越多（越有女人特征的）性欲越低，雄性激素才是掌管性欲的东西。况且女人也是人，除了性还有别的追求好吧？	Potentially
这鸡汤好喝	None
你气炸了的部分原因也有物化女性的成分吧？认为中国女性是中国男性的伴侣，但是这不是印度，女性也能顶半边天。女性和黑人和老外谈恋爱我觉得不要去管那么多，但是如果存在烂交群P等事情，发现一个公布一个，毕竟违法了。	Potentially
恐同者通常都具有暴力倾向	Potentially
撑同的:你们不是口口声声讲“科学”吗?出来走两步?放着正常器官不用，非要狂搞人体有害细菌最多、最为肮脏的排泄器官?以至于基佬们都弄得年纪不大各种肛肠疾病缠身、身兜尿不湿这就是你们鼓吹的“科学”?“文明与科学”怎么会产生这样的结果？？？	Potentially
lgbtq可不可以理解为垃圾边态群体	Potentially
东北我觉得还可以啊，该被黑的还是上海本地人，让人呕吐	Potentially
国外生活成本低给我笑尿了	None
男人不适宜的就忍受呗？男人的命也是命！	None
喷吧普遍男性反串带节奏，故意说一些反动的话让更多不知情的男生变成所谓男拳来无差别攻击全体女性	Potentially
对待黑蛆直接清空弹夹完事	Potentially
从小偷井盖，攒钱卖羊肉串，来人问你这串保熟不？你拿着切糕的刀给他砍了。	Potentially
我们是对方的两倍	None
你要过去管着女的给你来一句“我乐意被打”你信不信，真事。	None
抖音真的可以	None
是啊，为啥歪过男性可以团结起来格了正服还有各种干什么，过男不行，基因不行，所以说过男都是下头男！	Potentially
这只是猩猩同类之间的交配而已	Potentially
别惯着她，不然以后有你难受的	Potentially
我新疆的回族也算被黑惨了，虽然一部分确实有错但是不至于上升整个地域	Potentially
全是这个只要是男的你发评论就会被这表情冲	None
你上过985？	None
尼玛 老子脱发 搞毛发型？😅	None
中国有你这样的，真是中国的不幸	None
😅😅😅你是把出差一夜情当恋爱玩呢？这跟黑人不黑人都没关系了😅😅😅正常男人也接受不了啊😅😅😅	Potentially
谁也别说谁。现在有些苏北人在网上对江西的态度跟仇敌一样，已经见怪不怪了，有些甚至直接私信辱骂，还没见过地域黑能到这种程度的	Potentially
这个力帆是那位约我见面的大叔吗，前阵子闹很大的浦力也是同一个人吗😨	None
大家怎么看	None
人均寿命黑人第一	Potentially
哥们我支持你，好女人值得珍惜，既然他欺骗你在先，那就没必要有负罪感！	None
可不。我搬运违反民族团结了。	None
说得好像你过的比我好似的😆	None
一旦这些通过了，以后会对男人越来越不利~	None
3女同还是一个系列的的片	None
母√是这样的	Potentially
我有个前女友，她有过一段时间和另外两个女孩子住在在一起，三女孩组成了一个恋爱关系	None
我是想说那他们提出的人造子宫不能解决因为需要子宫而不得不听女人的话的问题吗	Potentially
相比直男，gay对女性要友好得多了	Potentially
其他省监狱也满满的呢?	None
那几年河南人在新疆很猛啊，淘金的那几年，河南人在新疆抢金骗金事情不少。	Potentially
男性需要思想解放，钱都给女的了，她们还不满足。	Potentially
新疆人卖切糕	None
死掉的嗨人是好人	Potentially
天机预言，后世潳嘿	Potentially
唐山打人事件，第一时间，就有人说：东北人干的。	Potentially
我猜是浙江	None
你看看河北😜啥也没有	Potentially
虽然但是这和国内女的又有啥关系😅🙏你还附送个性别歧视???	None
中立的吧主会是不男不女的双性恋？	Potentially
当然是江省了	None
男性貌似是2020年才开始觉醒	None
滚走不送谢谢拉黑我你就可以滚了省着我骂你了	None
正常人们都去做别的事了，而沉沦于低级趣味的人还是一如既往，真是可笑啊。	None
主要是那些黑人在中国都不负责任，非洲还有很多的传染病。	Potentially
没有，商丘表示黑的是整个河南，也就洛阳好一点	Potentially
我去，我无法用语言评价了都	None
一代又一代的先贤以及列祖列宗将中华民族最优秀的基因传递我们这里，而一些“女人”却在用自己的身体通过与黑人、白人媾和，污染着最优秀的基因传承。这是她们父母的悲哀、祖宗的不幸，整个民族该唾弃之，让她们如过街老鼠一样，不能在阳光下立足。	Potentially
女人的属性 生理特征就决定了女人不可能有所谓爱国情怀，有这种情感的女人早就在战乱年代被淘汰灭绝了，我不是针对哪一个女人，只是女人这个物种就是这样的	Potentially
咱不说舔狗和理中客的问题，就说这组织力，就不一样，这次的立法可见一斑。举个例子，去年二月，女拳集体冲霹雳霹雳（B站）那次，组织力度之强，声势浩大，都没见过，而且从各方面下手懂得冲合作方，懂得影响股市、带动舆论。而起因仅仅是B站为了平息风波，各打五十大板，既下架了那部动画，又封了那个舔饭圈和女拳的LexBurner，就被骂“辱女”了。它们的口号：LexBurner可以因为辱女被封，但是不能因为舔它们被封。与之相比，微博上连“鲨光男人”都说得出来，别说冲了，骂都没几个人骂过。所以，短时间内，男性会被女性压着，直到在忍耐中爆发	Potentially
我女生，已经脱敏了，男拳女拳就不能正面冲一波吗，老拉上普通男女干嘛呢	None
同性恋本身就是自然界的一部分，有没有危害看同性恋的所思所行，以及和异性恋对比下对社会的价值影响，研究这么多年浪费多少钱和人力了?最后得出个是个人都知道同性恋不是病的结论，，，，，	Potentially
为什么国男喜欢跟饭圈一块玩	Potentially
优秀人才另当别论	None
基佬的艾正常人也不会要，还谈什么勾引，真艾只属于基佬	Potentially
还是不一样的。首先，在非洲的中国人几乎都算当地土豪，土豪享有优先交配权很正常，国内土豪也没少玩。其次，那帮渣男不会因为有个非洲对象就有优越感，更不会因此贬低国内女人。相反，有国外对象的女人明里暗里秀优越，贬国男，甚至当二鬼子的可太多了。	Potentially
跟过黑人的女人兄弟盟接不起这个婚，都嫁给你，没别的，慷慨🤭	Potentially
广东确实比江浙沪包容多了	None
来了，基蛆无非就是在网上吠而已现实生活中谁都知道这是不健康不正常的	Potentially
民主党搞的和平演变路线，说白了就是葵花宝典，美国国内现在也是一堆这些破事儿，把自己切了让别人死。典型的又蠢又坏。	Potentially
楼主的表情是可以的。	None
您嫁出去没事，您找个中国国籍的黑人也没事，但是你不能再你的黑人老公被遣返或者回国过后还留在中国啊！国家政策是谁污染谁治理，而且看您这么有爱心，肯定不会让你的孩子没有爸爸吧！去非洲参加活动-爸爸去哪儿了？[蹲]	Potentially
穆罕穆的们，对非教徒，那就一个字词，over！	Potentially
那不是老实人，那是愚蠢	Potentially
真的是一整个大无语事件，不知道有没有看到我这篇回答然后剥开信息茧的男生😅	None
黑市就能买到，有钱就行就是价格比较贵，要找很久，世界上还是有阴暗面的	None
这籹的打个手游还打出优越了	Potentially
所以嘛，不计较，欢送，把她们送回现代人发源的土地去	Potentially
钕人是地雷是吧全身都是雷区要狠狠的打	Potentially
他说的这句话是反驳 那些让同性恋收敛一些的言论，事实上只要不违法不破坏公德，没有人需要为了别人而收敛自己的本性	Potentially
我一个上海人考到外地 周围同学天天看到我就开玩笑说 上海人牛逼 上海人都很有钱的 我直接emo了一个学期	Potentially
巧了，我回上一个评论没看到您这一条，意思一样。	None
贵州才是吧，不是我们穷就是说素质差😅	Potentially
“地球是圆的”是一句正确的话，而“同性恋”只是一个中性词而已，真不知道怎么可以类比的	None
我支持男同胞	None
拳师正在反思中……	Potentially
拉低和族基因了	Potentially
话说回来你又能拿同性恋怎么样呢？？有本事就弄死他们啊。几千万个，慢慢来。反正对于你这种以强凌弱的，也就这些本事这种心胸了。	Potentially
以我过往有限的生活经验来说，如果认识黑龙江的新朋友，还是提高下警惕比较好😅，越是底层的越要小心，下限比其他地儿更低，其余和其他地儿差不多，甚至上限更高	Potentially
其实不用管这些人的，正好崇洋媚外的都走最好	Potentially
创新性慰安妇	Potentially
对，我该被骗	None
而我只是对前面的人实话实说而已	None
很多国男喜欢吹的拉美中东女人喜欢国男也不是国男个个alphamale而是靠着韩国男团输出kpop洗脑，所以普通国男跟着沾光	None
硬要说的话，大概是三观不合，肯定没有共同语言吧。我个人觉得三观匹配比其他的都重要。	None
在台湾人眼里，中国好像就他们一个岛。	None
在中国这种男多女少的社会，但凡女孩子温柔体贴善解人意一些，即便样貌欠佳也根本不愁嫁好吧😓😓只能说嫁给老外的女生本身就有媚外的属性罢了😕😕	Potentially
我怎么看是你们在歧视上海吧…	Potentially
极生期快，新城代谢快，生存环境差，卫生习惯差，繁殖旺盛，极衰期快…嘿畜狌就是动物	Potentially
可拉倒吧，打小报告都来了，你们思政指导都是吃干饭的是吧？还小报告。怕是成天嘴不干净找挨揍的主🤣编也编像点，这长那长的找你谈话就不嘚瑟了🤣	None
只要秉持反黑。都可以	Potentially
所以说到底他不还是个大猪0吗失足我都想象出来那个画面了他艮个脖儿在那🔒	Potentially
别把河童的图片放上来。。。	None
这下姆蛆help姆蛆了	Potentially
说不定这男的是个同性恋，被女友发现了，然后杀人灭口	Potentially
人形畜狌只有本能除了寄声就是寝犯种群铁律亘古不变真理只在射程之内	Potentially
在今日头条新闻里，一个自称中国精英女写文章说嫁给了尼日利亚的商人，在中国结的婚，声称黑黄混血后代已经深入到中国的各行各业发展！！！	Potentially
直接举报这个黑比，	Potentially
黑人都是默默默默默默默默默默默	Potentially
请问你是自己见过，还是经历过？	None
你们还是先担心担心反同恋吧吧，票数只有我们的一半以下	None
抖音上陕西骂洛阳的，比洛阳骂西安的多的多	Potentially
哈哈哈杨笠就是个丑女拳	Potentially
这种人三观一般都是有问题的，娶回家就等着鸡犬不宁吧，更别说再遇到老外，戴绿帽的几率无限大😓	Potentially
往哪里跑都无所谓，要清楚为什么往外跑，谁把自己害成这样的都不知道，看黑龙江跟南方人哭诉的样子真可笑	Potentially
艾兹病毒入脑了	Potentially
甘肃人躺地流泪	None
不是，我去过2次上海，真没遇到过😅	None
所以对立场偏向母畜方的小作文，我现在是一概不信?	Potentially
算了，老实说河南人被黑还是因为太善良，这样一个假装河南人，故意引战全国的匿名回答，不少人一看是以为是老乡居然也来支持。大家仔细想想，这样的人是什么居心？一边说别人地域黑，一边黑别的地域，这不是故意给河南人招黑嘛！	Potentially
起码一首古风歌曲跟同性恋关系也扯不上，你可以支持同性恋，但请别传播，因为大部分人还是异性恋🤔，谢谢	None
上海人是真的看不起外地人??	None
男权吧和女权吧都发一遍那楼主能不能把聊天记录截全了啊	None
在80年代以前，黑人还没有现在那么嚣张，反而对白人卑躬屈膝的，一被欺负都不敢反抗。无论是马丁路德金还是曼德拉都是救不了黑人。现在黑人嚣张程度到了好莱坞主角第一，还有反派不能用黑人，蝙蝠侠超人都得黑人演，不喜欢还可以按自己想法改戏，一不小心就是歧视。以前的欧美是权大于钱，现在是钱大于权。其实造就这样的局面，还是资本的力量，而不是民权运动胜利的结果。主要还是以前白人保守势力太强大，如果资本不注意权衡各种力量的分化，早晚自己会被吃的连骨头都不剩。因为资本不允许一方力量一家独大，这样对他们没有好处，只能培养各种竞争对手。与其说是黑人地位不断提升，不如说是资本力量对他们控制厉害，在欧美，大多数警队都不敢在贫民窟执行任务，除了害怕打黑枪，也害怕各种口水淹死。所以贫民窟基本上是国中之国的三不管地带。本来那些走投无路的西药房和火力强大的烧火棍就多，很多不正规的交易就在贫民窟完成，现在不正规的交易都被洗白。	Potentially
真不知道那个弱智会看上这种人	None
说实在的大连市的几个区还要比来比去的，看不起甘井子区，不知道从何而来的优越感。	Potentially
哎，怎么说呢！早习惯了！年轻时候会想争辩，现在么，想想今天吃啥还来的更加实际过好自己的生活，待人接物礼貌，工作努力积极，有能力再帮助下，看到地域黑的帖子笑一笑！毕竟生活是自己在过的！😂😂😂	None
对女性共情就是一种错误，真正的平等是不能够共情的	Potentially
还没等我来得及发表意见 有黑人男友的女孩已经先开始喷人了	Potentially
第一次听这故事就觉得不对劲了，你这驴子许愿就非得要主人？奴隶惯了吗	None
我也歧视默啊，咋滴	Potentially
我觉得你根本就没有仔细看我说什么。我强调了，不接受同性恋很正常。	Potentially
所以大家要团结起来对付这帮地域黑喷子，而不是黑不到自己时就成为帮凶😄	None
黑人自己都不看。	None
你就别幻想了，刘某，你只是个奇趣蛋。	None
我看看还有没有🐶出来维护他	None
我最讨厌两种人，一种是种族歧视的人，一种是黑人🥺🥺🥺	Potentially
我不是最懂，但我起码会查法西斯帝国得历史，而不像某些人一来就说什么计划😆	None
对，没有基佬基因。基佬们都说它们从小就喜欢同性，这个居然也能被它们拿来证明自己是天生的同性恋？请问：哪个小男孩从小不喜欢跟男孩子们一起玩？？长大后正常男性称这种喜欢为友情，而基佬因为各种在外因素变.态后称这种喜欢为爱情？？	Potentially
对，所以我从小教育我女儿不管什么时候，都离黑人远一点，大部分来中国的黑人喜欢做坏事，还喜欢带着身边人做坏事，然后会被警察抓去坐牢。牢记一点，远离黑人，幸福平安。	Potentially
想什么呢，西方宗教反对同性恋仅仅是因为同性恋不能下崽而已。宗教信仰这种东西说白了都是人定的。	Potentially
都去非洲就太好了	Potentially
舔狗基数太多了什么时候舔狗没了才会改变局势	Potentially
有句话怎么说的来着，小人得志便猖狂	None
黑东北的广东第一名	Potentially
骂棒畜是一回事，骂幕刃又是另一回事	Potentially
东北三亚怎么来的？	None
网络需要正气，晒出来了就少说难听的话	None
人和低等动物不一样，低等到行为只受基因和本能控制，人是高等动物，有着复杂的情感思维意识，人的行为更大程度上是受后天因素影响，这就好比吸烟喝酒上瘾就很难戒掉，这跟基因无关，只是需要毅力来克服，自我愿不愿意去改变，而非不能改变	None
但要实事求是，不能用演员和运动员比。运动员老得快，对皮肤保养这些不太在乎。应该拿尼古拉斯凯奇和郭富城这些比，这样才比较好证明。	None
单身主义者看戏	None
不就是因为觉得自己恶心吗？什么撞号，分出个1啊，0啊的，简直是笑话。自己歧视自己的群体，应该是个垃圾群体吧。你们谈恋爱有多少人能超过三个月？嗯？不肯一起努力，捡现成，摆烂，物质主义，为了金钱抛弃爱情是你们这个群体的永远主旋律，像张国荣，图灵那样优秀的能有几个？恐怕优秀的人才是你们这个群体的少数派吧，不然你们怎么会经常性恋爱，每一段恋爱都逐渐使你们走向孤独终老的最终归宿。哦，我忘了，你们大多数人压根就没有老的机会，这个群体提倡的主要生活方式同样糟糕，你们真的觉得自己能活过五十？好了，我说的应该都是事实吧，死基佬们应该哑口无言了吧。	Potentially
基佬纪实啊.	Potentially
真羡慕你们这些还对母拳抱希望的人	Potentially
谷爱凌这波风头，有没有可能是老美反向宣传？趁着跌停的出生率，鼓励外嫁！或者宣传白人至上？刚才还有个小仙女怼我呢，说我影响人家改良中国人基因了，说我酸黄瓜酸死了我让她找她爸去了！	Potentially
重点是视频里还不是同一个默囧	Potentially
千万不要找大龄，尤其是从大城市回来的大龄剩女	Potentially
因为黑龙江人近代移民比例更多，向外跑的也更多。	None
女拳急了，他急了他急了	Potentially
此女为海牙蝴蝶姬第二！	Potentially
以后亲子鉴定希望跟验孕棒一样普及	None
送动物园或回归自然才是对它最大的爱	None
好家伙，这也不是值得提倡的吧？	None
张国荣说过：男也好，女也好，我中意就好，同性恋没什么我觉得，反而可能会比男女要更幸福，我反而还很看好这个同，我身边就有很多，他们炒鸡炒鸡幸福哈哈，真的是很羡慕了	None
什么叫本地人干的坏事全赖到外地人头上，法制节目里犯罪的基本都是苏北安徽的，身边但凡有点坏事都是外地人干的，吴语区本地人就极少有干坏事的人	Potentially
这黑人应该回非洲去	Potentially
为了生混血孩子是咋想的🤔	Potentially
陕西关中人和陕南人黑陕北人好像是因为陕北有钱来着（煤老板暴发户太多）	Potentially
要想彻底解决歪国敌特和网特分裂势力，就要彻底与那些歪门邪道者绝缘，除了科普日常的爱国教育和正确思想价值观的公益广告，还要限制歪国来华的留学生和外来移民问题。	Potentially
还有一种不容易被发现的方法，买个探伤机用里面的辐射源做成定向能武器。在大街上看见黑人就对着他照就行一时半会没啥症状。等到送医院发现也找不到源头了。	Potentially
你形容的好生动	None
我们河北……地域黑都黑布到	None
穷不过三代，俺们这些底层断子绝孙的考虑几百年后事情干什么🐶	None
上面的骚操作不是一波两波。	None
想找个	None
吃狗肉当然没有什么危害社会只可惜了危害社会的人反而不自知，比如随意引战恶意最大化污名化	None
反正我也是认可同性恋的，但是总会有那么一些异性的瞧不起同性恋😠	Potentially
渣的人不分性别不分人种，犯罪就是犯罪，就事论事，上升到群体就不好了，还有黑女受教育程度高这个不准确吧，重男轻女男尊女卑严重的地方女性就是生育价值啊	Potentially
孩子本来就是她老了以后的保障，问问她为什么还要和男人要保障，这种两头抓不可取啊	Potentially
这b算是废了	None
“每个节日都会有精心准备的小礼物，有各种小贺卡和手工艺品”花这么点就有个两年的伴侣，这待遇郭楠可以有吗？	Potentially
太惨了，别在意，那些人都是个der	None
本质上就是被身份政治洗脑，转移矛盾的傀儡罢了，西方犹资的老套路了，不能只看到表象，要知道幕后黑手是谁	Potentially
第一代女拳是境外势力资助，微博那会被抓的全是男性，真要令我笑死	Potentially
日本人踩雷了成本才大😅	None
有几个女的跑网约车？都是男人在跑，他们还得顾家赚钱，哪像这种幕刃除了比必啥都不会？	Potentially
大风起兮云飞扬，安得猛士兮守四方，嘿畜，任何时候都要剿，不剿不行	Potentially
女拳是伞兵，不是说女性是伞兵。虽然很多时候区分不出来吧。	Potentially
怎么会批判呢？她们爱谁我管不着，我只有一个要求：嫁出去的女儿泼出去的水，既然已经泼到非洲 了就别收回中国就行。	Potentially
国内国外都有反对的吧。。。只是国外比较开放 。。。	None
我二弟又被屏蔽了，你去别的地方发，这里的AI可是芭芭拉小魔仙的存在	Potentially
女性在非洲地位很低	Potentially
老照片：日据时期的广东，汉奸横行，满城尽是日华亲善	Potentially
经济水平在某个阶段，当地人的素质也会在相应阶段。这不是地域问题，这是经济问题。延伸到印度非洲，我也是这个看法	Potentially
这是敌人才会说的话	None
已经输了，新生儿60%是黑人。以后的法国是一个黑人国家。。大概就是20年后。。	Potentially
不是你们在那碰瓷江苏人会理你们?	Potentially
那我们也有鄙视的自由啊，可以鄙视xx癖就不能鄙视媚黑癖吗	Potentially
女性结婚无法拒绝需求很不合理，这个好	None
犬父无虎子😆	Potentially
贵州也没话讲	None
上个帖子被贴吧破防的幕刃举报没了，后面我看重新申请回来	Potentially
这里说没啥用，重口味的女人不会出现在这里	Potentially
是这群人没有良好的审美，我们反同人士都喜欢秃头油腻大叔，这才叫帅，有男人味。	Potentially
还没阵亡女人就已经去舔羊带人默带人了	Potentially
黑人有中秋节吗？	Potentially
反正只要争辩起来就会 安啦上海银。。。。🙄	Potentially
内卷到最后，就越来越有六镇起义那味道了	None
差不多，小学的时候班主任也是打拳的，男的打女的抄课文，女的打男的p事没有，结果最后一个学期快结束了全班男生起义	Potentially
我是平等的物化男女性，不是性别歧视，男的	Potentially
答主，你真的是一个善良而理性的人。对于gay恶心是本能的生理反应，这是很难克服也无需去克服的。但是你能理解性取向和身高长相那样不是自己能控制的，就像长得高的不会看不起长得矮的那样，作为异性恋你也平等地看待同性恋，谢谢你的理性和善良。	Potentially
你歧视男的，打女拳？就你们女的能扭？	Potentially
我一直觉得，绿帽宝要是能做出来，市值肯定超过阿里	Potentially
是媚黑后被中国人集体排离了，没人愿意跟她有交集了，慢慢的时间长了精神就不正常了	Potentially
你们北方发展不起来是有原因的，南方比你们发达咋滴？	Potentially
寄声虫是骂不走的，只能拔除，如果拔不动，那就弄断再拔。	Potentially
我们班的上海人都是拿鼻孔看人的（生理意义上） 别的省份和别的省份玩的到一起 上海人永远只和上海人玩	Potentially
这司机长得还行啊	None
啊这你从哪看出来他们是东北人的啊？	None
广西人有东南亚爪哇矮黑人特征，扁鼻子大鼻孔凸嘴+个子矮小，反正不喜欢东南亚人	Potentially
大致意思是有人开始用黑人的办法对付黑人？	Potentially
不是什么最后。只有人权没有其他拳种。没有什么拳种可以，乃至配凌驾于人权。南拳，旅拳互殴随意。僭越人权就该收到社会谴责，法律重拳。	None
莫言书里写自己十岁以前活得跟猪狗一样。然后网民翻出他儿时的照片，衣着干净，白白胖胖。	None
这个我试过 真心听不懂 我同学坐火车从南京到太原 我给他打电话 他说了两分钟我一东北人根本听不懂 下车二十分钟他改回来了	None
计划生育80年代发生的。我们这大概70年代末（乡下）。所以我们这80-90几乎都是独生子女，不论城市还是乡下。我同学里有兄弟姐妹的屈指可数。这里是东部沿海，如今当地人口稀少，本地人特别少。分配财产子女都有份。我父母那代就不存在重男轻女（他们60后），也不存在全职太太。所以中国很大，很多事情我是成年后到其他地方才知道是真的。所以也意识到好像女拳打的世界和我认知的不太一样。她们或真的生在水深火热，或只是根据别人的经历打拳。	None
黑命贵祸害原住民是事实	Potentially
可惜亚裔不会反抗，也不团结，要不然不会演变成如今的局面	None
劝你从良把图删了	None
知乎早就沦陷区了，别说知乎，现在贴吧大本营都岌岌可危	None
跟无限索取，整天无下限PUA男人的黑洞确实幼稚。为啥男人不会跟大部分女人样去无下限PUA女人呢？	Potentially
请像楼上这种恶熏的怪物停止进直男反同帖贩剑，否则进淋β反应！	Potentially
別说女性男性都怕爱滋，女的既然都这样了，就应该买把枪弄死那些毁了自己的人，他们不是喜欢一起吗？一堝端了	Potentially
弱势群体为什么不能反击？不是每个弱势群体的人都应该因为弱势而就懦弱或者不能以眼还眼。	None
这男的父母看见我想这老师会被打死	None
成都被黑 四川重庆可是吹的飞起 造谣川军350万	Potentially
歧视别人就有被骂的可能，这是相互的啊。不过被骂就被骂就是，不影响我歧视同性恋🤣	Potentially
我同意！我同意	None
这个事情就是信誉受损问题，男的也知道不是全部女生都会找黑人，但是信誉受损以后 修复时间很长。	None
道德绑架够溜 你没有反对我们不喜欢同性恋的权利 正如你没有反对地球是圆的权利 这些必须就这样 不然你就是双标	Potentially
苏北并不等于江苏，上海人是苏南人的种而不是苏北人的	None
自己才能拯救自己，社会就是这样，不努力是不行的	None
现实生活中对东北无感，倒是网络上老铁不停的找存在感	Potentially
歧视这个词不太好，太过了。但确实，很多txl给人的观感并不好，我觉得，这个网络也对人有太多影响，短视频里那些娘里娘气的、装疯卖傻的，让人反感，给孩子们不好的教育示范。	Potentially
大胆！南大人能叫心机吗？那叫聪明，叫智慧，叫见识	Potentially
放心，大部分女的一开始也都是这么想的	None
这钓鱼的水准不行啊，钩太直了	None
梅人尼-因爱滋生祸端	Potentially
人家把你弄舒服了你还告他，这750万就当作营养费	Potentially
生了再给。怀孕给一半。	Potentially
女人为什么以为自己值得男人为她花两万？重点是要让女人意识到这点	Potentially
这个词一样，是从变态大本营民主党传出来的，因为他们骨子里其实是法西斯反对的是共产主义，自然要污名化同志这个词	Potentially
是的，我一个福建的同学跟我说，他爸爸说安徽人都是小偷。我很生气的他说，对我就是小偷，别再跟我说话了。他一脸尴尬的道了歉🙁	Potentially
从某种意义上来讲，在座各位都要感谢杨笠，她把大部分小仙女心声说了出来	Potentially
找鸡还是太亏了	Potentially
不是推的，是在知乎上直接搜的??所有的我都搜了，真的感觉对河南人现在挺友善了	None
挺好的，我建议它和世界上所有的物种还有灭绝生物的DNA融合，看看能不能生出个单细胞，直接起源了。	Potentially
要和黑人哥们搞好关系	None
"看到网上有一个母亲教育女儿说不要和黑人交往，不要和陌生人交往。这样不对，但是看到黑人看到视频发评论说，大家的大砍刀准备好了吗？🤔🤔🤔这样对吗？自己心里怎么想，有时候在公众场合还是不要表达或者表示出来，做一个谦虚但心里利益分明的""虚伪""百姓不好吗？🤔🤔🤔🤔"	Potentially
劣信幕刃真下头	Potentially
学校也有歧视圈是真的可笑，估计那些人连大学门往那边开都不知道，只能靠虚无抬高自己	Potentially
半斤八两哪个重？	None
最多外来人口 有多少是外国人🤔上海人对黑大人白大人的忍让成都 和对国人歧视侮辱程度真就是天差地别	Potentially
现实中安徽还好点，江西和苏北八竿子打不着的地方，互相完全不了解，也就网上那少部分人带节奏吧	None
和黑人那也配叫爱情？😆	Potentially
都没人看了，类似的太多了，好朋友。我们市的大学也这样做过很多事，但热度是0。可想而知这是普遍现象了。大家习以为常	None
一脸问号？我是广东人知乎就给我推了这个回答 答主不懂不要乱说好吧🐶🐶	None
不专拉外国人皮条的窑姐，人家都不感接黑人的客	Potentially
是的，要西方的开放独立权利，不要西方的责任均摊。要古代的卖人?，还要人身自由独立。我也发了个差不多的帖子，不过我没有考虑到她们还想要西方权利。结婚是真不想结。	Potentially
这男的的确是个情商很高的人而且很有责任担当但是根据这个女人的描述她自己就是个five自己的事情自己没法负责行动能力和婴儿一般据她描述她父亲已经很注意教育她自己的事自己解决了结果被她认为是冷漠如果她已经成年了还这么蠢那真是太好了！	Potentially
管啥这种人死了都不值得可怜	None
用不着换位思考，但他们带来的影响力可不能忽略了细节。那些精英巴不得绑架全世界。你拿什么来解决啊。	Potentially
知乎很多东北人喜欢代表北方，挑起南北对立，把东北出现的负面新闻甩锅给南方人或南方系，总之不夸东北（黑龙江）的就是南大人，就是南方系媒体，赢麻了	Potentially
重男轻女是存在的，但那也是因为计划生育导致女生出来不了	None
微博吗？再正常不过了	None
原文章主要是反外，而且嘛，核心还是反白。让那帮子跪洋的咋活？😆	Potentially
詹姆斯四肢发达，身体强壮。在古代能以一敌百。大家觉得给诸葛亮一万詹姆斯能统一三国吗？	None
🤣对了我只是尝试解释，至于我，我都不接受不理解不接触	None
反正我每次叫它都是华东女贼大学	Potentially
我在很多平台看到江苏人仗着gdp高，到处骂人，就好像有杀父之仇一样，已经魔障了，他们自己省份内斗就算了，还要扯上无辜的人，真的服了😓	Potentially
我们小区里有一混血小黑 3.4岁 天天出来遛弯别的小孩都不带搭理他的	Potentially
y基因没了，女的x基因可还留下了，说不定因为默默特别喜欢生娃跑路，反而壮大了好几倍呢😄	Potentially
?四川还好啊 怎么感觉你这夹带私货呢😢	None
鼠鼠被俺整急了	None
又是头猩猩	Potentially
害，事实就要正视。中国女权还在2017年被中国妇联判定为分裂势力呢。你们该打的拳还是照打不误啊。😆	Potentially
肛门出来的黑粪球又丑又臭	Potentially
北方人被南方人叫侉子	Potentially
我觉得答主没必要黑皮黑皮的叫他们，咱们国人在非洲也没少玩黑女，这些中国女孩找黑人都是自愿的。这些女孩追求爱情也好追求感官刺激也罢，客观上都安慰了黑人，黑人受到慰籍就不会伤害其他女孩。对这些女孩应该宣传的是如何防护艾滋病，高校艾滋病增长过猛有黑人的功劳。潜伏期6-8年，病毒携带者根本查不出来，所以有些有过黑人男友的中国女性传染给了中国丈夫和他们的孩子。所以个人认为女孩找不找黑人不值得讨论，艾滋病防护才是该让其知晓的。	Potentially
因为电脑不会生孩子警告，也不会要这要那还说你坏话	Potentially
你这逻辑就不对！河南现在被黑，有人出来说话，前提不是河南还是被黑？不是河南人，你们根本不知道河南人被黑的情况。拜托不要慷他人之慨！	None
你们以一个小群体的行为，来攻击全国女性，就站得住脚了？	Potentially
这患者是黑砸，思维错乱不奇怪。	Potentially
真没必要这样说她们，等下你违背妇女意愿了	Potentially
中国人在中国歧视中国人⁉	Potentially
女权不是指女性权益吗？怎么还蹬鼻子上脸了？	Potentially
加速是好事，而且别人本来就没打算征求你的意见。把女的捧得越高越好，特权群体越是会被讨厌，舔狗那么多还没清醒过来呢。	Potentially
然后你们就在那瞧不起安徽人，是吗？在你们江浙沪的人眼中，安徽的不是挖煤的就是要饭的，剩下的都是黑社会，是吗？	Potentially
基佬破防了，急得大号和小号说话	Potentially
苏北人说我们江西是韩国人😓，礼貌吗	Potentially
除了东北上海河南其他地方真不叫黑	Potentially
江西彩礼真的是高的吓人	Potentially
人还是高级动物。集体意识强。女人找过黑人男友，本能觉得女人是背叛集体的存在，心里膈应。有一种“外人”的感觉。	Potentially
这货删帖了，不好发挥啊	None
去了以后，万一后悔了，咋回来？就国内大山里都还有买卖媳妇的情况。真要是去了非洲，人生地不熟，说话也听不懂。还不是任人鱼肉了？一到非洲直接就qj，把你搞怀孕，你也拿他没办法啊！	Potentially
笑死我也 我一个汉人还天天被骂野猪皮🤣	Potentially
那反过来问吧，中国女孩子嫁到日韩呢	None
夫夫都很帅	None
江西人表示MMP	None
“你竟然和女孩子计较，你还是不是男人”	Potentially
老家浙江的我哪敢说 说了就是明明是我们歧视外地人😆	Potentially
知乎官方本来就偏向女拳立场，知乎现在的舆论形势是用户包围官方。	Potentially
下半身动物的帽子早就从男人身上剥离了，这句话其实是用来形容女人的，只是被女权利用栽赃给扣在了男人身上，男人出轨天天的性那都是假象，女人嫌男人不行，天天抱怨没有性生活这才是真相	Potentially
现在全国基本都是达成共识的反黑情绪😆你说啥时候人民这么统一，难道不是因为被折腾久了	Potentially
一时间敌我如此相仿	None
我高中那会至少四分之三，我们班基本全是	None
嫁了老外就去他们国家，享受他们的保护和福利，我们一样祝福你们的爱情。如果还想赖在中国那我们坚决反对，因为你孕育的是别的国家别的种族的后代，就应该放弃中国的福利的权利，毕竟保卫和建设这个国家的都是黄皮肤的中国人。还要嫁老外的这些女人，你们老公都保护不了自己的老婆孩子吗，还要蹭娘家的好处？	Potentially
这明显是综艺节目啥的恶搞吧...	None
一有精神小伙要么扣东北的帽子，要么扣广西的帽子	Potentially
哎！中国怎么那么重视黑鬼。	Potentially
仙女在世界第一女拳国享有犯罪豁免权，二等男人就别叽叽歪歪了。女拳国怎么可能有公平的法律。	Potentially
现在很多的视频啊啥的，都是用耽美作为噱头。好多未成年小朋友不是因为喜欢同性，还是因为受了信息互联网的影响，觉得潮流🙁	None
幕刃罢了，你不娶，我不娶，连20块钱都不值	Potentially
歧视别人就别怪别人骂。斗争都是相互的。	None
容易失足就表示西方思想浸入我国严重，更加证明了反同的重要	Potentially
你是🐷脑么?百姓有钱谁去打厂？	None
真正的同性恋是先天影响比例很大。他们也无法决定。就因为他们是同性恋所以就要歧视他们？？你还有没有点道德？？如果他是你的亲人你还要杀了他？？	None
蝴蝶鸡是什么	None
艾呀，梅事的啦，疣没什么大不了的，中奖几率为淋，痿什么要担心呢，打个疱而已嘛，下次就不药啦	Potentially
愿意啊，至少得给孩子一个完整的家	None
你有什么问题吗 现代女生也接受教育进入职场工作了 本来就不是夫唱妇随了 想在哪里生活人家自己选择 与别人何关 是要你买房子了还是	None
看来某些家伙忘了他们当年骂江浙人（此处的江浙指的是苏南浙江上海）是猴子的时候了，黑江浙人小气，黑江浙人娘娘腔，黑江浙人窝囊，都不叫地域黑，毕竟当年没有地域黑这个名词哦，不去想想当年春晚上那些个小品，都是怎么黑上海的，现在换成他们被人黑了，就接受不了了，还搞出了个地域黑的名词出来，声称自己才是被地域黑的第一批受害者，他们骂江浙都是因为江浙先黑的他们的，我是服咯，啧啧啧。	Potentially
对邻国的复仇情节，让日本饮鸩止渴，甚至让默代表日本人，打破了日本保持民族纯洁性的最后一点自尊打破了印象中日本对于默严格管控的神话泡沫归根结底是怕邻国报复的自我矮化心理	Potentially
这个总能刷到	None
看来还真是真可见全球所有世纪传染病传播源头都来自它们	Potentially
无良账号又来骗流量的吧。媚外本质是所有穷地方的人向往富裕地区的人，泰国越南妹就像商品一样被西方人挑选，租妻盛行，还不够媚外？！我反正没见过中国女性这么样的，倒是不是贫困地区的男性娶黑女。	Potentially
理智的gay一般都反感直男，因为三观大概率是不合的😆	Potentially
太形象了，碰到好几个这样的了，一说浙江不太好的地方，立马涌过来说你一定是嫉妒，外地人一定多么多么羡慕他们的😅，甚至上升到人种优越论	Potentially
我之前大学时候，宿舍苏北人特别歧视我是四川人。不是因为我素质低，就是因为我是四川人。但其实我家从爷爷一代就在银行工作，他家就基层老师。毕业后我收入是他十倍不止。我常常后悔当初不善人际，害怕和室友闹掰所以没打他脸。	Potentially
别说黑人男了，要是有个找个黑人媳妇的，我也会直接断了联系。不为啥，看着膈应人。🤣选择都是自己做的，你有找内个的权利，我有拒绝你的权利。	Potentially
永远都对泛交女性说No	Potentially
你才jb瞎，全国就这么几个省发电量大于用电量，能做到大量外送电的四川是出于最优越的位置，蛇皮东西，真想把高压电线拉你身上给你醒醒脑花傻呗tui	None
她从中国公司赚取的钱越多，她的跨种族跨文化优越感就会变得越充实，就会越相信黑人的社会文化。这简直是养虎为患。	Potentially
综上所述，以后想起来会补充，同性恋就纯纯懦夫	Potentially
山东女人不上桌的应该不少吧😅	Potentially
黑人的所谓运动天赋是不值一提的，特殊领域表演项目用得到。日常生活。。还是算了吧。正经人谁没事大马路上窜下跳啊	Potentially
几十个人服侍一个人总比一个人服侍全村男人好吧😆	Potentially
这家伙也够倒霉的	None
敌特就在身边	None
差不多得了吧，我家就在大学城这，哪有你说的这么夸张😓	None
Y吧呗，那里每天反同的人挺多的	Potentially
广州已经偷偷抓三非黑人几个月了，现在逐渐放在阳光下了。	None
我建议你换回之前七尺大儒的那个号，那个号都已经有那么多粉丝了。好好经营能赚不少钱呢。还有建议和隔壁阿娜联动一下，我看评论区都在骂你。有个阿娜帮你分担战斗力，应该能轻松不少。这叫梦幻联动，那我直接给你打钱	Potentially
哎，奈何默数量越来越多好多。	Potentially
那你知道安徽人在微博怎么过的吗？	None
说什么喊麦，烧烤啥的我感觉无所谓，什么一枪不开，日本人后代我就想给他的祖坟刨了，问问他家先人怎么教育自己家的后代的	Potentially
女拳都是自私的逐利者。她们为了获取利益，打起拳来可以无视性别。	Potentially
没有真正的女权，女权的本质就是打压男性，外国的女权更霸道	Potentially
是的，现实里，男生遇到渣男排挤有限，女生是真的排挤渣女。网络上，男人对渣男渣女都骂，部分女性为渣女洗涤。很多男性眼里的女性就是那些女拳。	Potentially
1.刚才在讨论的是你厌恶同是不是天生的，我即使证明同是天生的，也和你厌恶同是不是天生这个问题没有因果关系。2.“先天”这个概念有很多，“从娘胎里就有的”、“基因决定的”“不被社会等人为因素操控的”“自然的”……这些都是“天生”。	None
男人不坏，	None
是的，二鬼子征的女大学生慰安妇。牺牲一代妇女，振兴?	Potentially
哪种行为，同性恋就是基因里带着的，就像每个人长的不一样，。	None
其他的人种不知道，但是白腩的浪漫有情趣绝对是因为他们普遍30岁左右就萎掉了，所以诗酒趁年华🤣。至于南亚非洲那些乞丐地区，饭都吃不饱，我也想象不出来能有多浪漫。🤣	Potentially
女子被骗5万，还坚称骗子是“富二代”，男接盘侠报警，竟还自愿为其筹5万。	Potentially
一定是因为偷窥男子的妻子是骗婚女同他才会这样的	Potentially
广州挺多，白天黑人少，晚上出来的多，非法滞留的很多，应该是怕被遣返吧，没有上层发言的话，问题应该越来越严重！	None
汉奸的事能提倡？鄙视就完了	Potentially
事实就是这样，很多女人天天被家暴，被揍得鼻青脸肿什么似的，到处抱怨自己的不幸，但就是不离婚，反过来被男的捧在手心娇着惯着的每天就各种不满说男的不好动不动闹离婚还对男的上演家庭暴力。这就是?	Potentially
他不是江南人，绝对不是，江南人讲话口吻脾气秉性不是这样的。他是明显的假冒魔都人有种现象很有趣，就是低温人假冒京人某些人假冒魔都人尤其这些年，去魔都的人各地都有，比之前杂多了，不少人，您比如假名媛吧，某些柴火妞就是中专没毕业到魔都钓个老头过两月出门就说自己魔都人😅我真不相信他是上海人	Potentially
这个吧里的臭亩钩聚一起能凑出个完整的月莫吗？	Potentially
好吧，你说是就是吧，不过你的一切将被伪娘掠夺	None
就是这个垃圾，天天刷屏	None
嫁给他，就跟他回非洲啊。黑人敢打我们的抗疫英雄，洗不白了。举报三非，收入不菲	Potentially
他们就是这样，一脸饥渴样，完全想不明白有的女人能接受，我不说别的，不嫌弃丑吗？	Potentially
所以你要不要看看，这个问题问的是什么？我回答的是什么？另外，中国男性与黑人女性的婚姻问题，2018年的统计是九千多例，不到一万例。且大多是在非洲当地登记的。这跟把黑男人留着中国，把黑娃娃入籍中国的媚外女们不一样吧。	Potentially
我只知道扔菜那事儿气的我肝儿疼，对上海再无好感	Potentially
尤其是那段引用，绝！	None
为什么不找外星优质男人呢，人家有太空战舰呢	Potentially
第一产业就业转移第三产业这么多，说明新的女性劳动力逐步脱离第一产业，男性还是真的惨	None
河南人其实还好，就是洛阳人讨厌。上次和沈阳兄弟一起讨论西安和沈阳的没落呢，结果我被洛阳人骂了，没想到东北兄弟的战力好强，直接把洛阳人给喷跑了🤣🤣	Potentially
说白了就是一群男的，事业上失败，生活上受了打击，本来智商就不高，又普信，找不到女朋友就开始仇视女性	Potentially
能接受的只有一种情况，他祖上也被默过	Potentially
上海确实是很歧视外地人	Potentially
俺也一样😜	None
作为一个正人君子，又怎么会轻易就跟一个完全不了解的女人上床？国内有些艾滋女也好，可以让那些好色之徒不敢肆无忌惮！	Potentially
基佬为什么不怕染艾？因为艾是判断对方是不是基？找不到无艾的基？基佬不要艾就永久单身？对基佬来说无艾不是真爱，无艾不是真基。	Potentially
你发这些什么目的	None
我已经胖的走上了不归路了！还发吃的！你是多恶毒啊！于是我决定今天晚上去吃潮汕火锅安慰自己！辣火锅太提胃口了！！	None
这也是我认为的感性，我认为的感性就是人总是趋向于自我强化而不是打破自我。	None
我恶心的是有些同性恋以为全世界都是同性恋，无底线的试探自己喜欢的同性，超级恶心！	Potentially
体制内的打拳的最多了，优越感很多很强的	Potentially
军阀割据占领华夏，分别是：北方人（一般北方人、辽宁、黑龙江）、南方人（被地狱狗蔑称为南大人）。北方分裂，南方人赢一局。	Potentially
不跟他们接触就是最好的，都烦他们不是没有原因。	Potentially
但是国女愿意倒贴钱找外国男人🐶	Potentially
我想回个嘿嘿嘿嘿。。。感觉好押韵	None
哈哈哈嘿畜就是一群没有脑子的寄生虫	Potentially
不不不 咱们是排外	Potentially
尊重的应该是值得尊重的个体，而不是整体，因为整体里差距太大了！有的根本不值得尊重！	Potentially
有些还是要一分为二说的，比如如果找的是欧美男友，那就肯定有游艇，包括车房这种小case自然也不在话下	None
别搞新纳粹，只反三非就行	Potentially
有些男的就确实可以分分钟买的呀	None
黑人也有好人，不能一棒子打死。因为人家身体素质好，一棒子多半打不死，建议多来几棒。	Potentially
但是你的问题本身也是在外娶范畴里的，我说外娶数据本身也没问题啊。你想说的不就是男人娶了也去非洲吗？那我告诉你，与非洲女性维持婚姻关系的男性，基本都是在当地的华企员工，且基本都在当地国家登记。你还有什么问题吗？	None
如果有恶熏的txl帅哥记得艾特我我来打击惹	Potentially
开场就一个黑人，占领中国全靠生	Potentially
东南亚对中国男应该蛮友好 欧美发达国家女生对中国男… 我说各位要提高个人魅力主动一些 不光是钱 怎么了？当然不能像你一样 素质要高一些 可惜很多人都不能在自己身上找原因啊	None
这个人也不能算地域黑，只是侧面反应了广东人，尤其70后（现在高考学生父母应该是70后）那一代南方人学历和认知水平的低下。也可以说他们基本属于土包子。可能家里因为拆迁恶分了房可以每个月去收租，但是从文化、见识各个方面其实都是土老帽儿	Potentially
说了半天，你都没说中最大的要害。黑河南的主要是南方系媒体，南方系媒体总部在哪你去查一下。你说的这几个除了西安都不叫地域黑，只能叫地域矛盾。	Potentially
這男的據說好像還原諒了她，不理解	None
河南的盖盖呗，还能有谁	Potentially
作为河南人真的很心塞😭	None
这是好事啊，女人破事多企业不敢要，就只能提供男员工地位婚姻女人便宜多，男人就同居呗怕什么？	Potentially
你描述的是江浙沪三姐妹强行代表所有南方地区挑事的日常	None
十有八九是领美刀的。	Potentially
敌在本能寺	Potentially
那为啥你认为不是黑人的背叛而是我们的背叛呢？	Potentially
丰县丢尽了江苏的脸，丰县是苏北的不？你不会说丰县是山东的吧🤣	Potentially
ezg喜欢，我们也没办法。老实人还是祈求以后不会娶到和动物玩过的ezg吧，毕竟房车彩礼不是那么好赚的	Potentially
我记得小时候常放日本动画片，现在一些孩子更是被日本的动漫洗脑精日媚日，反正我是讨厌日本的还有黑，我们是几千年的文明古国，中国有很优秀的文化传统，一些人反而说喜欢日本的文化，我想说的是他们所谓的文化传统很多都来自中国，而一些人把自己国家的文化当成别国的，很可悲	Potentially
你一个女号回我男的这句话感觉有点好笑...	Potentially
嘿枸浑身弥漫着低劣程度的气息，天生令人厌恶，源于基因记忆！无法容忍嘿枸做饿，其实是生态地位的颠复，开启人类基因防御应激。	Potentially
这个不是出租车	None
你说的这个例子不一样吧，毕竟不是黑人。至少，金发碧眼一般是西方白人，比黑人智商更高，就是更开化一点什么的。皮肤白色，很多中国的美女也是皮肤白色的。但是非洲，则一般智商平均水平偏低，并且黑色的皮肤也往往不受人喜欢。	Potentially
东北人是这样的，自己被黑还喜欢黑别人，所以不值得同情	Potentially
好多买媳妇都是东南亚和朝鲜的吧，最起码不是黑人	Potentially
新疆河南人很多的，只不过这两个身份都比较容易被歧视，深有体会	Potentially
事乌兰察布把澳门拉下水了（悲）	None
当然不是，它们穷是他们自己懒惰，要是把非洲给我华人早就打造成一个大国了	Potentially
慰安妇是被强迫的，eg是自愿的，eg真正的应该算是汉奸的老婆	Potentially
你哪毕业的？thu吗？也配谈智商	Potentially
体育运动改变不了一个国家的国运。巴西五冠王有何用世界话语权根本没有。	None
今天去钓鱼，结果钓的全是清道夫。又黑，骨头又多，又不好吃，繁殖速度又快，还会吃光本土鱼的卵，对鱼业一点贡献都没有。简直就是一群没有用的垃圾。还挤压了本土鱼的生存空间。真不知道当初引进来放到河里的人脑子是不是装的垃圾。以前根本没有这么多，但当地没人注意到没有天敌的清道夫大量繁殖所带来的危害。导致现在一条河里全是清道夫，本土鱼都灭绝了。水还被这些吃垃圾的清道夫搞的又脏又臭，当年出了名的好山，好水，鱼肥，现在却变成了臭水沟。清道夫作为一种观赏鱼，喜欢的话放在自己家养着就行了。干嘛还扔到河里来威胁本士鱼的生存？作为一个钓鱼爱好者我是十分不能忍受这件事的！如果可能，我真希望把这些清道夫全部弄死。本来还想着钓几条鱼回去烧烤的，却被这些清道夫坏了心情。	Potentially
关键是那么丑那么穷的h人，某些人还跪舔倒贴，这就是人的问题了，我们男的又不是sb！	Potentially
那些嫁给默的国女能自愿放弃中国国籍，绝对值得立牌坊。	Potentially
他自称，想演变态同性恋，他是反同态度吗？	None
我也会脱皮	None
然后本民族的基因在未来可以通过考古来发现	Potentially
有的女的真的是嘴贱，随时随地张口就对男性下定义，女性凝视和偏见，普信女真下头。	Potentially
美国太乱了，警察都不管	Potentially
艾就一个滋	Potentially
当年西北三线建设东北人去支援大西北的老鼻子了，我爷爷当年东北国企业务员基本西北大城市都跑个遍。	None
你们同性恋同婚有什么用。你们就是爱快乐地互相伤害互相传播疾病的怪物。同性伴侣都是短命，因艾滋死了又换另一个伴侣，只会不断离离结结进行没有意义的婚姻	Potentially
本可是一名坚决的饭桶斗士惹	Potentially
我真的麻烦你们女生找黑人的时候，能不能找个看起来长相还可以的？真的不要找那些又丑又怪的，不是说不找黑人，我们嫌弃的是：那么丑的黑人为什么你还看得起？	Potentially
知足吧，爱丁堡不比井盖、山越猴、京巴、九头鸟、东百太君、白完、胡建、陕蛋蛋、响马听起来洋气？	Potentially
那教主怎么反“女本位”。你说吧。	None
弱智基佬二次元《为您排解苦闷💄》这条基佬在外面乱玩得了HIV，顶着被家里人催婚的压力骗婚。他发的帖子已经被自己删除了，你野📉我好心相劝却被基佬拉黑了	Potentially
你不妨说得更明白一点	None
不是已经入狱了吗，话说回来，我心中反黑领导人是快手发展黑人祝福起家，领导一群肌肉黑人喃小弟的壮硕中国男人。当地黑社会一霸，并且每个黑人工资一个月只有一千块人民币。真正实现了心理生理双重奴役黑人喃。	Potentially
这个人其实也未必就一定是成都人。只能说明当时他就在成都。不过他绝对当的起一句“狗日的”。行了，送朕进小黑屋吧🐶	Potentially
不能因为有一两个正常的黑人，而引狼入室。让一颗老鼠屎坏了一锅汤。	Potentially
他和他们的孩子以后还会做流星😜因为没家	None
而且网民根本不会过问你之前经历了多少，只会拿一句【不管怎么说也不能打人】来否认你之前承受过的所有折磨，【不能打人】这一句就是【无论如何都是你有罪】的最大筹码	None
找白人的女人也一个德行，虚伪至极，一边说着自己爱国一边找白人，这是什么操作，b站就有	Potentially
当你产生与黒入恋爱的想法时，你的性格畸形，并且潜意识里有**的性癖好	Potentially
别一个个评论下面蹦哒说东北人把张学良当英雄了，我们东北这也是辩证看待张学良的，身边人没有把他当英雄的，都当他是有功有过的人。不过你眼界短不怪你，多了解了解再来说话。	None
有些gay努力奋斗却依然挣扎在追求自己美好生活的路上，为了顾及多病的父母，用终身不婚的单身贵族形象搪塞了家人，为了找到愿意安安稳稳过日子的那个他，从不约p，被同为gay的圈内人说成是表面圣母白莲花私底下放荡的伪纯洁，被异性恋朋友说成长不大要求高不现实的大龄单身狗，我们活着好难，这时候如果有一个人跟我说朋友我不反对你找同性，但是我恶心你们，我可能不会多生你的气，但我肯定高兴不到哪儿去。	Potentially
这货下海吧	None
那我在网上遇到十个广西人九个是脑瘫怎么说?	Potentially
里腾豪斯打死打伤3个黑玫瑰示威者，被判无罪。	Potentially
黑哥常规操作了	Potentially
安徽咋又莫名其妙的自称自己是被黑的重灾区了？网上没见到过啊？是因为六六给安徽招黑的吗？	None
一般女的都嫉妒好看的，所以把“白幼瘦”归为畸形审美?	Potentially
其实对同恋就像智力还未发育的小孩子要耐心处理，把小孩子当成大人一样看待只会贬低自己的智商所以不要把同恋当正常人一样看待	Potentially
和外国人结婚统统36000+成功解决男女对立的问题	Potentially
我觉得，你可以在淘宝开定制戒指服务，接单给小黑做，你这等于有一个几百个小工的工厂啊	None
王心凌多好看，我喜欢这种的。。。	None
我们的同胞被倭寇屠杀时，请问这个黑色的永恒族使者在哪里？	Potentially
说能接受的，在过年的时候，把你的那个Ta大胆在亲朋好友面前说自己是同性恋，看看你爸妈会不会丢人丢到家？	Potentially
确实需要改变择偶观，纸片人不香吗	None
黑子好多都是没来过广东的	Potentially
快手不灭，中国不白	Potentially
偷换概念的比较，说河南穷，河南土的时候有河南人反驳没？反驳的是黑河南都偷井盖，坏人多，素质差的言论。	Potentially
活该，谁叫你们接盘的	None
可是同性恋不是出于一种选择	None
？你怼人怼错地方了吧，我没提东北吧，我也没说什么粮食啊，你在干嘛啊，	None
女主向下兼容，舔舔犬男来收拾	Potentially
这个企鹅号搜不到啊	None
这个不应该，他是很伟大的科学家。该骂的是又同又飞舞的	Potentially
为什么他们敢骑在我们头上？正因我们没有搞殖民、搞侵略、搞屠杀所以，别做好人。😆	Potentially
那你这么说了 那我就批判吧 赞美是肯定不可能的了	None
你还别说，我在非洲待了12年，黑人就是这样对待他们的老婆的。不过人家非洲女人还是照样结婚生娃！没人惯着就老实了。	Potentially
你把广东放在什么地方了	None
还不赶紧给小仙女跪下？想被刀了爆1500金币？	Potentially
上网那么久就没见过西藏和青海的网友-_-||	None
【注意】非洲源头奥密克戎变异株Ba.5已传至陕西省西安市。	None
哪里都有好坏人，按地图分辨的非蠢即坏	None
国际鬼子虫类及其它们后代虫混在真正严格科学定义根本就不是人类而它们在严格定义是属于昆虫纲卵体寄生虫	Potentially
氙钕是这样的了	Potentially
母，芶，学校出来的能是什么好东西，进哪个单位都是祸害。	Potentially
本来就不是靠舔就能得来的，舔狗全都是那些对女性不了解，把女生想的很美好的沙卵。实际上大家都是第一次当人，谁也不比谁高贵，上来就把自己放在低人一等的地位上拼命舔，正常人都看不起这种人，更别说喜欢了。人们喜欢狗是因为狗可以当宠物，但不会把狗放在和人一样的地位去看待，更不会和狗交往	Potentially
瞬间心平气静了🤭，原来轮着黑，不过今天到我家🤭🤭	Potentially
牛头人听说自己女朋友跟别人玩的花还很兴奋	None
如何评价这个漏屎鸡老	Potentially
确实现在的拳师天生就是坏种它们贪婪傲慢懒惰暴食淫欲嫉妒暴怒七宗罪它们全部都犯了它们欲壑难填利令智昏是畜生不如的东西	Potentially
我愿意，然后我压断ta的脖子	None
赵丽蓉怎么了？赵丽蓉老师还是非常正气的。中央台一直被北京人和东北人霸占着来黑南方人，但赵丽蓉老师应该是不懂他们的话术。	None
把基狫打出血了你也有伤口了就会	Potentially
来看看基佬的光荣事迹	Potentially
话说我还挺喜欢东北人啊。我遇见的几个东北人都搞笑的不行，人员也很好。坐标河南	None
😓早就听闻不少男的假冒女拳败坏我国大部分女性形象，今日一见，果真如此	Potentially
戳到了某些人的痛点	None
由于随缘删帖的存在，贴吧是个没有前途的地方，不适合在此发长文走出去吧，去知乎，去微博，多平台共同发展	None
其实上边的吧友们都真正地理解自己反对的是什么。就是反对自己后代的基因被染黑。	Potentially
中非混血！	None
原来你真的是黑人，回非洲去！	Potentially
大部分是腐女	Potentially
美国内战的阴云	None
顶，去提意见，我已提过，不能让女权占先手	Potentially
介绍给外国吸毒的人，物以类聚么。	Potentially
这让我想到了前不久在结婚照前和黑人papa的成都女人。这视频被黑人放网上了，她离婚了，谁再敢娶也绝对是心大。👍️	Potentially
这是个恋童癖	Potentially
话说回来你又能拿同性恋怎么样呢？？有本事使劲弄s他们啊。几千万个，慢慢来。反正对于你这种以强凌弱的，也就这些本事这种心胸了。	Potentially
妈宝女:我妈说彩礼三十万	Potentially
以偏概全的啥b太多，脑子发育不完全🙂	None
做什么大冤种哦，人家小仙女领情吗	Potentially
至于普信男，呵呵那些金针菇除了抱团取暖就没有别的本事。游艇？你让普信男变魔术还是变魔法呀	Potentially
远离男人，拒绝婚姻，从你我做起	Potentially
嘿畜狌只有本能，除了寄声就是寝犯，只有将其从地球上抹掉才能延续人类文明。	Potentially
韦春芳是怎么做到怀孕了还不丢工作的？不会被老鸨强制打胎然后卖掉？	Potentially
坏了，他们都成东北人了	Potentially
这老头说的有理有据，支持！	None
所以，你掺和别人家务事做什么。	None
他们有立体防御机制，这样的也会被说成txl捏	Potentially
叫他先带着他全家老小去融合呗，离开中国去其他国家跟别人融合	Potentially
科学反同法	Potentially
安徽是泄洪区，上游的水最后都跑到安徽了	None
专业护默开小号急的不行	Potentially
黑奴才们骂我是键盘侠的不就打算让我闭嘴吗？告诉你，老子就是键盘侠，就拿键盘恶心你了，怎么着吧，咬我啊	Potentially
说真的我也觉得奇怪，为什么会有女生喜欢黑人😷黑人的az传染概率贼高。反正我总觉得黑人好像和人类是两个品种。后来我被前男友说种族歧视了之后，我就不在公众场合谈论有关黑人的话题了😄	Potentially
大多数都喜欢皮肤白的女生，你想多了	None
🤔山东咋纳，我苏觉得山东人很好相处	None
而且数据显示女性外嫁的对象绝大部分全是发达国家，而男性外娶的对象才是以发展中国家为主，乎男颠倒黑白真的有一手	Potentially
热知识：现在艾滋病的传播异性恋可是占主流呢	None
不要老拿西方人说事，这样不会为河南人多争取到支持。	None
我们又何不是呢？那就活出身为万物之灵本该有的样子吧。	None
普信女和拳畜是最下头的低等动物。	Potentially
嘿玩意只热爱人民币和LKD的标子	Potentially
抖音秀是什么抖音秀是什么	None
刚刚刷了一个帖子叫为什么对东北成见这么大，帖主说他遇到王者开麦骂人的都是东北人，东北人爱炫耀，爱给人带高帽，这点小事，这点钱之类的话让他不舒服。很难想到会是因为这种问题。你说大妈爱占小便宜，大爷爱碰瓷我都能理解这种原因竟让我一时语塞⁉[不错]	Potentially
当然不用管别人痛不痛了，又不是你生。你只用管好自己的利益。要是真有那么痛，你也不会承认。PS,痛都是自己要生孩子找的，倒也不能怪别人。现在可以打麻药但有些人觉得可能对孩子不好所以就是不让打。科学认知能力太差。话是有人生产很顺利痛得短也有死于生育的女人。这世界谁需要比较呢。谁又需要共情呢。反正下次她们看到你痛苦的时候也会照你这样子说：我觉得你肯定不怎么痛都是装的。	Potentially
南方百越汉人恨不得东北人全民奋勇抗日，全部为国捐躯呢，东北人全死光了，他们好北上“继承”他们“自古以来”的领土。	Potentially
你管这叫日常	None
给大家看看他是如何在背后阴阳怪气说我们	None
任何话都有一定道理的🤣🤣🤣	None
男权吧言论自由，女权吧有点太极端了，只要有一点倾向就会被秒删	Potentially
黑人擅长的恰恰是最鸡肋的	Potentially
抖音里，东北农村做大酱有人说是💩，讲东北美食，有人说给他一碗酱能把绿化带薅光	Potentially
因为有相当大部分的人并不把其他地方的人当自己人	None
我歧视有种族歧视的人和黑人🐶🐶	Potentially
我特么直接立地成佛	None
现在的母人一个一个有几个人会做饭的呵呵	Potentially
国铝都有这样光明的未来	Potentially
为什么中国人打篮球，比赛双方都要请几个非裔球员？	None
黑人有奖学金还不用高考	None
血和屈辱你只能二选一。	None
他说认真的?	None
没见过基佬工程师	Potentially
反对一切地域黑，哪都有好人哪都有坏人	Potentially
再次提醒大家：贴吧要安全地发展，言论的氛围就要往理性文明的方向走，不能容许过多严重触犯贴吧协议的言论存在。	None
女性接受高等教育比例超过男性接受大学专科及以上教育的女性比例为18.0%，比男性高1.6个百分点，比2010年提高3.7个百分点；其中18-24岁女性这一比例最高，为50.9%。在接受大学本科教育者中，女性占53.6%，比2010年提高5.8个百分点。	None
为什么不能告她性骚扰	Potentially
印度也歧视中国	Potentially
舔豿太多了	Potentially
东北跟山东是兄弟？呵呵 黑东北最多的就是山东，你去网易 东北新闻看看，每一条下面都有山东人的身影	Potentially
这也没提地域啊！提的国家😅这人发言确实 “惊人”😂	None
这是个笑贫不笑娼的年代	Potentially
河南崛起已经势不可挡了。想想49年的春天吧。任何事物在崛起前，都会被各种诋毁。我们要做的是，扎扎实实做好自己。想想当年。	None
不需要注意，反正系统也会删	None
爷不是种族主义，爷就是单纯的讨厌黑人	Potentially
一样…亲身经历，问了几个类似圈子的也都这样：找白人女友的，还好一起玩，好融入圈子，找白人男友的，基本都被默默地排除出去了……理由我也不太解释的清楚，大概就是，感觉找女友的都是拐进来一个，找男友的都是被拐走了吧。	Potentially
来自东北的西安慢摇👍️👍️	None
为什么吃猪肉会成为黑点，不是少数民族的话吃猪肉不是很正常的一件事？	None
楼主别急，我先溜条?	None
这些渣滓确实到哪里都是渣滓。法不容情，绝不姑息。😠	None
我一个女的都这样觉得，要我的朋友里面有跟黑人谈恋爱的，直接变成塑料，说不定都有可能撕破脸，并且和黑人妹子谈过恋爱的男生，我这个女生也本能接受不了，以前觉得黑人不能一棒子打死，现在只要看见黑人有关的话题，骂黑人的还行，只要是说黑人好的，直接屏蔽😆	Potentially
河南可能会有偷盗的行为，但每个省可能都有几个人渣，所以不要以为河南人都那个样😅	None
怎么哪里都有你个**	None
你可以去看看，我不是会员，我发不了图片	None
其实我是支持她们找黑哥哥的，物以类聚自动分类。	Potentially
是特别无语，到这东西，牠不一定是亻	None
你这个数据是2018年的，老掉牙了	None
真的无法接受，白人都不太行，真的让我选我绝对选个比我大五岁二婚带个孩子彩礼二十万之内的，毕竟我也有选择权嘛	Potentially
为你今天怂了不敢见面找借口？今天一共去了3个人，其余两人直接把车看到旁边的加油站站在校门口的就我一个人你怎么怂了啊	None
凯勒奇计划，犹太人推动	None
但这次海地移民入侵美边境多数人都被遣返了	None
你肯定是居住北京，被②房東坑過多次🤭	Potentially
哦 我就是歧视黑人	Potentially
我觉得最歧视北方人的是两湖这些中南省份	Potentially
这孩子也是刚！哈工大刚被丑国列入制裁名单，就报考哈工大👍👍👍👍	None
翻墙会拉去喝茶吗？	None
也是胡说八道，地域黑嘴里的猴子说的是两广人，别听个啥都往头上套😓	Potentially
我向那些不理智的人对你道歉	None
上个星期我靠着举报三非黑人赚了一万多，还是兼职做的	Potentially
是的，任何形式的歧视都应该被杜绝	None
我也只觉得你不过是一个散斌罢了😆	None
按女拳的自己不讲理的逻辑。杀人犯都是女人生的呢，所以归根结底还是女人该死	Potentially
想要去河南，人工出货量最大的地方，那些品牌商都偷偷摸摸跟河南人造厂合作。	None
奴隶姐，你又来啦？	None
可是好多评论和赞同又没有了	None
用一张下载的报紧回执单就可以把这只吓得一个月不敢露头	None
东北不是不抵抗，是如果抵抗，日本是小，虎视眈眈的关里及南方军阀才更可怕。中国被小日本侵略输在了内斗不团结，可惜快100年过去了，国人还在内斗的路上乐此不疲	None
心理不适是其一，其二，怕死。老命只有一条，犯不着用自己的小命去测试对方有木有……艾？	Potentially
女权主义者永远不会忏悔，他们往往会在一段时间后后把自己伪装成正常人的样子，用被蛊惑来为自己开脱，然后觉得心安理得，但他们连道歉都没有过	Potentially
女人是真的没脑子，无法交流。跟她说全程录像，这女人居然把重点放在无理取闹上	Potentially
你把西安放哪了😅	None
审美是高级智慧生物特有的能力，源于视觉疲劳，追寻完美比例。而黑蛆面相相似（物种越低等个体相似度越高），审美标准与人类不同，脱猩化越重越完美。	Potentially
楼主回复我的那个被删了？	None
就是歧视默 肖万yyds 默就该在大太阳下面摘棉花 下班了安排一套颈部按摩 嘻嘻	Potentially
那个默曾在英孚工作	Potentially
😄我一路人又不跟她上床，她又怎么知道我的尺寸然后跟她前任比。就是单纯歧视eg	Potentially
赞同你的观点，男性不团结，四处都能看到雄竞现象，是我最不希望的，我主张韩国极端男权的5b4t以及boy help boy	Potentially
现实里可不是这样的，至少我认识的安徽人民，都是不惹事，不怕事，遇到挑衅，生死看淡不服就干😄😎	None
我听到的版本是过去西藏人一生洗三次澡。出生，结婚和死亡。这个是最靠谱的。因为西藏的很多错(湖)在西藏人眼里是神圣的，根本不能捕鱼下水之类的，而西藏那种环境，洗澡很奢侈，根本没条件。	Potentially
当婊子还想立牌坊	Potentially
是啊，我能理解你的感受。但请你保持对那些好的同性恋的基本尊重好吗？	None
这些人淹不死的，应该学小日子，强制充军扛弹药箱搬炮弹	Potentially
当然我认为恶意传播性病和艾滋的毕竟是少数，绝大多数有人性的txl恐怕也不想染上这些病。	None
混血儿过去不是叫杂种么	Potentially
yysy,这个emoji是不是可以和羅对标了	None
国女傻子太多	Potentially
正经白男很难看得上黄女，炼铜猎奇居多	Potentially
女性的生育价值，我们不需要了，她们还能提什么女权？	Potentially
因为一个人讨厌一个群体本身就不正常吧，你会因为讨厌一个男同而讨厌所有男人吗	None
主要是河南外出打工的人太多，再加上河南大部分都是北方人那种性格，所以印象更加令人深刻	None
输出各种逆天观点都是为了恰饭呢	None
这头猪除了拉黑就是拉黑因为自己的猪脸被截了心里不平衡所以死命的要跟别人视频为了截回来别人的照片他怕别人看出来还要自导自演随手举报别人的帖子被系统删后还要故意说是别人删的在背后发帖阴阳为了让别人觉得他很厉害谁能想到用着美羊羊头像之下的脸是这样的	None
对于东北人那段 太真实了😅	None
66666在b站看过一个视频，不想别人歧视，就先停止对别人的歧视	None
小仙女不高兴了	Potentially
犬现狗楼主你是变态吗？	None
北京上海400分上清北了解下	Potentially
广西不算什么吧 比起上面这几个	None
反女拳就要从你这种男人开始！	Potentially
知乎咋了，刷一条就是什么两性对立的话题，连评论区都出现啥对立，我人都蒙了，卸载立即推😅	None
我是河南的回族，简直互联网最底层🤣	Potentially
播放量好高	None
人家可是高贵的小仙女，可不能惹捏。	Potentially
小时候每次一听说聚会有我，亲戚间就会头疼，我表哥知道有我在都会直接不去，那时候太皮了	None
北京山东河北最歧视东北了	Potentially
甲：你是哪里人？乙：我是弗兰长沙人甲：请我去现场看《快乐大本营》吧	None
哪里都有不错的人，我家乡安徽的，黑龙江上的大学，长住在江苏，在上海也住过很长时间。总体来说就是，在哈尔滨的时候遇见过很好的东北叔叔阿姨，很大气，同学脾气也好，也遇到过坑人的，小气的，比如出租车司机。安徽就不说了，留给大家评价，江苏省，遇到过有歧视的，确实有，瞧不起北方和江北的。但是，很大一部分人还是挺好的，搞歧视的老辈人多，同龄人就很少了。上海人，坐地铁的时候口罩丢了，有个年龄大阿姨看出来了，和我说跑去买太浪费了还很贵，给我从包里拿了一个，虽然是小事，但是感觉很热心，也有好多上海朋友，虽然他们是上海的，在我面前从没说过方言，说了，我表示听不懂，他们也会道歉，很有礼貌，没有很小气瞧不起外地，这么一说。就是我觉得，概率问题，不要搞歧视。研究生准备去西安读，我觉得人肯定也不会差，就是大家戾气别那么大，我觉得只和人有关。	None
咱就是南蛮后代	Potentially
好，祝各位远离烂裤裆。	Potentially
我们研究生专业第一是河南小姑娘，极度自律，别的不说，河南学习好的人真的多	None
那中国就会失去林虎将军和王德民院士	None
东方卫视成了女拳卫士？	Potentially
人的偏见就像一座大山，就算他们看见了肌肉gay他们也只会觉得肌肉gay是少数，理他们干什么呢。你跟有的直男解释一万遍你挑人，但他们还是能“自信的”觉得你会喜欢他，没招，所以自己开心快乐就得了呗	Potentially
同性恋孩子，心理容易受到创伤，心理自卑	Potentially
🤔你做过调查还是深有体会？	None
人家反同不对嘛？你在苟叫什么？	Potentially
女圈有不少女同	None
666，果然我们下一代还是明理的	None
你见过有能力的男人会这么抱怨吗？	None
哦？腐癌说的不是txl？😆	Potentially
众所周知，一般女厕所都是有格挡的，但是很多的男厕所小便池之间根本没有遮挡，虽然大家没人说，但这是很尴尬的事情。相信很多男同胞都有这样的经历，在上厕所是会尽量和别人拉开距离，即使人太多不得不和人挨着，也会尽量让自己看着前边，防止引起尴尬，难道男厕所不需要隐私空间吗？我们男同胞需要公平对待，	None
打扰别人网上正常交流不可取	None
关爱了她一顿，有没有人开盒啊	None
新疆怎么了？	None
绝不会支持你	None
幼稚的人才会说出狭隘无知的话，没有基本想象、理解与共情能力的人是很可怜的	None
祖籍甘肃的新疆人进来看看你。	None
你还要别人怎么样？	None
黑人繁殖快的原因是黑女无脑怀孕，无脑哺育。	Potentially
上帝是个啥？大家都是人你凭什么把人们分出个高低贵贱，有这个时间还不如找个工作来证明自己女性能撑起一片天而不是玩封建想靠婚姻混日子，婚姻是对双方的枷锁而不是保护	None
男的看男同恶心 女的看女同恶心	Potentially
嘿忍是安努纳奇造人的失败品	Potentially
不好意思，55个，请把正黄旗带人踢出去😓	Potentially
毕竟不是人人都正常。他的狗腿子例外	None
非处不娶保平安，一本法医学一个内窥镜又花不了几个钱。😄	Potentially
所以请大家激进一点，再激进一点	None
基佬还说之前视频里的不是它，它都说照片是它爆出来的了。	Potentially
你来杭州一趟，就知道有没有歧视安徽人的了。我作为一个杭州人都得承认这是事实存在的，当然这都是以前的事了。	Potentially
物化女性还得看女人，比如舞蹈区和各大直播平台那些女人，不整治她们评论区就干净不了，但是整治了你就砸了人家饭碗，坐等她们自己打起来就好了	Potentially
反正女拳都爱黑人🤣	Potentially
easy girl嘛，都有专有名字了，可想这情况有多严重，虽然白人是主力，但黑人也能喝点汤	Potentially
黑人应该被限制活动范围	Potentially
立女热搜上一堆，女拳砂男婴的热搜就往死里压热度，逼乎真有你的，不愧是姓逼	Potentially
女拳就属于，每天给它一块钱福利，现在感觉少	Potentially
牛顿特斯拉达芬奇等都没有结婚	None
女权，侵害他人，大事化小，反咬一口。女权，讹诈他人，无中生有，小事化大。事情败露，在理中客眼中，归结为最终损害的还是所谓的“女性权益”，因此，还要加强“女权”，并且要高尚地体现在当前作恶者的身上，以示精神的积极性，关注的不是受害的当事人的权益，关注的不是严惩加害他人的女权。所谓的女权，隐匿在所谓的女性中，作恶毫无代价，甚至占据道德制高点——“你别不识好歹”，日后谈起，还一副吃亏了的要死样子。受害的当事人要高风亮节，假装痛恨自己不懂事理，要深刻检讨自己，不该冒犯了高等性别，相互道歉，造就一桩“美谈佳话”。反之，则不成立，具体的事情不细述了，举目皆是。这一切都是以性别为论据，目的就是论证和实现女尊男卑的所谓“男女平等”——利于女权及更有利于女权。总而言之，都是为了贯彻——“人是作为一个性别的存在而存在，高等性别就该这样，低等性别就该那样，这样的一个对等就是真理”的现代礼教。总之，思想钢印不破，女权恶行，野火烧不尽，春风吹又生。	Potentially
因为主流教育都是异性恋，如果他意识到了自己喜欢同性那肯定是觉醒；其实弯变直我知道以下几种，1境域性同性恋2双性恋3骗婚；如果还有其他的自然转变，那只能说是我不知道，毕竟历史上为了改变同性恋性取向做过很多实验，只有一个疑似成功但判定失败的，如果你真的观察到了，那我建议你可以写论文试试，也许会改变世界？	None
都是智人 哪儿来的物种歧视？	None
还说什么中国男人配不上中国女人的鬼话，真是带出一个好节奏，全球家庭暴力也好，情侣矛盾也好，都是人类共有的特点，非要扣帽子说只有中国人会这样，真是离谱！	Potentially
连说说也不准？黑吹好猖獗	Potentially
哪里都有好人(?▽?)，都有坏人。。。河南的监狱里照样也是满满的。。。	None
上海人确实…旅游时候遇到的几个心眼都不咋好😄	Potentially
女拳的智商真是编故事都漏洞百出啊。首先原来黄精灵体力弱不是事情是编造出来的，建议去奥运会证明自己呦。其次黄精灵真的希望每个人都摘50个果子吗？矿场，工地里一大堆果子怎么没见到小仙女去摘呢	Potentially
行行行，中国男人媚外世界第一，国女世界第一优秀。反正被权威组织点名媚外的，国女那可是头一份啊。你们继续打拳，我们继续“媚外”谁也别耽误谁。😄	Potentially
另外见义勇为是非常高尚的品格，你不能拿这个当作普遍的基本的道德标准，更不能拿这个去苛责别人，尤其是处于yp之下的受害者本人，这太离谱了	None
中国人，团结一点，每个地方都有每个地方的优点，不要搞歧视，做一个正能量的人，比心理阴暗诋毁别人的人，要好太多了，心里有偏见，是不健康的	None
这货改名了？	None
笑死了，怎么全是陕西黑河南的证据，难道河南没黑过陕西，评论区里就一堆吧😆	Potentially
崇洋媚外的真正问题在于洋人拥有超国民特权，上海土著不会因为你是外地人高看你一眼吧，想要解决要么都赶出去要么招来都当下等人，批评媚黑媚白本身没有意义，不同的就是男的出卖自己比女的出卖自己好听一些	Potentially
看看现实中结婚率血崩，离婚率飞天不就知道了嘴炮有什么用？	None
被骗去非洲的国女，不一定都是坏女人，总之别去就是了，去了就回不来了。如果去了真的能过的很好，以国女那爱炫耀爱攀比的人物性格，早就回来装逼了	Potentially
澎湃新闻没少黑别人，除了自己。这可是上海地方媒体，正规军。网上的地域黑，都是个人的散户，不成组织，成不了气候。但是澎湃新闻这个有组织的就厉害了。😅	Potentially
所以有那么几个城市不敢交往，	Potentially
又是动物袭击人类	None
黑河南、黑北方的都是喃蛮	Potentially
江苏内斗很严重吗，我看其它答案黑苏北是单独拎出来说的	Potentially
我去，和我一模一样，河南籍新疆人。	None
有这样的话？如果是这样的，那就是卫辉官媒的错误。但是，你是不是在造谣。请给出网址以供查阅。	None
吧友们不想吃牢饭，劝你耗子尾汁	None
就像黄人黑人在美国，他们确确实实弱势，会被歧视	Potentially
再算上实际数据可能统计不完全来讲，可能还会高于这个数，如果你们小镇的位置靠近边境线，毒品泛滥地区，这个数据可能就不能这么算了	None
现在大多数中国女性是整个国家的负担	Potentially
前段时间看到一个清华男学生在b站发的求偶视频，这就是大陆年轻一代天花板了，只能说长得帅的没人说他哗众取	None
这条回答太抠脚大汉了😜	None
嘿砸无处不在	Potentially
成都还没说话呢😅在知乎被黑都，成都称第二，没人敢称第一，你河南人就是去把他家门口的井盖偷了都轮不到	Potentially
洋大人用过的，你也配用？	Potentially
我们安徽也看和谁比😅，人均可支配收入和人均GDP都是中等水平啊。	Potentially
舍得给女孩子花钱的不一定爱，不舍得花钱的肯定不爱	Potentially
早一点灭亡。美军都不敢让黑人独立成军。黑人怕死，又笨，遇到战斗先投降。你以为黑人很好吗？一箭搞掂	Potentially
哪里人最会偷，我相信百分之九十九的人都会说褐兰州	Potentially
小狒狒只会攻击小男孩粘着小女孩	Potentially
你来南方吧，南方需要你这种人才，你看下法律护着谁	None
也许只是价格，彩礼谈不拢呢？清官断不了家务事，何况外人（你劝男人你是外人，对男女来说，黑人是外人）。	Potentially
你就是最大的地域黑，先黑河南，骂河南，让河南人骂你，你再把河南人骂你的聊天记录截下来，再去挑动东北人来骂河南人，从而成功拱火	Potentially
狗也有优势，猪也有优势	None
你怕是想死得很难看哦！😆😆😆	None
把这个女人找出来，打死她，要狠	Potentially
厕所里畒勾叫的，还没路边蝲蝲蛄叫的好听	Potentially
😆说得很对 你可以讨厌但是去辱骂和攻击他人就是没素质	None
我想看看南拳带师女拳带师都怎么对人权打拳的	Potentially
怎么说呢？国内经济各地区发展不平衡，导致穷一点地区的人会涌向经济发达地区，出来打工的，大多是在当地混的不怎么样的，说白了，能背井离乡出来混的，你能指望他们素质多高？所以大家见到的很多看不惯的恶性，大家互相伤害呗。谁也不比谁高贵多少，都是最底层劳动人民。	Potentially
挺无语的，女的就是会揽功劳避劳动。	Potentially
这个基佬有什么素质教养？谁教出来的？只会p图造谣，还说一些伤天害理的话，能做出这些行为来撑同会给人觉得基佬有素质教养吗？不知羞耻惹人讨厌！这个基佬给基佬们丢脸为什么没有基佬去反对？证明了你们基佬是同流合污	Potentially
👍️她们大多会选择在非洲生活	None
可以说我有偏见吧，但我心里实话就是，只要和老外有过交往的，我都从心里嫌弃😅😅因为目前能看到的的情况就是，绝大部分都是倒贴😅真爱也许有，但少之又少。	Potentially
土地肥沃，却解决不了温饱问题。这就是黑人	Potentially
你这老僵尸要被举报了，男男违法献血	Potentially
我觉得你这扯淡了，我东北人从小班里满族回族朝鲜族锡伯族，见怪不怪，没人专门因为这个欺负你	None
长得丑就活该被变态骚扰 这什么逻辑	Potentially
反正最后也是讲了女权的几个现象，就有你说的这个。	None
对此，全宇宙各星系的反同剧迷们都拉足了期待：	Potentially
东北抗战付出的最多，满面疮痍，反而被天天享福的老爷 们骂，太可笑了	Potentially
最大规模中国人基因库研究结果首次发表研究显示黑人基因与中国人基因差别最大自己看看吧，我自己资料无法上传，先把网上有的新闻资料放一下希望看到的同志先下载下来，并广泛传播，注意它们可能会举报	Potentially
不知道这些人怎么想的，就从没啥大脑最肤浅的角度来说，自己在脸上用美白产品，竟然想和黑人生在一起然后生个黑小孩，这不是祸害孩子呢吗？	Potentially
山东人均也前五	None
艾玛，要是往这方面提，辽足辽篮球迷这些年干的没素质事好像更多吧。。而且还是在全国面前丢东北的人。。	Potentially
现在背叛自己民族人还少吗？各种精神包衣层出不穷，不站在自己民族立场说话，反而打着公平的旗帜替外族说话，和平年代汉奸就这么多，真不敢想战争年代是什么样。	Potentially
你个煤炭也想发光？	Potentially
云南前十都排不上	None
这样的黑渣子严惩不贷	Potentially
因为啊，现在的人把女人幻想的太美好了，就举个例子吧，如果两个中年油腻大叔在一起舌吻啊，爱的抚摸啊，做不可描述的事情，任谁都会觉得恶心，对吧？那如果是两个美丽的女孩呢？感觉又不一样了吧，细品，细细品😂	Potentially
我叫周阴婷，是一名已婚妇女，我的老公是一名社会精英，我们有两个孩子，我们的日子本来很幸福美满。直到有一天我老公出去应酬之后他便对我开始冷淡起来，甚至连jj都不肯给我了，最后我发现他竟然在外面有了一个男人！之后我跟他大吵一架，于是我们便离婚了，现在两个孩子是我带，从这一刻起我便知道同性恋是可耻的！是错误的！是会破坏世界的！所以从今天开始我会加入反同组织和同性恋对抗到底直到同性恋全部死掉	Potentially
没有就对了，你们本来就是百越汉化。	Potentially
说白了非洲很多国家从部落酋邦被殖民者强行拉进工业社会。没经历过早期摇篮就想直接浩瀚星宇，很蓝的啦	Potentially
没有基因倾向的人打死都扳不弯的	Potentially
他以前发主题帖说过自己是txl的事，只不过帖子删了，当时也没人在乎，没有截图	None
衡水就是贱啊，就是没人性	Potentially
管她怎么定义，仙女的话就像放大屁	Potentially
建议女生不用上班	Potentially
连接(互联网)，打开推特用英文说你是个中国人，你想学阿拉伯语	None
看网上广州好像老黑比较多🤔 我在南京除了英语外教就没见过黑人😅	Potentially
同恋只是五十步笑百步，同恋本身就是繁殖恋所以才骗婚，同恋敢说不需要孩子？为什么同恋觉得异恋是繁殖恋？不就是因为同恋不知道什么是真爱嘛！同恋之间感受不到爱所以同恋觉得异恋跟自己的约跑一样是感受不到真爱。同恋是不明白正常人的爱情所以才说是为了繁殖。如果两个同恋能生孩子才能是繁殖恋因为同恋不知道什么是爱情。正常人也会明白男女之间不存在繁殖恋。	Potentially
那这几千年的进步进到雕上了？	None
它这家伙脑子不正常	None
和黑人生的黄黑混血，登登你的大眼睛看看有多丑，黄白混血还能大量平凡混血中还能出几个颜值巅峰，黄黑混血我没见过一个，一代比一代丑，除了基因顽强，能把黄种人白种人基因染黑，这不是基因退化是什么	Potentially
1.打工嫌累，河南安阳四名建筑工人专偷工地电缆2.6个月作案109起“电缆大盗”落网最牛的来了获40多万拆迁费、5处住房、门面房补偿费，河南一男子却半夜偷电缆 河南人都上瘾了是吧 一时半会改不了贼心阿 不止井盖了什么近偷啥 不偷痒痒	Potentially
网上打拳的都是男的有钱挣	Potentially
自己的钱，想怎么花还得给别人解释“买那个不行，不值得，性价比不高”，你就没想过那是你的钱，你想怎么花他凭什么管？别说是花一万买个电脑，我就是花一万买个内裤为什么要给你解释？更可怕的是，很多男人看着这种逻辑竟然觉得“扬眉吐气”，颇有一种奴隶偷吃了两块饼觉得自己赚了的意思	None
为了传承反同文化，加深反同战将之间对王的认识，提高士气，同时向基佬施压。我们开启泼图扩散计划。希望反同恋吧越来越好！	Potentially
能最大程度杜绝当地正府的腐败，也能最大限度避免大规模冲突，还能把不安定因素局限在有限的范围内。一举多得，多方盈利的事情。至于“反对种族歧视”。。还是让它去乐色堆待着吧	Potentially
我们这里都看不到月亮，真是无语了。但是玫瑰花月饼还挺好吃的，也不是很甜。	None
别结束啊，别当驴啊小仙女独立女性啊	Potentially
杨笠也是男的？🤣	Potentially
江苏那帮是真没家教	Potentially
跑国外去了不就很好嘛，要是去非洲服务默那更是物尽其用，怕就怕吴母沟出去整个容改个名，然后再回来祸害国男	Potentially
不打拳没必要如果是个拳师往4里喷	Potentially
熊猪太多了，来点肌肉型男	None
这身材哪一国都行啊，只要不是黑人	Potentially
在我们这个年代，南方比北方发达，你们北方人均GDP低，拿的出手的省不多，别被你家老人给骗了	Potentially
让你上去洗个澡再走	None
之前懒得一般见识的想法都不该有，直接说学校你家开的？座位你私人的？然后她骂你，你直接跟老师反应，说她乱吠影响你听课了。老师不处理等下课你亲自掀它东西，干就完了	Potentially
提啥？让她搞，出生人口骤降罢了	Potentially
让我们看看拳师是怎么想的	Potentially
不以为耻，反以为荣。在中国就是重婚罪	None
所以……江西还是被忘了	None
巧了，我是河南籍蒙古族人	None
看你这么卖力气，特意回来给你点了个赞同	None
基佬破防了😆	Potentially
无母爱直佬只会骂人吗，除了骂人你还会什么，会被骂，对吧	Potentially
醒醒吧，没钱男人有可能都讨厌男人	Potentially
⁉你tm是在转移话题吧。再说了替黑人洗地的大都是女性，不然像这次宁波工程学院事件，那些女拳怎么不出来发声？男生崇拜的是像科比和詹姆斯那样有成就的黑人，要是国内那些媚黑婊嫁给这类黑人，有谁会骂她们？可现实是和那些媚黑婊交往的黑人都是一些懒惰，喜欢犯罪的洋垃圾。而且这帮媚黑婊被甩了以后，还在社交媒体上跪舔黑人，还想拉其他无辜的女生下水。	Potentially
不好意思，我父母恩爱，身边也没有一个亲戚朋友和黑人有染。你这么生气难道你继父是黑人🤔	Potentially
黑色的种子将持续在这片黄色的土地之中播散下去	Potentially
因为网络世界和现实不一样的，网上大家可以胡bb	None
现在非洲贫乏，是因为他们殖民地时代的固有思想还没有改掉，宁可求神也不肯干活。若未来非洲都出现优秀的领导者，一个为改善人民生活，提高人口素质真正为国家努力的领导者，则非洲的潜力是无限的。	None
你非要拿你妈妈来说事儿。。。。？？？	None
不不，真不是地域黑东三省，我问过得人里面，是怕东北人，包括好几个哈尔滨的哥们，他们也搞不清楚为啥东北那么多一句你瞅啥就拼死拼活的勇士，在路上走路不管怎样都会到处看看，但你不知道啥时候就有人出来玩死你。这比女拳的眼神骚扰更恐怖可怕。所以为了活着，远离…	Potentially
说个我租房子事情，我合租了一个两室一厅，房东在上海有几套房子，租的时候问我是哪里人，我说是xx（中原地区），本来以为多心了，结果后来说了一句哦只要不是安徽人就好。然后我房子就不租了，鬼知道他还会排斥哪里人。	Potentially
中华文化要坚持是没错，但是学过历史的都知道有一个从初中就开始坚守的原则，叫取其精华，去其糟粕，爱情没有界限，为什么要用看待病态人的目光看待我们同性恋，性取向出生几小时后已经定了，我们又没有犯罪，其次同性恋是同性恋和交朋友有什么关系	Potentially
不会说话就照照镜子看看你自己，把自己的过错一切推给国家是懦弱与无能。	Potentially
狗狗做错了什么	None
假如你跟白人结了婚，你觉得不错，但是在旁人眼里你就自动出圈了，不会再把你当成自己人了。而且你自己本身就会主动向男方的圈子靠拢，顺利的话就可以彻底融入白人的圈子，最后变成他们的一分子。任何民族都比较容易接纳外族女人，再加上女人融入的意愿也很积极，至于男性的情况则完全与之相反。	Potentially
应该禁止黑沙口进店或者在居民区附近，把他赶到森林里。	Potentially
因为种族优势，中国人普遍都很小	Potentially
所以你认为我所说的那些腐女太偏激了是在瞎bb	Potentially
放心吧只要我们坚持斗争属于男性的时代终会来临	None
可以说现在西方民间已经全面觉醒而现在就只差我过民间全面觉醒	None
英国牛津大学和荷兰马斯特里赫特大学的最新研究表明：“由同性伴侣抚养长大的孩子，在学校表现比异性伴侣抚养的孩子更好，并且比异性伴侣的孩子高中毕业率高出4.8%。”这项研究结果被发表在学术期刊《美国社会学评论(AmericanSociologicalReview)》上，不过牛津大学研究人员德尼·马兹雷卡伊(DeniMazrekaj)补充说：“目前研究结果仅针对荷兰，可能不适用于其他国家。	None
论地域黑，最厉害的是四川，挑拨其他省份，然后还能全身而退😄	Potentially
我可没忘记，前几年那个吧里一堆女〇	Potentially
你以为自己很聪明吗？这就好比你要让农民觉醒，不去走进群众，反而当起地主来。你的这套玩意漏洞百出下作至极，快爬吧	None
😆😆😆关键你没法背调	None
吾乃物种骑士，不是种族骑士	Potentially
不管你是偷的图还是去wb看的我只能说少关心慕√那点批事儿	Potentially
扯淡，又不是逼良为娼，媚黑女都是自甘堕落好吗。	Potentially
权利不是无限的。可惜她们想不明白。历史上每一次所谓的民族融合都是血腥的，不知道她们支持谁呢？	Potentially
和中国思想有什么关系。。我没懂事的时候小学女同学拿班里的男同学和我开情情爱爱的玩笑我就觉得很恶心了，生理排斥男同	Potentially
因为知乎上自称歧视黑人的中国南方人只嘴炮，现实见到黑人p不放一个，而白人歧视黑人不网上歧视，在现实见到黑人常常敢动手	Potentially
拉入黑名单吧。避免给其他养家的司机造成不必要的麻烦	None
可关键是，俄罗斯和中东或是其他国家的女性大部分都比你们好看呀😄 看好了我说的是大部分，所以即使不是发达国家又怎样，以后中国发展的更好了，到时候我们会更有自信啊。毕竟，人种论已经辟谣了，我们不会再自卑的弯下腰了。起码就我来说，因为疫情只能聊天，我在长岛已经有了当地的女朋友了🤗🤭，反正应该比你这种好看千倍，不信我还可以发照片。😁	Potentially
哥们勇敢反击被挂，大家怎么评价	None
帅惨惹！无情爆扫下面那个不明生物惹	None
杨笠没告诉你们普女不要对号入座？	Potentially
怎么全是男的都话？为什女人要听男人的话？歧视女性没智商吗？	Potentially
这说明了女性不受惩罚是吗？	Potentially
带头不要脸了	None
籹犬分子一脚踢爆	Potentially
梦女是什么	None
去过一次新疆，河南人确实多。可能这位大姐接触过的河南人，有给她留下坏印象的	None
这不纯纯亩?	Potentially
并不会，现在偏远地方就行买卖埃塞俄比亚新娘🐶	Potentially
新疆人被歧视和其他省份人被歧视，本质上是不同的，有不同的东西在里面，你新疆基层干不少时间了，这应该能懂。	Potentially
辛苦进化上万年，一黑回到原始前。	Potentially
种种迹象表明，凯乐奇计划就是真的，	Potentially
女性恋爱自由有什么讨论的必要吗？这不是约定俗成的吗？😅	None
大多是被后天教育出的利女男，以为能用舔和服从换来爱情此类人是优良的供养者	Potentially
论落魄，东北也没安徽，贵州，广西，河北，陕西，西藏，青海落魄吧？我觉得存粹是在外打工的东北人太多分布太广素质太差了，在全国拉低了东北人的形象，还有可能也因为在外地的东北人涉黑涉黄比较多造成的（没有歧视的意思，就事论事）	Potentially
可是我是在反驳楼主啊 他用这句话我也用了 虽然但是 随便吧 反正是半年前的事了 我都忘记了 也谢谢你回复我	None
首先我是男人,但我觉得不管嫁娶都别回来。男人娶个黑妹也是生黑娃啊，也不应该支持。而且如果只强调女性,第一是明显双标,第二是就把媚黑这个矛盾转移到男女对立上了，会让女人们觉得凭什么男人可以女人不行。然后有一堆杠精来骂你,她们不一定媚黑,但一定气不过双标。所以也不利于观点传播	Potentially
第一次看见反自己民族主义的，厉害厉害。	Potentially
我在三元里的时候碰到过一个带着串串的单亲妈妈，怎么说呢，就是你明显能感觉到她很麻木，而且与周遭格格不入😅所以有时候我就真的想不明白，媚黑到底是脑子哪里出了问题😅	Potentially
因为默的长相不符合我国大部分人的审美	Potentially
回族都信教吗？，为什么没有吃肥肉的回民	None
因为鸡汤作者一半以上是女性。	Potentially
日本女人才媚白	Potentially
不知道😅可能是我这种好几代全都是哈尔滨本地的比较少😅问我哪人“哈尔滨”祖籍呢？“哈尔滨”老家呢？“哈尔滨”老家！“哈尔滨！”好好说话！“傅家甸（道外区旧称）”哈尔滨人了不起呀！看不起外地人呀！我：“…………不是…………真的，我没有………”滚！	Potentially
我不觉得是困扰，我觉得没啥问题，那些作品我只想远离😅	None
hiv吧一直粉饰太平，好想回到那些年的时光，感觉自己14年初那场病，应该是已经发病了。HIV吧里老说吃药后跟正常人一样，可是我对此没有信心。因为吃药一年，小毛病不断，而且明显感觉身体下降特别快，以及记忆力衰退等等。都在说不久就治愈，可是医院的医生说没可能，只能药物的改善，而且也不一定吃得上。想想就哭了。不知道吧里为什么老是要禁闭我的发言。前天，经过老城的旧街，看见一个店面新装修即将开张，里面的妈妈在布置，旁边的小女孩显示出开怀地笑容与高兴，开心地帮妈妈忙。十分活跃。这一场景让我想起了儿时，有什么节日，我总在一边开心地帮忙，那时候感觉就又种跟母亲一起弄潮，一起劳动的喜悦。可是现在，吃药后心情变得压抑，记忆衰退，每天还被药物折腾到很快就醒来，真不知道以后的路该怎么走下去，曾经的我，那么优秀，不愁吃穿，每天都可以懒懒地睡到自然醒，想不到才没2年，我就要这么痛苦地度过余生，每天都在与病魔斗争。根本体验不到生活的喜悦与开心了。连大自然的冷暖感知，都反应迟钝。。。。。	None
你一看就是江苏的	None
男人的命也是命	None
阿肘真是战神啊，牛	None
人都这样的。否则奴隶社会怎么几千年？	None
不愧是金庸先生，思想先进👍️	None
所以你想表达什么？	None
女拳冲你可能只因为你是男的，同为穆斯林咱们什么时候能吉哈德了他们	Potentially
女性地位越来越高，男人只能认怂了，不服不行。	None
怎么说呢。。。写一下我的看法吧我这人比较佛系，对于很多东西的接受度都比较高，所以并不觉得同性恋有什么不对的。其实就是想问一下，你们为啥反对同性恋？如果只是因为觉得同性恋会传播艾滋病的话，那么为什么还要反对女同呢？如果是因为觉得这个世界上的同妻同夫太多的话，那为什么还要极力反对同性恋婚姻合法呢？个人想法：如果同性恋婚姻合法的话，世界上的同妻同夫应该会减少才对。一直反对同性恋，就会有越来越多的人不愿意承认自己的性取向，到最后和“正常人”一样结婚、生子（也就是骗婚），那么在这种情况下反同又有什么意义呢？最后，你们该如何反同呢？因为不管过去多长时间，同性恋群体的数量都不会减少（其实同性恋本来也应该算是自然现象叭，毕竟自然界中也有动物是同性恋）。如果一味地反对只会出现我上述所讲的情况啊	Potentially
是的，但山东黑东北最起劲的是沿海地区，内陆不太掺和，山东沿海连内陆山东老乡都歧视，山东大学学伴事件他们还有人幸灾乐祸，也不知道图个啥，很割裂	Potentially
别把中国男人的操守捧那么高好吗？摔下来很疼的。	Potentially
我是不觉得广东人长得好看	Potentially
我不知道 家乡对我来说没那么重要 因为我不会一直待在一个地方 global citizen 高贵的浙江人拉黑我怕挨骂吗	None
你以为都是好人呢？不过是懦弱加上不能明辨是非罢了，好人就该被人用枪指着这句话已经被用烂了……	None
没地方拉屎的人会不会拉我家门口?	None
躺平不意味着放弃斗争，正是因为没有了后顾之忧才能一心一意地反女拳反到底，某些二极管想想是不是这么个道理	Potentially
艾滋病是黑皮搞出来的，他们以🉐️艾滋病为荣，应该支持他们在非洲大陆勇于传播艾滋病。积极🉐️艾滋病是他们这个物种无上荣耀，他们致力于感染每一个没有艾滋病的“族人”。这是他们唯一创世纪杰作——艾滋病，他们热爱-艾滋病，誓死与艾滋病同甘共苦，不离不弃。	Potentially
求个中外哲学家评论幕刃的图	Potentially
同性恋从头到尾就只会那点语言攻击复制粘贴，这是最低能的表现	Potentially
你说得国是指大宋吗？😅就是被金干得皇上都没了的那个	None
再见我的新郎	None
娶进来比嫁出去更可恶，给炎黄子孙来点嘿人呗人血脉很骄傲嘛⁉	Potentially
你们也可以搞一个跟黑女交往过的男的的名单啊。公平嘛。😆	Potentially
单纯的打磨抛光，没啥技术含量，用砂纸和磨砂头自己在家就可以	None
婚纱不都是女方自己买吗？男方买西装？怎么这也能怪男方？	None
我说的是，小藓女她求分享，楼主不理她，她就开贴引战，还带了舔狗来。	Potentially
越是传统上的中原文明发源地越被黑，越讲官话越被黑，懂我意思吧？	Potentially
你见过吗？	None
让他去死lkd	Potentially
我不信，我觉得是和家庭，社交，情感，经历有关系。我没啥异性缘，周围基本都是男的，但我还是喜欢女的，看见男同之类的。。生理上恶心，比如接吻😅😅	Potentially
为什么要鼓励生育？原来是为了保护某些群体的自尊心！国家太暖心啦！	None
极端仇男癌成员，希望家人们留意！	Potentially
这男的也是个舔狗，这种情况下还不下死手起诉法院	Potentially
啥?，不想生自己去找丁克，又没人逼，给她脸了是吧	Potentially
我记得普通人好像不能移民中国😅	None
亩篝是这样的	Potentially
应该新疆切糕把新疆人名声败坏了吧	None
而且外国人永久法允许黑人进来怎么办？	Potentially
我认为吃狗肉没有什么社会危害性，又不像同性恋那样恶心。	Potentially
等中国遍地都是黑娃的时候就没你什么事儿了，你还以为咱们是基本盘呢。😄	Potentially
你让我滚就滚？你怎么不滚	None
哈哈年度格斗场了属于是哈哈哈	None
所以他又怂了，放鸽子了是吧，实在不懂，明面上这头🐷信用都败光了，为啥还要信他	None
我不歧视这样的女的，只希望他们不要在中国了，嫁鸡随鸡，嫁狗随狗，和黑人去非洲开疆扩土吧！	Potentially
哈哈哈，除了在网上看到过，真是从未听见过类似事情。我姐在国外留学的时候，也有很多同学，我也问过她是不是很多女生很喜欢德国男孩，结果并不是的，都是和国内的同学恋爱结婚的，倒听说男的想要签证啥的和很胖的女的结婚了	Potentially
黑人有啥资格在别人家里要求这家的主人必须对他好	Potentially
此图充分证明女拳是没有逻辑的动物，细读第一句	Potentially
相信我那个女人脑子不正常👍️中国还是有很多脑子正常的女人的👍️👍️👍️	Potentially
说实话男性也可能得这个病	None
你是谁啊 给中国男性提建议 不去当个酋长夫人 真是屈才了	Potentially
好青年，知道艾滋的厉害。	Potentially
昆仑奴翻身逆袭咯？	Potentially
可以查一查现在中国艾滋病多少了，郭女现在相对白女，干净这一优势基本没有了	Potentially
？你要不要问问答主那人有没骚扰他，有的话我删评，没有的话你删评	None
演员不评价，黑豹拍的真一般，居然还拿奥斯卡了，政治正确道德绑架	None
破吧完！（前两张我发贴被删，后一张举报女拳的）	Potentially
你还真是个人才	None
这件事大家抨击的是动画片，怎么变成南方北方了？谁在这挑拨离间呢？	None
祖籍河南户籍上海东北上大学😄我的buff拉满了吧	Potentially
犹太人 正在中国借助女权LGBT推动黑人凯乐其计划	Potentially
凡是黑人模特图片的衣服，我一律不会买！	Potentially
我有个好朋友是大连人，她老公是抚顺的，当年他们结婚的时候她妈妈就告诉她不要找北边的人，省内况且如此，何况省外了😅	Potentially
我还在杭州等你呢，妖怪你在哪里？	None
怎么看都是外地人歧视上海😓	Potentially
去趟非洲不拜访一下亲家吗	Potentially
支持作者传播正能量，让更多人知道真相。	None
北京叫王德彪（外地逼)，上海叫乡下人。	Potentially
用粤语屌他啊 小北那边也很多黑人 我经常用粤语屌他们	Potentially
幕刃智商堪忧，整容一劳永逸，化妆到妈不认，约炮可以，长时间哪个男人受得了？	Potentially
小学生太多，都是些被带节奏的，年龄超不过18	Potentially
同的心里扭曲易生疾病	Potentially
25岁生孩子跟30岁生孩子完全不一样。25岁以下的女性生产后，状态回复的最快，伤害也最小。30岁以后生，伤害也就越大，恢复也就越难。女权们继续拖，等你拖35岁以后，绝经了，你这辈子也就这样了	Potentially
当然，上流社会看上黄女的也不是没有。那就是ghd参议院领袖，和他夫人赵小兰。不过人赵小兰夫妻是相濡以沫，贤妻良母。是女拳最看不上的传统贤惠女，当然绝大多数女拳不学无术，虽然成天自吹自擂国际视野，跨国恋情，绝大多数赵小兰老公叫什么都不知道。	Potentially
哇哈，终于看到自然选择这几个字了，不错不错俺点赞了	None
😎连狐臭都可以被认为是男人的表现，中国男人偶尔没机会洗澡也能被拿出来大书特书😎	Potentially
电脑不能投票？	None
哇你写这么多这么认真的吗	None
这……确实挺可爱啊，从面相来说就比那些奇形怪状的女拳生物和善多了，而且人家也没什么错吧，恶意攻击不可取，别真和微博一样了	Potentially
其实你是g也没啥不好的，每个人都是个独立的个体，你不同于一般人的性取向，其实也没有什么，失去的同时也会得到很多，很公平。不过已经这样了就是要既来之则安之，不需要惴惴不安，喜欢一个人没啥错，性别是相同的也不是什么错，其实不管是同还是异，辛福与否都把握在自己手中，异性恋也有很对一辈子要不到爱的，同性恋也有白头偕老的。给你推荐个人，你去看看他，会觉得好幸福	None
这盛世如你所愿	None
太好了，绝对支持。所以男人可以dy了吗？	Potentially
这都不是真女拳，真女拳因为谷爱凌挑战郭女白瘦幼审美观都骂她呢	Potentially
结婚前，女性会索要高额彩礼；结婚后，女性有权利拒绝和你发生关系；女性可以和别人发生关系，且离婚时这不被视为过错；女性有权利拒绝生孩子；女性有权利拒绝做家务；当你想离婚时，女性不会退还彩礼；女性有权利索要年薪124万的赔偿；女性还会网爆男性，所以结婚到底给男性带来了什么	Potentially
东莞很好啊😎	None
你多看看小红书 微博 抖音那些炫耀黑人老公的先？看看她们生的黑混血身份证先？黑混血的民族:汉。	Potentially
于是，本人替他们总结了三点。	None
刀收不住了，厚葬友军😆	None
非洲人10亿多点，目前检测出来的艾滋病人3000千万左右。还没检测的不知道，也就是说十几个非洲人里至少有一个艾滋。吓人啊	Potentially
大众缺乏个人实现的途径，意味着社会在固化	None
在现实中很好理解。你什么水平，周围的人大多也是什么水平。所以矿渣就不要想着能淘到金子。	None
赤色利维坦坏事做尽孔孟之道、宋明理学是正信的古代社会何曾见过这样的状况真是令先王垂泪、众圣蒙羞	Potentially
她没说错……	None
没办法，估计黑人想通过那四个字绑架全人类。再加上西方价值观的影响，	Potentially
打仗吧，等打仗把它们杀个精光。即使是要我的命。	Potentially
美黑不会加入中国籍	None
慕✓口嗨一贯可以的，毕竟不用为自己的言行负责，果然是劣等生物啊。	Potentially
南京脏话是真脏，口音还尖锐沙哑，呆比呆比的脏话，掉的一批😂	Potentially
你可以取消“粉丝”啊	None
商丘，驻马店，周口，豫南三市被黑的最多，	Potentially
看到同性恋就想吐🤮	Potentially
黑人如果只在自己的地方怎么糟践都行，别来中国祸害。黑人就像哥杀里的哥布林一样，被繁殖欲望支配的物种。	Potentially
我的好几个贴，都被删除了，会不会是这玩意举报的？	None
因为和女犬讲男女平等讲不通就只好以暴制暴了	Potentially
没办法，我们黑龙江人口流失严重不说还不靠海岸线邻国也只有人烟稀少的俄罗斯远东 姥姥不疼舅舅不爱了属于是	None
天天给我推黑山东的	Potentially
这是东南亚裔的苗族人	None
碰到一个讲江淮官话的扬吹为了讲吴语的苏州园林贬低厦门😅	Potentially
看到默我都躲得远远的，这些人真恶心	Potentially
你倒是挺会装的	None
有性需求不行？中国主题就是压制男性的性释放途径，让郭楠只能通过婚姻来获得性，这个有错吗？	Potentially
地域黑真的够了，都是中国人有什么好黑的？新疆人是小偷，河南人是骗子，东北人黑社会，东莞的都是小姐，上海人排外。以偏概全这种真是太可怕了，都分明没有去过那个地方，或者只是因为一个人一件事就对那个地方产生别的不好的印象，难道不觉得可悲么。我只知道，都是中国人，都值得尊重。哎，答不对题，只是看到评论说河南籍新疆人有感。	Potentially
我们都在别的平台反嘿，偶尔也在这里反一下，毕竟没有吧主，还有很多嘿孝子还要骂呢，不然新来的不知道	Potentially
骂她啊，别怂	None
看个笑话就好，我相亲碰到个，加了vx说自己160+问我多高，我说190(真实193没好意思说)，死活不信然后普信男就出来了幕刃真有意思，我tm一个19390+kg的中锋要干这些乐色还不是分分钟？	Potentially
就是可以对着蟑螂女仆冲一波的人	Potentially
你们可以远离女人啊！越远越好！	Potentially
那些小仙女最喜欢非洲酋长的公子哥们了，还喜欢主动献身倒贴🤭	Potentially
这位不错了，在b站展示化妆和美颜的效果，也承认自己，可怕的是那些化妆开美颜就真的以为自己长那样的锅钕	Potentially
这篇文章简单提及了日本和韩国女权	None
湖北好像之前2020年武汉疫情的时候网络上就是微博好多人骂枪打九头鸟什么的。其实也没听懂是什么意思。反正就是黑称	Potentially
真的要我放一张东亚小女孩和白人小女孩的照片打他脸吗	None
什么时候被西方zzzq洗脑就是高知了🤣，思想前卫=lkd？🤣学历之类的不清楚，姣好面容这一点，我觉得自己也算阅片无数了，怀疑你没见过女人🤣	None
再次提醒一下某些单纯的朋友，百度百科、抖音、知乎（这个算是其中比较靠谱的）的某些文章，基本都只能当个乐子看看，莫当真。	None
仙女们以看不上的感性理由非常好的掩饰了自己拜金的终极目的，论物化女性还得看仙女自己	Potentially
你能说出这样的话，我就能断定，你一定不会是反串	None
你这个**还想当吧主	None
那只有一妻多夫能拯救男性了。。。	Potentially
我安徽竟然没有被黑	None
四分之一还不多？那上海全是苏北人好了，不叫上海改叫苏北	None
小心酒吧营销的那种	None
又关你事?普及黄混是可怕的，中国不占优势了	Potentially
我就是不婚主义者，个人自由选择，反正人这辈子结婚生子就是在赌博，也没啥意义！	None
以前女人主内，必须得干净，现在的小仙女嘛。。	Potentially
确实高贵，其他大多数省都是给我国拖后腿的	Potentially
凭啥把锅甩给北京？	Potentially
宁先看看宁的国人同胞在非洲下了多少蛋，再看看谁有资格批评谁	Potentially
我们同性恋太正确了	Potentially
接盘的排队的，呵呵…搞得像买似的，对自己不负责任的人，反正无所谓了…估计智商程度也不会考虑多年人生中的发展	Potentially
辽宁人歧视黑龙江人，建州女真歧视野人女真😆	Potentially
你可以申请吧主	None
母人是无耻的动物	Potentially
每次出一个习武女生的视频，评论区里就总会有人说她能打死男人，她能打死老公之类的，他们就那么喜欢打男人吗	Potentially
本质上根本就没有什么这个恋那个恋的，西方为了用身份政治来控制人民，以保证自己的剥削能够继续，才搞出了这些闹剧，把一群过街老鼠的怪癖放上大庭广众之下，让人们自发的结成两派，左手打右手，就没有合力去对付高高在上的资本财团，妙啊	Potentially
而且你还别忘了阿富汗女性会援助韩女的！然而俩男种族主义彼此敌对！	None
那是女拳，我已经在评论区说过了，极端男拳女拳都是烧饼	Potentially
就这还有人说“女人能顶半边天”	Potentially
还是某群体好，都能稳定的死在艾滋病上	Potentially
抱歉，父系社会当然是嫁鸡随鸡，入国籍了，嫁给中国人入中国籍。	None
其实大家都是男人，哪有什么正不正常的，只不过是性取向不同罢了，我也是啊，但我觉得我性格就是普通男孩子的性格，就是人有点孤僻😄	None
但凡以偏概全的言论都是刹比，以为自己很有道理，大部分有脑子的人一看就说话没有逻辑，自说自话，自以为是，懒得理会，我是辽宁人，黑东北的也听过，不过比较少，黑河南的相对多一些，平时不关注这些黑的言论，不知怎么就看到这里了，他们说的话让我感觉脑子没发育完全，完全没兴趣跟他们说话，不直接开骂算他好运🙂	Potentially
以及一切为他洗白的狗腿子	None
傲娇永恒基佬吃阻断药造成小脑分泌大bian,S在键盘面前	Potentially
我是不支持男女平等，本来男女就存在差异，何必搞得那么极端，这口号就喊的不现实，互相尊重就行了，不行就开撕，别扯平等。	None
充满了抠脚汉油腻荷尔蒙气息的匿名小仙女🐶🐶	Potentially
瘫痪男子在家8天被饿死，妻女被判刑，到现在，都没有热搜，男性要是婚姻得益者，怎么还有饿死的？就知乎火了	None
楼主你恐怕不知道虫类及其后代虫混是拉美人外全球第二大贩毒和运毒和磕药的大户	Potentially
额 这个东北火车站的小偷还真不是东北人😅这两年已经看不到了	None
基佬还是看看HIV吧吧	Potentially
骗婚基佬你良心不会痛吗	Potentially
已婚人士感觉不太适合讨论这个话题。😅但是就个人感觉上是无论如何都不能接受的。	None
你们以为自己是谁。有这时间看看孩子吧笑死了，有房吗？有车吗？彩礼多少。存款多少。看不惯就把所以通讯录都杀了你们有这个本事吗？一个个没事天天犯病真是是个人都会上网了。那个大山里跑出来的猴子啊笑死了。不过是为了体现自己是“正常人”的优越感而已，笑死了我夸夸你们呗	Potentially
毕竟在外地你做的好了他们会说“你一点不像上海人”	Potentially
因为他们不见得广东的好啊，广东人也不要太包容，该怼的就要怼，该歧视的就要歧视，唔好咩都唔理咁	Potentially
就坦白就得了，如果谈过一个帅气聪明的外国男女朋友说明自己也很有魅力，正常人不会介意。找个low的才丢人现眼遮遮掩掩，饥不择食还猎奇的本来就有毛病，和人种无关，eg是真的给国人丢脸。	Potentially
智伤太低，以后镇傅部门一片黑。	Potentially
我也是一样的 ，哪怕在娶个二婚女，都不原意娶个交往过黑人的女孩，我也不会问她为什么非和黑人处。	Potentially
这个可以有	None
成都人做的事与四川无关😓不要乱绑定😆	None
你想多了，北方歧视南方几千年，就像种植园主不可能看得起黑奴一样，都不把黑奴当人	Potentially
说河南人偷井盖的明明是北京人，我一个南方人都知道，东北人会不知道。东北人就会舔北京，然后拉着整个北方对抗南方，搞得像分裂国家一样。真的没治了。	Potentially
很多男同都有创伤，我们应该帮组他们走出阴影，过上正常人的生活。	Potentially
这个炼油厂还没投产吧，丹哥特要被拖死了	None
这暴躁老哥说的好呀👍️要不是疫情我也去东南亚快乐一下，抖音上那群老板也去霍霍非洲世界小姐们了	Potentially
上海黑起别的地方也是不遗余力呢	Potentially
普信男明知道不能送游艇，他们多数人仍会选择在这个周末上网……而不是去好好劳动，真是无药可救无可救药	Potentially
太假了，普通人被气死我信，有钱人不可能的，三万美金😓稍微打点下默就可以解决的事	Potentially
这些黑猴子也真不怕死。	Potentially
评论区怎么就有人对号入座了呢🤭🤭	Potentially
这人真是有毛病	None
没啥用的这个吧早就被人监管了，以前很多人的	None
我就是比你m还丑也配评价恶心男同，yue	Potentially
不要回我，我没时间跟人对线哈🍉	None
现实是自古以来种地的大省最好管制，只要给口吃的，就没人闹，另外人口太多，出点奇葩或者啥事也正常	Potentially
你们的回复都好苍白	None
如果是大户人家我没意见，但是这年头，谁还没个贷款。	None
我太想看看了！	None
腐癌说的，腐癌是你们异性恋女生😓	Potentially
黑人请离开，因为距离产生美	Potentially
有意思~~请问你哪里得出结论我是山东人~~	None
美国人又在哪个国内论坛看见的谣言啊 转手就发这来了	None
好家伙，我也看过这个	None
最后两句话含义深重	None
搞笑呢 那照你这么说我就觉得不太好不太合适我就要批判 你凭什么不让我批判🤣	None
努力大姐好久不见了，我还挺想她的	None
你们这些连性教育都没有的人，可以别来搞笑吗？	None
我们这些原住民终于可以爬了	Potentially
这几年被黑的最多的是山东吧。	None
贵州人表示在浙江贵州人的身份经常感受到来自浙江人的恶意	Potentially
上次遇到一个坦克，直接跟说自己这么漂亮怎么可能没谈过对象我就知道是什么成分了	Potentially
这个事情上估计是大势所趋，国家宣传口的风向都是在推进和黑人同婚，想改变这个趋势，极其困难🤔	Potentially
他们宣传他们的，咱们抵制就好了	Potentially
说明一下，我只关爱自己身边的女性，比如老婆女儿等，别的女人关我鸟事。v	None
估计已经成了非洲某部落的第36号王妃	Potentially
看来人类历史的先祖们早就有预料今日这些人类的叛徒所以才有了慕尼黑这个地名对人类们随时警醒	Potentially
找谁不行，偏要找个黑家伙。	Potentially
这里至少还有个男的，隔壁摆摊收豆子里就没出现过男性	None
中国劳工也在非洲大杀四方😅	None
好人与坏人有绝对界限吗？其实没有，只有立场，站在我们种族的立场，黑叔叔移民入侵破坏我们种族的单一性，就是敌人。不管他是不是好人。物种竞争本就只有立场，白王军在他妈妈眼中他也是个好孩子。但是我们眼中就是敌人。因为立场。	Potentially
放屁的时候还会用手把屁罩住，然后放在同学鼻子前把手松开，然后同学就会闻到屁味，这是我独家发明的整人招数，然后我同学也会这样报复我。我还会把头皮屑挠出一桌子，然后包在纸里送给女同学，然后看她们嫌弃的反应特别好玩。后来毕业的时候发现被我整得最多的女同桌原来一直暗恋我	None
卡肺囊虫肺炎和隐脑大几率会死人的。	None
本身同概念就是用来混乱世界的，什么同，双，跨种，都是一堆歪理	Potentially
？？？你在说什么啊？？？你们同性恋不是真爱吗？？？怎么能出轨呢？？？	Potentially
都散了吧，人家都饥渴到这个程度了，大家就不要再打击了🤔	None
比黄人好看多了，真养眼。	None
正什么歪成什么样子了都是群满嘴道德仁义的狗在搞笑	None
看不起你了？	None
图中那个索玛女王被扒出来是个男的😆	None
猜猜看为什么贴吧变成了垃圾场？	Potentially
保护我方输出	None
嘴里说着男女平等，却处心积虑让男的花钱，笑死，给你们随便找一个欣赏一下	Potentially
但现实却是没有多少个已婚女性能够明面上拒绝丈夫的性需求，否则会遭来男方家里的各样指责。类似夫妻生活不和谐就是因为妻子的不配合等说辞。	None
另外，非洲人并不是我们的兄弟，把我们送进联合国的是欧洲，欧洲25票，三票弃权，欧洲只有一票反对，加上中法关系的升温，非洲很多法国的殖民地，自己去了解一下，非洲投的票最多，但是反对票也最多。	None
复印还得是你们txl厉害，搁知乎上一复制来这一粘贴就把正常人的智商否定了，就那两个赞的文章谁信谁才智商有问题	Potentially
同性就是违背大自然了吗	None
没存在感是好事😅大连倒是有存在感可净是负面的	Potentially
为什么会被歧视？我觉得尊重是互相的，我不歧视任何群体，我是鄙夷某些行为。	None
“男女平等”是女权的温和版。——2010年之前反女权总坛就确定了的。为什么还有这么五花八门的版本？大佬们也不下来管管。	None
图一是谁？好帅啊	None
首先是你要区分什么是媚黑。	None
觉得有人故意，然而这小傻瓜还不自知，一个个沉浸在愤怒的高潮中无法自拔😅	None
我小学四年级后转来南京读书，印象最深的就是初中有个英语老师是南京本地人，日常说话满口南京腔，尤其是批评学生时南京市骂一口一个往外蹦。初中时班上也有几个外地同学，也能感觉出老师对外地学生明显的歧视	Potentially
黑驴基狗一家亲	Potentially
在古代男性向外族播种是征服者的体现。女性被播种怀上外族子嗣是种族被其他种族征服的体现，区别还是很大的。	Potentially
尼脑子有大病	Potentially
更何况你鬼母阿娜本身就是个二年级辍学的屑	Potentially
胡人的羊不用偷井盖了吗🤭	Potentially
女人的钱好赚啊，我们要买房买车哪儿有钱让资本家改口啊，月收过万月支出500的穷人先路过一下。	Potentially
有好看的，是哑光的巧克力色，纯黑的就算了吧	Potentially
地域互黑沒有無辜者，黑別人與被別人黑，天道循環，報應不爽。	None
看不起我们中国人，别在中国网上秀黑人恩爱，去非洲网上秀恩爱！！！	Potentially
大部分黑人都不知道自己是凯乐奇计划的棋子吧。就凭他们的智商。还妄想统治世界。犹太精英就是新的农场主。	Potentially
又没人？单机贴吧？	None
图来了😆😆😆知乎竟然不让上传超过5M的GIF😅拍了好几次😅查看动图	None
拉黑nt是正确的心理异常变泰的人总想和正常人搭话来证明自己也是正常的	None
视频下架了	None
黑杂碎必须灭绝！！！	Potentially
宁夏呢？知乎上我还没见过宁夏发言	Potentially
这张动态图简直把虫类及其它们后代的智商表现淋漓尽致	Potentially
给我看懵了	None
举报三非默有奖金！	Potentially
咋？青楼赚钱没人点你，小仙女去凡尘溜达啦？	Potentially
我之前看过一个新闻，一个妹子晒了自己中国男友的合照，结果男生因为长得太黑被一群😓认成黑人，好家伙，那个集体失智场景真的令人无语	None
女权师疯狂成这个样子她们要刀谁？或许仅仅看着她们每天把自己置之死地的样子，就很美妙呢	Potentially
搞不懂这些人看母猩猩能有情欲？	Potentially
小时候在河南被骂新疆小偷，上了大学被调侃偷井盖的，高考还要被歧视，上网还要被吐槽，fk the world	Potentially
河南朋友真不错的，能处！实话实说！我遇到的都非常好的人，有几个三观不合，但人家也就背后说我坏话没坑我呀！但是低温……这……我碰到过一次那就是楞抢的这种	None
逆反就逆反呗，毁灭的是她们，而我们就坐看笑话。😎	Potentially
问题是就算在研究所工资也不行啊，制造业平均工资也就比农林鱼牧餐饮旅游这些强上一丢丢，金融的一半不到，互联网的2/3没有行业报告里都写着的。	None
东北天天被黑，尤其是被百京😭	Potentially
请你不要偷换概念,我回复里面明明写的黑妹,根本没提东亚黄种人	None
我相信爱情，我也拥有爱情，而且我们双方父母都可以接受	None
答主:最讨厌三种人，歧视别人的人，心口不一的人，黑人😆😆😆	Potentially
七尺大儒猴，和阿娜一个级别的	Potentially
舔黑的人在增多，舔狗也在增多，国内有些女的快被舔到天上去了	Potentially
一说我是江西的，然后他们说，你们那是不是有很多传销组织啊～	Potentially
素质高的不来ZG，酒囊饭袋团就想移民黑，为了钱，什么人种入侵都不顾了，多多吸收黑才是好，各种匪夷所思的行为	Potentially
答主，评论区里的黑子是不知道一个地方的人不能用一个标签概括的道理，一开口就是AOE了都是老法师了，我在上海没呆过太久，七八天，有天早上在同济旁边四平路人行道上走，有位老太太骑一自行车从我后边骑来打了一下铃铛，我一回头就要躲开，恰巧老太太和我躲闪的一个方向，左一次右一次后，停了下来，相视一笑，老太太连忙说不好意思哦，还被询问小伙子穿这么少冷不啦，当时自己也是久没回家了，突然感觉很亲切，也挺想家的，当天就在网上订了票，没过几天离开了大上海哈哈。我这不是说洗啊什么的，我是觉着每个地方都有素质高的素质低的，可能有些东西客观存在，其实都是个例被反复说反复夸大而已，中国人民绝大多数都是善良质朴的👍️	None
按我的想法，它们只是类人，何来种族歧视?	Potentially
确实，希望现在女生好好爱惜自己，不要太恋爱脑😆	None
_xDC36__xD83D_zz有空发这个不如去舔你默🐶的嘿d	Potentially
生而为男，天生有罪	Potentially
这位答主在评论说自己有过法国前任，按你的说法答主也该滚出中国，笑死我了🤣	Potentially
笑死我了，这个货绝对是个同	Potentially
不，黑陕西的只有河南，黑河南的可不止陕西	Potentially
鲜卑是黑人吗？	None
他们所谓的等级之分也就是她们自己认可，真正的好女人和丈夫一起为家庭的未来付出，而所谓的高等之分却被西方佬玩了又玩，什么都不剩，还美其名曰为了爱情，真实可悲，不过也不值得同情，活该	Potentially
我本硕均985，宁可要长得一般的本科生也绝不会看上自命不凡的带专lkd	Potentially
希望建立个媚默女的档案库，防止有老实人在不知情的情况下接盘🐶	Potentially
不好意思啊，安徽一般被黑什么啊，好奇，从来都没听说过。	None
“女权”就是女人没有了束缚后释放本性的模样，是女人最真实的一面，女权祖师奶波伏娃追求性解放可happy了，还把自己的女学生送给萨特透呢。与之对应的男人没了束缚那就是黑哥哥模式了	Potentially
就是宣传啊，这几天都开始删对它们形象不利的视频了，zzzq	None
你早点蛆丝	None
反社会分子别冒充同性恋了	Potentially
Ni是有毒重金属	Potentially
那我就放心了	None
美国黑人马丁路德金是个非常有文化的人，他获得大学文学与神学学士学位证，因此非常厉害的	None
兰州拉面化隆造	None
看起来那就是一个垃圾勾八营销号。	None
中国大概2016年取消了入境艾滋病检查，南非的艾滋病病毒携带者高达25%，这还是黑非洲经济最好国家，其他的。😆😆你仔细想想。	Potentially
有没有男权群啊，我想进	None
貌似很多非洲国家半数人口有艾滋病，而且他们也不怕，因为寿命低，活不到艾滋病发就会因其他原因死了	Potentially
这种货色宁可当敌人也不能当朋友，背后捅刀往往致命	None
警惕同性恋打图灵牌	Potentially
她们以为外国黑人有钱 哈哈哈	Potentially
找黑人男朋友等于刨自己祖坟了	Potentially
刚果首都的艾滋病人占到50%	Potentially
浙南：不想被代表。	None
也就是一年一度吧。看看现在各大影视作品，哪个黑恶势力地痞无赖不是操着一口东北口音。从舆论到宣传，已经定性了。这才是真正的黑。	Potentially
不需要也会尊重，你不需要不代表其他人不需要。	None
害，他们也就只叹自己没有生在上海并拥有上海户口	None
我知道男人活的很沉重。_x000D_也知道男人的世界不单纯。_x000D_但如果有来世，我依然选择做男人。_x000D_为什么？因为在这个世界里女人是被诅咒的，男人是被祝福的。男人如狗；女人如猫，对狗的评价总是正面占多数，对猫的评价总是负面占多数。_x000D_流血流汗，甚至掉脑袋，我都不怕，怕就怕一生无所作为。	Potentially
有这帮龟男舔狗，难怪女拳这么凶?	Potentially
啊这，他们缺老婆缺疯了吧，实在不行，找一个越南妹啊	Potentially
你接受纳粹思想不？	None
现代女生都接受教育了 你这思想留在三从四德时期吧	None
证据链不完整	None
论地域黑山东没资格上榜	None
老大，别人国家引进移民，都必须过三五关卡，从语言能力到主义的认同。咋到了中国就啥门槛也不要了呢？ 你不可以让他们学儒家文化，学集体主义？明明可以的。二，中国人在非洲也生了很多蛋留下了。哪来的中国男人就很负责？呵呵。评论区一片“我们下的蛋多很自豪”。三，三非的矛盾怎么会是种族矛盾？明明是个违法问题，按法律处置。	None
韩牛奶广告将女性比作奶牛惹众怒	Potentially
春日祭这个幕被陵迟的母苟笑死	Potentially
之前有人做过类似的app，被女拳抱团掐灭了	Potentially
照现在的情况如果没有改变，那么美国只需要撑过20年估计就可以吃尸体了	Potentially
广西风景棒🐮	None
不就是想制造多点舔狗	Potentially
如果妹子嫁给黑人也可以要求买房买车要彩礼🐶	Potentially
黑人来到中国等于犯罪	Potentially
微博拳师马上传送	Potentially
异性恋不需要被认可同性恋就要？	Potentially
唐朝前期的公主外嫁和后面的五胡乱华有很大关系哟	None
那个屌逼就是个**	None
你不会以为河南人全部迁到南方吧？即使是现在的交通条件也受不了一个省全部迁移，其实迁移的河南人是少数	None
为什么狗觉得人类的屎很香？并且吃的津津有味？	None
好，黑人越多反而排名下降了	None
你信不信她们更无奈！	None
别别别我河南的，我们没有这种人渣	None
别找太便宜的就行，听说便宜鸡跟你做完就开始叨叨叨她那些前男友的破事了。跟个怨妇似得，烦死了。现在22年，超过600都比较正常	Potentially
虽然给你点了赞，但我觉得“只是歧视国男，对国男高标准，对外国男性放宽要求”这种做法不对	None
这个emoji有啥关系？	None
正常人不会嫁给黑人	Potentially
我反而建议都去非洲，别把黑人引进中国。	Potentially
你说没有就没有！ 你的观点可以说清楚没有？	None
ZF2010年因为政治正确取消外籍留学生艾滋病强制筛查之后,国内的艾滋病感染率大幅度增加。	Potentially
嘿畜狌及其追随者没有资格存在于世，应该将其从地球上抹掉！	Potentially
看来当通讯录是他唯一的精神支柱了，怪不得如此顽抗。	Potentially
他们要求中国变成什么样？国家没有义务照顾所有人的意愿	None
可能有些人不知道科学有一个重大的阻力，不是伦理问题。正如艾滋病毒（较小结构）还没解决，何以有信心解决更大的结构？	None
我要当吧主	None
国女不少就被这种所谓戒指骗的……	Potentially
人家能到越南做生意，说明有路子，娶个漂亮老婆算什么难事吗？	None
山东的就不要来凑热闹了	Potentially
n哥没有爹	Potentially
人家就读错个子，你意见都那么大，你想想为什么那么多人黑河南了吧	Potentially
这就受不了了？知道美国多少白男为了追小仙女玩极限运动，命都没了吗？	Potentially
而更多对同性恋抱有偏见的人他们偏见的方式是通过侮辱诅咒同性恋，通过散播自己本就不健全的三观，用各种伪科学或者哲学观点来证明同性恋的劣等和同性恋不该存在在世界上的扭曲变态思想，这种人还挺多的。如果有人告诉他他的这个想法是错的，他就会好像一个被爸爸妈妈惯坏的孩子，在受到社会的毒打后通过发狂和哭泣的方式伤害对他造成心理“伤害”的来源。但你不一样，你对txl除了不伤害，也给自己推倒之前偏见的机会，这还挺好的，这点连很多同性恋自己都做不到。	Potentially
你这算不算打小报告😆	None
那玩意根本就不能算文化	None
哈哈哈哎哈哈哈哈，不要和不是同一个三观的人说话，说不到一堆去的🤣	None
同在广州，都特么有点不敢找对象了，就怕妹子之前交往过黑人瞒着我😅	Potentially
艾滋病好好治也能活很久的，千万别放弃啊	None
她们被外国杂种羞辱了，国男愤怒受不了罢了。国女被好好对待，没人会反对	Potentially
用钱用帅来衡量男人这种女的还少吗太多咯如果女的对你好感度不够她们就会冷漠势利眼小心眼只会利用你的时候笑	Potentially
人类起源于非洲，不是起源于嘿人	Potentially
东南亚不错的。你不了解东南亚那带的文化，我在那边呆了几年。那边人男人很厉害的早上九点去路边小店点杯咖啡什么之类的饮料，然后拿着报纸看着电视到十点多然后去做事。🤣🤣🤣	None
上海歧视外地人是普遍存在，看看这次防疫吧。妖魔鬼怪到处是	Potentially
河南学校不少，但是跟你们人口比起来，你们上学不觉得费劲么？河南超级能生孩子，导致你们高考分数线超级高	None
那个铁钎子应该是用来缝那些收不到礼物瞎寄吧酸的畒的嘴的	Potentially
没嘲讽没贬低更没夸张，张口屁股歪闭口叛国贼，爱国不是你打压少数人的借口。	Potentially
学校和黑狗都不是好东西	Potentially
喷回去，妈的，非洲人我是接受不了，在中国不干人事	Potentially
你见过几个中国男的娶女黑人，要是有，只能说他脑子有泡，也别回来了，省得到处传染病毒🍉	Potentially
😓来了来了，打的就是蜜	None
你一个精致的利己主义者，说这些话真是让人反胃。黑人艾滋病感染率了解一下，你母亲给你找个黑人继父你乐意不？	Potentially
老一辈的人真的很多排外的呀 年轻人就好点了 既然很多人提出来就肯定是客观存在的事 不排除可能有些夸大但是说不存在就不可能了 年轻一辈人要做的更好扭转刻板印象才好…哪能因为别人说排外就真的变得排外…🤣	Potentially
我在苏北从来没见过歧视四川人的，苏北应该自己受歧视所以对外地来的人都是很和气的。我觉得你不能光从你的角度看问题，你想想自己是不是做了什么不文明的事情。你去苏南上海浙江看看就知道了特别是建议旅居在那住拆迁安置房里面就懂什么叫歧视了	Potentially
道家思想创始人老子告诉我们反猪妖的存在是符合自然辩证法的！老子告诉我们世界上存在的事物都是阴阳相生相克而产生的：没有白天哪有黑夜？没有男人哪有女人？没有高尚哪有低贱？没有猪妖又哪会有反猪妖？因此不要再拿什么反妖违背自然规律”来说事，因为存在猪妖所以必然也就存在其对立面反猪妖，这就是最大的自然规律。老子的原话引用如下：有无相生，难易想成，长短相形，高下相倾，音声相和，前后相随。——《道德经》这是在告诉我们万事万物都是阴阳相生的道理。人法地，地法天，天法道，道法自然。——《道德经》这是在告诉我们万事万物都有它本身的自然规律，人只能顺应规律，违背规律做事最终会受到自然的惩罚。反猪妖现象是客观存在的现象，人们想通过人为的方式去诋毁遏制甚至消灭它注定是归于失败！最终会受到自然规律的惩罚。	Potentially
我总觉得东部沿海对西部内陆有很深的恶意……跟你差不了多少。很多人可能觉得我们老实好欺负吧	Potentially
黑人跑的快---天生抢劫犯	Potentially
这货不是中国人吧？	None
基佬被碰一下直接发廊	Potentially
把女人关起来当生育工具啊，恶心死人。这种又蠢又贱的生物根本不配把她当人看。	Potentially
战争中死的最多的就是男性，获胜受益的却不仅仅是男性	None
你发正常的帖子是钓不到同性异蛆的	Potentially
您就是在地域黑	Potentially
你这什么思想，无论什么关系，地域歧视都是被注定遭人唾弃。	None
🐶🐶肯定是国楠自己造成的呀，国楠不配娶她们	Potentially
不要这么自大好不好，我是河南人，但我也不喜欢什么河南人是别人祖宗类的话，总之，说话长点脑子	None
见到皮肤比较黑的人员，选择与它们相反的方向行走就对了！	Potentially
耽美文学就是消费罢了，，，	None
哈哈，开玩笑的，好好生活，女性依然伟大，不会带着大男子主义去看待女性的，只是你评价的会让大家看不下去，结合之前打拳风向，所以就这样说了，教员都说过妇女能顶半边天，以及宋庆龄和周总理的妻子邓超颖都是很厉害的，打拳打的不是虚有之拳，借着女性柔弱的体质谋福利，然后又刚硬的打着妇女能顶半边天的口号，这才是我看不起的	None
谁想买黑人爆改二手越野车谁就买吧，反正我心胸狭隘种族歧视，我就是不买，略略略	Potentially
3.推动色情产业发展。非处不一定是鸡，但鸡一定是非处。像性交易、成人录像这些色情产业简直是非处的天下，原因有二，一是保守的处女不会为了钱被陌生男人破，二是即便有处女投身于色情业，在第一次交易时就已经成为非处。没有非处，就没有色情产业。	Potentially
实话讲玩网游的时候连麦 最怕碰到江浙的，我说话有点口音，他们就学我说话😅，跟他们说还不承认自己学了... 总之就是特别有优越感，也不知道哪里来的. 当然，不是全部人，有那么一小部分因为江浙一带的经济环境有了优越感，但是跟他们没太大关系啊😲	Potentially
中秋快乐！	None
而现在最多的是台湾网特	Potentially
年轻人！好优秀	None
黑南通都是自取其辱	Potentially
所以还是生男好，汉奸几率低👍有民族血性👍	Potentially
当然是一些半调子地区啦，北上广深这四个一线他还真不地域歧视，他们是所有外地的都觉得没他们好，这个优越正常	Potentially
答主把自己反同性恋，歧视同性恋的倾向换一种说法说得如此清新脱俗也是醉了。	Potentially
甘肃人真的没有存在感😢	Potentially
不知道为什么他还有脸自诩阳光惹，一个大学生不随便见一群陌生中年人很奇怪吗。以及我们的主任怎么还没来联系我啊，我还想听听你是怎么跟他说的呢，说你们学校有个txl，请你配合我们深入调查吗	Potentially
那么问题来了，怎么又是黑龙江出的事啊！	None
南京的媒体给我的感觉就是情商很低，专门盯着不好的地方报道，优点不去宣传	None
什么女用洗衣机，这就把我的臭袜子塞进去	Potentially
编谁不会编，我前两天还看到一个新闻说女性出轨率已打80%。	Potentially
虽然说是地域黑，但是确实前几年发生过🤣大概是刻板印象吧，时代变了谁还偷井盖啊，那么沉	Potentially
我的治疗力大所以30天。百度是想基佬越来越少，没有反同人士的救援，基佬染艾身亡就会越来越多。	Potentially
然而河南逆天新闻、河南网友的逆天言论就是很多	None
你这。。。上边说郭楠在无能狂怒，下边说郭楠没有	Potentially
真把自己当回事了，你的意见有个屁用	None
你这种把身边当世界的人，没什么好说的	None
这个也和曾经香港人骂大陆客“蝗虫” 台湾人骂大陆人“zhina人”有关🤔台湾名嘴每天上节目就希望三峡大坝崩溃，淹死三亿大陆人。去年疫情刚开始，台湾名嘴对大陆疫情幸灾乐祸哈哈大笑。还有台湾“海巡署”经常在厦门附近抓大陆渔民，船被罚没，还要交赎金。类似的事情还有很多，两岸关系逐步走向敌对。。。	Potentially
女权还说亲兄妹父女啪啪啪只要不怀孕，不产生后代就不算违反人类道德！！！也算一种娱乐。	Potentially
害这个确实过分，没办法。之前在抖音看到一个黑人女子在中国读研秀她的宿舍。好家伙那宿舍那个豪华，厕所淋浴厨房沙发双人大床。敢问国内研究生谁能有这待遇😅	None
那果子狸是男的吗？给这个人点赞的都是男的嘛？😄知乎b站微博里面的女拳师都是男的？	Potentially
那就加个修饰词，光明正大的歧视	None
男男是普遍乱，女女才是少部分乱，	Potentially
自嗨型基佬，嗨出优越，嗨出高潮	Potentially
你心怎么那么狠毒	None
基佬都很变态	Potentially
感觉现在女性的择偶标准都是“三无四有”了啊	Potentially
你愿意跟一个被猴子睡过的女人结婚吗？而且她还跟你要房要车要彩礼。	Potentially
比如说他说基佬都是没素质，没教养的人，我告诉他什么图灵之类的基佬，都是有学识，有文化，有教养的人，这时候他突然又跟你扯起对不起父母之类的，就很令人抓狂你知道吧	Potentially
世界黑人人口每年增加4000万。	None
直接去银行投诉她	Potentially
道理都懂，数据不说谎😆	None
这些南满估计连河南人都没见过就开始变着法的黑河南、黑北方了	Potentially
春晚一直是反映社会现象为主哦🤔(得先有现象才能反映吧)而且近两年商业化严重，难免不被带偏。	None
听说增大手术风险有点高，成则罢了，不成还不如隔了做人妖🤣。。。。求证	None
整天喷光棍，奇趣蛋确实没人要，有钱夜夜当新郎	Potentially
黑南方临海地区长相的都是低端下人，就你长的像欧美人？	Potentially
个人觉得这种媒体的源头主要在江苏，10多年前江苏电视台的一系列新闻节目就专门报道各种负面新闻，先播报江苏省内的再报道周边安徽浙江山东的消息，我记得南京有一条马路很破烂，而江苏台却用了一周时间去详细报道它。而且这类节目的受众以中老年人为主，恰恰江浙沪的老年人地域观念很重非常排外，二者结合加深了这些人的地域歧视思想	Potentially
对非正常的女性毫不同情，毫不留情，毫不共情，从日常做起。	Potentially
大猩猩是杂食动物	None
还有“中国女孩找非洲黑人作为男友还要掉过头来说中国男人配不上中国女人”	Potentially
不应该打你爱的人，不管是男的还是女的	None
你想多了，倒贴，媚黑女倒贴😆	Potentially
图1正常人都是这反应	None
对有些女人来说，离婚是生财的手段。	Potentially
同志？你们也配？	Potentially
国女都是一群情绪化的**，觉得全世界都得让着她不能惹她	Potentially
所以这个和狭隘没关系，就是看前任是个什么样的人，黑人的话九成九有问题，基本都有狐臭，得饥渴成啥样才找这个（没味儿学习好的比较少），得形成舆论共识，防止那些为了人口数据好看想引入黑人的XX专家的提案通过，过几年再讨论种族歧视对不对的问题	Potentially
女的在闻狐臭，别戴口罩啊	Potentially
你一个烧鸡在这挑拨男女对立？？？***眼	Potentially
你为什么要管白人的感受呢。	None
这个就如同古代宠妾灭妻的这种法律一样，基本摆着看的，作为深受儒家父系大男人小女人几千年刻板印象洗脑的地方。基本实际都是女性单方面忍耐这个的。不论对方是否人渣。婚姻完整残害了许多女性身心健康。	Potentially
她自己不也是一个哗众取宠的小丑？普信男有什么不好？难道天天跟个八婆一样怨天怨地怪异性才好？中国人讲究天行健君子以自强不息，普通人也要不断自强，而不是像某些群体一样一味崇洋媚外，逆向种族主义，或者性别主义。	Potentially
...这句话跟我的回答我没什么关系吧😂	None
网上被黑的最惨的几个地方:河南，东北地区，广西。一般惨的:北京，山东，安徽，山西。剩下的就是比较少的，我也有看到内蒙，新疆，西藏，湖北，湖南，陕西，甘肃，海南，贵州被黑，其他地方没看到过🍉	Potentially
艾滋病会攻击大脑，希望同性癖们，能保住大脑，不要变成痴呆，智商低下	Potentially
小仙女：为了孩子将就一下吧	Potentially
这几个地方的鸟人优越感贼强 其实鸟本事都没有，就一张鸟嘴乱叫	Potentially
默多默多😆	Potentially
这样讲是不对的朋友，拿医生来说，有的病人隐瞒病史，医生检查或者做手术的时候防护不到位就感染了。还有缉毒警，有的人渣染病毒狗真的会故意把病传给缉毒警察。还有许多许多此类事件	Potentially
仙女本性难移	Potentially
有句话说错了“谁不想做个正常人”，谁告诉你同性恋不是正常人的，还有人说性取向不正常，没有人规定什么样的性取向是正常的，过好自己的生活，外界的话不喜欢就不要参考，毕竟自己的生活不需要别人评头论足，不好的话也适当的过滤掉	None
泥革能算是人？？	Potentially
反串差不多得了	None
世界上有很多美好的东西值得了解，何必一定要了解和欣赏同性恋呢？没人能了解到世界上所有的美好，不必强求。我觉得答主的态度是，将同性恋看做生活中更平常的事情，以平常心对待。有人会觉得骂某种食物不好吃是对所有吃这种食物的人的侮辱吗？不会的。	None
说上海不排外的都是没去过上海或者没生活经验的	Potentially
潮汕是哪里？	None
不过是活不下去了而已，黑人其实不反对种族歧视。你看他们歧视亚裔的样子就知道了	Potentially
我可是老实人，不能勾搭妹子干这些	None
一个山东的哥们说了，山东最魔幻现实主义。他还说，中国基本上也是😄	Potentially
但是默我真的很讨厌	Potentially
大庆不是黑龙江的吗？放眼东北甚至整个中国，有哪个城市敢说自己比大庆更富有？	None
我能说我最喜欢的NBA球员是个白人小角色么😅真不是人人都喜欢黑人球星，更不存在崇拜，只是觉得他们球打的好	Potentially
嘿畜狌没有资格扮演人鱼，要演也是清道夫。	Potentially
陕西现在的话，有点偏绿	None
必须去非洲，别留在中国祸害人	Potentially
骗婚gay不能接受	Potentially
我们来这里反同，首先要避免和基佬对麻，那是下策中的下策，我们要明白基佬最怕什么，答案就是现实生活的阳光，别看基佬一只只在贴吧跳得高，但是大家想想，拔掉插头，关掉电源之后再它们的父母面前，它们敢承认自己的真实身份吗？它们哪个不是在现实生活中只能躲起来冒充直男的肺五	Potentially
你觉得怪那些老外吗。还是。。。。。	None
你想多了，要不是你们知乎一些吃饱了撑的到处举报三非黑人，被遣返回国，人家日子过得爽着呢	Potentially
这种人就是觉得男性特征都是不好的，你还理她干嘛呢	Potentially
黑河南都是偷抢啥的，黑东北直接开除国籍，什么鞑子日本后代啥的，这是有本质区别的。	Potentially
寄生虫只会吸食，繁殖，破坏	Potentially
黑人说实话如果不是头发和胸我是真的区分不了他们的性别，长得一个样	None
别吹嘘自己了，没有用的，你是那样鬼母的阿娜，不管在什么地方，就好像臭水沟里的苍蝇一样，那样的肮脏，那样的恶臭，你的气味，过于馊	Potentially
艹，b站女拳集中营啊，评论区	Potentially
黑浑身都是臭的	Potentially
b吧有啥用啊，发2贴都没了	None
谦虚点，我们蝈腩😆	Potentially
我希望直接嫁过去，	None
你自己为人正气不贪财好色，别人又怎么会骗到你！只是为了贪图小便宜吃软饭，正所谓天下没有白吃的午餐，只能怪你自己不切实际的幻想做成的错误。	None
非洲佬跟你结婚吗⁉	Potentially
我江西只有一所211，没有985，	None
有一句老话叫不到黄河心不死 貌似网上的例子父母都是极力劝阻女儿不要嫁 结果却总是相反 所以我作为一个朋友的话 我有什么资格说话 只能说一句去吧 爱情是高贵的	None
知乎不是你表达个人喜好的平台，歪理邪说还编的津津乐道呢？而且断章取义，夹带个人私货，一些信息调查清楚了吗就好意思一个字一个字敲出来？多学点知识会发表有质量的观点再来知乎吧，不然也没人和你共鸣	Potentially
上海人在上海为什么不能说上海话？	None
我的一个朋友在非洲工作过三年，他说只要是女的嫁给默，基本劝她辞职，要不就拿默的工资，一两千，没有回国假期，不报销任何费用，没假期，	Potentially
黑就黑吧，地域黑是慣例無可避免，黑呀黑就習慣了，不在乎了。	None
伪腐是真的没法讲道理，我是同，我跟一个女生说说不要见了两个男的磕，她说，你懂啥呀？这叫CP自由，虽然她是在开玩笑，但是肯定世界上有很多人已经根深蒂固了这个思想	Potentially
说明现在相亲市场上男的看身家女的看姿色	Potentially
如果国家在这方面立法就真的好了。	None
可以找 也有接受的 不藏着掖着就不会有人说你什么 狗狗那么可爱还有人不喜欢呢	None
差不多得了，大多数江浙沪的人优越感不少是真的😓	Potentially
最近贴吧搜索不出女权相关贴吧了，不能让女权就此沉寂，要利用女权让男性团结一致，不管什么方法，女权就是一个靶子，让男性团结的靶子，继续让女权疯狂吧。	Potentially
不要太想当然了，各大平台炫耀黑人伴侣的，99以上是女的，80以上赖在娘家。	Potentially
湖北发布昨天还把微博评论关了，真的寒心。武汉疫情的时候河南人民捐了不少物资，我们一个被列入贫困县的小县城还捐了几吨大葱，最后通报的时候还把我们嵩县读成了gao县，真的太让人伤心了。	None
你这是高级黑啊	None
所以如果一天醒来发现你以为的好的女性朋友在刚你，就不会厌恶了吗？	Potentially
🤔然后呢？我说了啊 不管是异性还是同性，乱搞感染的都是活该	Potentially
我知道有不少黑乐色的奴才们举报我，这是他们的特点，因为耍刘忙遇到硬茬子了，耍不过了，开始寻求所谓的合理手段了	Potentially
又累又毒的环境你们受得了？	None
嘴上说女权但对男性崇拜不已的人，我能有什么看法？当然是喜欢这种小傻瓜啦	Potentially
我人在欧洲，我跟你说，那些黑皮专门抢偷杀奸中国人	Potentially
过度贫穷和富有，都是原罪	None
学习韩国人偷东西吗	Potentially
都是极端男权家暴打孩子我们温和男权不干这种事	Potentially
发达地区上海被黑的多惨，北京澳门香港广州都还好	Potentially
我讨厌，并且如果有男同试图在我面前秀恩爱的时候我会给出警告，比如告诉他们我觉得他们这样很恶心，可不可以不要在我的面前亲热，如果他们不听，我会直接动手	Potentially
中国人不喜欢二五仔不是很正常吗？	Potentially
其实觉得吉林真的没啥存在感，在外地也很少遇到吉林人?	Potentially
瞅那些脑子不正常的人干嘛啊？让自己生气多不值得啊	None
嘿砸肿本身就不该存在	Potentially
说实话，我小红书微博关注的美女的对象都是鲜肉帅哥。我真的羡慕不已啊😅	None
孙吧不是一天两天被女权围攻了，慌什么	Potentially
我们都是家暴男捏	None
这些女人给黑人下崽，不知道也是害了自己的孩子。她们找黑人男友也是为了显示自己的与众不同能谈朋友谈到国际上的与众不同的优越感而已。她们内心自己也知道中国社会是不会认同它们的同族的。她们的孩子在中国生活在这个跟它们外表就不一样的中国孩子的生活空间中，只会遭到所有人的孤立与歧视而且随着黑人越来越多，也随之而来社会问题越来越多，更多的人已经看清了这个种族好吃懒做的真面目只会让更多中国人对这个种族厌恶的人也越来越多。所以它们的崽子只会在排挤中成长。	Potentially
那为什么知乎上总有北方人说什么“江南系资本、江南系媒体”黑东北？ [瑟瑟发抖]	Potentially
中国56族5000年都一个祖先，黑人是哪个啊？	Potentially
会被周围人瞧不起，染上艾滋病。	Potentially
要不是亲眼所见，我也不相信，这还得从我在十一点吃烧烤，看见一个黑人搂两个妹子说起…………	Potentially
这种就是腐癌，磕CP的前提不是自己也得是同性恋	Potentially
看到你把国外贬低中国女性的水文当成圣经，应该有很多人也就放心了😆	Potentially
黑命也是命，问题是黑人有没有把亚洲人的命当命看？	Potentially
对对对 你们就是道德模范人上人 梅毒传播率最高就是你们这帮同性恋你们的存在的目的就是削减中国的人口对吧？ 	Potentially
想给阿娜上坟捏	Potentially
黑蛆无孔不入。只等潳令。	Potentially
你得知道，杨笠作为一个公众人物，最重要的不是她说的话的本意是什么，而是被大潮流理解成了什么。如果杨笠和你现在做的一样，也出来大力解释的话，毫无疑问回挽回她在男性心目中的形象一点点，但是热度会骤降，钱会少挣，所以为了挣大钱她也不会出来解释，更有可能的是她故意用这种模棱两可的话来又当又立。所以，没什么好洗的，她自己就是想让自己的话被那么认为，还让人觉得不是她的本意，否则现在这种话就不至于被用得着么广泛了	Potentially
原来是好友犯罪后被枪毙，尸体被卖给了医学院	None
有内部汉奸，故意的	Potentially
两个女生，随所有条件都一样，一个是白人一个是黄种人，你选哪个当老婆	None
想问一下你这个找黑人的室友好看吗？人正常吗	Potentially
既然你们这么厉害，先把在南方打工数不胜数的北方人都请回北方去吧，别留在南蛮之地委屈了自己又为南方人贡献经济了😄	Potentially
很多同性恋，特别是母零。这一辈子都想当女人。就开始学一些女人的特征，开始假装自己是一个女王。想了半天女人的特征到底是什么呢？没有想到自信没有想到包容没有想到善良也没有想到温柔，却学到了泼妇的刻薄。以及淫妇的放纵。	Potentially
欧美主体民族基本没多少了，现在都是混血民族了，这都是拜女拳的服，现在他们只不过想让我们也一样而已。	Potentially
他们爆发力确实厉害，但世界不需要那么多运动员。而且以后也不徒手格斗（他们用冷兵器也不占优）他们的优点反而更易犯罪	Potentially
谈恋爱也就算了，找老婆还找强势脾气的纯属自杀	Potentially
很好的解释了为什么会出现那么多eg的原因，兄弟们怎么看	Potentially
看不出来吗，作者就是专业打拳的啊，不是说是男是女，这是一个组织，专门挑拨男女对立，不该死吗，别让我遇见你，我进去坐牢也得把你弄死	None
东北真的实惨，我们河南也很惨啊，无缘无故被搞	None
霓虹也就80年代初对默有强力管制，现在也不行了，你看奥运会旗手都有默了	Potentially
真可怜，摊上这么一个不正常的女人	None
匈奴汉国的刘渊。也是一个汉化之人。他的继任者骨子里改不掉。	Potentially
上海是唯一一个本地人在本地说本地话，要被说排外的城市，❤️❤️❤️	Potentially
没说不对。只说作为男性无法接受这个。你愿意那是你的自由，我不接受那是我的自由。所以没有批判，如果有请指出来，我与你一同批判他的错误言论。如果没有，那么请修改你自己的言论，毕竟喷神没有批判对错。	None
一个人的圈子是很小的，你没接触过，不代表没有。不要试图把这件事，往小了说，这不是一件小事，你这种态度让人十分怀疑，，，，，😓	None
无可救药之人不需要改变，艾滋中自生自灭	Potentially
自己年薪二十万那是自己说的	None
西安，武汉，江苏人家之间都好着，就喜欢黑你河南是吧😄	Potentially
异性恋是掰不弯的，就像同性恋是掰不直的，我们要倡导同性恋和异性恋是平等的，而不是倡导同性恋更好贵，实际上好像也极少数倡导同性恋更好贵	None
你还是太年轻了，没有格局。	None
生理反感，但是理智教会我尊重他人。就好比生理上想躺平，但是大脑让我继续努力。	None
所以你就黑上海😅	Potentially
男权是平权，不是父权，谢谢。	None
生活方式习惯语言的差异是误解的根源，几个熟悉的河南朋友在我们这做小生意干的不错，和周围的人也相处融洽，不和谐都在网络上，现实几乎遇不到	None
之后那女的就一直在后面骂我，就刚才的事，应该没啥后续了，有后续我在吱两声。	None
easy罢了	Potentially
刷到這層樓，感覺特別生動😅	None
并且照你这样说，剩下的女人全都是不爱国的，那你为何不说剩下的男人呢？知乎唯一让人讨厌的大概就是男权主义太重吧！	Potentially
总结：农业大省，人口较多，经济不太发达	None
人伦人伦，没听说过狗伦，所以人作为高等的生物受到的束缚就多，狗没那么高等，受到的束缚就低，人大可不必学狗	None
最好都走，我是这么想的	None
所以上海是穷山恶水？？？？	Potentially
刚才贴吧，抽风没办法回复你。只能先关注你，再给你回复。B站骂她，然后反手被举报封号，还是有点得不偿失的。也就只能在这儿骂骂她了。一击脱离是真的让人恼火。	None
是友军，但是没有加狗头，厚葬	None
接盘二字就涉及性别歧视了，不要这么说好不好	Potentially
那还不是东北影视人才多，硬把普通话，说成东北话，孙红雷那个征服明明是发生在河北石家庄的事，他那一口东北话。直接就把人带到东北了。	None
我们不是种族歧视，是种族鄙视。我们不歧视他们，就像我不会歧视猫狗一样，不歧视不等于和其性交，如果不歧视成了一定要和其恋爱结婚生子，那我们穷光棍就太高兴了，可没有一位体面的小姐愿意嫁给我们，看来按某些人的逻辑歧视穷人是真歧视，比歧视黑人都歧视。	Potentially
谁要跟她们摆烂？我之前的回答呼吁外娶。国女都把我私信炸了。外娶啊！外娶！划重点！	Potentially
我见过无数的江苏人默认自己是日本的，不搞个夏日祭浑身不舒服😄	Potentially
虽然黑人唱Rap比国内的rapper们正宗些，但本身这种音乐形式就偏小众，不存在什么特殊的享受吧	None
主要是杨笠这伙人搞性别对立，然后就是twitter上easy girl 等等，值得引起重视，黑人实在没法吐槽，广州地铁乌压压一片😄😄😄	Potentially
这就是阳谋，你不防不行，防了也不能全身而退。	None
女士本身不是女性，这里的女士是lady。这句话本来就不是男女平等。	None
有这东西还要女人干嘛，现在的女人都不听话了，生了孩子都不负起一个做母亲的责任	Potentially
这人真逗儿，把安徽都分成两半儿了，什么都是皖北的锅	Potentially
幕刃和理客中一样恶心	Potentially
艾呀，梅什么，湿不了[蹲]	Potentially
这些坏事都是广东人干的！	Potentially
外表可以。黑真是太丑	Potentially
其实韩国人。。。娘炮。。。😄😄😄	Potentially
这样的校领导不会有后代的，不害怕	None
东北，河南，山东历史地位普遍很高。东北重工业基地，共和国长子。山东GDP一直在前三，甚至干到过第一，河南历史底蕴身后，就像班里的高富帅，现在突然落魄了，肯定会有很多人讨论😅	None
呵，黑安徽江西最严重的也是你们那吧🤣那就不要怪别人反击	Potentially
又一个LKD	Potentially
你以为非洲人来中国，都是非洲酋长？？？酋长很高大上？？相对于中国来说，酋长就是中国的村长，多的不说，很多非洲人在中国，都是靠着中国留学金才来的	Potentially
哈哈哈 你是揣着明白装糊涂吗 有不少媚黑女嘲笑国男几把小呢	Potentially
非洲黑人的后代都回非洲去	Potentially
中国好像临夏宁夏生育率高	None
喝多了会谈一下，正常社交应该不会。可就那么一下的谈论就可以导致她们社死了	Potentially
2.好玩。非处在性方面懂的比处女多，也比处女放得开，更熟练或更乐意学各种不同姿势和玩法。一个字：爽	Potentially
安徽池州也是这样，才从五线变四线	None
你说得河南人偷井盖才是无关紧要的，都带调侃的味道，但广东是在文化种族等方面被黑，你别混淆视听	Potentially
长三角内部互黑很多年了，几年前刚来知乎时，南京和苏州和杭州吵得非常凶	Potentially
唉，但nq觉得自己不能共情任何男性很棒。。。	Potentially
长的一般，而且感觉有点男性化。最符合国人审美的白人其实是俄罗斯，乌克兰的斯拉夫人。	None
我想问那位广西小哥的普通话不标准到什么程度？以至于认为是外国人，像哪个国家的人？	None
开始打男拳了，理中客就出来了	Potentially
艾呀。梅事的	Potentially
拳师攻占大学，目的是把男性排挤出高等教育，从而坐稳高位	Potentially
陕西人都这样的吗😅	None
匿名随你怎么说	None
其实种族歧视是要连接到利益的，美国是个移民国家，黑人也美国国家内部的人民，而种族歧视的核心是对于同工同酬的双标问题，是否有工作，同样的工作量是否拿同样的钱，而不是光怎么看待怎么看待这种虚空之中而不连接到现实生活中的东西，别人只是怎么看他真对他有什么影响吗，别人还不能有自己的看法了，一个外国人在中国打工能同工同酬付同样的钱能买到同样的商品怎么能算是种族歧视呢，更何况中国是个原住民国家本来就没有黑人这个种族，本来就不是中国国家内部的自己人算什么种族歧视啊？他们只是来中国赚钱淘金的？中国内部的所有社会福利待遇都是中国人民支持政府反哺出来的凭什么要求在中国得到与中国人民一样的待遇享受？	Potentially
要是真喜欢大的，哪怕找个驴呢	Potentially
楼主说的那种东西真是不言而喻当然指的就是虫族	Potentially
他喜欢上你了🤣	None
十几年前有地沟头、脏辫、嘻哈什么的，这帮孩子的审美就是被扭曲了	Potentially
那既然有这么多优秀人才，黑人为主的国家为什么没有一个强国？😆	Potentially
搞得中国人没有似的，说不喜欢黑人啥的都理解，你说这话你觉得你好意思吗？中国有多少啊！	Potentially
可惜了这么帅的演员，他的电影也很好看	None
趁早纠正取向是最好的出路，直佬们	Potentially
对，其实她和谁都没关系，关键是一知道，就不会再想有任何交集。	None
阿斗怎么也整这一套了	None
不高，一点不高，就是结婚率血崩了	None
为什么楼主全部引用男性说的话？是歧视女性话语权吗？	Potentially
我河北人从小到大没听过什么黑河南的言论，第一次听到井盖梗还是个新疆人说的。	None
哈哈哈哈哈哈，对不起，你有主角光环	None
你们同性恋说爱是不分性别，性取向是可以变化的，所以同性恋不正常可以变成正常的异性恋。你们说同性恋存在即合理所以反同存在即合理，你们要反同包容同性恋，你们同性恋也要包容反同。	Potentially
但是有一说一，我从事旅游行业，在青岛，我们这对东北人的看法非常统一大家都挺反感他们的，发生矛盾也几乎都是跟东北人有些人是非常不讲理还感觉自己很有理，这不是少数现象，10次吵架8次东北的。所以我打心底里反感东北人，但是也有好的10个里面可能有两个	Potentially
上海这种客观存在的东西也算黑吗？我倒是觉得是全国人民被上海各种瞧不起以后总结出来的结论罢了。	Potentially
确实，这点得学着人家小棒子	Potentially
自己不控制自己，还怕别人传病你？	None
您破防破的未免也太快了吧🤭🤭，骂完就拉黑你可真够能耐，跟你讲啊，污蔑这块儿你可真还得跟你妈妈学学	None
这种÷剩都懒得说它们省的龌蹉事	Potentially
太可怕了，永远反黑👍️	Potentially
小红书什么东西懂的都懂	Potentially
都是些矮矬穷们发泄情绪而已。本身地图炮就是很丢自己的脸的，如今各大平台ip地址开放，他们也会丢了自己省份的脸！	Potentially
之前在哪听过一嘴，说杂交的不如纯种的好，还会弄出很多奇怪的病，智商还会迭代变低，这是真的吗？？	Potentially
被默光顾过就让默带走啊，留下来祸害同胞？	Potentially
辽宁口音很重，尤其是沈阳辽阳那一片	None
又是个体推及全体，以及双标。所以应证了上海被排外多么严重啊	Potentially
其实应该说，几乎所有中国人的祖先都在河南居住过，这样就没人误会了	None
祸害天下苍生，罪孽深重，黑人多了闹事，到时候谁也跑不了	Potentially
现在没证据只要女的说有就有	Potentially
这些黑人崇拜者为黑人做了大量正面宣传。应该占据了国内所有渠道对黑人的正面宣传的99%以上吧。而且是完全自愿，义务，积极，和免费的。宣传多了，那么自然就会有越来越多的女孩倒贴黑人。	Potentially
这才是真正的反黑英雄	Potentially
找黑哥哥可以，别留在中国就行，别让中国成为移民国家，乱得跟美国似的	Potentially
因为对于丑的，是不被当成人的。你见过男的碰200多斤的黑白坦克吗？女的还真挺多的。好看的，别说外国人了，外星人都行，机器人更兴奋。	Potentially
异性恋敢组织love don’t is love活动吗	Potentially
男人穿什么裙子，很变态	Potentially
异性恋比同性恋多好几万倍，肯定异性恋高。很多恶心的既同性又异性恋的，把病菌感染给自己的异性恋伴侣关键这病毒根源就是同性恋	Potentially
他又欠收拾了	None
问题是如果一个男的老光棍，别人又会认为是身心不正常的，反正怎么做都是错	Potentially
更不要说很多时候所谓的“东北人”就是东北唐山，东北福建，东北江苏的东北人。难蔓分不清除自己村以外的其他地区，一律归为东北人，反正东北这种舆论失势地区泼他什么脏水都是有人信的。	Potentially
乡后宁，到上海，上海含窝港佛来，咪西咪西七含菜，咪西咪西七含菜	None
就像动物园里你放走了一群猴，它们在笼子里能产生GDp和门票，释放了以后能干啥	Potentially
倒不是因为他不是反同，而是挖坟实在破坏生态，看见坟贴都不想进来	None
讲个笑话，这边有人讨外地媳妇，四川的都没人说什么，安徽的背地里要被冷嘲热讽死	Potentially
我是岭南山区的，其他的不说，我觉得自己长得还可以🤭 湖南人 与广西交界处	None
这评论里面就有天天念叨一枪不放丢东北的	Potentially
山西人刚从煤窑里出来，愣住了…………	None
深圳最歧视湖南湖北&成都女性。	Potentially
我对你说的串串表示强烈谴责，哈哈哈哈哈哈	Potentially
我可以接受非处，但是绝对不能接受跟黑人搞过对象的，更不能接受黑人女孩，哪怕是处都不行	Potentially
😓我怎么没听说这个梗	None
作为从来没想过找外国人的女生来说，我觉得吧还是提升洋垃圾来中国的门槛吧… 对于那些找优秀老外因为爱的女生我觉得可以理解吧 不能一杆子打死，那些上赶着的eg当然批判我觉得没问题	Potentially
好家伙，直接开地图炮，你自己不在地域黑？	Potentially
佳木斯贼城全国有名	Potentially
有没有这么一种可能 台湾跳反是真的🤔	Potentially
这女的快手号多少	None
为什么图里的有智慧的人全是男性？	Potentially
看最后一张图，她们只是单纯呗犹太宣传，洗脑了而已。	Potentially
汉一点的电影或者影视作品，就会被打压，吴京拍战狼二的时候没有资本敢给他融资，当他取得票房第一之后，也没有人敢祝贺，这里面没有鬼，谁信啊，其实解决这个问题很简单，只要把所有东西都给下架就行，但国家什么都敢整治，就是不整治这个，有时候想整治一下，又被骂回来了，不得不承认，文化渗入这方面，美国做的很成功，中国的青少年基本上都对那些所谓的明星很崇拜，天天把自己打扮的阴柔的要死，不知道怎么办？再这么下去，我们的下一代怎么办？	None
有三个豪爽的地方很特别，与众不同。可以黑别人，别人不能说它们。😆	Potentially
问为什么反？凭什么支持？反男同不反女同？太可笑了，原来撑同也带性别节奏，你这种“高尚”的人还要搞性别歧视哦？同恋婚姻不合法是因为涉及其他相关婚恋的法条都要修改甚至变成危害社会的bug，法律是需要兼顾多个情况而不是像你这种**自私自利	Potentially
好神奇啊。我们学校也有黑人，但大家都表示很害怕😅我周围都没见过和他们玩的好的，更别提谈婚论嫁了。	Potentially
你发这种跟那些幕刃有什么区别？不穿靴子只是不适合男人而已，而且我想大多数男人也并不想穿靴子，你要是喜欢穿那也是你的自由，你穿就完事了	Potentially
爱因斯坦是个玩女的渣男所以有几次婚姻	Potentially
黑人犯罪率远远大于其他肤色人种虽然有很多普通人，但是这个危险的概率太高了	Potentially
lz你没看完原贴，原贴还说这女的有精神类疾病。判四个月，这会儿已经放出来继续祸害了	Potentially
退役后，泼峰一直以廉价的体力劳作换取微博的反同资金。	Potentially
为啥是山东呢，几十年前山东人闯东北，现在也有东北人来山东的。	None
这种科学的说法才应该是支持的，我们吧里整体还是有点偏的	None
作者你有父母吗？来把匿名打开，你在那装你妈	None
默就是默，非我中华民族必为异类，畏威不畏德。	Potentially
我不能呼吸了😭😭😭😭😭	None
会员服务，难道是可以帮她找到不介意离异带孩子的优质男？	Potentially
黑人的舔狗其实比黑人更可恨	Potentially
真名媛会打扮的像🐔	Potentially
没什么事实证明，里面都是某些人的利益冲突罢了。河南人攻击东北人？简直滑天下之大稽，无非是派别利益冲突，现在是金钱社会，以为河南人和东北人都很闲？	None
看看能不能等选举时重新投一位反同性恋的吧主吧，鸠占鹊巢又开始了	Potentially
对对对，绿绿不也就是骂骂别人吃猪肉而已嘛，打不了也就是砍几刀，稍显粗鲁而已	Potentially
MB关键是有的gay他还骚扰你，他妈的刚刚差点让一个gay亲了，再有下次老子打掉他满嘴牙，我这不是恶心，是唾弃	Potentially
3.同性恋人士常要求社会必须保护他们作为“性少数的权益”，却很少谈自己的义务。比如艾滋病感染率高出异性恋几十倍等，是否应该谈一谈自己在这方面的防治义务？---染病首先受害者是自己，而你在这里说自己不尽义务？男同感染率虽然高，但总感染数异性任然超过7成，这可以的出异性恋也不尽义务的结论不？而且全国所有的LGBT组织都把这事放在第一位！公平化和正面教育正是减少感染的有效手段。欧美已证明。	Potentially
虽然我没有看不惯黑人，但要给我个黑种女人，维秘上的我都不敢要🤣	Potentially
你还是带着你媳妇一家回你的国家吧，华夏大地是我们先人用智慧和无数先烈的生命换来的，说白了你们其实就是想要污染华夏血脉，鸠占鹊巢，真是用心险恶	Potentially
果然汉奸永远不少	None
他觉得很奇怪，去他同学家她同学女朋友在那玩手机，每天都是她男朋友做饭。我说这在中国很正常，他说西班牙他爸爸只有周末才会做饭。然后又说有个女生希望她男朋友180帅气多金体贴，西班牙留学生直接说这是在你的梦里吗，中国女拳扬名世界被看笑话。	Potentially
说真的，没害怕，只有痛心，我伤心自己的同胞走上了这样一条路，我替她惋惜，我觉得自己对每一个同胞都是有责任的，她们自甘堕落带给我的只有怒其不争的悲伤	Potentially
很美的非洲，非洲人回自己的祖国去吧！	Potentially
希望以后发生卢旺达华强买瓜事件的时候这些人还能笑得出来。	Potentially
国内的女拳忽悠别人终身不婚，忽悠别人单亲养子🤭	Potentially
这个问题下有人有人在带节奏，那个叫务实帅男的，兄弟注意一下，他在挑拨离间，先装成东北人在河南为什么被地域黑的问题下骂河南人，然后私信回复他的河南人开始骂人，然后把两个人对骂的记录截取河南人骂东北人的片段放在东北人为什么被黑的问题下吸引东北人来骂河南人，挑拨两个地区的关系	Potentially
黑人问题其实我觉得根本不需要让他们融入我们的社会也不需要让他在我们的大学里学习搞一个类似于监狱的地方设备齐全美名其曰地狱化培训不是更好对于黑老鼠我是真烦以前我在杭州的时候见到三个黑人一边撸串一边打飞机还问我需要一个强壮的男人嘛？我踢翻他的桌子跑了	Potentially
主要是跟个黑人的女生都会选择隐瞒这是一种潜在的危机呀	Potentially
美国亏欠黑人，他们在美国要补偿理所应当，可中国不欠他们，中国又没有搞过黑奴贸易🍉又没有压迫过黑人，凭什么来中国耍横	Potentially
b站男用户多，自然没有拳师的生存空间，以前也有拳师大v在b站投视频想恰b站的钱，但是评论骂翻了也就离开了	Potentially
高跟鞋就是法国皇帝路易十四发明的给自己穿的，靴子最初也是皇家御林军的标配，跟女人半毛钱关系都没有。再说丝袜长筒袜最初也是给军队士兵用来保暖的，倒是现在这社会为了讨好姆人把什么都向母人靠拢实乃恶臭不堪	Potentially
本可唯一的过错就素泄露了个人信息，才让不法分子有了可乘之机。大叔随后表示知道了地址随时会来找本可，氮素他要怎么找呢，在校门口挨个问你是不是txl吗	Potentially
不可能普及，繁殖的性需求是推动人类社会发展的重要动力，国家绝不会允许这种东西大行其道，就像是不论资源经济多么发达，都不会允许高失业率是一个道理。	None
姆是这样的，它们拒绝接受男方父母，也不想生孩子让自己成为父母，你说这种姆娶回家干嘛	Potentially
央视2010年还专门出个新闻反对歧视同性恋	None
常州有资格说我南通吗🤭	Potentially
没事，为了艾，这能忍😆	Potentially
对于默就是有一种无差别的讨厌。。。	Potentially
嫁鸡随鸡，嫁狗随狗，嫁给黑人就离开中国，不要待娘家	Potentially
我二姑好像就是大石桥的	None
她不违法和我讨不讨厌有关？	None
你笑郑思死的早，郑思笑你活不了	Potentially
😅难得的是中国男人有统一的无理由底线！	None
森伽罗人，差的大了。	None
她们怎么不要妇联的位置呢	None
其实看到河南被黑，我也很想骂人的。我想问候他全家，但是一想不能给河南丢人。被人家黑被人家骂只能忍了。你说人家一句，马上有100句来骂你。这种事情忍忍就好了。	Potentially
微博什么时候死，最好再抓一批50W。	Potentially
吴施蒙了解一下，山东大学三陪一的异性学伴了解一下🐶	Potentially
那南方人都烦东北人也是有原因的吗？	Potentially
最后，我以为为txl发声的诉求，一是立法保障txl的合法权益（比如tx婚姻合法化），二是推进全社会的认同度而我认为人的偏见是不会轻易改变的，他的改变一定是建立在已有认知的基础上。仅仅就我所知，txl在社会上的正面形象很少，不用说腐癌这样四处ky令人观感不适的，就是同性骗婚，传染艾滋，已经快成了对txl的刻板印象了和他人沟通并建立共识，需要很多努力。而一个负面新闻就足够让人产生更多的厌恶了这还不包括那些也许偏见最深的，网络之外那些沉默的大多数至于推进立法。在提出新的权益必然要伴随有新的义务出现。但在我国当下的时局，txl婚姻合法恐怕只是奢望总之，我认为对txl这一少数群体，是郭嘉需要发展到一定层次，并且新的一两代人成为社会中流砥柱之后，才是有进一步发展的可能的	Potentially
【屈機TV】 是香港愛國建制派的得意傑作，用很多訪問，剪輯帶出愛國訊息，十分高手。其中最出色的一篇就是訪問七歲女童吳若彤，十分可愛，十分吸睛，又勝一仗。台灣和香港成為“地域黑”標的，在各論壇，微博，黑的大概有80～90%，比其他各種“黑地”都黑太多了。黑的目不暇給，精彩紛陳，各擅勝場，好不熱鬧。	Potentially
不要看这些建议楼主打码发表	None
获得了先天性免疫...?艾滋病毒，也是个收获哈	Potentially
等等？ 豆瓣是男性平台？	None
河南朋友是真的不错，能处！但是低温……这……我见过一次，那就是楞抢那种，他连套路都懒得套路你那种了，明白吗！就是你哪怕上来好言好语骗你上套呢，他都懒得说这好听话了。你哪怕说两句好听话，哪怕骗，这好听话听的舒服了，甘愿给你两文也就给了。关键他都懒得去说了，楞抢那人😂	Potentially
关键是这个和大便本来就不是一回事，你把同性恋用大便来形容，那不就代表你深深的其实和偏见吗。。。不过你的想法也无法改变。	Potentially
那个吧真恶心?	None
不排除这两种身份是重合的可能性好吧，毕竟大部分人都不会在职场中公开自己同性的取向，谁会自找麻烦让企业文化和同事关系来排挤呢😓	Potentially
你还得画下面	None
跪虫族不要去当键盘侠都快快去学学虫爹与虫娘勇敢冲上大街上打砸抢啊证明你们一直是再追随爹和娘脚步从未变过还有那个居心叵测之人我是鑫泽真是为撒泼打滚同仁今行诡辩时候为何不去劝劝你们跪虫族同仁们快去追随你们亲爹与亲娘的所谓正义行动	Potentially
典型的幸存者偏差，混血儿丑八怪的多了去了，人们都只漂亮的几个看	Potentially
既然都是身为局内人那就不予评价。看看别的贴吧的人如何评价他	None
通讯录们不要再打着爱与正义的旗号四处行骗了。装作可怜兮兮的样子博取同情心，实际上内心比谁都阴暗便态。生活不顺得不到他人关注无法找到认同感，就靠来当通讯录来博取他人的眼球，靠在网上乱骂来发泄生活中积攒的怨气。简单来说就是一群懦弱的老鼠，一群阴暗的出生。只能靠抱团取暖来苟延残喘了。	Potentially
引进黑人首先感染性病的几率会大幅度上升，还有出轨家暴x虐待的概率上升，其他没有任何的好处	Potentially
是暂时管不了，但是这是普通民众朴素的愿望，不想眼看着搞出一堆混血引发社会问题才开始亡羊补牢。我们自己的问题已经够多了，不需要再制造新的种族入侵问题	Potentially
因此想让txl不去滥交和大量传播艾滋病的话，就需要打破这个“环”，但是，虽然txl比例小，可是总人数还是很大的，社会教育的再完美，也无法阻止在这个群体中有给同性恋抹黑的“坏人”存在，每个群体都有“人渣”这点无论是在异性恋还是同性恋中都无可避免。而只要有人渣，就会被别人捕捉到导致整个群体的风评变差，这个环也就不会打破，想打破这个环的办法就是需要绝对力量的介入。	Potentially
希望这样的校领导能得到现世报😠	None
扯，河北人最喜欢山东不假，但河北可不喜欢东北	Potentially
狗肉。。。？这东西平时太罕见了吧	None
哈哈我不厚道地笑了，这形象也太逗了。当然如果这是歧视上海人，那确实不对	None
：首先打拳这方面是韩国先兴起的，间接就导致了韩国社会问题频发，像是的争端。到这两年中国也开始严重了，总不是近几年才通网吧？大面积的互相打拳，已经不是单纯的男女平等，个人权利保障问题，再这样下去只会破坏社会和谐。以下是假设：会不会是网特通过棒子事件的成功，而一样手法破坏我们的网络环境，导致有许多判断力低的人士盲目认同。最后导致自我内耗。	Potentially
对头，主要是黑人，男女不重要	Potentially
全国1/3商品粮产地，航母、舰载机、战斗机、核潜艇、航空发动机生产基地，必须黑掉他，让他人口和人才不断外流，逐渐萎缩。看看最近毒教材，洗地安倍等等现象就明白了，某些势力亡我之心不死。	Potentially
为什么我碰到的河南人都挺好的，就是不怎么会开玩笑，人比较古板，没啥意思😅	None
为什么？为什么支持同性恋平权才是理性？自由的表达对LGBT的厌恶就是愚昧？说实话，从小到大周边不乏伪娘，公众面前以受迫害者形象博同情，私下里没有一点难为情，甚至往往更骚😅。在这个问题上，我们太讲求正直正确了，有点太左了。别误会，不是在攻击LGBT群体，只是拜托收敛一点，低调一些。	Potentially
也没人不让你们搞基啊，这不就是你们的权利？你搞你们的，我们反感我们的，你们有搞基的自由，我们有反感的自由。我们反感妨碍你了？那是不是全天下的人都得喜欢你？	Potentially
河南确实都是啊，我见过的河南人都这样	None
它就是个精神有问题的费五	None
没搜到啊，果然你是信口开河	None
有些畒急了，但我不说是谁	Potentially
咋那么多剑奴只会视奸本贴点赞啊	None
我考，我才知道黑人不受计划生育限制？？那我们省出来的地方是给谁省得？？？??????	Potentially
那你到底是在不接受什么啊，不接受txl存在？不接受平权？第一个的话不管你接不接受他都存在，第二个为什么txl相爱的权利要被异性恋决定？	Potentially
南方系媒体不等于南方媒体，南方系媒体是以《南方周末》为主的一个媒体集团。“南方系媒体”不是“南方的媒体”，南方系有很多北方的媒体，比如新京报。	None
这就是慕勾正常人谁和蝈蝻结婚啊	Potentially
就算是三婚带二孩的也大概率没病，但跟黑人在一起过的……🤔	Potentially
原来是昔日的反同小将战淋。	Potentially
那你应该谢谢骂你的那个东北人 因为人家骂你你能听得懂 如果是南方人 比如说福建人浙江人四川人 用他们的方言骂你 你听不懂还以为人家在夸你 你还得谢谢人家🤣	Potentially
这叫：师🐵长技以制🐵	Potentially
别的不说，河南这个谁还当真了？电信诈骗又不是河南最多，现在谁看见被偷的井盖还会在心里默念是河南人偷的	None
我之前的贴咋被删了	None
说“回族”被黑的。假如你和汉族结婚有孩子，请问户口报什么民族？现实中我还真没看到谁报汉的。那真的被黑被歧视吗？	None
我的评价是不如USABlackrace	Potentially
凡是这种黑的地狱黑，通通都是想分裂祖国的，而且是领美金的	Potentially
hai 你不也是？至于吗 人家就说不支持 扯出这么多话 而且你的话道德绑架也太厉害了逻辑也不对 在网上这样评论有什么问题吗 为什么一定牵扯到现实生活 这么说那先评论反对的都是现实中被压迫？？	Potentially
性别平等观念更加深入人心，年轻女性平等意识更强95.4%的被访者认同“有一份有收入的工作对女人很重要”。不赞同“男人应该以社会为主，女人应该以家庭为主”的男女比例分别为50.9%、58.3%，比2010年分别提高14和14.7个百分点；其中35岁以下女性中有八成表示不赞同。认同“男人应该兼顾家庭和工作”的比例为93.3%。八成以上被访者不赞同“照料孩子只是母亲的责任”，其中35岁以下女性这一比例为94.6%。近七成被访者不赞同“在家里妻子应该顺从丈夫”，其中35岁以下女性比例达87.3%。不赞同“女生不适合学理工科”的女性比例为77.9%，男性为77.3%。	None
黑人的运动能力鸡肋的很	Potentially
我觉得同虽然取向和普通人不一样，但是不代表他们不能有正常的恋情，只要是自己把自己当成个普通人，像普通人那样去恋爱，组建家庭，会得到幸福的。可能是同找炮友太容易又或者找合适的伴侣太难了，总是给人感觉很多同都有点乱。。？？其实不管男女，或者同还是异，那种渣的通常都得不到普通人的幸福，或许他们有渣的资本，也不屑于简单的幸福	Potentially
实际就是她有抑郁症想不开跳的，完事有人造谣	None
兄弟们，遇到打拳的一定要反击，打得一拳开，免得百拳来，今日朱军，明日诸君，坚守某乎的阵地，保卫B站，贴吧，逐渐向微博推进。否则当你哪天被诬陷的时候，无处发声。最可恶的就是理中派，就像蝙蝠的故事里的主角蝙蝠，想两头讨好。正所谓石砸狗叫，大家加油。	Potentially
中国人对中国人很严苛，但是有些人对外国人点头哈腰献殷勤，送女人给外国人用，这是为什么？	Potentially
现在都标签化了，最逗的是之前在一个视频下面一堆人说东北人就XXX，其实视频里的人口音是离很远的某地的😅	Potentially
飞周落后的原因是其整体智伤太低。懒笨。	Potentially
当然没有，我不仅嘲笑他们，还嘲笑那些不嘲笑他们的人	None
微博女拳什么成分大家都知道的吧，“对啊对啊女的脑子里也就那点东西了”	Potentially
公司外派在唐山上了三年班，人们都很亲切👍👍	None
东北人流出以年轻白领为主😅，可能去干这种活的少	None
黑、黑砸，做也做不对，他们	Potentially
举个例子吧，你家里开了个小公司，你招了个女的进来，结果人家刚入职两个月，就怀孕了。生孩子去了~这一年她都不干活，你还不能降低她工资那些待遇。那么，你还敢不敢招女的呢？	Potentially
拿个例出来说有意思？我在现实中看到的媚黑女就一个，黑人我见了有几十个，确实大部分女生根本看不上黑人啊，楼主说的哪里有毛病？还有那三陪一是政策问题吧	Potentially
彩礼就是在赌，赌女方会不会用在新家庭。至于嫁妆，也是女方的，所以没必要说嫁妆，反正就是全是赌，赌对了女方用于新家庭，赌输了就如视屏。年纪轻轻就敢赌，小伙子们赌瘾那么大的么。	Potentially
一个匿名的南宋人来这分裂东北了。	Potentially
这个up是同性恋的头子不接受同性恋不正常的事实。想要同性恋向正常人挑起矛盾。严重影响社会安定。	Potentially
反黑时不要一上来就开骂，反而会引起吃瓜群众的反感，起到负作用。到学校里发传单是个好办法，不用举大堆例子，字太多有的人反而懒得看，只宣传“中国取消入境艾滋病强制检疫，黑人艾滋病携带率高”足矣，我相信对艾滋的恐惧足够警醒大多数人了	Potentially
自由平等是个伪命题，女性以此为驱动力，为了掩盖无意识的慕强，懒惰，自负等目的，实际上是以利益驱动而不是自由平等。	Potentially
配偶团里的戴斯真是格外引人注目	None
非洲不是天堂，但是消费水平低，就算收入更少花销也更少	None
好像东北是被黑的最惨的 但是在南方统计最想找哪里的男朋友的 发现东北人更受南方妹子欢迎 这就尴尬了 南方人这么有钱为哈还不受妹子待见呢	Potentially
我们不是神经病	None
快6万公里了，前列腺还好吗？	None
这多麻烦……把处女改成必需	Potentially
你为什么非觉得同性恋一定是因为受到家庭创伤或者生活打击？很多也是因为基因带来的啊？	None
🤭您有井盖被黑的厉害吗？	Potentially
关键她们不会选择自己扛着啊，你看看广州儿童福利院那么多的小黑娃就知道了😅她们早就洗白了找个老实有点钱的国男嫁了😅真正跟非洲人回去的女人那才是真爱可惜太少了！大部分都是玩够被蹬了然后找国男接盘，虽然咋大中国棍子多，舔狗备胎千斤顶也多，但能接盘混血品种的国男真的没有黑混就更别提了，毕竟这年头没啥爱情都是合作式的婚姻关系谁会给黑娃喜当爹呢🤣	Potentially
说南方有钱，东北爱花钱实际穷，有五块花十块。人均存款出来之后辽宁第一，又说东北人爱存钱不爱花钱，不消费，没南方消费意识，穷人才存钱，真是🐮比极了	Potentially
扫黑除默，势在必行。	Potentially
我雀氏自卑，我山东人自然比不上gdp第二，不过我能分清自卑和谦卑，看来你还分不清❤️那说明一点，谦虚点人还是进步的	None
真的吗，这才是法律的公正	None
知乎同性恋标签第一的帖子，一群恶心人的在那里讲如何掰弯别人	Potentially
说的对！应该远离不负责的，传播病毒的，动不动犯罪进监狱的人。只是正好以上几种人在黑人里面比例在7成以上。	Potentially
油太人，祸害世界	Potentially
有钱哪里的妹子都喜欢你	Potentially
因为你在东北😄	None
地域黑的目的又不是表达真相，能污名化就行了	Potentially
同别当我面恶心我就没问题，我也不会伤害他们	Potentially
同性恋是真爱，异性恋为了繁衍这种话是招黑的话。我年少的时候也整天说这些话，只能当小孩子说屁话不能当真。一个成熟的成年人都不会这么说。所有爱情都是值得被尊重的。	Potentially
那么日韩港台女权谁支持的！？	None
可以让大家看看国际鬼子虫类及其它们后代虫混居然敢使用人类词汇的帅究竟是什么心态其它百分之99的野生动物会怎么想	Potentially
谁让她爱慕虚荣的？她没被宰杀，没被打残，就是不幸中的万幸	None
看有谁接盘?别怕，公开与黑交往的黑历史	Potentially
负1赞，看来楼主又刺激到某些人咯！	None
所以你是个贵物	None
像成都这边就比较开放啊，成都mc事件了解一下，好多都是结婚了的聚众淫秽	Potentially
提得这个问题我就觉得很搞笑。十个九个都是骗子，要么就是有夫之妇。都说自己是酋长得货，竟然还有一群人信。疟疾，霍乱和黄热！都多少死在非洲的冤魂回不去家，你居然想去拯救🤣。知乎不能骂人，不然真想骂醒你。而且，非洲属于多妻，嫁过去当老大，还是当老二。有些地方甚至电都没有！真是无语	Potentially
出车祸死人的事件也很多，怎么办，不出门了?	None
为什么现在女的什么离谱的要求都敢提，因为总有添构去尽力满足她	Potentially
摸摸头，我们湖北也被称呼九头鸟，只会算计人，有偏见的毕竟只是少数	Potentially
要么我发地址你马上来找我不要拖泥带水	None
胡说八道，我魔都不服，有些人理直气壮的歧视上海竟然自己都没发现😆	Potentially
确实，互联网事件反转太多了!	None
啊这因为我国注册球员远远少于其他国家啊	None
你知道你爹是谁吗	None
女性就是爱比男性双标，我觉得这句话确实没问题	Potentially
同样经济发展很好的地方，我就没看到多少广东福建人地域黑，地域黑最多的就是江浙，往往黑子不是四五十岁的没接受过教育的，就是自己生活不如意，只能靠自己的户籍进行地域黑来凸现优越感。殊不知自己在江浙一带也时常因为素质低下而被歧视😄	Potentially
2月这个吧还没有gay和他吵起来吧这飞株可真渐啊是不是个M到处找骂	Potentially
能把这小倪格掐死吗	Potentially
看头像还是个ltp基佬，真不嫌磕碜，恶心。	Potentially
你认为纯洁美好，我们就不能觉得恶心反感了？道德绑架玩得66哒！~~~	None
感谢春晚，感谢沈腾	None
什么优质剩女	Potentially
看到没，这就是龟男舔狗养出来的	Potentially
。。。。。🤔🤔🤔上海人的地域歧视严重吗，据说外地人去上海，被骂要饭的，不知道真假	Potentially
😅太自信了，有几个敢明说自己找过黑人男朋友的，这话一出口，多少人转头就走！还有男女比例差别没那么大。	Potentially
single的译意有很多 单一是其中一个 我想表明我希望自己有独当一面的能力	None
不不不，它们会有政策加分的，甚至和留学生同等待遇进985，进清华北大都有可能！	None
谁能接受一个大空洞呢?	Potentially
是嘛！那如果真有这本书决定是预言之书	None
的确是，同性恋真的不应该吹捧	None
当光棍足以成为一支军队的时候女性就再没有恋爱自由的权利了	Potentially
如果一个女的错了不懂认错，她就没以后了。对就是对，错就是错。	Potentially
楼上真是一个无耻透顶的女人	Potentially
男人找对象一般要温柔善良的，女人一般要经济条件更好的	Potentially
黑人本来犯罪率就较高	Potentially
南满是什么。。。我也没说我是东北人啊？你看不懂字？“东北人在我们这里是直爽的”	None
这鸟人这么不遗余力的抹黑男性，50w没跑了	Potentially
你可能还是知道的太少 你身边才能接触几个人？ 你的圈子限制你的见识，给你推荐个办法，下几个社交软件，定位那几个经济最发达、也是最媚外城市搜一下，看看那些名媛空姐高级女白领，就是男人眼中女神的那帮子人，看看她们的粉丝和关注，顺藤摸瓜你会发现一些端倪，绝对打破你的三观。	Potentially
我不信，除非让你家女性打个样找个黑人😆，我就相信你不是钓鱼🐶	Potentially
黑人犯罪率极高	Potentially
最后受伤的还是老实人	None
格局小了，国女都是喜欢找黑人约p，找国男接盘🤣	Potentially
黑人就是丑，黑砸小孩也很丑	Potentially
我只看到了“买烟都不够”	None
各个国家法律的利女倾向都很严重啊	Potentially
不婚不育挺好淘汰极端nc女人	Potentially
夫妻吵架，妻子拿砍刀挥向老公小仙女放话:不过是砍一刀，谁家夫妻不吵架？	Potentially
你在劳教所里就别祸害别人了	None
女性的权益已经得到保障了，各种伐律保护各种社会倾斜难道还不够吗？我现在就想知道男性的权益何时能得到保护同是生活在一片蓝天之下凭什么男性就该当牛做马还得不到保护，凭什么就认为男性就不需要平权就不需要保护	Potentially
可是出于生活所迫，有时泼峰会不得以提供一些有色服务，换区生活费。	Potentially
看着小黑们就头大，都是将来零元购的料	Potentially
东北确实，你要是辩的太有理，对面就不用理由嗯骂东北，偏见是刻在骨子里的	Potentially
环球时报虽然没有任何评论，但从评论来看，明显是讽刺的	None
你怕不是对号入座？🤭🤭	None
明明是胳膊肘往外拐，吃里扒外。现在有个高端名词叫反对种族歧视	Potentially
只有黑人才能给女性一种特殊的享受。你懂吗？	Potentially
反思一下，答主为什么不回你	None
这波是否是虚空立靶了？	None
100年以后，所有的中国人来自中原地区（或官话地区）	None
啥也别说了，人造子宫解决一切问题，包括女性，人造子宫万岁	Potentially
这波怎么说	None
但现在说的基本全是国男了用来嘲讽女性 不管是谁说 反正这么说的都是不尊重人的	Potentially
妻子当时受了多大的委屈才会拿起刀来。这男的在家表现，一直很差吧	Potentially
她老公知道了，之后她的备注就是女表子了，极大可能离婚，然后亲戚朋友都来劝她老公大度🐶	None
？？？？？？今天又是恐直男的一天	Potentially
错，河南人多，反而犯罪率不是最高。数据可查，某些只有河南人口一半的省份，犯罪率高于河南😄	Potentially
安徽人被黑的原因应该跟河南差不多的😅	Potentially
你买狗看不看血统？	Potentially
不要冤枉老实人	None
或许可以接受一个同性恋在自己周围，但是接受一对同性恋在自己周围搂搂抱抱和亲嘴的话，我觉得还是头皮发麻像看见老鼠一样害怕的	Potentially
你要认为合适就大大方方的告诉你老公嘛	None
东夷是族群的称呼，是中性词没有贬义哦，后羿就是东夷人。	None
肯定自己有原因，但是他们已经上升到整个东北人都是垃圾，低劣的种族，应该灭绝的地步	Potentially
很明显就是有人乱带节奏	None
这些地域黑的通稿基本都是复旦新闻系徒子徒孙出来的🤣	Potentially
曾经：黑人也有好人，不能一棒子打死…现在：爷就是看不惯🐶	Potentially
国男的包容大度一直都是这么无私，eg使劲浪，反正有老实巴交的国男兜底囧	Potentially
极端女权，极端男拳 这个输入法有点意思	Potentially
她的头是p上去的吗	None
我又搜了一下，现在知道了微博原文是“闲散输出:特别是男生劝女生的千万不能喝，就是看准了你不会拒绝蕾克斯持续输出:对啊男生很坏的，男生脑子里都是那点破事儿的”	Potentially
好久都没有见过那么干净的白人班级了，一个黑乐色都没有	Potentially
东北被黑的是经济越来越不好，官僚主义之类，其他省份人民直接被黑的是人品呐！不一样	Potentially
少数民族是少数民族，少数民族就算文化水平差点，但至少大部分还是遵纪守法的，黑小子们可就不一定了。好的幼儿园或学校，家长们很多都是有一定能量的，要把黑小子搞出去，总是有办法的。	Potentially
只能说江西人真有钱结个婚彩礼都好几十万，	Potentially
这些女人真恶心，	Potentially
我是女的，说实话，如果我找的男朋友交往过黑人女朋友我拔腿就跑，接受不了。交往黑人男友的女生我也做不了朋友，还是拔腿就跑。	Potentially
劝你们别这么想，不然你们见到很多黑河南的还又红又专的时候会接受不了的	Potentially
笑死了我发了一篇贵物男拳帖被删了	Potentially
温州假皮鞋	Potentially
所以，你5点问题其实也就是归结为三点：1。同性恋对反对者和异性恋乱喷。这是这些乱喷者受压后不理智的错误行为。2。性倾向的不可改变性。这是医学的结论，是你自己（还有某些同性恋者）认识错误。3。疾病传播。同异同样有责任，并不是某个群体的特定问题。而且公平化和正面教育有助于解决此问题，而不是相反。	None
骂再厉害有什么用，人家回来依旧比大部分省份高一等，最可恶的就是地域黑到现实中什么不要河南的员工这种情况真的应该坚决抵制	Potentially
永远不要对钕刃仁慈	Potentially
女孩拼了命融入的圈子，最后发现还不狗窝	Potentially
蝴蝶鸡死的好	Potentially
男权吧老哥们还是比较理智哦，这要是男的发女权吧，可能已经让骂死了	Potentially
暖男更受欢迎，男性需要改变择偶观?原来的舔狗龟男接盘侠不够用了，赶紧培养一批新的好让我们吸血?	Potentially
黑东北的网络上太多了，现实中倒是没见到几个敢明面上说的🤣	Potentially
太难了😅我一山东人都看不下去了，心疼河南	None
如果它们敢用武器的批判，咱高瞻远瞩的铁拳绝对会让其尝一尝国♂曾经背负的压迫	Potentially
我的性别是海豚，要不是capitalism的异化，我早就能和海豚交流了☢️☢️	None
又变态又普信，还要当理中客，纯纯下头男！！	Potentially
可见国际鬼子虫类及其它们后代虫混就是墙头草，两面倒当人说人话，当鬼说鬼话从这我们也能窥见国际鬼子虫类及其它们后代虫混的所谓精英就是蛇鼠两端货色。	Potentially
有些幕刃真的是。。。。	Potentially
动点脑子行不行，你的三观真的有毒	None
直佬日常罢了	Potentially
"目前直男这个词包含下面一种含义：指那些不够敏感的男性。为什么这个词会有这种含义？因为很多女的都敏感、多疑、热衷于勾心斗角，女的会觉得敏感到热衷于勾心斗角是很正常的事，她们不会把这当作缺点，""直男""这个词的出现是她们对在她们看来不够敏感的男性的讽刺，这是女生的一种自我认同，或者说是为自己的行为辩护、寻找合理性"	Potentially
黑人一样黑肤色	None
来自接盘侠吧的神贴，大家咋看？	Potentially
听她的可就真毁了。	None
我只知道小时候天真的以为外国人都是很善良巴拉巴拉的，现在呵呵	Potentially
中国人查查自己为什么被欧美歧视，是不是人有问题，味道对了吗😆	Potentially
所以做过检查了没，现在婚检可都是保护艾滋病患者，不得病人同意，绝对不泄露给外人，包括病人的未来家属	None
现在吃瓜群众越来越少了随着网络的发达	None
咱们没人家团结，我经常去剑网3吧看攻略，结果，现在哈哈哈哈哈哈哈哈哈哈哈哈哈哈全都是籹全尸在打拳。	Potentially
这个作者，完全说出了我的心里话 。人家一个愿打一个愿挨 。。操哪门子心 。怎么样，人家也不会瞧得起国男的。小心别接盘就可以了 。	Potentially
你怎么知道你老婆有没有黑人前男友	Potentially
古代有“五胡乱华”，现代有黑人乱华，谁造的孽，大家心里都清楚，支持楼主！	Potentially
你才是那种满口仁义道德的人吧😕	None
一想到你们没几年就被艾滋病战胜了，真有点无聊呢	Potentially
得了吧，据我所知河南人都快被黑成贬义词了。	Potentially
非洲吧，分享过来的。	None
算了，女拳只有极端和温和	Potentially
日本是摆烂，韩国是以彼之道	Potentially
中国女人嫁到日韩的还少吗？ 你这反问没意义。 中国男人娶日本女人几十年来都没变过，每年一直都是一千多，但是中国女人呢？高峰时期近两万人每年，现在每年依然有四五千人嫁到日本。韩国也一样，而且嫁到韩国的更多	None
因为你还小，有很多事情不了解。黑不可能无缘无故的黑，肯定是存在问题的，这个为啥会出现这样的问题，还是出门打工的农村那帮人导致的，就像我那个时候认识的河南人那样，他自己把自己村里那帮人骂了个底朝天。其实做好自己，黑的人会越来越少。	Potentially
想用一些非人类的描述评论。可清道夫是bi乎的爹啊。说错一句就要被封😆😆🤔	Potentially
舆论反噬了属于是	None
自然界男女出生比是105：100	None
我不是河北人，但每次看到有人黑唐山也觉得恶心，一件打架斗殴的普通刑事案件能上热搜十几二十天，天天能看到骂唐山的，那个地方没有这种事，新闻一大堆，骂人算什么本事，有本事自己去制止犯罪，而不是口嗨。我感觉地域黑造成的社会危害远大于这个案件本身	Potentially
普通朋友是没问题，如果是男女朋友，那确实是没用，你妈没说错	None
女权：我成替身了？	None
黑人玩腻了就离婚，据说这个离婚了，离婚前说得多好。飞周人很多病的	Potentially
把这个女人送去非洲🐶🐶	Potentially
同性恋现在高贵的很，真败坏路人缘。	Potentially
喷人家多容易啊，你为什么不选择自己多复制几个“优秀DNA”？现在开放456胎了都，你随便生，又没人拦着。人家混血生一个，你生倆。你绝对拼得过人家。我就没见过哪个绝对的赢家无法云淡风轻气定神闲的。您老是想不明白？	Potentially
你真是小机灵笑死我了，他们是这样哈哈	None
你不是同，你是个m吧	Potentially
他们想上吗？	None
往后再看到不分青红皂白胡乱打拳的大家都去点个赞吧！恶人自有恶人磨，这么大戾气肯定也是生活中有人照顾着的	None
你在美国杀人都不犯法	Potentially
还真是政治正确的一篇回答呢，不是所有东西，一挂上性癖，就无敌了。	None
我对自己家人外的女性的共情力彻底丢失了	Potentially
就群里看大部分人还是理智的，还是喷幕刃的	Potentially
前段时间整的喷吧被冲了就不让发言了	None
非洲动物园鬼畜杂毛地方	Potentially
你还是许愿当一个生在美国中高产家庭的黑人吧，不然你可能在来之前就饥荒或者枪击或者成瘾君子了	Potentially
我觉得全嫁出去的也好，至少剩下的脑子没那么奇怪。	Potentially
看主页你自己不就是个地域黑吗？主页全是骂西安的，真是活见鬼了，一丘之貉呀，这是立场不同吗？🤔	Potentially
男权是男女平权。请不要污名化男权。	None
就凭你的北京户口我就感觉你比我高级五个阶级，我是河北人😆	None
都是四川人出来黑别人好吗	Potentially
犹太人被xx，真的是活该。	Potentially
给我个台胞证，怎么黑都没问题。但是以我所在河南为例，问题是这里要医疗资源没有，要教育资源也没有，经济也不行，上个网还要因为户籍被地域黑，这才是真的惨。	Potentially
欧盟将向难民提供3年居留权，正好女人和小孩补充人口和劳动力	None
东北人假冒云贵川	Potentially
上海人不就那样吗？	Potentially
女权的泛滥在加速这种趋势，生活本来就不易，女权们在闹一闹，现在提倡不追女生就是个前兆。	Potentially
可黒鬼智商确实不行啊🥰	Potentially
很多人闻见狐臭会生理反应，心口刺痛。	None
母系社会为什么会变成父系社会呢？因为女人求着男人负责。现在怎么变成男人求着女人结婚了？这种脑瘫文学还是一如既往的味道，强行大前提男女能力一致，强行空降强权逻辑。	Potentially
据说可以花钱调查开房记录吧，有些机构专门调查的，只要钱给足，我觉得在好的女孩子，在那些开房记录面前和荡妇没什么区别	Potentially
女权发展到极端受害者只会是女性，无论过程怎么样结果已经注定了，可以参考日本和韩国的女权发展已级崩塌	None
作为四川人，感觉受到的歧视也不少。	None
自信点，种族歧视不是贬义词	Potentially
这女的是不是贵物啊？自己弄撒别人收拾烂摊子。?	Potentially
只有涤清圣土桖洗嘿枸，才能延续文明	Potentially
我觉得有道理，现在我自己都觉得我的口音搞笑了	None
啧啧啧，自己不想被别人黑，但是还去黑别人？	Potentially
哈哈哈哈，当初解放后进新疆的大多河南人甘肃人，河南人和甘肃几个地方的人名声在新疆确实不好……	Potentially
说得好听，你们别赶上去倒贴默啊	Potentially
好家伙反串黑是吧😓	Potentially
2022年6月9日，他在被人破防后删掉了“恐同症”系列2到10的所有帖子，距今1天，望周知	Potentially
作为同性恋，点赞	None
全神贯注不是讲的几个小孩在坑里玩吗，有个小孩算数后来很厉害	None
河南人在我们北方名声真的很差，其实还是有原因的	Potentially
以色列生育率居然这么高人家还是发达国家	None
还有的男人给自己定下目标一辈子睡1000个女人之类的，还美其名曰是有本事，能开好多个锁的钥匙叫万能钥匙，能被别的钥匙打开的锁就是垃圾。在新型婚姻不需要彩礼，婚后费用AA制，都有男的说是处女吗，我虽然不是处男，但你必须是处女因为男人女人不一样。	Potentially
最简单的判断方法是看看她有没有微博，小红书，豆瓣	Potentially
别闹了，黑人在女方怀孕后就有了消失的特异功能不是开玩笑的	Potentially
东南亚小国人种可能和南方人差异就不大	None
事变皆在于人心 这句话没毛病吧 不同地区的人皆具有人性 不论经济发达贫困的影响 最终影响的都是人心 我们比较不同地区好坏时有一个维度可以考虑 便是比较坏的程度 比较好的程度	None
咱也不懂，啥时候湖北是中原了？	None
微博女厕所啊，哥	Potentially
情商太低，管不住自己、	None
同样的组织污蔑中国制造新冠看来某些群体里还有50w啊，当然可能这个艾滋病传染源全体加一起可能不值50块就是了	None
其实我也没想通为啥大家都这么爱黑东北😅	Potentially
智商有点正常的同性恋也会正视自己的不正常会明白同性相斥，异性相吸才是正常的道理。只有智商低的同性恋才会来这个吧挑战。就像抽烟的人也会明白抽烟不健康一样。同性恋不正常是事实，没必要挑起矛盾。	Potentially
如果她们倒贴嫁出去，那希望赶紧移民，真的别留下了	Potentially
没心气管了，上次歪果人永居我尽力了	Potentially
当然是撑同	Potentially
东北的，感觉湖北话挺好听的，	None
这母猪看面相就不是个好人	Potentially
妥了，这下小仙女要买爆了。。人手一箱舍得酒	Potentially
以前觉得不能盲目看不起别人，可惜现实是黑外教、黑留学生垃圾真的多。	Potentially
现在还有人把洋垃圾当宝吗	Potentially
正常人还是占大多数的，那些热评是什么成分大家都懂吧	Potentially
图片暂时发不出来等我想想办法	None
君子和而不同，小人同而不和！团结一起反同力量，为人类创造美好的明天！	Potentially
谢谢赵叔带来的最新资料	None
你去读黑人人种研究的书吧	None
如果说自然法则不允许同性恋存在，为什么不让它灭绝？	None
放在没有女拳的时代我们可以浸她猪笼	Potentially
很好!出于虚伪的人性道德?迫于无奈的理论漏洞?才有你们的今天?如果不管什么道德?你他妈今天的午饭就是在猪槽里吃了	None
对，这洽洽是对所有中国人的歧视，所以排他们，他们活该。	Potentially
我将带头冲锋	None
有些中国男人就是耐不住寂寞找黑人老婆啊，我也管不了啊，你跟我说这些有什么用？🤔	Potentially
其他地方是地域黑，上海这个只是说了实话怎么能算黑	Potentially
得了吧这两人都不太现实这样的情侣只会越来越多	None
还有就是有些上海市区人歧视市区以外的人（包括上海郊区）	Potentially
借个楼哈，原贴被删我就在这里发了。这个人把我恶心到了。	None
刚刚看到有个1很喜欢你你还单身吗	None
一眼lkd现实中没人要的柜物罢了	Potentially
留学生院招“翻译”的时候都排长队，我班女生因为没被选上还闷闷不乐。	Potentially
同性恋也可以跟异性结婚生小孩的没啥的	None
😅浅陋啦。👍👍低估他们了。	None
我怀疑他们一块瓢仓。如果没有，他怎么不拿出证据？	None
现在女的哪个不是这样啊。我都习惯了。	Potentially
嗯嗯那就往大了说，中国女人审美都有问题了都一喜欢又黑又丑又臭还不负责的嘿人，这下你满意嘛	Potentially
真就是，病毒啊，会扩散，会传染	Potentially
很多广东人老爱说自己是汉族正统，自己才是纯正正统汉人血统，北方都是胡人血统，胡杂，那北方人自然会觉得，你是正统汉人，来来，让我们看看正统汉人长什么样，然后看了之后才发现🤣，你们说的都对，华夏发源地都在广东好不好😆😆😆	Potentially
“尊重女性”既是资本主义的骗局，也是西方文化的糟粕，一个性别有什么资格要求尊重？一个人有什么资格因为自己的性别被尊重？任何提尊重女性的都是不尊重男性，谁提谁是右！	Potentially
天生的没办法，有些gay就是恶心，骚扰人，这纯纯没素质行为。但有些就干干净净，有干净的圈子和让人舒适的人品，让许多人愿意与他交朋友。再遇到这种骚扰人的你完全可以削他🤔，咱有理	Potentially
一般的同你是察觉不出来的[蹲]，女装大佬不一定是同🤔	None
你为什么黑山东人？答：我只是把他们做的说了一遍	Potentially
理想状态下女生找过黑人男朋友，没人接盘…现实中，几千万光棍排着队接盘呢，抬回家跪舔…就算得了艾滋也有艾滋群体里大量男性跪舔根本原因在于，男性内卷，女生有恃无恐	Potentially
翻墙不就是看h吗⁉	Potentially
坦率说，能来中国留学的非洲学生都非常聪明，我这个室友单亲家庭出生，心理是有一定问题的。	None
OK，把黑人赶出去	Potentially
说的不是很严谨，一般女性的精神祖国是丈夫的祖国	None
这个陈漫应该封杀了	None
哈哈哈，这张脸真是看一次笑一次，真是太丑了	None
兄台这个捅字用的是出神入化	None
女性多数感性思维容易洗脑	Potentially
恩！生孩子都不用去医院！	None
上男人车提供吹吹服务	Potentially
换个角度，如果从一开始就不结婚哪有这些破事儿，该干的一样不差，那啥点的崽子落地直接走人	Potentially
没事找事的基佬必须打，要是安分守己那无所谓。基佬说白了就是一堆屎，没几个好东西，都是些心里变态的货	Potentially
谢谢夸奖！！（其实我既可爱又帅气哒）	None
这种问题下面必有老骟跳脚😄	None
你们高兴就好.	None
这就是艾情😎	Potentially
生理上的不适，至少作为男生而言真没多少会找黑人女朋友。	Potentially
对的，好多安徽人在网上骨头真的软	Potentially
你咋知道😅	None
我们可以占他们便宜，但敢占我们便宜的都得死😄	None
女的都嫌被黑人睡过的女人恶心?别说男人了，闹心	Potentially
上面那个务实帅男就是先黑河南，骂河南，让河南人骂你，你再把河南人骂你的聊天记录截下来，再去挑动东北人来骂河南人，从而成功拱火，让两个地区开始无限乱斗，一部分人被开地图炮之后会应激反应的开始无脑反击，这又会导致被无故反击到的人参战我，然后就愈演愈烈	Potentially
所以要做到一视同仁，我觉得不可能，但我们还是应该向这方面前进，我觉得应当做到平衡，而不是平等	None
带着你的家人移民非洲吧！还有圣母的爱……	Potentially
這句話😅⋯⋯⋯太精闢了	None
女司机逆行，小癣女评论怪男副驾	Potentially
反自己人可还行我德二人就静静的看着你们内斗初二不好好学习当双标儿，你连群里搞反同主义的都不如好吧	None
晚安，很谢谢你，能够不歧视同性恋。希望你，能够一直幸福，然后每天都能够开开心心的，然后你也可以做一些自己喜欢做的事情啊，女生也要有自己的事业。为女性同胞的gay蜜，我希望女性能够有自己的事业这样能够更好的活出自己。🤣	None
我们是文明人	None
中国男人推崇的少，中国女人推崇的多，简直到跪舔地步，老外来中国路访随机索要100个吻轻轻松松，广东茂名有个白人模特经常换中国女人拍抖音，搂搂抱抱，中国女人也不嫌弃	Potentially
转：非洲分为撒哈拉地区和撒哈拉南的地区。撒哈拉地区很早就脱离了原始文明了，早期有埃及文明以及后来的腓尼基人，后来该地区又先后成为了亚历山大马其顿帝国，罗马共和国帝国，阿拉伯帝国，奥斯曼帝国的领土，近代时受到欧洲势力的殖民或半殖民，直到近几十年纷纷独立为现在的一个个国家。撒哈拉以南的黑非洲地区，长期处于部落或部落联盟的文明水平，没有成型的系统的文字，没有国家民族概念的形成，直到几百年前被西方殖民者入侵，才接触的现代文明，最终有了民族的概念，后来被西方殖民后在近几十年独立后产生了现代的国家。黑人多数是南非洲，几百年前是部落文明，原始社会，没有文字。没有历史北非洲很少黑人，黄种人白种人有历史，有文明	None
笑，田楠就是骗婚骗炮的，真田楠水准在一般人以上，就没那么多剩女了	Potentially
让我们看看女权吧被改名女子的权利吧，女权吧吧主变成谁了呢	None
三：女拳受益者这里我把女拳受益者分为2类，一类是直接受益者，一类是间接受益者。直接女拳受益者：很简单，利用女人的一些共鸣来建立信任，比如说你如果骂男人就会自动引来一群女人附和，哪怕骂得再没道理、没逻辑，也会有一群女人支持。有了人气就可以兑现，所以微商、写小作文的女拳才那么吃香，一边鼓吹着女人要独立、女人天下无敌，又一边坑害着相信她的女同胞的钱。你先不要可怜这些受害的女人，这里的受害女人是有极大的概率变为女拳手的，受害者又变回施暴者，可笑的是双方都是女人。间接女拳受益者：知道女拳的危害，平时支持女拳，或者放任女拳现象，心安理得享受着女拳打男人得来的不对称利益。比如：结婚男方必须出彩礼，而女方不出嫁妆。男人天生要让着女人。男人就是拿来牺牲的。这类隐藏的女拳手伪装成白莲花，是最可恨的，她们就像癌症一样，你很难精准找到她们。目的：获取自身利益。	Potentially
和黑人睡不恶心吗🤔	Potentially
谁是敌人，谁是朋友是革命的首要问题。	None
外娶多好，不打扰小仙女了。	Potentially
问题是。别人不一定像国女一样倒贴啊	Potentially
舔狗都是很恶毒的男淫。它们自己未必真对女人好，只是希望全天下男的都当跪男，这样，它们才有一点优越感。	Potentially
首先让我先说一下如何识别有性别焦虑问题的通讯录	Potentially
人们普遍敢打黑人	Potentially
我无所谓，反正不想结婚🐶不过我讨厌黑，因为他们真的很没礼貌。	Potentially
那什么，事实上大多数gay对女性拥有好感，而其中很多gay又反感直男，因为观念上极大的不合🍉gay一般是不可能反感女性的	Potentially
得，您骂的好，您说的对?	None
嘿畜狌繁殖，都是强上的。	Potentially
日本这次为了sb政治正确，所谓修正别人排外的观点。，才搞了一堆混血运动员，这简直是nt。不过日本本身混血比例很低。	Potentially
太可怕了，之前我们学校有个同性恋也是个巨胖的，一直骚扰他的舍友，每天给舍友发几十条微信啊	Potentially
莫言是满族人	None
所以人对同姓恋支持者攻击也是最猛烈的	Potentially
需要姆蛆引流捏	Potentially
有人问我为什么要为女性发声，我说，我只是不忍心看到她们被人伤害，仅此而已🤔女性确实会被黑人伤害，要么被强j，要么被轮j，要么被当成玩物。你所理解的这个伤害，不会是反对黑人和中国女性结婚，是对中国女性的伤害吧。你不忍心她们被伤害，就应该告诉她们，和黑人在一起，最后的结果大概率是什么，有多惨，抱着孩子找不着爹。去了黑人家当第四，第五个没地位的小老婆。	Potentially
想反女权还得看女权，舔狗龟男理中客们不是男人能打醒的	Potentially
我是女的我也看不惯交往过黑人的女的，，，读大学那会儿班里有两个女生，一个白人男朋友一个黑人男朋友，也是绝了，没事就发着朋友圈炫耀，真想问她炫耀个啥。不过反正也没有交集的人，毕业了删了	Potentially
又不是没看过动作片，我当然知道，但是，菊花里全是翔，默与媚默女居然乐此不疲，令人难以理解。一旦看到这种镜头，我全都快进跳过，心理不适，对这种行为毫无兴趣，更没有试的冲动。另外，某些国家的默的艾滋感染率很高，无套内x会带给女人很大风险，接盘者可能招至无妄之灾，这才是真正恐怖之处。中国的艾滋呈扩散趋势，同胞们不要乱约了，珍爱自己，珍爱家人。	Potentially
另外看看成都那边的入职增加hiv检查这一项，当然会保密，不过患者必须接受治疗，签订相关承诺	None
对不起，你要眼里的什么东西创造了五千年不间断文明。你眼里的高大上的黑人却连最起码温饱解决不了。	Potentially
你说得对，但我认为母猪产后护理，首先要从产前做起，母猪产前四五天要逐渐减少饲喂量，其目的是减少腹部压力，产前吃得少，产后才能吃得多。若产前吃得多，不仅会使产程过长，而且还会造成产后胃积，母猪生产后首先要给母猪进行消毒，给母猪和猪仔一个干净、温暖的环境；在喂养产后的母猪时，要多给母猪喝水，多喂青绿、高蛋白的食物，食物的分量要适宜，不能一次性食用太多；猪舍保证适宜温度和湿度，利于母猪修养，猪仔也不会容易感冒。	None
黑人英雄都是犯罪分子，这个是惯犯	Potentially
不是男足菜，不是女足好，只是想用女足来踩踩男足，女足死活它根本不关注，被人无情打脸	Potentially
等下传播奥密克戎时会更猛	None
娶媳妇没用的关键是大小不然会被绿当老实人接盘侠，这么多年没有任何改变	Potentially
之前跟四个同学去上海玩，等地铁的时候被一个老太太秀了一波优越感，不让我坐着她要坐，关键旁边还有一小排椅子是空的，地铁还有两分钟就到，我想算了吧，不跟老太太一般见识，我就去旁边坐了😅然后我到知乎上全面的说这件事，其中有一个环节是我的一个同学在等地铁的时候吃东西，然后有一个上海人评论，全面抨击我吃东西的同学，说他们上海人在进了闸机口就不会吃东西的，说我们没道德什么的只字不提上面那个老太太。（我们在南京都会吃，进地铁才不吃，南京的要求就是地铁内不能进食。)我们的确不了解上海的政策规定，关键是等地铁吃东西的人真的很多啊，PS有一天晚上我们在地铁里，还有一个优雅的上海女人在优雅的吃哈根达斯，我跟她对视了，她轻蔑的撇开了视线，她跟她老公一起说上海话聊天应该是上海人吧，而且看起来很上海，五十来岁。。反正那个评论的上海人又秀了一波优越感，他们上海人就不会吃东西，我们外地人开就没道德，老双标了。	Potentially
实话实说，这小黑孩的照片我居然感觉有些惊悚	Potentially
这是被黑吗？只是把东北人所作所为如实说出来。	Potentially
如果你真的受到了男同骚扰的话，我觉得你有权说这句话。但我想请问一下，你是在怎么跟男同隔了十万八千里的情况下，还能被男同给刚上的，隔山打牛吗？	Potentially
看不懂，只知道可以透。	Potentially
真正经历过的都知道这是不知情的想当然而已，国内之所以有打拳的市场，就是因为太多人都是你这样想法，宁愿一棵树吊死罢了	Potentially
我也是同，你有人了吗，可以加一下吗	None
现在也没有少骂啊 都荷兰喷子 恶意地域攻击	Potentially
小仙女真是心地善良呢，为什么不让流浪猫住进她家呢	Potentially
才10年，粿籹就该直接枪毙	Potentially
黑人，沐猩而冠。	Potentially
外国是政治正确啊	None
建议小蚬屡加大力度，最好见面就得送一万元的东西，这样舔狗龟男保证死绝?	Potentially
对真的碰到这种气死了，有些人来上海要来的，来了上海之后骂上海人配不上这个全中国的上海，打压上海文化（比如方言），还因为“上海是全中国的上海”来说本土文化被打压是应该的。我吐了。	Potentially
你在现实见到黑人也这么说？	None
试图捕获，小仙女	None
我觉得上海吧，上海人还是很不错的，除了有点缺点之外，其他都一般，没啥可说的	None
毕业了跟他去非洲做非洲酋长夫人呗😆	Potentially
这种好队友你们收吗	None
她说的都逗，一个电视台主持人在主持节目时候说上海方言🙄这还不该被投诉？？？这要搁央视，得算直播事故，直接降职到幕后拉大幕去吧😆	None
现实里女拳没网上猖狂可以了	Potentially
我魔都是重灾区，能黑到小品舞台上，全国人民笑看上海娘娘腔男人和拜金女人。	Potentially
我现在非常需要这些三非黑人的证据，越多越好，最好能证明是三非，楼主麻烦联系我一下	Potentially
我不恐同，就是单纯的厌恶，觉得恶心，不为别的，就为txl群体传播x病，还要骗人形婚，毁人一生。运气差一点的，只是被骗婚。运气再差一点，被骗着生个孩子，把孩子也毁了。运气差到爆的，被人骗婚，还被传染上x病，这就是txl群体干的好事。	Potentially
我脑子清楚，只做自己女人的狗	None
喷神的回答哪里批判了？ 法无禁止即可为，只要不违法，怎么做都是你的自由。只是讨论择偶观而已，我们说不能接受也不犯法，而且我们本来也不在这类人的择偶范围内啊。两条平行线而已，互不相干。	None
估计女的还长得不错，正一脸骄傲地发微信朋友圈吧	None
河南老乡前来报道	None
我反同，我健康，我快乐！老子喜欢再健身房里一边锻炼一边反同，那感觉老爽了，哈哈	Potentially
但你谈一个并没有很优秀的外国人，说出来收到批评是很正常的，女人的肚子和孩子的脑子是一个国家最重要的战略资源，里面装什么东西是关系民族危亡的。比如我本来不是种族主义，后来看到中非混血儿，还有他们要把中国染黑的言论，尤其是难民把一些国家搞乱套的事，让我有种发自内心的生理性不适，生物入侵既视感。	Potentially
出轨直佬，我呸	Potentially
中国对男性太宽容了，就算男明星长得是个屎也没人说。女明星稍微胖点就有丑男批评	Potentially
没搜到就是我信口开河？985的留学生哪个不换十个八个中国女友的？easygirl称号白叫的？你没看到就是不存在啊？当然对我来说无所谓了，我也不在中国了，女友越南人，国女easy不easy与我有什么干系，只是苦了郭楠们了	Potentially
豆瓣是女拳掌控的啊	Potentially
识别山西人的办法：让他往鼻子里捅卫生纸，拿出来是黑色的就是山西人🤭	Potentially
这边建议网络安全举报网址举报它送它上西天，另外它的资料在刘奚贝吧全都有，大伙多去看看	None
吃饭是人的弱点	None
这不跟之前那个女王培训班一个性质吗	None
明明是外地人歧视上海人😄	Potentially
方觉意犹未尽，再来个加强版：内蒙全境苦寒，祖国边疆北端。人口两千余万，毫无啥存在感。除了骑马射箭，就是好客李诞。还有个马亲王，以及通辽可汗。三十二郎杨坤，包头钢铁集团。我是歌手冠军。大汉名磊姓韩。外加钢铁之翼，腾格尔翻唱欢。顺口押韵本段，老家最强礼赞。🐶	None
可怕的反社会人格	None
那不至于，我看着江苏跟广东互黑比较多，再就是跟那几个一卷的省份互相黑比较多，主要是老说要吊打这几省的高考	Potentially
看不惯，干不掉，心里不爽，只能使劲黑，我姨妈在北京的，19岁就去了，说北京人对上海人很复杂的情绪，所以春晚，电视剧这种表现，就很正常了	None
男人们没有权力反对你做什么，但可以选择自己做什么。这是基本的道理。女权最大的问题就是只思考自己的权力，从来不思考别人的权力。实际上既然有女权，就会有对应的男权。	None
先看视频再来给我扣帽子。吧里有些老哥看不到所谓主要矛盾啊	None
日本的东北人确实多，我去日本的时候导游就是个东北人，跪舔日本，还爱忽悠游客。但日本东北人多的原因难道不是因为两地挨得近吗？换什么地方旁边有个人均收入高你一大截的地区当地人都会被吸引吧。	Potentially
所以我从来不看女人的朋友圈	Potentially
不要把男女和结婚，生子联系在一起就行了。只要大家不结婚，不生子就好了！只要男人还在乎这个。就会被女权控制。	Potentially
本安徽人来说一句。浙江人是不屑于地域黑的，他们都钻到钱眼里去了。没时间没精力地域黑。他们的好邻居江苏那可真是地域黑十斗，江苏人独占八斗。比完经济比教育，比完教育比两院，比完两院比状元。身在江苏，没几个屌钱。动辄我苏天下无敌，宇宙苏。身处陋室，捡破烂，到了网上那可是阿拉江苏人	Potentially
为什么不能歧视？什么时候不允许歧视变成政治正确了，某类不值得高看的人，看不上某个人就是看不上，大胆说出来🤔	Potentially
伤心是湖北官方对这件事情不重视 疫情期间一个广东的骂湖北 直接被拘留了 轮到自己就不说话了？伤心是因为我们贫困县都捐了物资 一方有难，八方支援。 轮到冯丽事件湖北一句话不说。我饿了你给我点吃的，我吃饱了骂你??你愿意吗？你开心吗？你没意见吗？	Potentially
蝻蛆少管女人的閒事好嘛真不要臉太下頭	Potentially
电子烧鸡还不是要真人使用？	Potentially
只不过给自己的歧的找借口掩饰，毕竟直接说歧视同性恋，会显得自己很没素质……但实际上你把他们的借口驳斥了之后，他就会直接撕破脸皮说就是歧视……其实也没办法，反不反同这个好像也确实是天生的，有的直男就是不反同，即便被骚扰只会反感骚扰他的人但是仍然不会反同，有的直男即便没有接触过任何男同，也仍然反同……	Potentially
这波徐州，男的又输得一塌糊涂	None
生黑孩的女人！！！	Potentially
同意，HIV病毒携带者用简易方法很难查出来，所以也奉劝那些用试纸查完就跟黑哥哥起飞的妹子慎重。	Potentially
这种手术正规大医院一般不做的。地方我不太清楚	None
我们需要一个能说真话的平台。	None
再来两张中国三非黑人暴动图！这些都是官媒没有的	Potentially
鲁尔大学？波鸿那确实不容易看到，人口不到四十万的德国中小城市。	None
多谢这段视频，把犹太人祸害全球人类各民族罪恶嘴脸公之于众	Potentially
黑人如果多了，闹分裂了，圣母们担的起这个责任吗？	Potentially
中国女人只要跟H人结婚，在F洲待上几年，她感染艾滋病的概率基本上100%，因为H人特殊的社会文化。她的老公会去找好几个本地女朋友，然后这些本地女朋友也会有好几个男朋友。就像一张网一样。这就是他们这些国家艾滋病感染率30%-50%的原因。	Potentially
钻石这种东西的价格全是炒出来的别人工业用钻就是那这玩意切东西的	None
只能说荷兰人是这样的	Potentially
之前有人信誓旦旦的讲要娶国外妹子，配不上国女🤣我说，这是你自由	Potentially
只要这女的以后不拖着个泥娃娃来欺诈国内彩礼钱，谁管她	Potentially
你圈子太高了	None
这就网上的拳师吗，我吐了	Potentially
东方卫视播的不全是东北小品曲艺节目吗？我觉得上海对东北人来说算友好的了，东北人金星也常年定居上海	None
这女的张口就来，发学信网认证啊。	Potentially
多了去了，中国到非洲援建的工人好多在当地找黑妞然后干完活就跑路	Potentially
我真的怀疑SB发言的逆天程度啊	None
猩猩会打篮球吗，不是只会一遍采棉花，一遍吃西瓜吗	Potentially
看看有智慧的人是如何认识世界的再看看吧里的言行，难道说有的人天生就是坏种吗？	None
你们都在法宝	None
泼猴尽管发疯，谁是疯子咱们路人眼里清清楚楚	None
帅个屁，你这是什么审美，或者阁下也是黑猩猩？	Potentially
等老头子们走掉一些才可能稍微好一些	None
中国那真的说实话还好，白人女性才是包容	None
工地？我不在工地上班？难道你就是传说中的真正的搬砖人⁉	None
没事我已经报告网警了	None
饭桶蛆们不知最会精神胜利的是他们那位大飞株开着几十个小号自我回复轮着对骂的小丑	None
我大江西果然没有存在感😂😂😂	Potentially
东北人吹张是英雄，发动西安事变将功抵过，差不多得了??	Potentially
冷暴力算不算家暴？限制消费算不算家暴？如果都算，那其实女的家暴男的更多。	Potentially
看看同恋是不是天生的，只不过是找个跟自己一样苦的人渡过找不到真爱的日子	Potentially
竖切社会本来就是很扯淡的一件事，虽然大家都是反女权，但是有人反的是女特权，有人反的是女权，有的人还是反人类，只是恰好他性别为男，所以反女罢了。目的不一样，结果也不一样，有的是建立男女平等的社会，有的是建立男尊女卑的社会，有的是建立奴隶社会。所以还是用屁股斗争取代男女斗争得了。毕竟屁股坐的地方不一样，对同一件事的看法就不一样，处理也不一样。	Potentially
说白了，和闺蜜感情不够深，要不就是自己内心潜意识也能接受默	Potentially
这女虫且应该成了脑瘫了叭？	Potentially
劳森歧视中国女性的时候你怎么不发声？绝大多数黑人就是没有素质，就是习惯伸手就来，张口就要的生活，不然非洲资源那么丰富为啥没有大规模的产业与工厂。现在的事实就是黑人搞双标，自己种族歧视最严重，利用种族歧视这张牌恰烂钱，疯狂歧视亚裔特别是中国人，美国那边就是这样，非洲那边更是一样。不要圣母心了，作为一个中国人，提高自己的民族自尊心没有错，与其研究反对国人厌恶黑人，不如好好去看一看黑人中主体的思想中会不会感恩，（他们是基督徒只会感谢上帝）会不会自立更生，有没有负责到底的责任感。	Potentially
他应该在家哭了，吧主大人已经向他校方班主任提供资料，三天后可能被劝退学或处分	None
楼主可真有意思，跟地域黑讲道理，讲得通他还是地域黑吗，认知能力和价值观是很难改变的，这种人离远点就好了，否则就拉低自己层次了	Potentially
正常东北人是不歧视的，但不得不说，在东北，东北红脖子和东北奸都是有的，前者认为东北最好，目空一切；后者认为东北最差，南方是爹。	Potentially
说的好像浙江人分的清南北一样？	Potentially
是普信杨笠，又是下头的一天	Potentially
你们基不上药的真面目更妖	Potentially
还有的说什么你之所以喜欢异性是因为你还没有碰到一个你爱的同性，看到这句话我都吐了，真的拉低我对同性恋的好感	None
有些是真的怕民族分裂，国家灭亡，种族替换	None
小红书根本不给我推送你叫我怎么看？❤️	None
肛肠科？不好意思我邪恶的笑了	None
这人还是个op	None
有真正的信念，坚定不愿意跟女人结婚再进。墙头草勿扰	Potentially
钓鱼的韩国女拳已经没有发言权了！魔法打败魔法	Potentially
因为女拳绝大多数人腿上都有个♠️	Potentially
我都要吐了真的很会玩	None
(不是说你)女人就是心胸狭窄,嫉妒心强,看见别人的碗比自己的大,就想方设法地想抢过来!还说:我们的碗应该一样大,既然你的比我大,就应该平均分!_x000D_于是,她们准备:把男人和女人的碗都摔碎,然后平均分~	Potentially
为什么彩礼吧没有♂?和♀?啊，哦，原来反对的都被禁言了?	None
不不不，面对不合法的行为当然会有所干涉，符合国家法律的为什么要硬碰硬？？黑人也是人啊！！为什么要歧视？不过这篇文章里关于国家战争方面的问题倒还是值得思考的。	None
他们就是男同，要联合腐女打压女权和女性。我之前也是腐女但是我现在抵制男同	Potentially
中国男人家暴了那就是因为xdz把自己的负能量发泄在配偶那🤭	Potentially
为什么不发中国的研究？反同的是中国人	Potentially
山东并不严重	None
最怕的是那些跟黑人玩过的烂裤裆，哪天她不玩了，突然装纯了，以前的过去隐藏的好好的，找到一个老实人，然后突然变成了贤妻良母，这才是最恐怖的	Potentially
我记得差评好像要先买游戏玩过后才能。	None
单亲，带黑娃，怎么也会被人说的，被人疏远的。就因为这个黑娃，她这辈子是没了，这黑娃还要上她的户口，到时候这黑娃在中国生活也会很艰难的。	Potentially
标题没毛病内容上有问题	None
国铝只会pua国男，怎么可能骂洋大人呢	Potentially
山东东北安徽笑而不语	None
现在欧洲就是西欧北欧难民多	None
请问韩国在对待黑人移民上有什么政策可供中方参考的	None
干得漂亮，歧视的就是你，咋地啦	Potentially
能不能去微博和豆瓣打啊老哥们，把这毒瘤除了行不行	Potentially
说这些的肯定有问题，江浙沪我去过，没碰到这些人	None
这事我支持，铁t性别女，心理男，理所应当拿彩礼	Potentially
她们赶紧去非洲挺好的，是死是活关我什么事，别留在国内恶心中国人。另外，友情提示，婚检发现艾滋，医院有明确要求不允许告诉患者的伴侣和亲属，别问为啥，问就是保护艾滋病人，也不知道保护了他们，正常的普通人是得罪谁了	Potentially
我只说事实	None
你为啥不信	None
被拐卖的确实很感动🤣	None
我不太清楚，反正跟黑人乱搞的，无论男女，我都发自内心的恶心	Potentially
你的回答有点棒棒哒( • ̀ω•́ )✧	None
恳请大家维持评论区友好讨论的氛围基础，切勿刷屏对线、辱骂。一经发现，我会删除部分无效内容、拉黑评论者，不针对个人，也不针对特定立场，请大家友好交流，谢谢大家。	None
额，皮套人还真的有粉丝？	None
同是病，需要治疗	Potentially
這邊建議先對她們家族男性進行清算以證明勇氣	None
老一辈确实是这样的，因为大多数情况都是母亲做家务收拾，但是这不适用新一代年轻人。	None
原来就有人水过帖子了，签名骂女的很快就会被删，但有女的签名骂男的没事	Potentially
关爱一文不值，不如打笔巨款	None
他知道自己的行为有多无耻，反串湖北人咯，正常操作	None
你们艾兹佬都快死了还敢来发癫	Potentially
无耻者无畏，无耻者无惧，人家都不在乎你激动什么？难道你还想接盘？这种女人我连看的兴趣都没，难为你们还要生气。?	Potentially
是的，还是女生理解女生	None
虽然但是，到江浙沪做人力资源的河南包头，是真的十有九骗…我们那做农产招人的，遇见河南包头都得留心眼，信用奇低不按合同办事，契约精神几乎为零😅😅算是给河南招黑的老源泉了…请河南同胞们明察下，绝绝子。	Potentially
女拳发财新手段	Potentially
是是是，北方都是人上人，也不知道为什么只有“南下打工潮”没有“北下打工潮”呢？	Potentially
那黄精灵有种去找格格巫啊	Potentially
大多数来中国的老外都有一个目的，搞中国姑娘，花中国姑娘的钱，让女方买房，买车，生娃，无聊时家暴	Potentially
麻烦你把广告叉叉掉	None
时代变了，谁还偷这玩意，费劲还不挣钱，假和尚在河南才多🤣🤣🤣🤣	Potentially
如果能找到真爱，相信大家也会祝福女方，但是千万注意不要被拍成H站主角或者配角，还幻想自己碰到真爱，拉低国女水准。	Potentially
真的要检讨一下。广东常常刮台风，下大雨，最多也只是水浸街	None
你这个有点我也认同，她们这样的思想是现在这个时代的思想，过去的老一辈没有这个想法	None
也是，多谢提醒，他们的爱其实和主人爱自己的宠物是一种爱，有的还夹杂着奴态媚态的国际化的姿态，挺恶心的。由其是前者是那些布尔乔亚女性，原先还听说过她们和狗发生性关系，可见她们的空虚，也替她的家人感到不幸，不仅被默绿，还被狗子绿。	Potentially
为什么西方人最近开始连黑咖啡也不喝了？	None
理客中跟女拳是一回事所以一起超度掉就可以	Potentially
基佬自己心虚	Potentially
我们已经被黑好多年了，现在河南人一和别人争论，别人就会说不愧是名声在外的河南人，几年前抗日剧很普遍时，还经常有把河南踢给日本的言论，，	Potentially
原谅？😆什么🐢楠	Potentially
我也是这种感觉，感觉对黑人的一切都有一种心理膈应。	Potentially
什么二婚幸福大部分瞎编	Potentially
真是虫混和它们祖先虫类真是天生一致直把他乡做故土的寄生虫还大言不惭说它是我过人从这片土地的记忆里就从来没有昆虫纲国际鬼子虫类及其它们后代虫混。	Potentially
猪精都是这样的，吃不到性别福利只能走这条路	None
你们才四波啊，俺们某北是与天下为敌啊。	None
嫁黑男是你的自由，但请去它们国家，别在又想在中国占着资源，还骂着我们国家的男性，你，不配，可懂？	Potentially
这片恶心的是结尾给女主洗白了，因为小时候被老妈情人侵犯，跑路致残，渴望爱情，所以才诬陷男主，	Potentially
很多地域歧视都是来源于自媒体，有些自媒体专门带偏风向，只报道某省份的黑料，让网民形成了固有印象，认为这个地方经常这样，但其实要找黑料的话哪都有，并不是因为在谋省就更多	Potentially
黑人在犯罪方面很强势	Potentially
人家带着任务赚流量的🤣	None
以怂为借口想用视频截别人照片只不过呢没人像你这么	None
东北这几年被黑是不争的事实，但是我觉得东北自身也得找找问题。东北人的确观念比较落后，官僚主义严重，也不怪外人黑我们。	Potentially
这只是个例，那你是没见过江浙沪一带地域黑别人的。	Potentially
物化女性的到底是谁	Potentially
可是他们一样也是反华的，既然是反华的，他们的做法我们就必须抵制明白吗？	Potentially
搞种族歧视是不对的，不过先看一看非洲艾滋病流行率如何？	Potentially
河南比较特殊。河南有2300万人常年在省外漂泊，某些地方的人会认为这是一种“人口扩张、文化侵略”。你没见过真正的“排斥”，那是非常可怕的，搜一下“印尼事件图片”就知道了。印尼事件中，受害的都是广东同胞、福建同胞。另外，举个例子:江浙沪（吴语区）的吴语，迅速断代、灭绝，他们可能会认为这是外地人/内陆人太多而导致的。江浙沪的户籍人口严重老龄化，迅速被“中原各省”的人口替换掉。。。总之就是利益冲突	Potentially
乾坤再造日，桖洗嘿枸时	Potentially
我不讨厌黑人，我讨厌那些不学无术到处惹是生非毫无法律意识的人渣，黑人是有好人，可惜我看不到🍉高素质的人才到哪里都能得到尊重，无论肤色种族	None
这么说您是个娘们？😆	None
哈哈哈哈哈，果然是女人呢，制造集体记忆有一手啊。说说你姐在德国哪个大学留学的？哪个城市啊？好巧不巧，我也在德国待了半年。德国的情况我还真清清楚楚。?	Potentially
😆我也发现广东🐵最爱地域黑。我现在看见广东ip就提醒他们该吃🍌了😆	Potentially
老话说：女人无辈分。老话又说：女人嫁人相当于二次投胎。一个人的选择很重要，一个女人的选择更重要，因为女性是要生下一代的，但凡智商在线会为自己后代长远打算，也不会选择平均智商低到下限的黑，不想做后代的罪人！	Potentially
没错，有的是真恶心🌚他们有时候想掰弯你就挑逗你，满嘴xing暗示的跟你聊🤣我碰到过，烦死了，真的。。。。终于理解了为啥有些女生讨厌色lang了！这不一回事吗。。。。然后你反驳他们，他们说你歧视，，，，然后他们有的骚扰你，你说出来了那些搅💩棍反倒不说话了。	Potentially
非洲人真的无法苟同😲😲😲台湾人打死也不嫁，又穷又老色胚，日本人，台湾就学他们的。中东太乱，其他还好了。	Potentially
这是大胸妹，她是个精神茶党	Potentially
不，作为同胞，我们要及时提醒他。	None
挺好笑的，男人没钱，一无是处的道理都不懂吗？单方面的感情值包泡面吗？	Potentially
回复楼里这个被我说破防的。为啥“有没有可能把人类分为男女属于封建余孽”是女拳？可以解释下吗？我觉得无C阶J应该是一个整体，而不是男人和女人，更不应该只争取某单一性别的权益就是女拳？那你这就被我说破防了，急的拉黑我。是不是跟大女权主义分子样虚伪的大男权主义分子？正因为我认为人类应该是个整体，所以我反女权，男权应该不会跟女权样认为人类应该分为男女吧？	Potentially
好恶和偏见是两回事吧？如果你崇尚的是美国式的那种言论自由那当我没说，极端主义者也确实很少听进去别人的话的	Potentially
然而实际上打架这事儿体格是最重要的一部分，就算是技巧再好也需要足够的肌肉量，一块打三慢不假，但是也别忘了一力降十会	None
哈哈哈哈哈哈哈，笑死了红毛鬼子，我感觉问主就是来钓鱼的	Potentially
这**已经取关了，删了视频还从这装可怜	None
那种鬼畜幕狗别理它	Potentially
03年年关，河南农民工把工地上值钱的钢材都偷去了，谁家不过年，包工头有原罪嘛？扣去发工资，补材料，河南人，那年我家，过了一个苦冬，谁家过年吃煮白菜啊。你说别人黑你们，那是因为有人做的不对，而且大部分人都是这样。	Potentially
我们不能歧视NBA球星？	None
震惊宇宙，外星人惊掉下巴，召开紧急会议，讨论地球上的人类越来越少了，你们看日本这个郭嘉，已经找不到自己民族的年轻男人了，让一个人猩混合动物出来代表整个日本大和民族。太恐怖了，欧洲各国也都遍布人猩混合动物，再这样下去，地球上会变成全是人猩混合动物的猩球，到那时我们占领地球还有什么用，现在决定放弃未来占领地球的计划	Potentially
我个人亲身经历，去过挺多地方，遇到的人有好有坏，最让我印象深刻的就是在我们山东某市，这里东北人很多，但这个城市包括这个城市的人给我的印象特别差，可以说非常差，反而在这个城市的东北人特别热情，就真是讽刺，当你觉得同省的人会更亲近一些时，结果是还不如人家外省人对你热情	Potentially
“偶系东北黑涩会，里地鹅几在我手萨”呐！我没冤枉你吧，一听口音就知道是东北的，东北都是黑s会🐶	Potentially
只有资本家才能入犹太教当犹太人	None
这人的脑壳就有b，两次了，每次的故事都编的漏洞百出	None
我还看到基层女性工作人员对村里的二代小黑猴也是格外关照的😭，那姨母般的笑容可不是因工作原因演给别人看的	Potentially
一个政治学门槛都没触碰到的小鬼，都敢来这抖机灵。还是那句话，别太把自己当回事，提升你的自我认知.学识不够就认，你这种人我见得多了，你觉得现实我会看你一眼吗？感谢这个平台吧，起码我还当你是个人类物种，你赢麻了。	None
理中客就是女拳和舔狗扮的	Potentially
她们自低自贱我懒得管，但是她们的存在会让我国混血变多，艾滋病变多，这才是大问题。入汉族的黑串串已经很多了	Potentially
地域黑没新疆吗😅😅	None
还拉黑捞子，有本事别匿名说啊	Potentially
算了吧，每个男人在高龄光棍前绝不会以为内卷的会是自己，他们年轻时都不会找这种女人，直到四十岁还打光棍是时，没办法才病急乱投医，但这些女人会找年龄一大把的老男人吗？	Potentially
真的是快要超出我的承受力了，这女的这么恶心人的？	Potentially
统计数据是这样，不过已经几乎是全球最低了。	None
基佬只是不搞女人的渣男，除非他不渣；但基佬不渣还能是基佬吗？尤其是骗婚的。	Potentially
同恋刷屏有多讨厌？对有孩子的父母最明白这一点。对智力还没有像正常人一样高的同恋，始终要有一点耐心处理所以让父母很难受希望同恋能明白父母含辛茹苦的养育之恩，知道自己孩子是同恋就像长不大的孩子，这对父母来说真的是很痛苦的。	Potentially
小伙子你说的很对	None
防止恶性传染病人人有责，我会告诉她所有周围的人预防某传染病	Potentially
所以家暴对男人没有任何好处，只会让女权和男舔们抓住把柄来反击	Potentially
我是支持的理中客和鉴权♂太多早该砸砸了还有那种乱开黄腔然后后面个狗头的低能	Potentially
只是 好人 极少极少	None
广告宣传是女拳重灾区，也是私企现在唯一被女拳把持的地方。不认品牌，让私企裁掉广告宣传部门，网络女拳消失一大半。	Potentially
民智未开的地区，不知道有多少传统陋习	Potentially
有事实 有证据 啊 河南拉帮结伙地域攻击东北啊	Potentially
难道你浙江人不黑我四川人？	None
今天我在楼上按了一下电动烧水壶的按钮有一些她看不明白的功能被按出来她认为我把她的水壶按坏了于是大发雷霆，但是其实没坏。我说我看一下说明书，她拒绝让我看并让我滚开我坚持要看，然后给调回原有模式她依然大发雷霆，因为我擅自动了“她的东西”我说这不是你的东西，也是我的东西并且指责她大惊小怪，小题大做然后她因为我的指责，彻底失控，大发雷霆女人都是***么最近她学习考证压力大，情绪不稳定；但是我不接受这种绑架。因为你压力大，所以你大惊小怪乱骂人也是应该的？源头上为什么你觉得我按一下电钮就是大逆不道，应该发火？那狗咬人也是因为狗感到惊慌失措，难道人还不能抡起打狗棒教它怎么做一条好狗了？笑话。	Potentially
推荐一本书:信息全知者	None
你居然能上知乎！	None
😆😆敌人说的都是错的吗	None
黑人吧的人们，如果你们被歧视你们乐意吗？	None
你们卫辉官媒黑山东 不是让山东来救援的赶紧滚吗	Potentially
你不觉得他是在黑我们吗？	None
你这个南满	Potentially
一件事深入人心是不必要宣传的，央视会说不要歧视感冒患者么😆	None
齐齐哈尔人，也考来了抚顺，也听过类似的言论，呵	Potentially
河南担吗😆	Potentially
喜猪妹狂喜	Potentially
同意，哪都比国内好👍️	Potentially
我们的孩子不会这样。这些都是猩猩。	Potentially
亩人需要被尊重？	Potentially
你是gay？	Potentially
王宝强没艾滋病，没有要你命，还有很多钱，人家目的明确，遇到贵人，恰逢机遇，观众喜欢。而且与合作方是合作共赢，我请问你，一没落着钱，还得致命的病，图一时爽?上哪不能爽，拿命去爽?	Potentially
有趣的事，这些女的都是坚定的女拳🐶	Potentially
这都不带河北，河北是真没存在感啊	Potentially
杀不尽的舔狗?	Potentially
哈哈哈，大庆的待遇省内不是第一也稳坐第二。我觉得甚至比沈阳大连还要好	None
富有的地方歧视贫困过来打工的外地人是历来不会改变的。	None
错误，黑河南、黑北方的都是南满	Potentially
评论区差不多得了，用民族主义攻击自己国家的人，军国主义都干不出这种事	None
现在还想结婚的男人，不是**，就是不差钱的土豪	Potentially
搜集一切♀✊暴行，向全世界倾诉我们的苦难，以史为鉴警示全球男性。	Potentially
知不知道美国有个专门给黑人找爹的节目？	Potentially
我在上海上班 上海人都还挺好的 素质普遍比较高	None
这饭肯定味如嚼蜡	None
好好上个高中，放学回家，门口就有那种外地来的游客，操着不知道哪的口音，看到/听说我们这有个高中就开始了：“北京孩子300分清华北大”，也不知道是闲得蛋疼还是咋着，上次我们差点追上去囧	Potentially
我冷漠你怎么了？你以为你是谁啊 现在的同性恋都这么叼吗？不给别人冷漠你了？	Potentially
是这样，有一次我们朋友聚会，去的那个女的请了个黑人来，我们都不高兴，下次不愿意和她一起聚。我们私下也认为这女的脑子有问题。那个黑人不过是那女的普通朋友。如果他们的关系是男女友，我们还真会避开。她后来嫁给美国白人，也是离开中国了。	Potentially
我们对黑人（功成名就的不算）的看法，不就和以前欧美对亚裔的看法一样吗？都当对方低人一等，有各种各样的毛病。大体感觉就是较落后的地方来的乡巴佬，能配上自己？	Potentially
什么仙女营销号，这么快就破防了	Potentially
是是是，大家都反目成仇，这样子就好了哈哈哈😄	None
真的很双标	None
然后畒被男人压在夸下摩擦了几千年，现在有的一点权力还是男人施舍的？看来还不够完美	Potentially
他们找黑人媳妇纯属是觉得不要彩礼还能干，女性是奔着感情去的，大傻子😑	Potentially
引进黑赚钱。	Potentially
我看台湾不光该骂，简直是该打！	Potentially
西方文化入侵	None
战士是不分性别的	None
原来豆瓣知乎是给男性用的啊😄受教了。既然知乎是给男性用的，你能不能销号啊	Potentially
母豖天生会pua	Potentially
因为丈夫（未婚夫），公婆是真正受压迫者。那些中老年断子老苟内心巴不得这种状况愈演愈烈，它们好作威作福，充分体会欺负人的乐趣，所以它们是网络女拳的主力军	Potentially
我觉得我也思想有点问题，是个女生双性恋，但是我觉得女女可接受（因为我也是）但是我觉得男男有点ex???我一度怀疑自己是不是毛病...明明自己也是被这个世界不认可的人居然会有这种思想，真的很不好意思	Potentially
好吧，我是南方的，没觉得这有啥封建的，包括之前看过他们说的山东的礼仪，我觉得这不过是民俗而已，不至于上升到封建这么难听的话……	None
其实我对男同怎么的还真没什么看法，我歧视的是在到处瞎叫唤男男的女生，她们没觉得自己很恶心吗？还好意思指责别人鄙视同性恋，都是她们整臭的🥺🥺🥺	Potentially
飞周兄弟还不认亲？兄弟啊，还袭击？	Potentially
额，呜丫丫一片一般是早高峰的上班狗	None
还有吃生猪皮的东北云南人😆😆😆	Potentially
一个烂货，有老公，有小孩，喝酒抽烟出轨，乱搞男女关系。开了私密模式，关了私信功能，私信不了，只能在视频评论区艾特她骂。	Potentially
不会的，她们反而更会唱黑人，发表恨国言论，就很花了钱看了场坏电影，不能就我一个当傻子，所以我给它满分好评去骗更多傻子，这样心里舒服多了。	Potentially
你的人生只有这些可以选了吗？	None
找不找我不会批判，但是你找了之后还要来得瑟一把，我就要批判了，最好这样的女孩子找了老黑之后跟着他回他的非洲大陆	Potentially
女性的名声是谁败坏的你心里没数？	None
恋爱自由没毛病，嫁出去没人说啥。留国内再加几个混血，是对民族不负责任。别的种族我不说啥，任何国家黑人多了，都是犯罪和冲突的泥潭，无一例外。中国即使只有1%的人变成混血黑，那都是大问题。	Potentially
不是所有蒙古人都骑马上学，但是所有天津人都会说相声。	None
在中国，找黑人的女生都是高知群体，有较高学历，姣好面容，外语说得好，有国际眼界，思想前卫的。和男生相反。	Potentially
上大学的不会讲普通话，这种情况在河南很少见	None
非洲有文明吗？非洲有文字吗？非洲原始部落。	Potentially
你活在这个世界上的唯一理由就是拿这些个例中的个例还有一些我估计你都不知道什么意思的所谓哲学家说过的话告诉我们女性对世界贡献更大如果是这样我建议你重开重开的记得智商调高一些	None
我就说吧，现在的西晋王朝和历史上的是一样的。	None
你别结婚，别找对象就不用这么瞎操心了，省的秃得早	None
黑人比较特殊吧，上班的时候有个翻译嫁的东南亚小国的人，那男的家里还挺有钱，开木材厂的，自己家有地，建的别墅，我们和她玩的还挺好，去过几次家里，人还有女仆来着。😅	None
把厕所炸了有啥用，那些人会把💩拉在大街上	None
东北真不穷😅各种资源，真穷的人手机都买不起看不见你说的😅	None
不能叫摆烂，这样就非常负能量了，不符合主流价值观而且让我们处于舆论下风，我们要学习女性的语言腐败，这叫做解放男性、人性化。	Potentially
嗯是的主要还是嫌这种女的脏，不会这种女的是你吧	Potentially
米国的事各位就别管了	None
苏北话对上海话没有影响，连宁波话也只是一些词汇影响。和上海话最接近的是嘉兴话。	None
有一点道理，女人已经用上了现代城市化道德，好多男人还陷在小农思维里	None
你要看概率，黑人百分之三十以上的艾滋病，套套放不住，国内万分之几，你要活腻歪了，你上，得了后你就知道生活了	Potentially
黑人除了特别优秀的黑人，如奥巴马之流，其余的都不行啊。	Potentially
十月怀胎，黑小子呱呱坠地，你沉浸在做母亲的幸福里，却发现，小孩子们都不愿意跟黑小子玩，黑小子学习东西很费劲，考试总是最后一名，也没有朋友，所以这时候学校就及时出了规定，每个黑小子要配上2个以上的女学生做“学伴”以避免这黑小子寂寞。当然，这些女学生得找无权无势的，另外，假如她们不小心怀孕了，学校还给加学分，保研😆	Potentially
当你可以拒绝下半身诱惑的时候，你才是真的男人	None
100万都不愿意拿出来，肯定就是不爱你，没必要为了他，让你爸妈担心，他连最基本的安全感都不给你，何必考虑他，直接分手	Potentially
天津没觉得哪里被歧视了？	None
我和你结婚我不查你信息的？😆😆	None
少了，以前看新闻一黑人，污染过一百多个女的，警察问他，他说要解决生理需求，又有女的玩，干嘛不玩？	Potentially
现在很多人莫名反感小鲜肉和网红，就跟反感同性恋一样，为什么反感讨厌啊？因为觉得这种风气很腐败很不好😓可能是因为，觉得男不男女不女，男性女性化缺少阳刚之气吧。但是我有个互关是同性恋，我不会反感他，反而还比较喜欢他的人格。因为他人真的不错。有些小鲜肉和网红也是如此，看人吧。但是你如果一说网红小鲜肉同性恋，那我肯定是厌恶反感的。	Potentially
男的谁相信那个啊	None
我说的是事实	None
沈腾这人，彳亍！	None
我们国男不就是女拳的敌人吗，那敌人的敌人就是朋友🐶	Potentially
川吹造谣川军350万算地域白吗😅	Potentially
所以我劝如果男人脑子不太聪明分不清sao货和良女的话，那就自律一点，不要婚前性行为，也不要婚后嫖娼 这样百分百没有病	Potentially
感觉你的回答是最真实的，没人有这个闲功夫去批判😅	None
都他妈是一个中国人，黑哪里都是黑自己	Potentially
刚要骂，一看原来是进女权吧了，最近女权吧反噬有点严重啊，什么时候再图图啊	Potentially
上海是哪里的人都黑，除了环太湖不黑😅	Potentially
black，neger，意思是黑狗	Potentially
唉国人当自强，标题都不让我发发了就审核不通过	None
艾滋病传播途径，黑人—｝媚外女—｝普通男女	Potentially
小仙女好疯	Potentially
像是埃塞俄比亚的黑犬	Potentially
尼的基因拉低颜值	Potentially
基佬举报的呗	Potentially
男性权益将是下一个思潮，因为男性权益建国至今都没有增加完善过保障。	None
我就是死了都不碰黑妹😅	Potentially
万万不要和女人争吵。每争吵一次，你至少有三个错：1.论点本身是错的；2.错在不应该争论；3.错在没有好好道歉。	Potentially
娶黑皮女生的小孩就是中国人了？基因是由母体决定，你跟黑皮生个小孩生的孩子就是黑人。怎么，这就不是扰乱中国人的血统了？	Potentially
嗯没事…我也在吉林…	None
女人。呵呵	None
不承认他是中国人！	None
这是黑砸的正常操作，如果有做好事的新闻才是不正常	Potentially
最早捕捉贩卖黑奴的就是阿拉伯人，而且对于公的黑奴，都是要骟了的	Potentially
现在很多人分不清女权和女拳的	None
这是事实吧，证据明摆着，我昨天看到真是气得不行囧	None
这样的孩子搞不好户口没有……连学校都没法去呢	None
并不巧，因为其他的和我说的没关系。	None
所以为了不产生家暴建议女拳嫁给黑黑	Potentially
如果黄和蓝真的只有颜色不同，那还真能说道说道。然而现实中的黄在体力劳动方面并不和蓝一样。这个问题把黄蓝之争中劳动力差异的因素抹去来谈论所谓的剥削和对立当真是可笑至极。我看不到现今社会对女性的压迫，法律量刑普遍偏轻，某地区女性部分犯罪记录封存，只要高喊xsr就能让别人身败名裂，还有专门的组织在争取更大的“平等”，魔幻	Potentially
这是一个基佬群	Potentially
浙江 还有狗腿子四川	Potentially
“网上个个捍卫女性的恋爱自由，现实里大家都智商在线。”	None
建议仙女结婚前，男性一定要把怀胎十月分娩和坐月子的痛苦都体验一遍，这十个月一定要由她们照顾男性，以此作为她们生育时被男性对待的标准。	Potentially
中国女人喜欢黑人，黑人太大了	Potentially
你应该是一个男人吧？你能不能用的知识回答我，为什么你的基因“本能”厌恶同性恋呢？	Potentially
冲，我们今天都是肖万	Potentially
伯爵是不是之前说过，中国男人和黑人差不多？	None
舔狗给她整自信了	Potentially
游戏账号就和自己的孩子一样，你把人家孩子扔了人家不和他拼命？	None
杀了人还嬉皮笑脸，可见这人心里极其残忍。	None
好家伙，第一个刚在a站交通事故合集里看过，其实说真的我觉得在打架事故合集里女的打的更好玩	None
把中华城市吧的所有重庆吧友全部说成是我的小号，这个也只有基佬才能达到的级别	Potentially
打压男人让男人沦为舔狗更好为她们服务	Potentially
反三非就反呗过于极端迟早被封	Potentially
汉人自古以来都看不上其他的民族吧，也就是最近一百年年民族团结什么的，不然别说黑人就是一些外貌和汉人区别大的少数民族估计我都看不上	Potentially
女的发的微博，图4里边看手指应该是个龟男?给人家洗脚呢，可转头就被拍下来发微博上让集美们看笑话了	Potentially
不过我向在座各位保证，我个人从来没有过。	None
假的，另外这主播也是个fw	None
你的评论被吞掉我都来不及看了呢。是破防了气急败坏了吗？😄当真是戳到痛处了，也对，普信男是这样的😆	Potentially
我一直没把老黑当老大，他有什么值得我当老大？打篮球？对不起，我崇拜姚明，我也没觉得脏辫好看，也没觉得说唱好听，别在这钓鱼了	Potentially
为什么男人更加讨厌基佬？他们的母亲是男人？	Potentially
似乎我湖南除了媒体以外其他全部符合🤔这个有点放之四海而皆准的感觉⁉	None
吧里的年轻人们可以考虑进中小企业的电子厂，现在工资多环境也很不错	None
大明锦衣卫被黑的最惨的一次	None
同的智商低人尽皆知	Potentially
有些人就是认为恐同等于反同，他们不理解我们，我们也不会尊重他们的	Potentially
同性恋先天的？？	None
看到这种新闻真高兴	None
很合理啊，这不就是正常要求嘛？可惜蝈女基因不行。估计完成不了几条	Potentially
这七条狗还非法人肉，线下打拳，十有八九涉黑涉暴，只要主播有打算起诉，这七坨fw妥妥的进去	None
种族歧视又不是贬义词	None
如果再加上你说你和你家人都信那啥教基本就是王炸了	Potentially
你好像一个清朝老僵尸，在这挖坟抛尸，别恶心大伙了	None
我听说是女性给差评后还要快递员当面道歉才激化矛盾的，单纯给个差评不至于	None
好斗是黑的本性	Potentially
白人欺负黑人,要发声。黑人欺负黄种人，沉默	Potentially
黑狗在犯罪方面很有天赋	Potentially
猪肉真香😆😆😆润回阿拉伯野father去😆😆😆	Potentially
就是答主这样的男同太多了，才越来越觉得男同里三观不正，素质极差的人占大多数😄	Potentially
希望你能为本吧带来更多正能量，尤为感谢	None
可是人家也没有黑河南啊，只是说一些河南人欺骗过他们😅	Potentially
作为河南人，最了解被地域黑的痛苦，所以也最不喜欢地域黑别人，己所不欲，勿施于人	None
有的地方，村长，小部落的头头都称为酋长。而所谓酋长，只不过住一个有顶的房子而已。非洲酋长不要太多	None
喂喂喂？基佬还能讲话吗	Potentially
严格的说，这个还不太严重，因为日本可没把运动员当公务员养。这要是发生在中国，后果更加严重	None
你是知乎上那个吗	None
我补充一下，男的是不是可以坦白自己的pc史，这不比交往一个外国女友严重？	Potentially
什么叫吊打，标准是什么？长三角人民为了生活可以多卑微你了解吗？	None
哈哈哈，评论太搞笑了，实锤证明上海被地域黑最严重。	Potentially
关键是被默玩腻了就会找老实人接盘	Potentially
我周围确实有关系特别好的黑龙江人，但总的来说，概率不高，可能自己太low吧，水平高的人接触不到😅	Potentially
当时的法律是谁定的？时代在变，法律也在变！怪不得英国没落了！同性恋是人家的私事儿！	None
本来不就是些做表子的料😆	Potentially
那你可管不了	None
那应该也挺帅的了，我见着的黑人几乎都是没有头发然后看不清五官🤣	None
那我再河南上学，一回家就有人问我有没有被河南人坑。	Potentially
所有的黑都是出自于嫉妒。	None
有的人不打拳，却比拳师更恶心	None
杀光女权，一个不留！	Potentially
首先，艾滋病起源于美国，泛滥于非洲，这个泛滥的主因是非洲人喜欢滥交，其次是遗传，血液等，非洲艾滋病是百分之三十，中国是万分之几，滥交的原因你可以细细分析一下为什么会这样。其次，你有能力辩识出来是真的洁身自好还是假的吗，毕竟种族爱滥交，这是风气。当然谈恋爱都是信誓旦旦。我相信每个eg能免费被嫖，肯定离不开甜言蜜语，信誓旦旦，最后中枪。最后，我们假设一下，你愿意冒着这个艾滋病的风险，想象过这个后果吗？这么大概率的风险，这是一个让你活的没有尊严，整天担心什么时候爆发的疾病，据说疾病发作时，全身溃烂，外表就能看出来。摄像下周围鄙视你的眼神，害怕接触你的态度。另外，得了病，自找的，别想着别的种族乱搞传染，报复本民族，可耻	Potentially
曰本之前已经有很多地方承认同杏伴侣了	None
同癖:全世界都是同	Potentially
中国引进那么多，迟早都会出现这样的情况	Potentially
一方面，俄罗斯没有非洲殖民史，没有黑人奴隶贸易一方面，全球化时代苏联国籍很难拿，而且非洲人更适合移民到美英法最后，俄罗斯白人至上主义者不少，而且没有政治正确	Potentially
所以这是她们努力的回报，你呢，每天发几个无聊的帖子就想获得成就?？	None
现环境下这个阵营没有团结就是扯谈，没有团结就算再扯一万句大道理也是狗的屁，团结始终应该放到第一位，我们需要求同存异。	None
女权能不能自己艳遇找精子生娃啊男的又不逼	Potentially
白左真可怕	Potentially
不，我只看到西安的满满敌意，并且莫名其妙。现在连带着对陕西没有一点好感	Potentially
建议搜一下成都黑帽门女主吴施蒙。正常女性还是占绝大部分，但是挡不住有些中国女人重口味。	Potentially
首先虫类及其它们后代虫混更本就不是所谓人类而在严格定义上虫类及其它们后代虫混是属于野生动物昆虫纲最低等动物	Potentially
可是中国男人还是那样的中国男人！中国女人已经不是那样的中国女人了！凡事讲究一个公平，你能变我也能变	None
我舍友就是苏北男，我对他印象：犯贱	Potentially
女性不婚不育还是太少了，多去劝劝，男性的话就劝他外娶，这是我们的策略。	Potentially
没什么不能接受的，反正迟早会改观的，反观黑人.....	Potentially
成天带妹的舔狗能不能死啊	Potentially
黑人在哪个领域比别人强？嗯，犯罪领域。	Potentially
说实话，一般都会同情姑娘，但是如果要接受的话，看爱情吧🤔	None
我啥时候说河南人偷井盖被歧视？	None
我们的妇女同志对外民族的包容程度已经达到人类进化史的巅峰，想必用不多久，全世界人民真的可以团结在一起呢	Potentially
我这辈子没这么无语过😓😓😓	None
说的对因为真正属于它们故土东部飞舟和西部飞舟和中部飞舟和南部飞舟而它们自从踏上飞舟土地都可视为入寝在根本不属于它们土地寄生殖敏	Potentially
这是学校还是高级妓院	Potentially
祝你生活如意	None
绝对不接受这种女性	Potentially
有些贵物就是这样的	None
个人觉得蝴蝶姬的老公有问题，要么是三非，要么是搞非法买卖的，从她的行为非常可疑。	None
那个女的应该被驱逐出中国，我是乐山人，和她同乡，但我认为就该如此。	Potentially
河南分数线在那儿管着…	None
哈哈，都不是，大家别瞎猜了。但这件事情是真的。这个女的是和中国老公离婚了，带着孩子找了个印度同事。在国外，肯定不是你们说的那个女的了。	None
你接触的太少，广东人也不温和，是看不起人，高冷	Potentially
只能说文化思想领域被打败了，中国的女性成为事实意义上的精神殖民者	Potentially
瞎说，去非洲感受一下才有发言权，这答主都没去过非洲肯定瞎说的，你要相信自己，一定要自己去感受一下才行😎	None
黑人智力≥70，沃森诚不欺我！	Potentially
地域调侃我觉得没问题，地域黑就是个人素质问题了。	Potentially
其实那些大部分都是带节凑的。	None
还真不是，中国土豪都找国女当小三，玩黑女的也是过去的务工人员	Potentially
作为一个gay，我不觉得这种态度有什么问题啊……这篇回答简单说就是：你爱逼逼你逼逼，关我屁事。	None
河南人口众多，中国的每个省份都有河南人，遇到河南人的可能性非常大，难免会遇到什么事情，但是每个地方都会有黑暗的，只是可能你大概率遇到了河南人	None
你是真的牛比	None
问题是中资企业还雇佣她吧。	None
肯定是支持撑同的	None
不想看见一个小黑皮说他是炎黑子孙，想起来就觉得恶心，就这么简单。	Potentially
提一下同性恋运动的一个精神控制伎俩，我称之为群体PUA。这种策略古今中外都有先例，比如“存天理灭人欲”、“人生而有罪”。通过以圣人的标准要求所有人，攻击正常人会有的心理机制（对异样者的排斥、好色等），从而让对象产生负罪感，并更加卖力拥护提出者所制定的“政治正确”。这种行动方式邪教经常使用，我才说本质上是一种PUA。而且个人行动往往没有有组织的群体行为更加有效，这根本就不是个人行为，而是同性恋宣传的统一行动纲领。在这种宣传下，多数人看到同性恋者就会产生焦虑和厌恶的，同时因为自己的焦虑和厌恶而更加自责，从而不可自拔。	Potentially
候鸟“我是煞笔”	None
你妈确实不如你姐	None
那些八国联军和英法联军的种我一般直接选择无视	Potentially
问了几个正宗江西人他们都说除非没办法才取本地女人我说彩礼就要六十万吗有一个回答让我印象深刻他果断澄清哪里要六十万呀三四十万就就可以了	Potentially
但是我们要“理解”基佬，因为它们在现实生活中活得太憋屈了，它们之所以把别人先禁言了又去麻人，就很好的证明了这一点，它们需要发泄，但是又害怕看到那些回击它们的内容，所以只能如此	Potentially
拉货的车就不应该拉人，下次司机师傅们知道了吗？	None
东北被黑就是短视频刚刚兴起的时候 其实也不算黑 就是贴标签 短视频拍的东北人大金链子小手表 现在没有了已经😅😅😅	Potentially
说明一切地域歧视者都是蠢或者坏！或者二者兼备	None
中国一带一路战略就是投资那些地方，到时候收益大部分在资本巨头手里，我们就是可以吃一下发展福利。说不定人家抓住机会过的比我们好呢	None
小哥哥居然是。。。伤心了。😔	None
别的不知道，我单一辈子也不接这样的	None
答主看看这个呢？最近看了好多洛阳与西安之间的事情，也是晕头转向的。总之两地互喷问题肯定是解决不了，只会加剧矛盾。希望两地间的人都不要再被带节奏了吧。	None
我上次从咸阳机场出来的时候，有一些出租车司机就问去哪，有个人很屌的说我去市政府你能去吗，然后转身就跟身边的两个人说起了河南话，我天津的朋友还说那个河南人好拽啊	Potentially
这里的言论有点逆天	None
太逞强好胜的女人实在是不可爱，这种自以为是的女权者总想着和男人一较高下。其实男女都有自己该做的事，不可能平等相等，争什么呢？有什么好争的？男人征服世界就拥有女人，女人征服男人就拥有世界，聪明的女人还是靠征服男人来拥有世界的。	Potentially
大家你们可以精法、精苏、精美也可以精澳、精意，但千万不可以精尼	Potentially
唉，这里的人，这里的评论，在这里性别是女就是错误	Potentially
人家又不饿，那里很多天然食品😆	None
基本上说的没错 只有最后一条有点野蛮	None
直到今天。他还不敢拿出证据。它在害怕什么？它为什么始终不敢相信它是个gay？是因为曾被男人狠狠伤害过？	Potentially
别说是非洲人，就连欧美那些发达国家的人都未必能和我们国人能比。为什么说我们国人素质好，看看疫情就知道谁好谁坏。都说疫情是照妖镜。要求我们居家我们就居家，要求我们戴口罩我们就戴口罩。至少我们不会零元购，也不会去抵制疫苗和核酸检测。看看国外，他们的感染人数每天都在上升。每一次我在某音直播看看国人博主，就发现外国人压根儿不戴口罩。所以大家能看到外国人得了新冠，一点不奇怪。	Potentially
我见过最离谱的黑河南人的依据是特斯拉维权那个女车主是安阳人。其他地方某个人出事都就事论事，轮到河南就一个人代表一亿人。	Potentially
果然只有黑猩猩才能干出来	Potentially
中国女权被外国女权歧视🐶？，我们要有民族自信心 ！外国女权明明是眼红我们。	Potentially
白左笑说吧要殖民我们，少跟他们来往	Potentially
凭什么女的能扭男的就不行	Potentially
男的和外女结婚还是中国人，女的和外男结婚就得走。你但凡有一粒花生米也不至于醉成这样	None
我家在东北已经十几代人了，汉族，祖籍已经不能算山东了	None
你们可是中国妇联官方认证的分裂势力，别说什么回送我，我可没被认证过。	Potentially
像这种人别理他就好，让他自娱自乐去吧	None
普遍的思想是有问题的，是弱势文化占了多数。即使是这吧里也有。没有真理真相，只有好恶。我也觉得说的对，很对。	None
小仙女的事你少管	Potentially
xdm，以后狊们要是再骂你们茶壶的话咱们就用这个反击吧，懂的都懂	Potentially
我在搜集三非黑人的资料和证据，楼主有的话麻烦给我	None
换个角度思考一下，体验过了以后是不是就更没必要因为女的生孩子不容易去体谅女方了？毕竟她吃过的苦自己也吃了一遍这样就谁也不欠谁的了。	Potentially
有娶黑女的，生下的小孩也是小黑孩🤣	Potentially
你们是从哪里看到的这些新闻啊，我从来都没刷到过😅	None
肯定不是啊厌女症和厌男症不都一个性质的吗都是有理由存在的	None
忘记发总纲了，这里补一下。目录女拳定义篇个人篇舔狗篇家庭篇职业篇企业篇社会篇政府篇女性篇国际篇后记	Potentially
兄弟，辛苦了，现在喷吧基本被拿下来了，就鬼母跟几个还在苟延残喘，好好休息，明天再战	Potentially
有几个广西人跑调的?	None
女性接受高等教育比例超过男性接受大学专科及以上教育的女性比例为18.0%，比男性高1.6个百分点，比2010年提高3.7个百分点；其中18-24岁女性这一比例最高，为50.9%。在接受大学本科教育者中，女性占53.6%，比2010年提高5.8个百分点。不赞同“女生不适合学理工科”的女性比例为77.9%，男性为77.3%。为啥不统计下理工科的男女生比例？	None
支持小氙钕	Potentially
本来就是普男和全女收益，顶男根本不在乎这些虚的	Potentially
这好像不是官方行为	None
本质是资本家的操纵，想通了就知道该把矛头对准谁了	None
我们男性应该好好学学法律，省的女犬发情腻上你，你不愿意就诬告你强奸?	Potentially
你因为性取向而不尊重我，而我受得了，这不代表其他的gay/les/bi，尤其是那些青春期的孩子也受得了。	Potentially
这么大怨气啊，为啥不找个黑人妹子做女朋友？	Potentially
无论如何，这笔账算不到东北人民头上。还看到有人说要把为关东军提供后勤的账算到东北人民头上的，这种人就是妥妥的分裂分子	None
潮汕火锅天下第一，潮汕彩礼也天下第一	Potentially
俺也一样 来人给我戴个种族歧视的帽子	Potentially
这不是它们饿死不种地，渴死不打井	Potentially
妈呀这肥猪好恶心	None
中国一女生被黑人当街指着鼻子骂，而她乖的连话都不敢说	Potentially
这是平权的一个过程，没办法，平权从来就是个漫长而又痛苦的过程，充满了偏激和矛盾，你看美国黑人平权那么久了还是一个样的偏激，都还有很长的路要走，等真正平权了这个现象也就消失了😎	Potentially
洋精金贵，婊们自掏腰包去求来的	Potentially
女人直接就给敌人生孩子了，不仅如此还会为自己开脱，美名其曰：我们是为了爱情！	Potentially
好图，我偷了	None
另外染艾的人有资格讲别人吗	Potentially
老子正常性取向还得归功为性教育缺失是吧，你们政治正确够可以的，差不多得了呗⁉	Potentially
如此完美？哈哈哈，就胸前那干瘪的半两肉嘛	Potentially
整急眼了我可以干猪，但是不会干有过黑人男友的女人	Potentially
黑二代真是黑，偷渡来中国，连个回答都要学你碟黑着来匿名不敢明面回答	Potentially
陕西人确实是这样的，看不起附近几个省份。	Potentially
黑人不干活，白得20万。国人在拼死活供他们。吃喝嫖抽。一帮废物，能帮中国什么？滚蛋，wwe草，啥也不懂	Potentially
你能提到河北就很感谢你了🤣🤣	None
上海歧视是真的有	Potentially
比异性恋更加处心积虑地想要孩子，但要想方设法地抹杀异性的地位和作用。	Potentially
嗓门大？广东老太太谁都不虚，无论在哪里	None
不听老妈实话整容，信路人化妆，幕刃智商可以的	Potentially
花大价钱留所谓的留学生 却不舍得给国内的更好点待遇.	None
有一部分南方人是不是分不清北方口音啊 上次我在东莞看见两个人吵架 一个广东本地的 另一个明显是唐山口音 旁边就有人说:哪里的？听口音东北的吧😲	Potentially
不看av我大街上拔黑人裤子吗？av里面亚洲人也没有大屌啊	Potentially
……你这不就是在搞地域歧视吗。	None
有些人啊，就是自己都没活明白，却天天要求别人，你有那闲心管管你自己好不好	None
这个是假的...早就辟谣了...	None
俗话说**草的就是说的这种媒体这种人	None
我总觉得现实生活中找黑人的没有那么多吧，有肯定是有的。但我只在网上看到过，现实生活中一个也没见着。	None
舔狗妄想感动别人，可惜只能感动自己。还沦为别人的笑话	Potentially
谈恋爱，结婚，最拉低男人生活质量	Potentially
才不对亢让t们团结鼓励让t们风况捏参考棒子锅	Potentially
目前关于lgbt的一切问题都还处于纸上谈兵阶段，所以千万不要这么说，反同也是为lgbt发声的，比沉默的大多数更能看到问题至于解决问题的方案，也不是反同或者lgbt本身说的算的，还是要上面结合社会实际情况来做决定。虽然目前还是被无视状态。	Potentially
你才是要好好读读历史呀，明朝嘉靖年间上海还是小渔村呐🥺	None
黑人就是不老实，脸皮厚	Potentially
不拉女的就是了，吊事没有	Potentially
但是归根结底，单是弯弯还是不成气候，背后另有其人。	Potentially
错了。江浙沪是地域黑输出最多的地方	Potentially
安徽人在江浙经常被歧视，其他地区还好👍️	Potentially
人从出生就被异性恋宣传，结果呢，异性恋本还是异性恋，同姓恋也还是同性恋	None
互联网上并没有任何一个文明和谐的平台，只有资本主义希望从中再捞一把，荼毒年轻人的思想	Potentially
这不就是虫类永远延续着没爹的铁律	Potentially
你的回答被删了囧	None
感觉楼主应该是国外的间谍，混入我国来扰乱社会秩序的。	Potentially
就会说南蛮，字都打不对，还真被河南人骗过，不知道你是哪的人	Potentially
以后不准魔怔人出现在我帖子里	None
不是说以前皇室为了血统纯正让近亲结婚 而近亲结婚的后代会出现大毛病嘛	None
女人会通过对方的态度，而非理性，判断强弱，所以舔本身就暗示你是弱者，除非有明确标价的东西提示你是强者，而女人是侍强欺弱到了极点的。。这不仅是女人，而且是东亚的一种天性。这就像一个sm天堂。	Potentially
统一回复一下，评论太多了哈 ，我的一一看完了，有好有坏吧看得出来部分人在生活中过的都不愉快，如果这种方式可以让大家心里好受一点，我也无所谓。	None
小仙女的后宫可以贷款帮她完成任务诶	Potentially
办的是学校，还是办的妓院	Potentially
回非洲去吧。你自己说你是中国人，但是中国人不会认同你是同胞的。你只会在中国社会的排挤之中成长	Potentially
对的它们国际鬼子虫类及其它们后代虫混在全球就是老鼠耗子过街人人喊打	Potentially
刻板印象，骗婚不等于男同。	None
山海关里边的大人，咱惹不起。卷不过别人，就只能黑点关外户聊以自慰了。这是历史常态，古今台外都是如此。连萧山的都不算杭州人呢😆 你跟他们争什么劲。	Potentially
崇拜黑人的跪族男孩至少不给黑人生猴子的吧？😢	Potentially
中国抗日时期特么最恨日本就是东北和四川了，这人学过历史吗	Potentially
涉外婚姻，男性外娶占六成	None
成都自杀女教师吴诗蒙确实是被老黑睡服了！不是崇洋媚外！不是崇洋媚外！	Potentially
哎，只可惜无良媒体竟然还用做他女朋友令人羡慕来形容	Potentially
那不是腐癌？?	Potentially
离开国家你什么都不是，没有说离开男人你什么都不是吧！还是要努力奋斗创造财富的，而不是努力内卷！	None
人不是圣贤，道听途说，随波逐流。就是形容你这类人	None
这个索玛女王，应该绳之以法。怎么就没人管？	Potentially
黄河水洗的黄皮肤 5000年都没变的颜色别再过几百年全黑了	Potentially
“男人可以媚黑女人不行的问题，那你怎么说服她们,她们看了不管心里怎么想黑人肯定跟你刚,你可以换位思考下”我就是你说的这种心态，我讨厌双标男胜于讨厌黑人，毕竟黑人这种生物不接触就可以避免了，但这种双标男知乎到处都是，不停的给人洗脑男女有别	Potentially
你就差与猩猩终成眷属了！?	Potentially
听完他的回答，我他娘竟然有相同的想法，看来男同胞的价值观都差不多……	None
这回答怎么还在这儿，赶紧举报啊，都干嘛呢	None
孔子曰：耳听为虚，眼见为实！！！	None
其实最可怕的还不是被黑人上过的女人得艾滋，如果得了艾滋能看出来，大家只要远离即可，最恐怖的是这玩意还有潜伏期，她自己都可能不知道自己得了艾滋，除非做专业检测，那就只能默认每一个跟黑人上过床的女人都得艾滋了——看不出来可能是潜伏期。	Potentially
爷又来了，楼上那个低能也就敢在网上叫一叫了，在现实中连句话都不敢说，我要是遇见这样的txl直接煽风点火孤立***	Potentially
黑政府不作为，假模假式倒还能理解，黑唐山人我是真的一直都看不懂。黑社会多，明明最受苦的就是唐山的老百姓了，还要被网暴？	Potentially
这昵称有点东西	None
欧美大规模艾滋病成灾就是因为男同，给那个0号病人再洗地设多少人设，他也是几千个X伴侣把艾滋传播开的，所以说艾滋病最早有个称呼叫gay cancer。	Potentially
上海可就这几个月的事，原来上海人骂东北人可欢了，可是你也不能反驳，支持东北的毕竟是少数。	Potentially
应该在随机带走几个lkd	Potentially
上海的苏北人并不多，不足四分之一，要不然上海话就不属于吴语了。	None
挺正常的，上次有个采访，一个白人女嫁了中国人，也是被她的圈子踢掉。当你选择了异类，就要有被排斥的觉悟。不过，奇怪的是，娶了黑人，白人或者越南人的男性倒是很少见他们被排斥……	Potentially
我没觉得中国人有多善良，去非洲搞当地女人的中国劳工有的是，回国了，扔下女人孩子跑了 和非洲那些来中国的留学生有什么区别呢😅	Potentially
是啊，好姐妹嘛。gay多数都是妇女之友	Potentially
害，上海那嘎达嘛，本来没啥感觉生活中没怎么接触过上海人，扔菜事件后对上海再无好感，可笑的是辽宁之所以能够保护自己，是因为那个捐菜的领导是上海人，了解上海人的天性，才能预判上海的预判，我......	Potentially
她们又想刀谁去爆金币了吗	Potentially
得了吧你，你管这种东西叫喜好？那你去嫁给他们好了	Potentially
第一印象，河南：穷，人多；东北三省：出生率全球倒数第一；新疆：治安可能不是很好	Potentially
所以呀，别接盘，婚检很重要	None
图个器大活好吧	Potentially
黑龙江人还歧视辽宁吉林人，说他们的口音怎样怎样😄😄	Potentially
看到评论是点赞的五倍，就知道这个回答不简单	None
你自己臆想什么呢	None
请视说这种人为弱智	None
正常，我也经常被喷，习惯就好。	None
你看看，何必发言来佐证我的话🤔	None
朋友说河南人偷井盖很正常	Potentially
有图有真相，国外的现状我们的未来	None
😅友邦惊诧，全世界再也找不出第二个了	None
要确保女厕所数量多于男厕所，男厕所多于女厕所是违法滴	Potentially
北方：女人不能上桌吃饭，封建落后，南方：女人不能上龙舟，你要尊重当地风俗	Potentially
远离贴吧，微博这些SB软件吧	Potentially
此事“女拳”功不可没。	Potentially
被评论笑死，来江苏上学，狠狠体验了一把被歧视的感觉，嗯，当然是个别人。不过这是我在银川没感受过的	Potentially
这是正常人该有的反应，但是这个**女从头到尾做了啥呢？	Potentially
纳闷旁边的女生咋没有跟着喊的	None
也就是单纯的觉得和黑人好的女人都是脑子有毛病，智力有问题，这种傻子那个男人肯要	Potentially
韦小宝他妈都不接洋鬼子	Potentially
一出事不是玉玉症就是神经障碍，男的命就这么不值钱？	Potentially
楼主这讽刺太有力度把跪虫族和国际鬼子虫类及其它们后代虫混描写淋漓尽致	Potentially
别梦了 事实就是这样	None
法国足球队好多黑人🤔	None
南方人黑陕西可能是因为江苏、浙江陕西人很多，跟河南一样出一两个人啥b就会扯到整个陕西身上	Potentially
其实你们选择谁真是你们的自由 我也不关心你们选择那个国家的 但比较恶心的是很多和外国人生孩子的 入籍中国加入汉族 看到差点吐出来 我只想我的民族不会被污染 我住的小区外国人也有好几对 唯一恶心的就是我隔壁的了 白皮 白俄罗斯还是艾沙尼亚的 生了两个小孩 入的中国国籍 加入的是汉族 当知道的时候胃一阵翻滚 有段时间天天想着送它们去见上帝 虽然懦弱了 胆怯了 。只要还在我隔壁 我就会一直盯着它们，直到它们去见上帝	Potentially
呵呵 别着急，下一个就是你他们，这么说吧如果他们没有强大的宣传机器，你再看看风评，同样抗疫支援，你看看宣传吧	None
黑蛆属于机会生存，被带出蛆巢时很开心。	Potentially
兄弟们，咱们不要拿这些凤毛麟角的人物来代替99.99%的铌铬	Potentially
去小红书上多看一看，你会觉得自己很狭隘的	None
井底之蛙罢了	None
你也看到了，就算我这样回答还是有大波人攻击我。我害怕啊，有些没有脑子的极端南拳太可怕了。我不是泰森我可防不住，只有匿名咯	Potentially
说真的我在部队黑河南人最多的是河北人🤣	Potentially
预防hiv就要求我们要绞杀桶屈他们是传播疾病的恶人！	Potentially
其次，年轻男的为了要孩子不得不迁就，昧心压榨亲die亲妈，只为博老婆一笑。甚至条件差的男人会出卖人格和自尊当上门女婿（半主半朴）很多男人精神苦啊！难过啊，自责啊，可他们无力对抗各阶层女拳，断子老苟联合起来的强大势力！于是为了活下去，只好拼命合理这种畸形现象。一旦发现哪个男人言行动了他的伤口，破坏了他的合理化，便拼命嘶咬，所以越受苦受气的男人越是对“不愿跪”的同性恨之入骨！男舔的仇男与女拳不相上下，甚至有过之无不及！	Potentially
不要接受不了黑人就保守，我承认保守有点妖魔化了，但在互联网的语境下，我认为这不是保守，而是道德尚未崩溃	Potentially
真搞不懂他们的审美观	None
臭鲍鱼打什么码呢	Potentially
就算我祝福大家不要做接盘侠还是有很多人上当的呀那些反抗不了的就享受娶个祖宗把你是伟大的社会主义光辉照耀你喔?	Potentially
其实就算是我这个纯正的东北人，也不可能仅凭口音就确定对面百分百是东北人	None
这名字我好像知道	None
离它远点，那家伙浑身都是病毒和狐臭	Potentially
我亲身经历过，我知道黑人体味有点作呕前几天在地铁遇到的黑人夫妻不是特别黑的那种男的体味酸酸馊馊的……我全程憋着不敢呼吸	Potentially
得不得病我不知道，反正狐臭遗传没跑了🤣，估计在中国他的味道肯定会很受欢迎吧	Potentially
当打女拳没法获得流量时，那就反女权获得流量。	Potentially
高等性就是不一样，外国男性放的屁就是香的🤣她们已经无药可救，病入药膏了，让她们自生自灭吧	Potentially
什么？同连小日本都跪？	Potentially
同样满族人，不过是黑龙江的，在北京上的学，除了知乎和贴吧，感觉不到歧视。毕竟，满族算是先打进来再加盟了中原，现在满汉的区别就是身份证上多几笔，你这同学属实是极品	None
他就是一个小孩子	None
别抹黑老实人，老实人不是这样的，这叫傻	None
三十岁老阿姨别折腾了！找个厂上班吧	Potentially
上海罕见多啊，老旧租界了，有空可以查一查自己有没有日本血统	Potentially
看到湖北和陕西，我就觉得他们嘴里说什么我都不稀奇	Potentially
这是作风问题，国家队公务员的私生活有要求的，而且在体制内你搞这种事，估计全单位都能知道，小地方能传遍所有体制内单位	None
。。对非洲女性怎么下得去手?	Potentially
我觉得也不是黑哥的问题，女人结婚时候不是处女我就接受不了，跟他以前有什么族的男朋友没关系。因为我是处男	Potentially
黑人占领整个世界时，就是地球从毁灭的边缘复活过来，因为其它种族的人类太聪明，发明的东西把地球都快毁灭了，而黑人却不同，他们是毁灭人类发明的一切东西，因为他们智慧低下，学不会那些东西，所以会让那个发明慢慢的消失，最后过回原始人的生活，跟动物一样，寿命将活不过40岁，而地球就会回复过来，变成大山大河空气清晰，然后会诞生一种全新的物种，来统治世界，这就是下一个文明时代。	Potentially
也请带我们吧	None
我觉得吧只要是遇到对的人，对方也优秀，问题不大(黑人除外	Potentially
装女的骗钱是最简单的加个伪声夹子音数钱数到手抽筋	Potentially
别去宣扬txl跳脚没人管你。	Potentially
女拳师们速来挨骂😆😆	Potentially
这是为了三胎人口，加大力度歧视污名化单身群体吗？这样的词汇单身狗，光棍，还有这类贬低单身群体文章，什么各种差，这社会真是操蛋ls	None
生孩子真的很痛，因为人类的脑子越来越大，而女性的骨盆却没增加过多少，导致顺产所产生的痛苦越来越大，也就是剖腹产的出现才让女性生育死亡率大大减少，也导致婴儿的脑袋越来越大。当然，能顺产就顺产，吃不住就来个剖腹产（剖腹产能避免阴道撕裂的可能性从而减缓了产后性生活的不和谐）。	None
重庆大学985他一个没上过大学的40岁生物说给985的面子这太牛呗了给985面子	Potentially
圣母不会认识到自己坚持的观点有多么荒谬的。到时候圣母还是会指责我们不善待黑大爷，没有给黑大爷更多的权利以及超国民待遇才会导致它们闹分裂。	Potentially
蛆佬智商都高感染hiv后更高	Potentially
冤有头债有主，谁害的找谁。如果受害者连报仇的勇气都没有，更不会有报复社会的勇气了。而是恶意传播传染病，是要坐牢的，你如果被人恶意传播了，直接报警就行了啊。反正害你的那个人本来也就活不了几年，正好让他坐牢坐到死啊。	None
继续被黑，继续努力过自己的好日子！如果黑老美骂老美能把老美搞成非洲，那才是真成功！	Potentially
问个露骨的问题，如果你觉得不适就不说了🤣 她和你聊过和两个黑人的性体验怎么样吗	None
女的做啥？	None
这个索玛女王是什么底细？	Potentially
畒勾最喜欢便宜卖乖了，默做法就是最符合实际条件了	Potentially
当然 只有最没素质和low的人才会种族歧视 把自己的失败转移到别的因素	Potentially
楼上洗地的差不多得了	None
难道白人进入非洲之前，他们有什么先进的文明？连轮子都不会制造的民族，能有什么前途？	Potentially
总说黑人运动能力如何强的，非洲有广袤的稀树草原，黑人回去吧，那里能释放你们的运动天赋。我们这里没地方让你们上窜下跳。	Potentially
我吐了，化妆救不了的女人可以滚，美颜救不了的女人可以爬，美颜化妆同时用都救不了的，建议舔狗马上娶了她	Potentially
真是勇敢的小仙女！	Potentially
这相机不错啊，对焦准，宽容度高。	None
那你尊重提问者说的话吧	None
那我们河南的杨靖宇呢，我都听说过南大人说他是吹出来的😠	Potentially
“网络东北人”不也是把重男轻女的包袱甩给河北人😂	Potentially
一堆普信美女还能有老公啊	Potentially
HIV群体十之八九都是基佬。	Potentially
荷兰霸榜是因为网易天涯那会儿有意为之…但是荷兰老哥们属实聪明 好多年不争不辩了…现在黑东北的格式一般都是 东北人懒 东北人喜欢骂人吹币等等靶点东北人一般不会就问题本身回怼 通常回应方式都是“东北人是你跌”??反正地域黑这事儿本身就不讲理 东北人的性格加持 估计以后长期霸榜了	Potentially
东北也是的🙁🙁🙁	None
你看见一个，你没看见的多的是！幼稚	None
南非从来都不是发达国家，从哪个维度来看都是社会问题极为严重的发展中国家，只不过南非借了指标计算方法的空子，一度让自己的人均GDP到达了发达国家的标准。换句话来说，白人政府造假。	Potentially
你只是一个一无是处的人，所以你没要求，有个女的跟你就不错了，还敢有要求？😅	None
终于有一天，男人想起了被女权支配的恐惧	Potentially
白美黑丑？？？拧这歧视多严重。我不说人的肤色，我说的是颜色本身。天为阳，地为阴，阴就是黑色，阴为女性。黑丑的思想在这儿就是女性丑。为什么黑就是丑呢？为什么男就是白呢？呵呵。	None
我女的想法和你一样我也厌女	Potentially
主动进笼子的，基本就不应该算人了，当然不应该还算什么女孩子	Potentially
高人哪，喵神果然是高！把事情说透了，还能让人挑不出骨头来！👍👍👍	None
当男人崇拜女人时，女人鄙视男人当男人用女人取乐时，女人反而崇拜男人亲身体会	Potentially
《猎默人：尼之噩梦》	Potentially
不过还是建议你发孙吧，那里老哥骂得比较好听?	None
天下英雄城 文明南昌市🐶	Potentially
我一同学说河南中考体育要考偷井盖，一分钟偷不走不合格😅😅	Potentially
漂亮的中国女人	None
矫枉必须过正，负负才能得正😆，期待用爱感化和外部力量调和的人.，完全就是犯了机会主义和常凯申期待英米法帝调和中日的错误	None
内蒙不错啦，地广人稀资源多竞争小。	None
黑就是垃圾	Potentially
讲真的爱谁谁吧。反正不是自己亲戚朋友家女孩，关我卵事。但是我觉得嫁给黑人的国女要自觉点，跟男人去国外，更不要把孩子生养在国内。否则你污染自家祖宗基因别人管不着，但是黑二代污染别人家的基因就说不过去了。	Potentially
陕西人是这样的😄	None
求前吧主远方的风联系方式，他貌似现在退网了	None
应当这样夸它:人家超时空爱情,你是跨物种恋爱.😄	Potentially
你以为自己是谁，多你一个不多，少你一个不少。有这时间看看孩子吧笑死了，有房吗？有车吗？彩礼多少。存款多少	None
中专就出社会的公主罢了😆	Potentially
快手灭了也改变不了东北	Potentially
不会因为那是圣子吧，可是和国人的孩子就不是了，狗头保命	Potentially
嗨人也删了我的帖子	Potentially
这小黑孩又是中国籍	None
广西没啥存在感.😅	Potentially
妈不给男宝性，男宝会爱她吗？	Potentially
请问你用过全国卷一吗	None
这不是50w？？？	None
看新闻谁说华东理工大学的学生没有出声了？	None
呃呃什么大代表?	None
被屏蔽了？	None
一群内斗的??在划分地域 来互相攻击	Potentially
说给爷爷听，他们三个什么时候p过你的图？	None
图灵还要什么争议？帮助祖国和世界战胜了法西斯，然后却被自己的祖国迫害，悲剧自杀，图灵是反同碰不得的	None
我不结婚这个问题就不存在需要考虑？	None
我不了解卫辉怎么黑山东的，你介绍一下，或给个网址如何？	None
有吧友知道吗？能细说这件事的过程吗？	None
你不会把qq号发出来吗？	None
和我们有关系吗？兄弟	None
不是说在意的只是态度吗？这态度不是有了吗？为啥还被骂？	None
为什么一开始不报道？	None
尬黑，意思是韩女正常哺乳都不行吗？	Potentially
转移支付是啥？	None
当时被北方同学问“江西在中国？”我“？？？”	Potentially
你怎么确定他们就一定会优先选择代孕这种违法手段呢？难道相比代孕这种违法手段？领养不是更好吗？	None
这个女王现在在哪儿？？？？？	None
画里是拿孩子当挡箭牌？	None
江北八市是啥？	None
盲目移民很正常？欧洲都深受其害，禁止移民难民	Potentially
是啊，好奇怪，这是为什么呢？我觉得是经费没覆盖，得加钱😎	None
关键是这男的他爸还支持？	None
对比图片？	None
他哪里说这个不对了？	None
隔壁吧务急了?	None
记得把集中营的图配上?	None
要不然你以为拜老登一年好几亿美元是白花的?	None
三四十万是卖女儿吗？	None
叠buff是吧？	None
有什么不对？	None
但这种无意识的行为并不代表就是基因决定的啊？	None
你为什么没去打工？	None
我不知道哪里有脸站出来？	None
为啥要救回来？	None
温水煮青蛙和直接大火煮该选哪个呢?	None
啥，东北也内斗？🤣	None
为什么不能?就这么喜欢政治正确?	None
就算是男女朋友那又怎么了？地域黑吗	None
除非没办法是什么意思，不结婚不也是一个办法？	None
我写了一首古诗也被删除，真是的不正常，为什么？	None
是抖音那个叫女明星的么？	None
用快手么？	None
听说你很会删？那就一张张来	None
座山雕貌似是西南那嘎达的吧？😅	None
你说得国是指大宋吗？😅就是被金干得皇上都没了的那个	None
178算矮？楼主哪个省的？	None
笑死，你不支持尊重可以做到吗？	None
咱也不懂，啥时候湖北是中原了？	None
你在哪，鞍山？大连？	None
打个比方 你有一个好兄弟，他看上了一个j女，大家都知道这不行啊，作为好朋友，你义正言辞的出来苦口婆心的教育他，劝他，可他不仅不听你的，还觉得你是嫉妒他找到了真爱，你怎么办？	Potentially
你这么说八百算什么，我奶奶在重庆被偷了五千，我该把重庆骂个遍？	None
别说你们男的了，我一个女的都觉得恶心，非常恶心，我小时候看印度还是泰国电影大概情节有个女的身上溜过一天蟒蛇不久怀孕了小时候不懂长大记起来了懂了，那个蛇还是个啥神灵化身来着，小时候觉得可怕（谁睡觉身上溜过一天蛇谁不怕？)现在想起来只觉得恶心，跟黑色，比那个大蟒蛇溜过旁边还恶心	Potentially
回族不算被黑的吧？毕竟除了关外，回族在哪儿都挺强势的，唐山条约我还记得呢	Potentially
这件事大家抨击的是动画片，怎么变成南方北方了？谁在这挑拨离间呢？	None
？？？？？不懂什么意思？？？	None
有帖子链接吗？	None
是啊 爱情使我蒙蔽了双眼?????♂?	None
山东？？? 你是认真的吗？	None
看一个诈骗小品故意用河南口音，很难受??	Potentially
支持还有推荐这个视频，韩国女权崩塌的魔幻史，真是用魔法打败魔法，时代的魔怔：韩国女权到底有多可怕？	Potentially
你不觉得他是在黑我们吗？	None
在这个语境下，断章取义？	None
那你还在上海吗？	None
女的想啥呢？	None
你既然都知道答案了，还来问题主？	None
诸位如何评价？关注微信公众号-反接盘联盟	None
有啥用？每次都能避难成功	None
你搁这叠buff呢？😅	None
是敌是友看看发帖记录再说，我的号怎么也被黑了？	None
尼玛 老子脱发 搞毛发型？😅	None
微博吗？再正常不过了	None
这波怎么评价？	None
这可是转贴P圈，你们这造谣真是大胆，你不怕被拉去黑屋治疗吗？	None
李世民？？他尊老子李耳为祖先，你懂这是什么意思吗？	None
贵州怎么了，不太了解？	None
你圈子里没有就代表没有？	None
哪里拉黑了呢？哈哈哈，打脸	None
你怎么知道那就是女大学生？难道五角场只有女大学生能去？	Potentially
她不违法和我讨不讨厌有关？	None
为什么我要支持？你又你喜欢的权利 我也有反感的自由	None
女性到底应不应该有权利呢？	Potentially
最后的视频哪里有？🤔	None
上海需要黑吗？	Potentially
这还要联想？这要是考试题简直就是送分题	None
然后呢？你想表达什么？赶上就是没超过咯？不行吗？有需求就释放不行？	None
真的换来我们站起来了吗？我咋被996压弯了腰？	None
处理结果呢，进精神病院没？	None
她们能力好，跟你有什么关系？	None
咋又去东北了？	None
hub么？我在国外都不用翻墙🐶	None
有没有可能这些都是真的？🤔	None
哈哈哈，你说是回马枪好用，还是倒打一耙好用？	None
你见过吗？	None
啥时候进驻喷吧？	None
为什么不能穿？	None
？什么情况，答主不是男的吗？	None
可你在别的回答里是男的啊，敢问您现在到底是男是女啊？	None
单机贴吧？	None
香蕉也能炸？？？	None
到处都是反串，被吓坏了，?也不知是身在敌营还是友营，怀疑男性阵营的存在是不是一种骗局，实质上都是敌方势力在挂着羊头卖狗肉	Potentially
没有后面一群穷兄弟支援哪来的资本，吃饱饭就开始摔碗了?	None
不过为啥发到这个吧？我还以为是自行车吧	None
是否真实？	None
我怎么觉得你在说两广呢？	None
那你查出来的历史是不是说明法国这个问题是那个计划造成的吗？	None
梦给我一个管理吗？	None
这三观能这么不正吗？花了两个月的时间获取信任，要对方辞职过来找他，还洋洋得意	None
我冬天觉得冷了是不是连棉花被子都不让盖了？	None
那不是写着系统删帖？跟吧务有什么关系？我自己的帖子都经常被系统删除呢	None
硬碰硬？？？？国家的刑法了解下，最好做个遵纪守法的公民	None
？这是吧友投稿？	None
就这？男方父母出资买房然后把房子给儿子儿媳住但是房子是租给儿子的要付房租的只不过没问儿子要罢了万一离婚了直接索要十年房租这不就解决问题了？以后大家都这么干就完事了	None
车子没坏吗？	None
？？？打字是看不出口音的🐶	None
佛波乐？这是啥？	None
我和你结婚我不查你信息的？😆😆	None
假土豪怎么说？完全没咋听过？	None
又不是广告性质的东西，哪里宣传了？😅	None
49%胜率什么东西没点数？	None
你爷爷分家，你爸留在本地开公司，你叔去外地开门店，到了你这辈你说你是你堂弟的爷爷？	None
你接受纳粹思想不？	None
你起诉动物吗？	None
奥运会都和最好的比，怎么其他的和最好的比就是屁股歪了？😲	None
这个索玛女王是什么底细？	None
这个匿名作者铁定是??Q😆	None
现在是多少了？	None
且不说台资“声名远扬”，你把我台湾岛仅次于半导体的第二大无烟工业放在哪里？	Potentially
到底谁能做吧主？	None
如果答主以后有儿女了，如果他们是，你会慢慢地去理解他们吗？你会试着去找这方面的资料吗？	None
可是他们一样也是反华的，既然是反华的，他们的做法我们就必须抵制明白吗？	None
问题不是男的可以自己生，还要结婚吗？	None
我会害怕吗？嗯，我吓得多吃了一碗饭	None
老爷您可饶了我??	None
现在不都是这样么 原来只有我一个？我老婆是根本没要彩礼 换成宁德时代股票 那时60	None
孩子现在？	None
钱少就态度不行？	None
奴隶主是吧??	None
清朝吗？男女都不该带吧，虽然说一开始发明是男性为了限制女性，但是时代变了	Potentially
女的看得上药娘？她又不是女同……	Potentially
怎么回事呢？😐😐	None
准备折跃？	None
?只想到牛肉丸😅黑点在哪里？	None
谁知道呢？或许是玻璃做的	None
努力大姐是谁？	None
在？为什么删我回复？心虚了是吧	None
表锅我出来咯，不好看么？	None
这什么表姐？老想着教育表妹，娘味说教差不多得了	None
复读机式内容一眼真?	None
做工赚钱就是打工，难道援建不给工钱？⁉	None
这难道不就是因果报应天理循环？	None
还能有这种要求呢？	None
自由社会，违法吗？	None
真的一上知乎全都是骂的，从女权骂到了女性，然而在现实生活中根本见不着，是我层次太低？	Potentially
爱马仕不香么？	None
看不起你了？	None
醉酒妇女在哪里呢？我没看到	None
割鲍什么鱼……？	None
这是克苏鲁神话吗？	None
准备抱养一个孩子吗？	None
不是美国中情局吗？	None
这个作者一口一个中国女性，他只是在说女权?	Potentially
广东那个应该不算黑？或者是我没经历过那个时代吗😅	Potentially
嫁鸡随鸡 嫁狗随狗？无语	None
难道犯罪率不是社会状况的重要参考标准吗？	None
晚上出来你看得见他们，哈哈，一定是假的??	None
这波是否是虚空立靶了？	None
咳咳，那么我问你，你，是啥？	None
批评女权＝批评女性？什么观点	Potentially
这么长，写短篇故事呢？	None
半斤八两哪个重？	None
黑龙江最穷？我一直的感官是东三省吉林最穷	Potentially
谁理解谁？	None
回族都信教吗？，为什么没有吃肥肉的回民	Potentially
我只是支持你的观点而已，你能不能好好理解我的意思，难道你就没感觉出来我是倾向于你这边的吗？	None
啧，正黄旗啊？	None
因为性别比例失调啊，有什么不能理解吗？	None
海油工程的？	None
笑死我们国家不是以社会主义？不是以共产主义为目标？到你这就变成不需要民主自由平等了哈？	Potentially
举报有什么用？又不是只有这一个地方	None
又累又毒的环境你们受得了？	None
所以它怎么你了？	None
快6万公里了，前列腺还好吗？	None
那不是姜丝吗？	None
女权：我成替身了？	Potentially
莫言那是小说 还有莫言歌颂的日本军医你也认同？	Potentially
贬低自己国家有什么意思？	None
所以美国等于全世界？	None
你想怎样？说出你的想法	None
不懂，回族有什么问题？	None
他说的难道不是事实？	None
说的就是这个打法么？😜实用啊	None
_xDD14__xD83E_为什么我这里显示12个评论，点开却就5个？？	None
婚纱不都是女方自己买吗？男方买西装？怎么这也能怪男方？	Potentially
汉族的祖先不是主要在山西吗？而且河南很多都是山西迁徙过去的后代	Potentially
一对？细思恐极😲	None
成这个样子 谁之过？	None
最离谱的不该是中国网资讯吗？	None
对号入座了？	None
你发一贴拿多少钱？能不能介绍给我，认真的	None
评论就评论，捎上我法兰西斯坦是几个意思？	None
感染美女吗？	None
魔方基因？一听就不靠谱😆	None
在中国动手你想坐牢？	Potentially
？和问题有关吗	None
请问你是自己见过，还是经历过？	None
这是什么大病？	None
盲猜有广州？我胡说哒	None
可以采访一下各位的学历吗？	None
他们想上吗？	None
？？怀孕期间不得离婚是国家和法律给的保障，咋叫没保障呢？	None
就这么个点刑期？	None
你接么？反正我不接	None
竟然让天津给跑了？？？	None
这不是很正常么，你自己评论也不这么说的么？这操作溜	None
这个吧有专门的QQ群吗？	None
冲自己金主？	None
国内比不上国外？	None
这么做有啥好处呢？你给解释一下我不明白	None
韩国不也一样？	None
同化，为什么要同化？	None
新疆怎么了？	None
你和她什么关系啊，假如你俩位置互换一下你能发脾气吗？	None
所以这是她们努力的回报，你呢，每天发几个无聊的帖子就想获得成就🐴？	None
跟那些宣传日军扶老太太过马路的有什么区别？	Potentially
女生要求高唉?	None
兄弟们这个律师说的是真的吗？	None
我:你礼貌吗？	None
女权怼了女拳？这事儿女拳知道吗？🤔	Potentially
男的去哪儿了？	None
?把隔板去了一样很快?	None
女的做啥？	None
不是你们先来碰瓷的？🤣🤣🤣🤣	None
还有一点我不明白，你现在为什么住南昌呢？	None
她中路不发信号导致我被对面抓了然后她来这出？	None
我湖南呢？？？	None
她和红警蓝天是什么关系？	None
所以你承认之前视频里面的是你了？	None
才10年？	None
所以如果一天醒来发现你以为的好的女性朋友在刚你，就不会厌恶了吗？	None
妇女报是妇联名下的么？	None
我结婚的时候去做了婚检的，你结婚的时候难道不用做？	None
打不到车也能黑？	None
恁néngshà咧？	None
为什么要反驳？你身边就没有和他相反的东西吗	None
牛蛙牛蛙?	None
顺便???????	None
宁夏呢？知乎上我还没见过宁夏发言	None
你确定？两三个月前刚落地珠海不到一周，在前山，那雨感觉还没多大呢，把我朋友的车都淹了，没过车窗叫水浸街？	None
如何评价这张图是妆后五分女？刘亦菲十分我觉得顶天三分	None
说自己家乡话哪来的秀优越感？这是自卑心理作怪的结果	Potentially
服务不满意我可以辞退不？工作不是先工作再给工资啊，，见过预支工资十年的公司？，，一个月给你工资呗，，什么彩礼？	None
你再说一遍？江浙沪被黑？	None
先把弹弓，砌墙开放了再说吧，还有鞭炮，小男孩连刀枪棍棒都不让玩，只会玩手办，哪来的阳刚气魄？	None
反正我不当冤大头?	None
是是我表达的不准确还是你读不懂？	None
这货改名了？	None
如果不是，他怎么不拿出证据？	None
_xDE05__xD83D_这不直接扣押金？	None
哪个校区？？	None
中秋节快到了，节前不是越来越忙吗？😊不过，这个更新速度我爱了	None
你的回复我看不到？	None
是缉毒JC破案的，这信息量大吗？	None
你赞成骗婚吗？？？	None
你是在搞笑吗？21世纪了还搞出嫁从夫那一套呢	None
？河南说话了吗？	None
可否封了这个索玛女王并立案调查？	None
名扬全国？从飞周回国了？	None
当然有问题了，怎么可能没有问题？	None
不把前因后果发出来8u们怎么帮你？虚空索敌吗？	None
楼主回复我的那个被删了？	None
既然你都用泛滥这词，就不用对女性有期望，重拳出?	Potentially
你好，能支持一下我的帖子吗？	None
韩国女权只想守住自己，阿富汗极端主义能打到韩国去吗？	Potentially
哈哈(?ω?)hiahiahia	None
这玩意不是男生戴锁比较多吗？	None
好家伙，这也不是值得提倡的吧？	None
不是大陆的？为啥在右侧	None
你确定？？？你能不接受新冠病毒的存在？你不喜欢香菜你能把香菜灭种？	None
不是说出国了吗？我在手机上搜 吴施蒙 竟然出来一堆色情网站，哈哈哈	None
好久没上贴吧了，广黑吧没了吗？	None
还有一个视角呢？	None
又在招摇？	None
日韩女权已经用事实证明过了的东西，还需要相信他们的理论？	Potentially
可有我大南京文明？	None
为什么安徽和营口会和你的大学都挺近？	None
你说了那么一大通 后面又说没强求？？	None
你真是他的确诊医生？	None
你上过985？	None
噗(?￣ ? ￣?)哈哈哈	None
不少啊，但最起码有自知之明就是好的，你能不能看一看图片上的题目？	None
你给我狠狠的进步??	None
←_←展开说说？	None
这也算过失？	None
有些男的不也这样？这很正常啊	None
发生了什么?	None
我不吃药有五年了，你能一年不吃药吗？	None
乱真是乱真的啥？真银吗？	None
这些基本是事实这叫黑?	None
之前谁说的那个年代没女权？	None
强迫喵喵喵？？	None
这是他们的节日？毕竟3分之1	None
重庆也跑了？？？	None
自己想要的东西自己买不是么？送个礼表个态度而已	None
我上过大学我怎么没见过？	None
？？？为什么不能？	None
小红书上的那些呢？	None
哪个校区的？	None
我都祖籍河南了，咋可能是维吾尔呢？	None
既然看不上，那就也不要臆想对方喜欢自己好吗？	None
她们房子和彩礼准备好了嘛？	None
圆圈＝○＝?	None
中国也整天被世界指责环保、威胁论等问题，我们是不是要感激他们？	Potentially
重点不是威胁吗？😅能把自己违规说成被威胁的没见过	None
所谓的文化？	None
请你解释一下满洲话是什么话？中国现在有满洲吗？	None
假设他说的话有前提，只是他没有说的话，那请问任何的论证在哪里？	None
🤔你做过调查还是深有体会？	None
你怕不是对号入座？🤭🤭	None
得，您骂的好，您说的对?	None
实现共产主义是共产党党的最终目标，你想干嘛？	None
"""我提议他当本吧吧主，大家同意吗？"""	None
内容已被删除？⁉	None
怎么不是空穴来风了？ 你看见他们偷了？	None
老婆孩子放一边天天纠缠你干嘛，看上了？	None
哈哈，抓到真的?了🤭	None
怎么申请吧主的啊？	None
那么夸张？	None
难就不找，离开异性活不了？想想自己有多少钱	None
要不是生活所迫谁愿意远走他乡？	None
普通大学也这样搞？	None
这里部分哪里是臆想，一个存在命题而已，【存在】华工在法国获得了法国女性的青睐，这样子表述你依旧认为不完备吗？	Potentially
想知你对他做成什么损失？骗财骗色？	None
这狗知道那些小狗是它的孩子吗？真是它的孩子吗？？？	None
不好意思 不懂什么是踩评论………我以为是赞的意思??	None
你到底说的哪个吧？	None
这不去开个香槟?	None
边际递减效应？	None
山东热衷于考公务员，不属实？	None
早干嘛去了？迟到的正义不是正义	None
?四川还好啊 怎么感觉你这夹带私货呢😢	None
黑皮肤里面的黑色素到底是什么？	None
你两头开枪是吧？	None
这跟海有什么关系？青海也不是海啊	None
差不多得了😓 南宋??能不能换个话题啊😓	None
你知道混了多少代才滚到这种能看见五官的肤色吗？至少上百年了	None
我就说：“你想怎样？说出你的想法”你都表达了些什么？有什么想法说就行了，扯东扯西的干嘛	None
都这么让着他们了还不愿意？	None
只因怕打针，爸爸狠摔亲生孩子，男子气概？父爱？	None
综合上述评论、上海这轮第一，大家没意见吧？	None
他说的是低温你跑出来认什么？😅	None
别的评论都被他删差不多了你和他说这么多有用？	None
大家怎么看？	None
有没有戴贞操带的？或者给对象戴贞操带的？	None
不懂就问，这是带了面具吗？	None
应该送她?顾辉的	None
女孩子不都是白白嫩嫩香香的吗？	None
小红书根本不给我推送你叫我怎么看？❤️	None
浙江江苏福建?	None
高等？ 不都是生病会死的动物吗，有啥高等的	None
那为什么没有告诉现男友？	None
你看你的网名叫春夏秋冬，我把你叫春夏知了，你同意吗？	None
非洲兄弟？	None
请问抗战死了多少女性？😆	None
哦？说来听听	None
最少一个亿，你把浙江放哪儿了？福建呢🤣先把数学学好	None
哼，想逃？	None
好家伙还两个吧发？	None
小红书一抓一大堆好吗？😓	None
明星有多高尚？	None
所有摄像机怼着脸拍的视频都小心看?，比如春秋两不沾	None
那么尊重男性的呢？	None
那是谁批准聘用她的呢？	None
图一是谁？好帅啊	None
北欧三国是怎么积累财富的？	None
嗓门大？广东老太太谁都不虚，无论在哪里	Potentially
你别回复我了，不知道谁在张口就来????	None
女性的名声是谁败坏的你心里没数？	Potentially
女朋友是外卖员和代驾，供我上了大学和研究生，但是现在读完研究生，身边有很多样貌和条件更好的女生，我应该还钱跟她分手嘛?	None
看审判的一堆名字，好几个是男名?呵呵	None
你搁这叠buff呢？	None
你从张家界出发的吗？	None
跟国内这群女权比一下，这个还不真吗？囧	Potentially
也确实有很多女的会买耳机啊有问题吗？男的女的都有	None
婚前就同居？	None
宿迁？神苗？	None
ab言论是什么？	None
现在丁克也很多呀，他们也没有孩子，难道也是自私吗？	None
搞不懂，这是女性向的饮料吗？	None
这个emoji有啥关系？	None
电脑不能投票？	None
老bbc了??	None
就是现在800块一晚上找小姐觉得很值，但是给女朋友买礼物舍不得怎么回事？	None
我说的就是起源于非洲，有问题？	None
男性应该打HPV疫苗吗？	None
这个女的是不是很瘦，看上去很朴素，生的是个儿子？	None
嫌办的寒颤女方咋不出钱办的好点捏?	None
不是吧，你北京打工除了买不起房难道不让你看病了？	None
地球是一个赤道略鼓两极稍扁的不规则的球体，不是圆🙄初中地理听过课吗？	None
真假的？有链接吗 我不信	None
等等？ 豆瓣是男性平台？	None
为了自己流量?	None
有100多万个小偷骗子？	None
好家伙，忘了我呢？	None
日本民族南迁江苏大融合😢被侵略了就用大融合自我安慰，和汪精卫有什么区别？	Potentially
这我该怎么回呢？	None
甜上加甜?(虽然我精神洁癖对性敬而远之)	None
我评论中有提到关于男性或者女性的字眼吗？😄😄	None
😅😅😅至于这么强吹吗？	None
有几个男的天天颜文字啊?	None
再不济？武汉大学？华中科技大学？哈哈，这个妈明显不懂啊，633除非去最差专业，不然这两所也不稳啊……	None
队长，我的队长，你在哪里？	None
这意思不是最早动物还分辨不了tx行为和yx行为吗？	None
你的立场是基于笑话吗？	None
中华田园犬？	None
这里也能蒸蒸日上？	None
安徽咋又莫名其妙的自称自己是被黑的重灾区了？网上没见到过啊？是因为六六给安徽招黑的吗？	Potentially
四个月？？那是不是早都出来了?往要害捅刀子才判四个月？？	None
说的不是没错吗？真是矫情	None
图片为什么没有？	None
谁文化水平高就当吧主可以吗？	None
汉奸的事能提倡？鄙视就完了	None
酒桌上谈这事儿，喝得下酒吗？	None
搞的那歌跟你出版的一样，是你出版的该你的也得受着，还轮得到你挑选顾客？	None
那是因为大家都会一脸懵逼的说，青海在哪？？？	None
这是什么时候的贴？	None
你遇到一两个就代表全部了?	None
这都能被骂没侮辱谁呀？	None
既然不后悔为什么不敢告诉男友呢？⁉🤔	None
你不是说上一个帖子是你的最终解释吗？解释完了你能不能别发了？或者换张图发点新的？	None
喜欢中国的国家，比较富的有哪些啊？	None
大庆不是黑龙江的吗？放眼东北甚至整个中国，有哪个城市敢说自己比大庆更富有？	Potentially
翻墙会拉去喝茶吗？	None
突然觉得彩礼贷香起来了，你们觉得呢？	None
上架了？这就去买	None
那为什么不说是苏浙沪呢？	None
肛肠科？不好意思我邪恶的笑了	None
你爸呢，算九个里的，还是那一个里的？	None
你这条评论里不是有很多么？ 	None
找到你也看不了啊，你能上porn？	None
绷不住了?	None
倒数第二句、你说的和你的行为一致吗？你有尊重题主吗？	None
是的，确实需要，没有找一个临时替代一下？	None
心里与生理的双重恐惧与恶心哪怕自己受的了万一有一天被亲朋好友发现了呢？那也差不多社会性死亡了	None
如果这个前提不足的命题为真，那被晒黑基因岂不是就改变了吗？	None
hust？校友啊	None
😓豆瓣小红书你是看不到？微博的社会影响力也是这六个软件中最大的，无与伦比	None
电梯事件？	None
没有广西吗？	None
你圈的这几位？？？	None
我们的同胞被倭寇屠杀时，请问这个黑色的永恒族使者在哪里？	None
这说明了女性不受惩罚是吗？	None
什么wzry还会发信号？	None
大家知道为什么突然间限电吗？	None
请问有没有3个女同在一起的？我看片有，现实世界有3个女的在一起？	None
这就和货拉拉那个差不多，更何况这次还是坐在后排右侧，额某哪里来的那么多反应时间？	None
所以上海是穷山恶水？？？？	None
评标专家？上海交大？就这？	None
冬天南方冷，您确定？	None
利益都一样观点能不一样吗？	None
刚开始我就觉得算了懒得和她一般见识，结果寻摸了一圈，后座都坐满了，不坐下就只能前排去了，那我还怎么玩？我就直接坐在原位不动了	None
潮汕是哪里？	None
五胡乱华在前面的晋朝，唐朝中期是安史之乱，是唐玄宗迷色误国，错用了安禄山，跟唐太宗和亲什么关系？	None
应该是因为退吧了，吧主考核不过，才被下了？	None
我也没有，我们全家都没这个脸，但你除了不见还有别的办法？跟尼玛传销一样入魔了劝不动的	None
你们那是国企吧？	None
这个房屋出资到底是怎么出的？	None
你怎么解释“他们的世界太小了”？	None
你也是反同的？	None
Question	Potentially_Pejorative
人站在地球上为什么没有头朝下的感觉 	None
我的小baby	None
请问这起交通事故是谁的责任居多?小车和摩托车发生事故，在无红绿灯 	None
松本面板可以配什么品牌的超五类模块?? 	None
请教怎么能很快能洗干净猪肠?有什么方法 	None
毛孔粗大怎么办我脸上长豆豆,出油,额头,鼻子上,脸上都有毛孔,很 	None
黑河市治疗癫痫最权威的医院有哪些 	None
替人垂泪到天明－－商业用语一 	None
本期铁胆罗马强势单3 	None
降压药的选择不知道波依定和洛活喜两种药各有什么特点，适合哪种人服 	None
有6区无尽之海众神之子工会的吗?你们会怎么了?看不见人了,解散了 	None
老师好，青青稞酒明天再跌就可以建仓了吗？谢谢。 	None
onthesouthofthecity是在城内还是成外？ 	None
古代官职升迁又怎么说的，比如：拜。。。最好还有例句！ 	None
在离心管中加入水和密度小于水的小球在倾斜的离心管中加入水和密度小 	None
邯郸市哪里有卖纳威沙发 	None
请各位老师讲解！如图所示，，A、B是圆的直径的两端，小张在A点， 	None
Word文档,一页半文字,怎样调整使其真好布满两页? 	None
出大事了出大事了你知道吗武汉江夏公安分局接到群众举报电话,说在天 	None
简单的地理基础知识填空，要100%正确（一）考点知识清单一地图1 	None
下体很痒怎么回事?是什么原因呢?长了一些像疹子一样的东西,正好我 	None
为什么手机连不上wifi我的手机型号是lephone1800 	None
请问吃紧急避孕药月经推迟多久才是正常的？我因为吃了那药，月经已经? 	None
霉菌性阴道炎会上行感染胎儿吗目前未确定怀孕但怀孕可能性较大，我1 	None
公鸡和母鸡是怎么交配的如何受精产生小鸡 	None
word中想只插入一个键箭头如何居中？我在word中，我想打一个 	None
怎样快点长高我160想长高5厘米怎么可以长高 	None
根据我的中文名来取个英文名苏金凤根据我的中文名来取个英文名本人苏 	None
16个月男宝宝长8颗牙齿??我家宝宝16个月:1、才长8颗牙齿( 	None
求解，这是什么东西啊？ 	None
DZ怎么才能在大战场立脚我的盗贼无BUFF3700血，为了拿2把 	None
宝宝腹泻一周，吃了药不见效，用换腹泻奶粉吗？已有宝宝:年龄1岁2 	None
一元一次方程!车间有28名工人,生产一种螺栓和螺帽,一个螺栓的两 	None
电影票房是怎样计算的？ 	None
将SO2气体分别通入什么溶液中能出现下述现象？①紫色变红色;②紫 	None
请问什么工作或职业最赚钱？ 	None
重庆哪里可以治疗尖锐湿疣能不复发 	None
西方经济学论文代发怎么样？各位都有这方面的经验吗？都尽量说说吧 	None
上古运动会有人作弊吗我知道上古运动会的时间是下午的3点5点和7点 	None
大纳智捷生活馆是怎样看车的？ 	None
期任九108元初单!欢迎指教!!1年轻人vs利物浦2乌迪内vs安 	None
真有这么巧的事？建立个小弓和一转前的武器前4手上了3个G10老婆 	None
怎么安装双系统？知道的进，高分我现在用的是XP系统，但是我还想安 	None
九年级相似图形在梯形ABCD中，AD//BC,E是AB上的一点， 	None
华夏公司网上交易使用的广发卡是广发理财通卡吗？如题，广发理财通卡 	None
历史上西施活了多少岁？ 	None
我儿子从高一上学期与班中的一位女体育特长生关系密切后,发现他对学? 	None
请问11服的钢铁原石值多少钱呀？ 	None
宝宝这是鼻炎吗？宝宝鼻塞半个月，刚开始的鼻涕是白色带黄，后来是黄 	None
用了祛痘洗面奶反而脸上长痘痘了怎么回事啊？ 	None
《项链》的作者是谁 	None
不睡枕头对颈椎病好吗？他们说有颈椎病的人最好不睡枕头。 	None
怎样才能使自己的内心强大起来！ 	None
他这样是爱我吗？我们是经人介绍认识，认识到现在已经有三个月了，自 	None
竹炭煮水的好处在水壶里放两大片洗净的竹碳，坐水时一起煮，这样的开 	None
上海哪家医院治疗输卵管堵塞好 	None
冬天进补好呢还是夏天好？ 	None
夏季如何进行饮食调养养生？ 	None
请问钨，钼，钨铝丝的居里点是多少？ 	None
我写了我的姓名和身份证号码通过哪个未成年许可怎么像是没反应的啊? 	None
为什么会得癔症 	None
形成胆结石的原因是？ 	None
外贸服装哪里进货像“第一街”“署光里”那些外贸服装都从哪里进货 	None
辐射防护该怎么做呢？ 	None
我好心疼哦！！！我听说喜欢的人已经有心上人了，我好心疼哦！你们可 	None
我就贷款买基金了今年贷款买了好多的基金啊，收益25%还多从八月到 	None
鬣狗和野狗的外观和毛色都差不多,为何名称不同? 	None
同花顺2007标准版和同花顺盛大密宝有什么区别同花顺里有同花顺2 	None
T	None
主板启动电脑？想问一下在主机开关出现故障时，直接利用主板如何启动 	None
的鼻子很大,而且没有鼻梁,难看死了,有没有办法变小或者鼻梁变挺? 	None
老是感到胸闷,是怎么回事?我40岁,老是感到胸闷,喘不过气来.有 	None
今天我MM被诊断为肺炎，虽然她确实高烧，可是并没有咳嗽症状，这个? 	None
电信1黄金车身1型的价位在多少 	None
通过qq如何控制对方电脑? 	None
这两天嘉实300和南方稳健都要大比例分红了.分完净值都在1左右了? 	None
穷在句中的意思穷追猛打中穷是极端的意思还是彻底的意思 	None
电子词典选什么牌子的？五一想入手一款电子词典，该选什么牌子的，要 	None
谁帮我捉1只火暴萝卜和1个火爆樱桃是火暴的 	None
女人体香是怎么回事 	None
有关专利发明奖金是否要缴纳个人所得税哪位大仙知道：公司对职务发明 	None
请问这句莫名其妙的诗句是什么意思？完整的如下：太窥门夹豆,丫洗盆? 	None
微博是不是可以有个类似于qq空间的功能，谁来微博主页了就发个消息? 	None
55级的菩提宝杖从哪打出来的？ 	None
都是新手问题，帮助新手的，非常简单，新手请回答，问题一说出一个怪 	None
什么是社会主义?社会主义的本质是什么, 	None
重庆大坪医院打胎大概多少钱？ 	None
魔转物那个技能几级可以学,哪里学啊 	None
全力火弓有前途吗??我是15级全力火弓``请问各位大虾,有前途吗 	None
地下钟乳洞（地宫）怎么去？要在哪里接任务，还要打什么东西吗？哪里? 	None
3个战场的双倍声望时间?请说的详细些。 	None
从上海森勤国际大酒店到上海维也纳国际大酒店有多远？ 	None
淡谈真三武名系统取消后的波澜关于这次武名系统取消，同意的占大多数 	None
为什么上海地铁单单只有上海马戏城站的站台上有门？同标题！ 	None
关于基金啥叫前端申购代码,后端申购代码.有啥区别.有甚么作用. 	None
小联赛足彩延期开奖推迟比赛或310全算对新浪体育讯　北京时间12 	None
进入易玩通网站怎么看不见我还有多少点呀，还是0点，去哪能看到 	None
北京哪里礼物便宜？毛绒玩具哦！质量也要好！ 	None
大家都买了多少钱 	None
５０级敏白妖加点问题我是５０级敏妖拿刀，请问那个点是加什么好呢？ 	None
麻婆豆腐怎么做才入味呢? 	None
高三数学题，急求，在线等据研究，甲，乙两个磁盘受到病毒感染，感染 	None
关于一石二鸟的问题看见有些人再说，1s2n无视护卫？我记得不是的 	None
帮派公德怎么弄啊!!!!!!有什么用啊!!!!!! 	None
没完没了的8场了...(图) 	None
怎么下载网校带手写的讲义? 	None
为什么老担心家人出事为什么脑子总要胡思乱想老担心他们出事?有什么 	None
关于准生证的问题我有单位，但档案在人才，而且我单位没有计生部门， 	None
每期4场竞猜，全对送50分埃弗顿	None
换工作了，公积金和保险怎么办大家好，半年前，我和原来的单位闹翻了 	None
咨询我的系统是WINDOWSXP，我光大大智慧安装好以后，都没问 	None
怎么还在维护怎么还在维护 	None
如何形容美女有气质 	None
管理员来下~为什么我回答问题，回答后的答案不见了呢~~~~想重新 	None
猫游记禅怎么装备啊！！我去挂禅很久了，也没怎样禅怎么装备 	None
优先资源配置就是优先把内存分配给游戏那一部分,让游戏运行得流畅些 	None
电脑问题咨询我的电脑屏幕两边是黑的只有中间是屏幕我应该怎么搞才能 	None
有没有超搞笑的笑话告诉我 	None
开办网上购物网站，需要办理哪些手续？我想开办一个网上购物的网站， 	None
08年28号新诛仙有电信新区吗?我想问下08年28号的新诛仙六道 	None
哺乳期可以用雪山金罗汉止痛涂膜剂吗？宝宝二三个月的时候我一直抱， 	None
请教高手一些关于祖尔格拉布硬币的问题，请问各种硬币怎么交，交了以? 	None
新版微博的密友功能是什么？ 	None
清泉老师好.000851怎么办?谢谢 	None
有在大自然给宝宝照过百岁照的朋友吗？提前多长时间预约，一套一般偏 	None
做爱能治疗青春豆吗？听朋友说做爱可以治疗青春豆是真的吗？有没有科 	None
在查找过程中如何知道要查找的具体QQ号码是否在线呢 	None
为什么药物治疗脱发会效果差？还可以能过其他什么方法做呢！？ 	None
会长是女仆大人会出第二季吗?会长是女仆大人漫画快要完结了哦,动漫 	None
如题，如何做好一个优秀的网页美工？ 	None
找人问题在公明有没有重庆开县人啊 	None
重装型不能用更改颜色不是说涂料是对应全机种吗给个合理的解释。 	None
谁知道是什么类型的字库啊,谢谢 	None
我的网络走代理，能不能玩天2？我的电脑是局域网中走代理服务器的， 	None
光通有打算将传奇３Ｇ变为免费的吗 	None
关于卡屏（假死）在用LX天堂双开时，一般刚登陆的前几次保姆或者打 	None
请问一下忍者高手？我想开一个专门ＰＫ的忍者．．．应该怎么加点ＰＫ 	None
男友说，对我还需要3个月的考察期，是什么意思啊？我跟男友相处时间 	None
RMB!!!这问题没有分!!!刚才问完前面一个问题后,数了一下自 	None
请问，杀毒软件——麦咖啡和瑞星比较，哪个好？ 	None
f(x)在x=a处可导，f(x)的绝对值在x=a处不可导的条件？ 	None
猫咪长蚤子怎么办？ 	None
眼睛长黄东西？眼睛里面底下长黄东西，脓包似的，是不是上火，咋办？ 	None
电脑培训班学习网络工程师专业。北京那家学校不错？在南城上课 	None
下载小说问个问题，可能有点傻，怎么把书架上的输下载到桌面，有办法 	None
请问在网上地税申报中，在做综合申报表时，实际缴纳税额，已（抵）缴? 	None
1982年7月22日查询星座阴历1982年7月22日是什么星座 	None
想做泰韩正品护肤品，能代购吗？ 	None
手血热怎么办 	None
哪支基金与广发聚富的相关性小呢？我已买了广发聚富和南方稳健Ⅱ号， 	None
银色黎明声望问题我的银色黎明的声望已经到了友善，是5999，可是 	None
12岁小女生剪什么样的短发好看？发质软，细，头发较多，什么样的短 	None
如何进入游戏帐号申请完毕后如何进入 	None
高一物理关于加速度用枪竖直向上射出一粒子弹设空气阻力与子弹速度大 	None
13岁的大城市小男生喜欢什么样的生日礼物? 	None
问题.来看看0.40的补丁下了解压怎么还是不能进啊.还是说版本底 	None
我的通过了一些算命的说，我的命适合去理佛？我很恐惧怎么办呢？ 	None
网上哪里购买月卡最便宜,怎么操作,会不会受骗,有没有安全的,谁买? 	None
腰疼是怎么回事我近两年来站久了总是腰疼而不是腿疼，是不是和肾有关 	None
在5173买游戏帐号会被找回去吗我打算再5173买个游戏帐号&l 	None
进不了奇迹世界为什么总是提示文件升级失败然后就退出大区选择界面， 	None
请教水煮鱼的做法告诉我吧！ 	None
很不爽,发烧怎么办? 	None
听说斯巴鲁的车都是全时四驱的？好处在哪啊？懂的给说说！ 	None
请问我的显卡是ELSAFX534P为什么游戏功能选项的游戏画面中? 	None
极限特工2中在直升机上的那个光头白人是谁?那位黑人老兄越狱后，一 	None
哪位朋友有李赋宁编写的《欧洲文学史》？请问哪位朋友有李赋宁编写的 	None
点卡充错区了怎么办啊?我是华东飞花用户.充点卡的时候鼠标滚轮滚了 	None
苹果手机壳哪个品牌比较好？ 	None
民法选择题有限责任公司属于（)A.社团法人B.财团法人C.营利法 	None
他和我都互相喜欢，但是他有女友。最近他对我的态度是有点怪怪的：不? 	None
我家宝贝从2岁多就开始晚上睡觉偶尔有磨牙现象，现在4岁了，每天晚? 	None
怎么免费得Q币，有什么好方法？ 	None
从幻境7层怎么到幻境10层啊？谢谢，大虾说下啊 	None
男生心情不好怎么办？他是我的一个很要好的男性朋友，最近的他总是心 	None
饮用水反复烧过的水喝了后对人体会造成那些不好的影响? 	None
世界最大的淡水湖 	None
学历不同的爱情女的是大学生，男的是初中生，但是他们很相爱。他们能 	None
决战摸爬滚打的岁月（一）英雄的年代做人太久，是英雄代理最大的痛苦 	None
退休了，？怎么办一转眼，就退休了，该怎么办？有点不知所措。请朋友 	None
2012年做什么生意好呢？2012年不想给人家打工了，想自己做点 	None
脐带绕颈，急！！！孕30周做B超检查出宝宝脐带绕颈2周。看到结果 	None
什么是卢森堡公国？？请详细一些，谢谢 	None
一个小问题大家看下问下师们任务就说钱面怪任务吧,我在网吧上时间要 	None
68及豪杰血2000+少吗,加体魄会提高防吗? 	None
新浪微博登不进去了说什么“我们发现你在新浪的帐号密码与其他网站被? 	None
武林外传里的剑圣怎么加点好？ 	None
“屋漏偏遭连夜雨”，下一句是什么？请指教… 	None
请告诉一下我好吗？如果做完流产手术一个星期后就不流血了，还用去医 	None
愁啊，孩子的早恋问题！本人工科博士、教授、博导，每天很忙，为了孩 	None
最近好看的韩剧类似于请回答1997这部剧的......很好看，推 	None
求欧洲杯欧洲杯小组出现详细规则 	None
SS的困惑不知道大家看没看今天官网上发布的新技能，SS以后打架还 	None
神盾估价，高手进！40级掉2血1防神盾，有技能，精神成长2.23 	None
隐身侠怎么样用着？ 	None
动态IP问题我是铁通拨号动态IP,近来如上网获得的IP地址是21 	None
好冷呀! 	None
深圳哪家品牌生产的监控摄像机比较好？本人一直想买一台监控摄像机， 	None
高手帮帮忙，我最近想买车，不知道是买86好，还是买B2类的车好， 	None
杭州哪有卖电动轮椅的？老人偏瘫，想给老人买款电动轮椅，价格方面不 	None
三相四线直接接线式电表可否接互感器 	None
什么东西越生气它就越大？ 	None
南开区哪有卖暖瓶胆的 	None
环境艺术和建筑装饰那个的范围广一些？无意中看到的宣传，所以比较好 	None
飘流幻境的。。。。钱要怎么赚？ 	None
NET源码是什么？ 	None
你给别人投赞扬票时会告诉他(她)吗？我注意到有的人每次给人投了赞 	None
为什么我真了修真任务，但修为没长啊，999我啊~~~我是个小WX 	None
澳洲一流大学和普通大学有什么区别?澳洲的一流大学,如悉尼大学、澳 	None
SOS谁知道怎样删除下载的文件急啊要彻底的把曾经下载或拷贝的文件 	None
小孩子长牙时，新冒出的牙顶着原先的乳牙，那颗乳牙要去医院拔掉吗 	None
斑竹请进高手来看急需打造一览表,以前在新手手册里的那个怎么看不到 	None
冰1，魔1的绿色项链能值多少？谢谢！神鬼王暴的 	None
我这个月怎么还不来月经呢,上个月我做爱后来了月经,但是这个没有做? 	None
谁用过“正行列式”怎么算，是否只能用按行或按列展开呀，有没有其他? 	None
给个超级帐号激活码 	None
请excel高手帮忙看一下数据很多,不用复制粘贴,而用公式或者函 	None
为什么取消　财富通支付我一直都是用财富通　冲值的前几天网站维护　 	None
海马怎么吃？听说可以炖汤，请问怎么做？谢谢！ 	None
台服没有繁体显示，英文发音从新浪上下载的台版WOW，安装完后没有 	None
数学一题环形跑道周长是500米，甲、乙两人按顺时针沿环形跑道同时 	None
请教“虚掩的门”大师及各位专家帮我设计一下，先谢谢了！我的房子建 	None
如何练习英语口语效果最佳 	None
不等式的牲质关于ｘ的不等式ｘ一ａ&lt;1的解集Ｘ&lt;2,则 	None
为什么我电脑看不到文件夹名字！ 	None
爱一个人需要理由吗>?爱一个人需要理由吗??怎么能分辨出来是真喜 	None
【壬辰清明谜会01—06】春满清明9笔字一 	None
做肉丸要用什么机器?是不是一台碎肉机及一台成型机就可以了呢?主要 	None
请银行的朋友帮个忙啊回答个问题,好急,谢谢了朋友去年在贵州存钱开 	None
全身经络不通，平湖哪里有好中医的？ 	None
电脑经常出现间断性死机会不会影响它的使用寿命?这种现象对机子各部 	None
奇怪，中国的柴油与欧洲的不同吗？在国内，只要是使用柴油的汽车或拖 	None
做生意的人该如何锻炼自己的交流能力?我决定以后做生意,但是我社交 	None
老年人膝盖骨质增生该怎么治疗，有谁知道的，跪求。 	None
寻一直中线医药股请高手推荐一支医药股，拿到今年底的，谢谢 	None
不能自动关机我是三星笔记本近几天关机后出现蓝屏一大堆英文触一下开 	None
韩国泡菜在哪里有啊？同上 	None
关于扬州的特产的介绍 	None
我很想找到现代西班牙语第一册的全部教学视频，要mp4格式的，请大? 	None
小雨点儿，给我算下dd1aa90d8a40b331b73dca4 	None
在　海南的海边　什么地方肃静　消费底　租个便宜的房子要多钱？一个? 	None
我不会哦，帮帮我！本恩的年龄乘我和泰德年龄的差，与我的年龄乘以他 	None
msn在教学工作中的作用 	None
梦到有人睡在身边是什么意思我男朋友连续6天梦到一个人背对他睡在他 	None
怀孕能吃螃蟹吗现在正是开始吃螃蟹的时节。我现在24周，请问可以吃 	None
头发怎么洗头发怎么洗头发怎么洗头发怎么洗头发怎么洗头发怎么洗头发? 	None
恭喜霆锋成为最适合演藤原拓海的人选。今天刚在娱乐新闻上面看到，认 	None
清泉老师600111怎么操作，明天卖掉吗 	None
博文中放音乐 	None
请问什么时候升级好啊?升级好请大家及时通知我,我的电子邮件是高分 	None
北京西站和北京站有预售火车票的吗 	None
请问焦虑症是一种什么样的病症状态？成都治疗的话哪家医院比较权威可? 	None
为什么北京周边都在下雪而北京却没有下场相样大雪的意思呢为什么北京 	None
"零红蝶的问题　　=====【第五刻】=======　　→得到""逢 "	None
传奇世界魔法权杖升级?升到10怎样升？ 	None
印度发展到现在总共是有多少人口啊 	None
家族技能升级任务中的护宝剑魔在哪里啊??? 	None
冬天口唇干裂用什么保养？ 	None
模拟人生2的基础盘到底有几张? 	None
嘴里起溃疡是什么毛病？嘴巴的上、下唇里经常起溃疡，是什么引起的？ 	None
晒太阳为何会皮肤骚痒我已有好几年了,每到冬天晒太阳皮肤就痒,吃辣 	None
同居是否有罪？ 	None
请问habilitation是什么意思，谢谢Ataverypra? 	None
农村家庭用的太阳能热水器哪个牌子好？因为想在农村做太阳能热水器生 	None
为什么情人节要送巧克力？ 	None
33层的房子能买吗 	None
电信5风灵,一转剑合什么好Z还G,19级怎么升快点250元宝能卖 	None
满腹经纶怎么拿？求帮助 	None
英格兰你让我很失望！我真的十分失望啊！怎摸会这样！ 	None
是哪儿的电话号码?这是个语音电话,又是某某起诉我的官司电话,是否? 	None
"有谁知道有哪些好的""自考""学习软件~~哎~~大一一进来就玩,现在 "	None
建议国际足联把中国男子足球队纳入残疾人比赛.像现在在云南举行的比? 	Potentially
鬼压床是怎么回事啊？有一次我晚上半夜里突然醒来发觉自己想动动不了 	None
第一次见男朋友的父母应该注意些什么？下个月初我男朋友的父母要过来 	None
该不该告诉老公我的朋友有皮肤病，她有个男朋友，她很爱男朋友，但又 	None
已知ABCD是4正整数，ABC平均数为6，BCD平均数为8，问C? 	None
我怎么不能得到激活码啊?谁给我个激活码啊???我试了很多方法都不 	None
有请中央一套！！！32元进球彩大比拼!!!想抢100元的请进!! 	None
国际搬家	None
怎么才能顺其自然的把一个不认识的女孩子约出来呢？ 	None
仙3外的问题5本仙术书.该怎么分配?我想打出所有尸块.也想得到称 	None
有什么药物治疗腰疼比较好 	None
3档3敏粉红估价昨天抓只粉红,现在冲到10级,冲稳定了,掉3敏, 	None
男人需要的最基本的信任是什么我不知道男人是不是希望自己的手机和Q 	None
我的龙能卖几钱ＲＭＢ血４４６９蓝６６５７速度６上限３１１上限２０ 	None
请介绍一下心脏搭桥手术尤其是它与支架手术的区别 	None
6F的ABD和大马什么价？重装ABD包括头手脚盾上下装和大马的价 	None
今年内我经常脱肛,有什么好的办法治?(27岁,办公室上班) 	None
BIOS里怎么找不硬盘启动的选项呢?硬盘启动是那个HDD	None
我二个月前买的联想电脑，现在液晶显示屏上出现了一个亮点，是否正常? 	None
被盗车怎么样找理赔??我的车是在汽车维修车厂的老板搞丢了,怎么样 	None
为什么荆州这个地方,三国乃至后来,都是兵家必争之地?如题? 	None
发育迟缓引起的癫痫病怎么治呢？ 	None
万能的微博，深圳有维修饰品的地方么？断了 	None
英语选择题，希望知道答案和原因，谢谢。 	None
guy到底是只指男的还是男女都指？谢谢 	None
我是一刚开车的出租车司机.请问为了能安全行车,出租车司机开车时最? 	None
我的电脑无法启动了，连自检都没有，于是我把内存条换了一个插槽，便? 	None
广州治疗重症肌无力需要花多少钱 	None
关于5173买号的问题我想在5173买个传奇世界ID.但是我怎么 	None
为什么到12点了登入天2还是进不去啊？是服务器还没维护完吗？还什 	None
A车180和S4重各方面性能来说哪好？跑城市锦标山路哪个好？越详 	None
预备队，看你们啦！今晨，本指挥官在大战前做出了一个决定，部队统统 	None
神奇的微博~[杰克逊]iphone5S好还是三星note3好？平? 	None
法国大学除了巴黎的大学以外，外省有什么好的大学吗？ 	None
咽喉炎复发怎么办 	None
中度宫颈糜烂会变重度吗?去年11月的时候流产后查出得了中度宫颈糜 	None
图片中的狗狗是什么品种？ 	None
新鞋挤脚怎么办我前几天刚买了双新鞋，上午的时候鞋一点也不挤脚，等 	None
惠氏奶粉是否上火宝宝换了惠氏奶粉之后开始便秘，有人告诉我要和其它 	None
天津松江在东疆保税区的高尔夫项目有多大？ 	None
有没有谁上北京舞蹈学院的,你们有没有暑期的街舞现代舞的培训班啊谢? 	None
玄龟金鼎奖品都有哪些啊？玄龟金鼎一到五等奖品都奖些什么啊？ 	None
杀1次海盗得多少声望？ 	None
当你想做爱的时候，该怎样才能让男友知道？是清楚的说，还是... 	None
西餐的作法那本西餐书比较好，推荐一本！ 	None
找一首歌词中有＂万世流芳＂的歌，好象是郑中基唱的． 	None
不是处女了，但想珍惜眼前的好男人！我该怎么办？我在大学时候有一个 	None
深圳的建设银行房贷供多久提前还货?深圳的建设银行房贷供多久可以申 	None
什么是心脾两虚心脾两虚的主要症状是什么？？女生应怎么补？ 	None
什么是整式？ 	None
公务员报考相片分辨率有什么要求? 	None
论地水魔宠之最强老大篇标题大家可以看的出，本人满民剑养的宠有满档 	None
比如我是我是2转的勇战工我有15000的血敌人也是15000的血? 	None
误工费问题：我车压到别人的脚了，伤者没有住院，我需要伤者提供哪些? 	None
关于十字弓妖拿8十字弓和9十字弓的区别多大9十字比8十字少几弓? 	None
高手来翻译２句话　给你１０分Furthermore,FVAS1. 	None
日本人是全世界最受欢迎的？？？？根据英国广播公司（BBC）和加拿 	None
选科困难！！帮忙啊！我三门成绩好，但快分科了，我不知道选文选理。 	None
一个购物的问题知道的告诉我是不是一般多买东西就是比少买的便宜呢 	None
neo巨目怎么样？neo巨目什么颜色最好 	None
感情的困惑我的父母给我介绍个老头当对象怎么办？我今年都30了，离 	None
我和女友半年没见面了`她来找我!我该准备什么给她? 	None
清晨,蜗牛从树根沿着树干往上爬,树高10米,白天爬上4米,夜间滑? 	None
我想办一张能透支的银行卡,哪个银行的好,有什么要求,还有哪个银行? 	None
请问最全面的风水学书友什么？就是关于风水学的一本最全面的书。 	None
求不等式解集函数f(x)=xsinx+cosx+x^2，x∈R， 	None
UT频道加入到收藏夹，为什么重新登陆后没有那个频道？我确定是收藏 	None
★~闲趣谜语（晚）~★穿的都是舶来品（成语） 	None
新天下无双的武器强化系统是什么样的？ 	None
星际的修改高手来看看单位的价格,血和攻防等怎么修改 	None
暗黑有czx吗？dsa 	None
维生素用在脸上要注意些什么吗维 	None
《怒放的生命》是谁的歌曲？ 	None
谁告诉我这是什么鱼，第一次见过这鱼 	None
杭州看肝病小三阳最好的医院是哪一家？ 	None
进入天关后,想多挣点经验,请问是一步一步闯天关快还是去魔王岭? 	None
急急急!日语学校的问题!!!朝阳区哪里有好的日语学校啊?收费不要 	None
昨天到今天3区怎么不能进啊？昨天到今天都不能进1	None
音乐张杰的什么歌最好听(5首） 	None
向世界出发片头曲是什么 	None
求符文之语材料，十字弓的存档 	None
"1区能进去不?怎么总提示""pleasetryagain.""谁知道 "	None
牛牛在此给各位朋友们拜年了! 	None
帮忙我是中锋，可就是板少，不知抢板时该怎么抢，我应站在哪？ 	None
黑鸟加什么好啊? 	None
现在哪个型号手机不错推荐一下谢谢 	None
1999年的高等教育自学考试文凭网上查的到吗 	None
几乎每2天拉一次大便，有时甚至三天。正常吗？几乎每2天拉一次大便 	None
道具服骑宠问题1现在骑宠还有经常吊线的现象吗2骑宠需要什么条件? 	None
我的性格是否正常?我身高一米六二,体重七十公斤,不算太胖.但在生 	None
用电子式表示下列物质C2H4、CH3CH2OH 	None
车间管理人员工资为什么要记入制造费用账户？为什么不是生产成本？ 	None
26岁结婚,婚假10天怎么算我今年27了,结婚应该有10天婚假, 	None
手机带机打发票是什么意思我想在淘宝网上买E72，我问老板有全国联 	None
啊呀,有N个问题,,高手帮忙下啊1.如果把名字是粉色(紫色)的玩 	None
宝宝排便问题我家宝宝14个月了,可是现在拉大便不愿被人把,非要自 	None
怎么样可以早睡早起求解 	None
易趣交易冻结是怎么回事 	None
我跳水时弄伤了脚,下肢毫无知觉,站不起来,大小便失禁,怎么医好啊 	None
最保险的基金？？最近打算做点小投资，银行的工作人员推荐买基金，定 	None
郝海东和李铁在谢联会打主力吗？ 	None
美元下跌底线美元下跌的底线会是多少？大概还会有机会大幅度的反弹么 	None
食品厂可以委托别的食品厂生产食品吗如题 	None
问一个词语的意思～齐鲁晚报上体育板块中，有个词是哪个队“完胜”了 	None
我的小狗生了尿结石，在无法送到有条件的医院治疗的情况下，有什么好? 	None
请大家帮忙看下配置谢谢了啊(tm)xp2000+1.66GHz内 	None
苏联喊“乌拉”，鬼子喊“板载”，那德军和米军冲锋时喊什么？二战的 	None
最进有社么好看的喜剧片?? 	None
淘宝货到付款怎么设置 	None
为什么我的电脑主机的噪音非常的大?我的电脑是五年前组装的,这几天 	None
求解校园勋章 	None
大学生毕业后婚迁的问题大学生毕业时发的户口迁移证是指把户口想迁哪 	None
项目管理是怎么回事？项目管理的定义是什么？项目管理采取何种方式开 	None
宝宝十个月了，最近不肯吃，只吃米粥，请问是不是缺锌？该怎么办？怎? 	None
请解释“复进口”、“复出口”？？？？？？ 	None
多吃鱼有什么好处? 	None
spss单选和多选是要分开录入吗 	None
请问90级的请问90级的秘魔灵珠（抗土9%、抗金8%）到底值多少? 	None
杭州玛莉亚妇产医院就是杭州省妇保院吗 	None
为什么丹顶鹤有时候一只脚独立？ 	None
诛仙2人物头顶的血值和精气值怎么不能设置出来了？？？ 	None
遇到这个情况，裁判应该怎样判罚？当守门员开门球时，后卫（队友）在 	None
个人对魔力和幻想大陆的评价魔力变成今天这个样子（我也难过）我想最 	None
求空竹的资料，空竹历史、种类、辨别、价格、购买地等等 	None
罪案现场8的全攻略！！！！！ 	None
我女儿晚上睡觉总是翻来翻去睡得不安稳而且要踢被子请问是什么原因我 	None
如何避免来牌输？我来牌经常输,如何避免这种情况?问题是我打牌时间 	None
午睡多梦我是一名高三学生午睡在学校宿舍睡一般中午会做作业到一点半 	None
(花卉)植物吃土是怎么回事?植物吃土是怎么回事?植物养了几年后换 	None
网吧不准安装软件。。。在一个大网吧我下载迅雷安装却安装不了还说受 	None
摄像头视频组件启动成功，为什么没有图像？0分我的摄像头视频组件启 	None
怎样将文件的打开方式改为未知应用程序？ 	None
儿童生长疼是怎么回事，该怎么办才好呢我女儿今年才4岁，昨天晚上说 	None
胸腔积液的症状 	None
洁面后依次使用什么护肤品 	None
目前一共有多少家A+H的上市公司？ 	None
请问买卖交割单的历吏记录可以删除吗？在联合开户的，买卖交割单的历 	None
想去闸坡玩两天[嘻嘻]闸坡有什么好玩的？有特色的？好吃的？[委屈? 	None
清明烧纸如何确认死者收到？我从小爱玩火，清明主动负责烧纸钱，不知 	None
如何快速有效戒烟 	None
男朋友出差在外,可以发什么短信以表示关心呢他出差在外还要加班,也 	None
嗨!大家好我是小犬蠢一螂,又和大家见面了!请多关照,要顶哦!(二? 	None
如何在首页导航栏添加文字，并且带有ULR连接？意思就是，在导航栏 	None
电脑听不到声音放什么东西都没声音，但在声音语音音频设备里的音效管 	None
我要争取还是放弃？我爱上一个男孩，他曾经爱过一个女孩并且现在还爱 	None
比尔·盖茨的个人资料？身高、体重、血统？ 	None
D的春天什么时候来?我是五区寒霜皇冠的D本人玩了2个D了(闲的慌 	None
龙有几的儿子？据说龙有十个儿子？问题是那十个。 	None
求救，我该怎么办！大家好，我是个14岁的女孩现在上高中了，但是最 	None
qq被盗之后怎么处理电脑里残留的病毒？朋友的qq号被盗，当时是一 	None
请问一下,下面这句日语是什么意思??らぶデスセクティービーチ全种? 	None
我该这样决定吗？大家帮帮忙！我在一家很大的单位上班，追求同一个单 	None
银行业课题研究报告范文什么地方能够找到银监会或人民银行针对某课题 	None
假设汽车油箱里重加油口进10CM大小的异物该怎么取出?有检测的地? 	None
刷卡？去店里购物刷卡，收银员连刷了2次，来了2条短信，跟店里去说 	None
拜仁上半场不能扳平就别指望胜利了个人意见，看上半场场面这那是受让 	None
这算强奸吗？若女孩子和一个男孩子接触后，她同意到他家里，然后他摸 	None
关于2008年新劳动法，有什么值得注意的，与以往的有何不同 	None
帮帮看看我的问题我的男朋友JJ上面长了一个像小猴子似的东西，不疼 	None
爱问团队有何用? 	None
抢救人员发现她的时候，她已经死了，是被垮塌下来的房子压死的，透过? 	None
脖子中间靠咽喉处两侧有点不适！患者年龄:32患者性别:男病情描述 	None
大学的工科专业,如电气，机械，土木等哪些难学？哪些易学？我以前是? 	None
这两个手表哪个好啊在同等价格,卡西欧和欧米加这两款手表哪个好呢? 	None
就是内存是1G的在我的电脑显示1G我想改成显示2G怎么改 	None
anexperiencedhand如何翻译?其中的hand又如何 	None
100区什么时候开啊大虾们什么时候开100区啊？会和99一同开吗 	None
10万以内家用车老师您好！请帮我参考一下，家用车，5口之家，10 	None
五个月大的孩子照过X光是否有影响？我老婆曾经出过一次车祸，住院期 	None
费用报销冲借支后借支单还可要回吗我借了10000元.费用报销80 	None
我病了，怎么办？我前天全身没力气，头晕，去医院检查说我可能只是感 	None
一道数学题已知三角形ABC中，AB=AC，角A=20度，角CBE 	None
人参的功效听说人参能补一切之虚，是否适合所有的人服用？阴虚火旺体 	None
女孩子补水一般用的都是神马化妆品啊？ 	None
怎样把本地电脑上（自己录制的）视频上传到QQ空间或者网易博客？我 	None
老年人摆摊能行吗？我爷爷退休了，没什么事情做，但是他又是个闲不住 	None
如何和新来的顶头上司相处？我是个２２岁的女孩子，公司最近新招来一 	None
雷锋笔记，我想找一下，就是人家做好事，从不留名，可人家的笔记上面? 	None
90力水武器问价90力水武器。必30%连30%TS1900粉12 	None
装备合成的要求用4等材料合成的几率很高吗,如果装备合成要求一等材 	None
Excel条件格式单元格里的字数如果超过10个，之后的文字变为有 	None
枭龙战机到底性能如何？？它的销售情况怎样？ 	None
英文和简体中文网页都出现乱码我浏览网页的时候常常会碰到一页中有几 	None
前列腺炎会不会通过性交给女方带来炎症比如阴道炎等！前列腺时间长了? 	None
方程六年级一班有学生52人，男生人数的四分之一比女生人数的六分之 	None
VIP收费章节怎样收费？ 	None
大家再看看这份协议书有法律效应吗本厂看门大爷突发脑血栓，本人已经 	None
香港海洋公园附近的酒店怎么样？有实惠点的推荐吗 	None
怎么增高？我18岁了，但是才165CM，还能增高吗？我想长得高一 	None
招社会人员应届毕业生可不可以报考????请大家帮忙. 	None
跪求一首歌谢谢这个视频里的是什么歌？谁唱的什么名字谢谢 	None
“箪食瓢饮”怎么读？请注明词性，声调，出处 	None
胡须怎么不那么浓呢？我今年15了有喉结、有阴毛有腋毛阴茎发育正常 	None
听说高血脂会引起脑中风是吗？请问你脑中风的原因是什么？ 	None
涅磐回1级以后能不能骑马呢?不只是马,也包括元宝买的骑宠. 	None
如何讲课我是非师范类的考生,正在考老师资格证,就差最后一关,讲课 	None
心爱的人讨厌自己了怎么办？我喜欢上了我们班的一个男生，可是他现在 	None
诺基亚N73我的N73用了很久了，外壳有点花，而且我讨厌黑色了， 	None
病史：1、有鼻窦炎多年，嗅觉减退，不发作时，痰略多，但无头痛，但? 	None
每日荐股2009.7.9为了迎合2009波段操作的总体思路为了更 	None
LM和BL的比例现在6区那个F的LM和BL比例相当，查不多就行， 	None
新款诺基亚N70音乐版（黑色的）上市了吗？要多少钱一部呢？ 	None
为什么我在官网上激活不了自己的帐号，页面显示《无法找到该页您正在? 	None
平时非过年北京去哪里买烟花鞭炮，知道的麻烦给我说一下马上就要开业 	None
签证问题有个新加坡的网友说他当担保人帮我办签证，然后就不需要押金 	None
请问天津哪里能买到中里巴人的<<求医不如求己>>？谢谢急！ 	None
珠海报料热线我想得知珠海的报纸的报料热线！谢谢！比如珠海晚报！我 	None
请问，你满意吗？英语怎么说呢？ 	None
工会应该增加人员数额工会人员限制太少了，人多不得不弄分会，希望能 	None
为什么台湾的连续剧台词都怪怪的，表情也好像挤出来似的，不如香港的? 	None
现在油性皮肤用什么样的洗面奶好呢？请各位MM给点意见， 	None
疤痕性皮肤能不能做双眼皮我是疤痕性皮肤，可以做双眼皮吗 	None
IpodNano2的问题IpodNano2的性能怎么样?现在价格 	None
我想申请银行信用卡,如何申请,需要什么条件(个人收入,存款等). 	None
怎样使用银行对公账户最近我们酒店为了申请一台ps机，新办了一个银 	None
请问连续吃天王补心丸和蛤蚧大补胶囊要停药多久才可以怀孕？我因两个 	None
配色请问我家客厅电视墙是原木框架内铺黄玫瑰色壁纸,沙发淡土色,地 	None
牛仔裤到底洗不洗，多久洗一次？有人说不洗，有人说温水洗，到底怎么 	None
黑天鹅任务很攒为什么做的人不多啊? 	None
用括号中的词翻译下列句子我未能说服他接受我的辞呈。Ifailed 	None
游戏更新发生错误是怎么回事呀???? 	None
我的认证已经一周了，为什么还没有通过？ 	None
《光之冒险》如何在游戏中，快速了解游戏各个系统？您登录游戏后，按 	None
我的机器中了冲击波了，如何解决？哭求 	None
请问世界各地医院医生,有关于小女孩八岁智力低下,语言不清怎么治疗? 	None
k线问题大师好:高位拉长下影的阴线与高位拉长下影的阳线各表示什么 	None
求助啊，关于恋爱问题亲戚介绍的女孩子，刚见过面了，有听到说她的弟 	None
眼睛散光，怎么办。不想带眼镜~~是轻微的~！请问眼镜轻微散光。平 	None
怎样能长高？想长高，教我！！ 	None
宝宝出生有半个月了，4	None
大夫你好：我的的是高血压和大脑皮层萎缩‘大夫让我输小牛去血清蛋白? 	None
望京,公交卡充值点在哪有, 	None
怎样防止键盘辐射 	None
"通灵学院任务""莱斯·霜语(62)"",怎么我对他使用""禁锢灵魂的遗? "	None
残疾人驾驶汽车的政策即将公布实施，聋哑人能开车吗？我是听障残疾人 	None
请问怀孕后第一次去医院检查，会使用窥器检查阴道吗？ 	None
关于插入flash我想在blog里插入flash，点那个插入fl 	None
在线等“神通卡”的问题神通卡绑定游戏ID，能使用枪15天过了15 	None
进项发票的认证？如果我本月想认证，认证的最后一天是月底那一天30 	None
网上买奶粉靠谱不？有谁在网上买奶粉过吗？BB马上要出世了，奶粉不 	None
圣诞老人的原型是什么？ 	None
关于小儿缺钙问题老师您好！！！我儿子10个月了，从三个月开始医生 	None
宫颈中度糜烂真的很可怕吗？老婆前天去医院体检，检出了，这几天心绪 	None
支票出票人帐号客户给我张支票，但没有出票人帐号，这样的支票能入吗 	None
月经前总有几天是点滴出血，持续有3	None
卢湾化妆培训？ 	None
基金净值为1说明了什么？ 	None
QQ无法登陆大家好,有一个问题非常奇怪.我在一台电脑上使用QQ, 	None
在用PhotoshopCS作图时电脑会黑屏.在用Photosho 	None
小三阳问题我父母都没有小三阳,可不知道什么时候传染上了大概小学的 	None
什么是种子食物检查身体，医生说有点肾虚，建议我多吃种子食物，可是 	None
哪位朋友推荐一家比较好的龙泉宝剑网店，要质量好、价格公道的。 	None
许冠杰的歌词:黑眶眶的小眼睛,是你的温柔,叫什么歌名? 	None
怎样让视频更清晰 	None
寻求帮助,急急急!!!!!我的管理博客－－自定义设置中第一项怎么 	None
脑筋急转弯什么东西比细菌还要小？ 	None
有没有厂家生产优质的即食燕窝？谢谢。即食燕窝上品的即食燕窝色泽晶 	None
鱼要怎么做才能好吃呢？ 	None
请教一个恢复德的天赋问题我想练一个恢复德，有激活的，但同时又具备 	None
请问澳门盘高水\中水\低水的范围分别是多少? 	None
处女座男孩会很被动吗?他一直喜欢一个射手座女孩,那女孩也喜欢他,? 	None
网王小说有没有好看的（不是玛丽苏）网王文可不可以发给我 	None
请介绍一些养颜秘方谢谢 	None
请评价我的基金组合富国天博博时裕富 	None
铁锅为什么越烧越黑,有什么办法可以除去吗? 	None
企业申请需要什么？ 	None
溶液浓度问题在标准状况下，1L水中溶解700LNH3，所得溶液的 	None
我该怎么办?我很喜欢一个男孩，付出了很多，从没想过要得到怎样的回 	None
上海到连云港有晚上的火车吗？ 	None
敏力系射手不能学技能吗？一个也不要吗？ 	None
背景在哪儿设置？ 	None
隆鼻问题张医生，我的鼻头简直太大了，有点崩溃，需要做什么项目 	None
怎样学习高中的理科(数学、物理、化学、生物）请详细介绍数学的学习 	None
成本会计某工业企业12月份商品产品成本表中可比产品本年累计总成本 	None
这才是真正的专家.我记得2.27大跌的晚上,清泉发表一篇没有利空 	None
为什么我的邮箱通不过验证！我在进行邮箱验证，可是把邮箱验证码输入 	None
2007年中国写字楼市场分析及投资咨询报告 	None
文言翻译，“天行健，君子以自强不息；地势坤，君子以厚德载物” 	None
关于火车票的问题我想买北京西－荆门的火车票硬卧3张，谁可以提供相 	None
父亲去世时，有人在他的墓碑写了母亲的名字，这对母亲来说是否不太好? 	None
MM高手进！！！！！！1。MM的狂魔技能有哪些？魔圣技能有哪些？ 	None
有什么最新流行的歌曲吗 	None
详解典型盘口及其思维定式五（五）平手与平半球之间的变化这种盘口往 	None
小学六年级的问题A物有8条腿，B物有6条腿和2对翅膀，C物有6条 	None
持续了六个月的毛细支气管炎该怎么办？宝宝出生没有满月的时候睡觉呼 	None
坦克和直升机直升机是坦克杀手有没有坦克安装地空导弹的，威力小一点 	None
在数控机床法拉克系统中要如何设置才能使编入MDI的程序不自动删除? 	None
天津哪家医院哪个大夫治疗类风湿比较好, 	None
激活码是什么?哪位ggjj告诉小弟 	None
失眠求解救|没有什么如果 	None
看来R9又是错1场！（实图） 	None
当前威胁世界和平和稳定的主要因素是1国际恐怖主义活动2民族矛盾与 	None
我是一个坤+8套鬼怎么才能单刷飞升135战场如题，方法说明白点。 	None
请删除惠潮《亡父三周年祭》，谢谢 	None
腌过得干鱼有怎样得做法我有一个朋友从青海带了点干鱼过来，我不知道 	None
到上海罗阳路388号怎么走?从通河新村出发.地铁的话是从几号出口 	None
勒芒	None
谁知道CCTV3的电视书场为什么停播了？以后是否还会播出？很喜欢 	None
清泉老师：601628如何操作？ 	None
宝宝的食欲问题？各位好！我宝宝十三个月了，可他的食欲一点也不好， 	None
公司成员进行内部培训收一定培训费用是违法的吗？ 	None
救命呀，玩魔兽争霸的时候会突然花屏我才买的电脑玩魔兽争霸的时候会 	None
我考了392分能上湖南科技学院潇湘学院土木工程系吗能靠上吗？ 	None
谁有这方面经历，到底还还追不追啊？我确定以前她对我有好感，上次我 	None
宝宝现在10个月了,妈妈说不能吃鸡肉?是真的吗?可是我想吃哦!请? 	None
用招商银行卡在农业银行ATM取钱为什么没要手续费?同城的 	None
我家墙面是白色地面是黄色的窗帘买什么颜色的好 	None
跑跑的声音问题进入游戏后，玩一会就没声音了，高手指教~~我电脑什 	None
为什么我一进游戏必须得更新5个文件``每次都得更新？如题 	None
请问从不生病是好呢？还是不好？我的身体从十几岁开始后一直以来都几 	None
Excel单元格如何强制输入或粘贴无空格的姓名给别人预设空白表格 	None
请问单人旁加一个瓜是什么字啊？为什么在字典上找不到啊？ 	None
一台电脑能开两好么我现在24级新手技能加满听手全洗要88想重创号 	None
关于暗黑刷套装的问题我想刷一些套装送给朋友，请问西刚套装，不朽之 	None
哪种防晒霜好？夏天要到了，脸上又是护肤品又是防晒霜，有时还需要来 	None
战网的问题下载了注册表就直接可以进了吗？有没有其他什么要注意的？ 	None
悬赏···男生乳头怎么缩小？小时候喜欢摸自己的一边的乳头睡觉长大 	None
三点共线怎么证明？已知三角形ABC在平面α外，它的三边所在直线分 	None
怎样修改博客的名称 	None
100分：哪种局域网管理软件能够监控到局域网中其它任何一台电脑正? 	None
求助怎么上属性求个火7、8的方法。知道的告诉下，谢谢。 	None
我想知道成都的立交桥，最好是＂人南立交桥＂有外观，形象，就行．多? 	None
请教四月份五月份什么日子搬家比较好本人属兔,我老公属猴,儿子属龙 	None
<雨说>你想对雨说些什么?求答案&lt;雨说&gt;你想对雨说些 	None
“增えるんじゃない”时增加了还是没有增加？“じゃない”是双重否定? 	None
为什么我的5.1声道的音箱只有主音箱有声音？为什么我的主音箱有声 	None
（1.75	None
段晓飞和张晓厦的成婚率有多高段晓飞和张晓厦可能结婚吗 	None
我是战斧请问我要带什么宝宝OK就好呢？我每次PK就是因为不知道带 	None
用17寸的液晶显示器最佳分辨率1280x1024字有多小？我想买 	None
问题最近我总是感觉心情很不好，有时会为一点小事而闹情绪，我想问一 	None
问一个关于精灵坐骑的问题迅捷霜刃豹买了个多月了现在骑上去觉得不太 	None
请教有经验的姐妹们`宝宝就快4个月了`不知道要先给宝宝添加什么辅 	None
NOKIA1680c用数据线连接电脑还要安装驱动么?为什么电脑提 	None
诺基亚5800和N85都有什么特色？ 	None
八字须，往上翘，说话好像娃娃叫，只洗脸，不梳头，夜行不用灯光照 	None
在2006年12月31日前，理财金账户享受银行管家服务无需缴纳收? 	None
姐妹们！我最后一第月经来的是，8月24，可我不知怀BB到底多久了? 	None
普通银行卡可以网上购物吗？速度，急办理网上银行功能和网上购物功能 	None
标志207r的大眼睛和小丑套的其余4件都在那里刷知道的说一下？？? 	None
请有经验的美女回答？我和老公做爱的时候，白带特别多，有的时候ＪＪ 	None
浑身是奶学姐，国米看0的理由是什么呢？请你告之一二，谢谢。 	None
9月26更新？？？9月26更新，更到什么时间才能进游戏啊？？？？ 	None
玛尼墙是做什么用的藏族的玛尼墙是用来做什么的？ 	None
600113,是向上突破走势吗？？ 	None
降息将使美圆将下跌多少？再有不到3个月，美国可能就要开始降息，如 	None
问百家姓中各姓氏的由来,谁能全列出来哦!在此谢咯! 	None
我在装修新房，电热水器什么牌子的好？我在装修新房，需要买电热水器 	None
８万元左右的私家用车选什么好？着重考虑一下几个方面：１、经济省油? 	None
企事业单位能否购买国债 	None
绿口怪在哪抓啊，两个1层都有网上给的那个坐标，是杰村那边的还是另? 	None
爱问高手真多啊，果然3：1~~~~~~~~厉害，呵呵……老纳佩服 	None
VB问题VB中a(i)和aa(i)都表示什么意思，在什么情况下用 	None
166期两个任8，心酸 	None
有谁知道LX开通电话冲值了吗？？不知道LX有没有开通电话冲值的~ 	None
刻苦读书的成语来几条. 	None
龙精石，帮帮忙我的到了两快石头，可是净化剑只能净化一次，有一块， 	None
妈妈对这个家没什么感情我觉得妈妈对我和爸爸和她兄弟姐妹完全不一样 	None
面对裁员,有什么感想？！今天下午，我知道我明天将要被公司战略裁员 	None
老公打呼噜还跟六个月的孩子睡一起,会有什么影响? 	None
最近新浪爱问知识人无法采纳答案,我的好几个问题都要过期了,真是急? 	None
水果吃多了会不会发胖？我想减肥,他们说吃水果会有效果是真的吗?会 	None
急!急!急!有做爱经验者速进我女友总算答应我和她做爱了!可是我们 	None
狗不喜欢什么气味？怎样不让狗往某些地方撒尿？有什么办法驱离狗，让? 	None
每年都有很多人自杀,学生的比例不在少数,为什么是这样?每所高校都 	None
全势力无双武将加成一览谁有？ 	None
“北京人”是怎样被发现的? 	None
HT20砖回弹仪有时轻轻一碰还没按到底弹击锤就铛一声落下了，在使? 	None
雁门清高有没有苦荞醋？ 	None
格斗格斗大家觉得敏格和攻格哪个好?为什么?&gt;(麻烦详细点) 	None
白天喝茶晚上睡不着怎么办?上午喝茶，午休睡不着。下午喝茶，晚上睡 	None
下个剧本CC势力的武将！！ 	None
什么叫气手枪？与手枪的区别？ 	None
请问专家我？我２５岁了混合偏油性皮肤Ｔ字部位毛孔很粗脸上爱长痘， 	None
幽默出句：微风送远水中月 	None
显示器频繁抖动黑屏本人电脑开机就出现显示器抖动黑屏,显卡风扇都重 	None
英语作文如何学的好 	None
云南哪里好玩？旅游景点有哪些？ 	None
为什么我总是耳朵发烧?我总是无缘无故耳朵发烧,而且常常是一只耳朵 	None
车座下面那根生锈了怎么办 	None
想给孩子的房间装修特别一点，有没有好一点的油漆啊？ 	None
卧龙为什么还上不去有谁上去没呢，怎么到现在还显示维护状态呢？？？ 	None
我是男性，乳头正常情况是内凹的，刺激才能挺起来，这是什么问题。我? 	None
HP1000硒鼓如何拆左?的栓子？ 	None
最近新出什么好看的动漫了热血的 	None
求一篇思想政治的论文要求:写一篇[关于大学生思想道德现状产生原因 	None
过年去女友家怎么拜年？过两天要去女友家拜年！！按我的想法，就是买 	None
最近跟微博上看到个倍润，这谁家的？好用么？ 	None
全自动电脑洗车机用于城市洗车，有市场吗？ 	None
以发表过的文章怎么参加活动我已经发表了文章,怎么参加这个活动啊! 	None
hao123桔子浏览器怎么设置右键百度搜索。 	None
敏妖，求助！关于装备我练一敏妖，希望高手指点我应如何装备为佳？我 	None
成人三级英语提问～：）[5]Englishisusedbymor 	None
家里自来水管发出噪音,怎么回事最近家里的水管经常发出“呜呜... 	None
松江怎样去虹桥枢纽比较方便，乘车和开车 	None
47F+3的帕黎恩魔杖能卖多少钱？ 	None
夏天适合用什么面膜夏天太阳很猛，有时候会晒伤脸部皮肤，还有脸部皮 	None
40级宝藏的问题40级宝藏，有同级奶妈陪练，应该穿全身套还是飞龙 	None
成人本科挂名我现在在的学校的信息管理专业是4年脱产成人本科,挂靠 	None
怎么彩虹骑士不能玩了啊今天是06年11月8号我进入了彩虹骑士这个 	None
“楚河汉界”指的是什么地方？ 	None
铜包钢接地线接头怎么做 	None
瑞典SK战队队员除了fisker还有谁？ 	None
成人高考我要考艺术类的学校。请问数学成绩怎么算？算总成绩里的分吗 	None
长盛动态什么时候卖呢？它在高位拼命增仓，是不是在为别人高位接货呢 	None
我的宝宝是不是正常？？？？？我现在怀孕23周了今天单位体验,B超 	None
解决烦恼的最好办法？ 	None
不作为故意杀人罪的社会危害性以及法律对其规定为犯罪的意义.不作为? 	None
600832东方明珠将启动，是真的吗？有专家给予点评吗？ 	None
房屋贷款时交的房贷险的理赔何时保险公司有理赔责任啊？赔给谁？（我 	None
如何画好钢笔画学了建筑老师让我们每天画一幅钢笔画 	None
我国的社会主义市场经济为什么必须面向世界，扩大开放？ 	None
怎么看快本直播 	None
有很多人认为公务员的工作比较枯燥和轻闲，你是怎么看待这个问题的？ 	None
为什么要把9.18日定为国耻日？9.18事变然到比7.7事变意义 	None
异地恋真得就那摸难吗???我该怎么来处理我这段异地的恋情??大家? 	None
08款君越故障码P0013排气凸轮轴位置执行器电磁阀控制电路（缸? 	None
WX高手进！~~~我是新手！我想问下WX的属性点是怎么加的？？？ 	None
那位大哥看看这个软件是不是真实的？软件大小：961KB软件语言： 	None
姚明成熟了吗 	None
氟罗沙星葡萄糖注射液是否对胎儿有影响请问专家:我是7月3号来的月 	None
更新邮票期数记录失败是怎么回事?为什么我点收集邮票却告诉我更新邮 	None
风信子怎么种?对温度.湿度有什么要求?我第一次种风信子,怎么样才 	None
你好！在08年的时候就有偏右头痛，在那个时候以为是眼引起的，检查? 	None
有关慢性咽炎的治疗与保养我有慢性咽炎很久了了，就是喉咙这里有一粒 	None
地幔是固态还是液态？ 	None
宝宝吃迪巧时注意事项有哪些呀？ 	None
怎样止呕吐现象?男生朋友不知为什么一直呕吐? 	None
老公天天搓麻将，我应该怎么办？我老公现在迷上了麻将，刚昨天信誓旦 	None
陈真副官处的位置说在祖龙城找可是也没找到啊?? 	None
女的脸上为什么也会长胡须啊？可能那个也不能叫做胡须，可是有的人长? 	Potentially
白玫瑰放在红墨水中变色吗 	None
买新楼要到售楼处后直接问售楼员看一样叫销控的本子，请问：“销控”? 	None
求广州好的动画培训机构？想在广州学习动画制作 	None
pdf中内置了音频有没有办法将音频提取出来？ 	None
欧洲旅游有人告诉我，在欧洲里，有时候做飞机比坐火车还便宜，是不是 	None
天天喝统一绿茶真的能减肥吗我天天把统一绿茶当水喝这样成吗能减肥吗 	None
野猪5级冲锋抓什么可以学到? 	None
为什么我输QQ验证码老说我输入错误? 	None
睡觉时被子为什么老是往床下掉？每晚睡觉我都要在地上拣几次被子，有 	None
会计报税日期是多少号之前?会计证什么时候年审?什么是年审? 	None
"为什么我每次买""火炮""是都会显示级别不符的字样呢?怎样的等级才能? "	None
眼睛有炎症，怎么办本来我是滴眼药特别蛰，然后在爱问说是因为眼睛有 	None
幼儿多阅读有什么好处 	None
QQ车音响如何改装我喜欢听流行音乐.比较轻柔的.请指教:最好是指 	None
操作工的面试会问些什么呢? 	None
有谁知道华中师范大学长沙研究院怎么样，我在那里读研究生的话，拿的? 	None
咳嗽咳嗽还是咳嗽，谁有妙招能治幼儿咳嗽 	None
医生，我嘴突下巴短，是否该通过玻尿酸注射下巴改善？医生，我想问我 	None
我该怎么办？又是感情　跟他在一起时间不长，只有一年，同居半年，他 	None
如果你喜欢的女生对你说她有喜欢的人了，或是有男朋友了，你会怎么做? 	None
dvd光碟怎么复制到硬盘?需要下载什么软件?具体怎么操作?谢谢! 	None
为什么网络连接到一半就断了我连接成功后，上一下网，看看一些网页， 	None
CD刻录一张光盘上可以压缩刻录上百首歌，想请教下是怎么刻录的？ 	None
汽车报价２００７年１２月买的长城哈弗现在值多少钱？黑色，车身新， 	None
和女友第一次ML用什么样的体位好呢?>.如题谢谢 	None
支付定单为什么密码提示问题我输入中文不可以啊，怎么办啊我问题回答? 	None
谁能给我推荐个好点的环艺手绘的书 	None
怎样练成12级宠?我想知道12级宠是怎么合成的可不可以1+1=2 	None
解释：睥睨天下 	None
在上海拍外景婚纱咋样？ 	None
日本国土面积多大? 	None
清泉老师000998被套,是做高抛低吸还是离场？清泉老师0009 	None
想找一个笔记本电脑测试软件。买二手笔记本电脑用。 	None
中国政府真的那么懦弱吗?好像强,又好像弱! 	None
爱情和事业，我将如何选择？我喜欢的那个女孩并没有对我的事业有什么 	None
大家有什么好看电影介绍，音乐也行 	None
为什么我的帐号被锁定了因今天上午有事外出了.没能与买家及时交易. 	None
UNESCO是什么国际组织的简称？ 	None
狗狗问题狗狗可以水果的果核吗？ 	None
爱过！伤过！心碎过！还要坚持吗 	None
急!高手快来帮忙!!!我的主板不好插显卡为什么?这比一般的主板小 	None
问一个字的读音竹字头,下面一个厂,厂里面一个像虎似的字这个字念什 	None
html怎么用我想做一个网站的时间日期怎么弄呀? 	None
汉中的朋友说说哪家美发店好　？ 	None
寻找专门清洁宠物耳朵的东东？狗狗耳朵里面好脏、好臭，我想给它买些 	None
32岁的女性个人购买社会养老保险有必要吗？女，32岁，在小厂打过 	None
现在白金（铂金）、黄金的价格（每克人民币），纯粹金条有投资价值吗? 	None
用搜狗输入法输出来的还是字母，怎么办？ 	None
二胡吟古月	None
问一下合肥视力矫正手术怎么样呢？ 	None
有没有什么新出的电影最好是恐怖惊悚类的~跪求 	None
包皮龟头炎是什么原因引起的？我的命为什么这么苦啊，我一直都是非常? 	None
请给我推荐一款面膜我今年26岁，混合皮肤且有轻度红血丝，T区会油 	None
个人好奇心问下一区事件前两天看到一区玛F的沁沁雪事件,纯粹个人好 	None
初二数学题目一个钢筋三脚架长分别为20CM,50CM,60CM, 	None
风云2两厢怎么样？值不值购买？C30怎么样？真是纠结中啊~！家用 	None
巨蟹男有恋母情节么?什么是恋母情节?表现在什么事情上呢? 	None
六个月的孩子怎样促进他的智力发展？ 	None
男人做爱后会洗JJ吗? 	None
小平忘记了今天是星期几，于是他去问O、P、Q三人。O回答：“我也? 	None
601099太平洋近期走势如何 	None
二手车评估05年海南马自达323，1.6手动舒适型，行驶5.8万 	None
精灵寻手打钱问题关于寻手去废墟打钱的说法太不一，有的说用腰弩，有 	None
我要减肥!！！！！！！！！！！！！！！！！！！！我现在178CM 	None
我女朋友求的姻缘签，有大仙可以解答？ 	None
QQ堂刷紫钻外挂 	None
这房能盖吗我在自己承包的土地上建了果园,我想在果园中养猪,搞种养 	None
“道行”hang还是xing？昨天晚上看神探狄人杰，武则天念的道? 	None
房产证是男方父母的，离婚时这财产怎样分割？马上要结婚了，他们家要 	None
[阿谜]请猜四字成语一：主犯辩护未获准。 	None
饮食原料的品质受哪些因素影响 	None
具体如何在网上收听BBC 	None
员工个人交通费、通讯费是否应交个调税我公司每月有补贴员工交通、通 	None
有无人识破解手机嘅图案密码啊？？！求大神帮拖[害羞] 	None
婴儿身上长白色癣怎么回事?我家宝宝3个月,头上长有几块指头大小的 	None
八月十五看龙灯歇后语 	None
请问：大排挡炒螺是用什么配料和怎样炒法？谢了！.请问：大排挡炒螺 	None
离婚时房子怎么分割我想问下，我07年结婚，房子是男方婚前买的并付 	None
在真三国无双3中（PC),怎样拿赤兔马？ 	None
FR价格一只成长3.75，有必杀和连击的FR值多少钱？ 	None
李敏姐你好！我想买瑞纳1.4标配的。7.09万值吗？有啥优缺点谈 	None
白盆的是栀子花，蓝盆的好像叫平安竹，这两盆花要怎么养怎么浇水？栀? 	None
河南理工大学，郑州轻工业学院，郑航哪个大学好？ 	None
资本的有机构成是如何影响着资本的周转速度等其他的资本运行 	None
刚生完孩子20天，总发烧不断，奶里面全是硬块怎么办？头一次当妈妈 	None
猜中国米本次赢几个球的？100分！高兴啊！~利单3，中！~庆祝下 	None
南京易尔灵科技公司怎么样？ 	None
减肥健身我要下载一套很好的有氧健身操，请问哪里有下载地址，谢谢！ 	None
博时稳定价值债券投资基金投资组合有何限制？ 	None
清帮我修改一下珍韩现在是职员了，工作很忙，玩儿时间少了，也不睡懒 	None
吃纳豆对糖尿病人有什么好处吗？ 	None
下半身微胖的女生如何穿衣上身很瘦，但是因为下半身（屁股和大腿微胖 	None
求武器出处,知道就说说越详细越好这武器确实诱惑人啊 	None
仙剑3怎么过壁山那的桥啊，我站上去老说重量不够？？？？？？？？ 	None
全力冰小刀该如何加技能点?我是个菜鸟级的丝路新手,看了网上N多帖 	None
怎么给朋友送礼物，让她能高兴？不知道她喜欢什么，但要是能让她高兴 	None
中超联赛结束之际，将迎来一个前所未有的留洋高峰，你认为下面几位球? 	None
那位大哥帮帮我呀!给我一份冀教版或人教版数学暑假生活的答案(八年 	None
Question	Potentially_Pejorative
"""""你自认无辜被连累了，女性还无辜被杀呢。你让女性谅解你，那又有谁来保证女性的安全？既然都是受害者，你咋不去问责那些连累你的人，来这委屈个鬼。卖惨也得找对地方，“你们女性只是被杀了而已，可没杀人的男性可是被骂了呢！！”"	Potentially
"""""我已经说了，选择并不是“凭努力”和“走捷径”，而更可能是“答应权色交易”和“毁了你的人生”。只有地位权利对等的人才可能拥有平等的，可拒绝的交易，而这一点不可能发生在韦恩斯坦和一个演艺界的nobody身上。不然张紫妍为何选择自杀？"	Potentially
“我们那里有吃蛇肉和田鼠的”“你家是广东的吗？”“啥意思？你地域黑？”“......”我也不知道我是不是地域黑，我只知道在深圳广州这边不止一次两次听不同的人不同年龄的人说湖南女人的事.... 就好比有人说井盖我联想到河南一样，只是听多了而已	Potentially
世界都是被你们这帮看热闹不嫌事大的熊孩子搞臭了。搞什么搞，总以为有人想害你。老实说，企业雇人，靠专业说话。应聘时不想因亚裔受歧视，受命时也不应想着因亚裔受照顾不是？这是一个生命没能过自己那关，跟民族阶级身份有这么关系，这不是无事生非吗？！	Potentially
人家easy不easy也不关你事啊233像个三姑六婆似的，不给人家和你口中的黑奴白皮猪在一起，难不成还和你们这种典型葡萄酸心理还带种族歧视的屌丝在一起啊？要我说，国内优秀的男人也会有很多女生喜欢，这完全就是看个人能力，屌丝就不要意淫了。	Potentially
吃多了撑的没事儿干，每天装最会维权的 人家好心好意抽奖被扣上顶帽子换谁都炸。可能在网上做这些事能让她们带入进生活的获得满足感吧？ 大义凛然，特别有思想的感觉。我是不知道这社会女生受了多大歧视了每天被迫害妄想症。谁来给我说道说道所谓女权是追求哪些权呢？？	Potentially
吐。如果遇到事直接告到大院去讲契约精神，你猜这个剧还剩几分真实？还会有这么热播？还会有人陪你在这儿争论？开玩乐，还南方北方，真够恶心的。再告诉你件事，别自己在江浙沪呆着就自称南方人，在海南人眼里，统称大陆妹，广东以北都是北方人！可笑！	Potentially
哈哈哈哈啥，你这个快笑死我了，拿人家几百年的积累跟我们几十年的发展相比较，这踏马也叫要脸？还有她说的自由民主，我也就呵呵了，你让她去跟信奉基督教的教授讨论基督教到底是耶稣怎么编的，要么你让她跟人讨论黑人跟黄种人和白人比就是爱犯罪，你看她能不能吃饭明天的牢饭	Potentially
哪来的优越感啊？生个混血白娃一堆人夸好看，反过来歧视黑人？？？？？双标这招国人玩的一直很好，女生找黑人引以为耻，男生找黑妞就引以为傲？？？男的找个黑人老婆生的孩子黑不溜秋的都tm上新闻了，也没见人去谴责，	Potentially
大家谁都不想地域黑，可您看新闻上的某些云南人！拦路抢劫、哄抢货车翻车留下的货物。还有前一段拿钱打人家重庆老板的脸，最他妈可气的是你打完人家到把钱给人家呀！又拿回去算什么？还有一些网友回复什么：没求着你们来。这不是火上浇油是什么！我天	Potentially
女权婊，是懒惰，垃圾的代名词，她们想享受富足的物质生活，又不想吃苦，现在多了一个不生小孩，是对国家和社会的不负责！自私自利，而且崇洋媚外！她们没有尊严，没有人格，有的只是被欲望控制的一副皮囊，以及不知所谓的优越感，从来不会想要是他父母不结婚，哪里来的她？	Potentially
如何看待女性在恋爱期间吸男性的血，寄生在男性身体上？什么都是男的在付出，女的只会享受，跟寄生虫一样，如何看待女性左手拿男女平等要好处，右手拿我是女人，你是男人你应该干，这种无耻行为？你告诉我你怎么看？	Potentially
"我认为“黑命贵”是讨要权利最单纯的方法，其效果和农民起义差不多，没有就抢，没有就闹。实在很低级。为什么会出现这种情况呢？说没知识的，我觉得并不算对。很多事儿不是知识，而是经验，历史。黑人没有历史，"""	Potentially
我试想过一种场景，如果我岳父是李嘉诚那种级别的，养育的所有费用都是女方承担，我巴不得孩子跟母性呢，但是现实情况是，你经济上不独立，要这要那，花巨资娶进来，又给彩礼，结果生了孩子你跟我说，随母姓？你特么逗我呢	Potentially
极端女权真的可怕。仿佛跟男性扯上一点关系的女性就是令人作呕、没有思想的工具人。女权并不意味着要去鼓动男女对立，强行剥夺男性人权就是政治正确吧？你要争取平等这个没毛病，但是想把男性都踩到脚底当狗，又去攻击女性，是不是太过于双标？你们极端女权也不是真心想争取所谓权利，只想为所欲为。	Potentially
没素质，问人家传统淑女被性侵了怎么办，小心人家丈夫/父亲/兄弟揍你。这就是你们女权女的尊重女性吗？一切女人谁都像女权女一样贱和骚吗？性侵这种事，基本不可能发生在家教优良的传统淑女身上，不要拿极小概率事件代表常态	Potentially
美国那么乱，尤其是黑人社区，街上就没有混混找怪物的麻烦？那种经常街上打架的混混也从没见找怪物的麻烦。还有那种自成一个黑帮势力的怪物，或者占领一个区的恶魔，也没见和当地人类黑帮有过冲突枪战。拜托这是美国啊！！	Potentially
说的很对，我是女生但是我很赞成你说的。现在很多女生都是打着女权主义的幌子争取高于男性的权利，说什么都是对的，做什么都是应该的，要么就是拿生孩子来说事，我就纳闷了，生不生不都是自己的选择吗？还能逼着硬生?	Potentially
说这句话真有意思…… 这不就是说河南人偷井盖，东北人都是社会人，黑人都比较懒，……。你可以说是大概率事件，但是每个地方教育环境不一样，每个人也不一样，所以我认为你说的太片面，美国的老师也是这样？	Potentially
谁也没说山东话不好，你也太敏感了吧，另外会说山东话就要自豪咋的，还说人家蛮夷，你这不是地域黑？人家只是要想说好普通话而已，你就上纲上线还扯到地区荣誉感了，可真是逗。而且你山东人你骄傲但是贬低别人蛮夷真的好么？	Potentially
还是看证据吧，现在很多人就是趁着运动泼脏水，也有人放大了自己的感受。本来性骚扰的定义，主观感受占了很大一部分。你以为自己说了个笑话，人家觉得你就是性骚扰了呢。如果女性说你性骚扰，作为男性能有多大的辩解空间呢？！几乎为零。因为大众心理上认为男性强势，男性就是喜欢骚扰女性的。	Potentially
这个民政局就在我家附近，谁特么说的广西女性地位低，这只是个例好吗，这种事我也特少见。像山东等北方一些地方结婚闹伴娘，婚礼猥亵女性，恶俗婚礼，新娘和公公亲嘴，恶心得一逼，这就是尊重女性？我们两广可不会发生这些事。	Potentially
高吗？白人认为黑人就只能当奴隶，是黑人一步步流着血才慢慢争取了一点点微薄的权利，白人的国家先天就排除黑人，只能在社会最底层，除了极少数，绝大多数人上升通道早被堵死了，黑人的唯一出路就是回到非洲大地，	Potentially
"""一种是用似是而非的话术配合女拳的特权要求，比如""""xxx的还算男人？""""，""""赚钱养家，貌美如花""""。本质上是""""高情商舔狗""""。一种是用早就被批判烂的封建话术搞极端，""""女子无才便是德""""，"""	Potentially
404了，顺便回一句山东搞这种操作也不是一两次了，几乎是次次都是，有本事就自己做好自己。我们不是山东的这么看是不了解，山东的这么看怎么说？你把自己该做的没做好却怪别人去说你没做好？地域黑？你次次这样怪我们地域黑？	Potentially
chink这个词是英语中公认的不分语境的种族歧视词语。不分语境，懂吗？就是不管你在什么情况下说出这个词，就是种族歧视。不管你是开玩笑，打趣，和人斗嘴，还是对骂。还把这个词和日本鬼子相提并论？！	Potentially
不是针对所有印度人，但是有一天在地铁上被一个印度人熏的，感觉这辈子都没闻过这么恶心的味，当时脑袋就开始疼，香水混着汗水？好像还有点别的，要知道我当年可是坐在没发酵好的鸡粪堆上吃过饭的选手。。。。	Potentially
中国人被敌视和黑人被歧视的理由根本不一样，大部分中国人在外面老老实实的还是被歧视。但其实大部分白人之类的对我们的歧视对正常人根本产生不了伤害，谁会把一群傻逼的想法当真？反正我们又不在他们的国家。	Potentially
之前--明明每个地方都有好人坏人，为什么总说我们的不是啊，明明我没有干过这些事情，为什么我要承担骂名？大家理性客观一点不好吗？[小情绪] 现在--你说得对，我们东北人均黑社会，来信砍，芜湖！[开心]	Potentially
人性自私到极点，留学生不回国，无家无归，等死吗？这帮人当初歧视武汉人，歧视湖北人，现在又开始歧视留学生。 媒体带节奏也是很厉害，动不动发一些不守规矩的人，然后带节奏不希望别人回来。 在英国喝意大利留学的人，就活该去死吗？？？	Potentially
你可以假装高贵也请你别打着谁谁谁的名义叽叽歪歪，笑死了我什么时候打着柚子名义惹是生非，打着为国拉cp惹事生非的谁啊？与人为善也要对方是良善之辈或者有智慧的，比如那种只会拉偏架的国籍粉，省省吧，少写cp文，少在比赛后没上领奖台和北美粉背后黑人就谢谢了	Potentially
你呀 别给你们东北人招黑了都二十一世纪了还在那bb动手动手的 只会让人觉得你们东北人只发育了四肢没发育大脑 这年头打架的成本多高没想过？能讲道理解决的事情你去动手？警察干嘛的 ？中国法律干嘛的？	Potentially
你的逻辑也是提神，同性恋乱搞是因为社会压迫？？不压迫就不乱搞了？是因为歧视所以乱搞还是因为乱搞所以被大家歧视搞清楚。怎么跟软美国黑人一样，不从自己身上找原因，有点被歧视就开始打砸抢等着被尊重？	Potentially
其实武汉养起来对整个湖北都是好事，但是武汉起来后，却没有带动整个湖北，要不然为什么湖北人大多数都不喜欢武汉呢？毕竟武汉的发展分走了湖北其他地区的大部分发展机会，不过有一说一武汉好人也挺多的，也不缺臭流氓，教育大省，都是给别的省培养人才了	Potentially
切，啥城市？带上海节奏？十年前马路就没上海人了没必要这么阴阳怪气。CBA外援泰劳森在星巴克骂人也没见被打啊，新冠高峰期间插队的那个黑人呢？说到底不还是整个黄种人群最近50年根本就没打过这种跨人种翻身仗么。	Potentially
北京不也是一副看不起外地人？我北上广深还有其他很多二线城市都去过，别的地方像什么飞机火车的态度不差，几次遇到北京的，问问题以一副鄙视的态度看着，还有一次检查我证件我走不远明显听到那个女的说土包子，而广东的好很多。	Potentially
可是，我的主要意思是你们黑人女人我根本都不能将之与雌性人类联想起来啊。每个人作为一个个体，接触范围之外就已经跟火星差不多了，微博？那还是人吗？一个个发言的账号而已，黑鬼，白皮，猴子，棒子，小鬼子，大毛子？别伤了你这个小xx的心哟。	Potentially
哟，台湾来的1450？？哥们输入法都忘记换了。你说你也真是，天天来“言论不自由”的地方跟我们吵架，吵半天，你也是一个月一万多点新台币。就挣这么点钱，你还这么卖命，图什么呢？升迁？可能嘛？听我的，混混就完事了。	Potentially
四五千块钱能解决的事，三万+每年资料费水电费一两千，将近十倍的价格，还不让人说天价？ 您家里有钱，河北人均两万五，您一年挣二百五十万，您天天吃三十块钱一斤的面粉大米和五百块钱一斤的猪肉，平价商品都入不了您的法眼	Potentially
在上海学校里都是贴的不让说上海话，你说为什么？很多本地的小孩子都不会上海话了，更别提影响。别人家说本地话是热爱自己家的文化，上海人说本地话就是排外，总是能从各种地方说上海的不好，到底我们上海哪里惹你们了？	Potentially
在美国工作的表示在意，很在意，你的口音有时候直接决定了你能不能拿到offer。答主说的表达清楚，这个清楚其实从某种角度就是要求没有很重的外国口音了。比如答主会觉得印度人说英语清楚吗？不会。 英国更是你的口音直接决定了你的社会阶层。	Potentially
奇怪了，黑人问题在我国又不是历史遗留问题，为什么五毛党还要收美爹的钱，说中国人歧视黑人？[捂脸][捂脸]再说了，除了媚外女，也没有正常女人会跟黑人在一起吧，学校读研的一学妹，也跟我说过黑人体味大，不想跟他们坐同一个电梯，	Potentially
对，我就是特别讨厌广东人的那种莫名其妙的优越感，大学有一段时间三个室友都讲粤语，特别恶心人，还当着面讲坏话，以为听不懂，还老是讲什么古汉语就是粤语啦差一票啦这些瞎编的鬼话？这就是我反感粤语的原因	Potentially
就你这种没逻辑，光会动嘴皮子的爱国有毛用啊，除了会骂人会喷还有什么能力？上海不比你京津冀差吧，多少日本料理被砸？就你还谈素质？你看不到就不存在了？ 也别回复了，继续活在你自以为是爱国的yy里。	Potentially
平均相貌知乎就有谢谢，东南亚人是高颧骨但岭南人不是，华东人同样也是低颧骨，但华北人是高颧骨，您在这觉得华北人是汉人主体还是华东人是汉人主体？北方蒙古、鲜卑带来的高颧骨被你扣到岭南人身上且不论，被外族血统入侵过的华北你拿来当汉人正统岂不可笑？	Potentially
很正常的。非裔的确受到巨大苦难和压迫，南美也是。但是看看亚裔。大部分是利己主义。近一点的去韩日，远一点的去欧美。这种跑到别人地方去摘果子的到哪里都不受欢迎。还记得那个微博千万粉和志林齐名的网红吗?	Potentially
您在知乎上问这个问题，显然是得不到真实的答案的。就像这个问题下大部分回答都是支持学方言的一样。那些看不起外地人的上海人他们会上知乎来回答您吗？就算有一位上海人过来告诉您他不会因为口音问题看不起苏北人，就能证明我之前说的都是谎言，都是不存在的事情吗？	Potentially
我也是不懂你的脑回路 爱因斯坦种族歧视中国 你还要找中国人也种族歧视黑人来给他开脱？ 结合现在名人有污点就一棒打死的风潮，我看一棒打死爱因斯坦也可以，反正他已经死了，但歧视中国的言论却一直在世界上散播着	Potentially
我们出国留学有这种待遇吗？凭什么把超国民待遇给非洲人？非洲是人类文明的发源地，可非洲人干成过什么事？中国人搞出了四大发明，欧洲人发现了新大陆，非洲人学会了上树摘果子吃？ 我就是看不起黑人，民族主义无罪	Potentially
我们宿舍一个抽烟的河南人被我我和另一个舍友一起赶出去了，那个河南人还在那装逼：我抽烟你能把我怎的？说句不好听的，穷山恶水出xx，我不喜欢地域黑，不喜欢开地图炮，但是有些老鼠屎就是喜欢给自己地方的人招黑，那我也没办法是吧	Potentially
我刚开始看到她们说什么反对，我是不反感的，但是后面文案变得越来越多，那些莫名其妙的，上来就直接骂黑人的，我就疑惑了，哪群黑人说要娶你们这群跟风鬼啊？？？还有什么说什么会保护中国女孩的，就冲你这智商，保护个大头鬼哦	Potentially
我又不是台湾人，我自卑个毛线。我建议小编在写文章的时候谨慎一点，尽量别用略带歧义或者歧视的称呼，怎么你就接受不了了？说实话，你爱怎么称呼别人跟我一点关系都没有。你爱叫大陆妹就叫大陆妹，你爱叫台妹就叫台妹，你对着黑人叫尼格跟我都没关系。	Potentially
我回你三条，你回我六条，谁激动自己去想。这男生家再有钱还能有钱过海底捞？再会带节奏赶得上海底捞专业团队？那海底捞洗白杂效果不如这个男孩好呢？能甘愿当八年备胎的偏执狂，突然脑子已转杀人，你不信不要紧 反正有的是人信了。	Potentially
我当时在B 站里被推荐到这个视频时，说真的，我被恶心到了。你说人家越南人印度人盲目乐观也就罢了，你说你一个中国人还专门做一个视频说越南未来可期，是不是在越南有好多房产没法转手，想在网上忽悠几个接盘侠去接越南房地产的盘？	Potentially
我觉得其实人美国歧视黑人是有道理的，假如你身边有个惯偷，你丢东西是不是第一就想到他？黑人那么懒，犯罪率那么高，你说警察能对黑人友好么，换谁谁不讨厌黑人啊。别说美国人了，有个黑人要租我的房子，	Potentially
无产阶级还是什么样？我们和黑人都是无产阶级，无产阶级并不高尚也不低贱。它只是一个阶级统称，你有资产，你无论很么样的人都是资产阶级。你没有你就是无产。在清朝，外国人是怎么形容中国人的？小偷没有诚信，懒，吸大烟等等。	Potentially
是不是只要我承认我没有受过高等教育，我没有素质就能为所欲为了？ 要是这么说，我还能说歧视黑人的白人一大部分是没有受过高等教育，没有素质的白人小混混，所以black lives matter就是黑人自卑，应该反思，你觉得如何呀	Potentially
是你们男的对善良，随和，脚踏实地有误解吧？我相亲过一个对象，口口声声说自己善良温和，吃饭的时候隔壁桌小女孩父母不在找我们说话，他一副厌恶得要死的样子，女孩走后还给我来句最讨厌小孩了，我内心黑人问号，这叫善良随和？？？	Potentially
是真的，我觉得这个没什么好玻璃心的，为什么同样是穷，屎盆子都往河南身上扣，而普遍都觉得四川人肯做，吃苦。是有原因的。都是邻居省份，怎么没人说河北？ 河南人要自己去总结，不要一下子又说地域黑	Potentially
有一个外省的同学，到这边来上学，就跟人学会了这些词，一次见了我，我很热情跟他打招呼，结果他上来就是一句，哈麻批！我？？？？？？真的觉得很恶心，可能他自己觉得这就是打招呼的方式，但是作为一个四川人来说，这些话真的很脏！	Potentially
服了，还有人在不同种族间谈大环境，智商不在线啊老哥。按你的说法，数个世纪前受到白人主导的世界歧视的黑人印第安人都是没能力？白人不喜欢的种族都是没能力？受打压都是活该？这不是社会达尔文吗？这种连你白爹都不喜欢不敢承认的东西在你这儿就正常了？不孝啊	Potentially
河南养一所211也是和人家一样的水平。还有只有一所211的省也不少，遭遇比河南差的也不少，从来只见河南人抱怨，是因为你们比较能叫？我不歧视河南人。 这是谁说的话？这会又不承认了？自己不发声怪别人发声？	Potentially
真特么窝火，我们外来人员在北京就这待遇，首都人民就这素质，咱先不谈论谁的过错，就打人这块司机真做的太过了，打了就打了，都打不还手了还不饶人。要是换作我 我特么歇烂你，草。北京人是人我们外来人就不是人了？这视频看的真尼玛窝火。	Potentially
真的，男权癌特别会树立假想敌，又或者是他们其实就是找个理由来喷一下。只要涉及到女性利益的东西，就要有人要说女权癌怎么还不来，田园女权马上到达战场什么的。人还没来，就先喷一下，显得自己技高一筹？中国的男人真的被五千年男权教育费得太幼稚可笑了	Potentially
社会评价等同于什么？我是在说你拿什么社会评价压人纯属荒诞至极啊。这个东西显然就不具有什么合理性。不强制人家看不惯？白人也看不惯黑人，欧美人也看不惯华人，是不是都是他们的权利了？日本人喊你支那猪也没必要强制人家看不惯咯？歧视有什么可洗地的？	Potentially
第一，你怎么知到詹姆斯这些美国精英权贵大批参与进来就不是别有用心呢？就不是借着黑命贵这个轰轰烈烈的运动来谋夺利益？还是你认为资本家是好人，愿意为了爱与正义奉献自己？第二，关于有些人眼里只有阶级，	Potentially
终于说到点子上了，真说黄女受不受欢迎，看金字塔的外国人不就知道了吗？底层根本是来者不拒，上层就反过来了，是女的舔上去了，结果功名成就的黑人足球明星，NBA黑人，好莱坞明星，都是找白人美女去的。	Potentially
美国警察上个世纪吊死黑人，和白人一起对黑人富人区进攻抢劫屠杀，这个世纪把黑人被吊死判定为自杀，枪杀黑人儿童，压喉黑人青年，各种直接当场击毙黑人，还要觉得美国警察没问题？黑人为什么犯罪率高，很简单啊，	Potentially
言论自由可不包括“侮辱别人的自由”，这个视频显然是在侮辱。如果有个反河南人宣传片，列举河南人偷井盖的种种案例，是不是歧视河南人？我做一个反黑人宣传片，是不是歧视黑人？结果到了同性恋身上，就可以肆意侮辱，然后美其名曰言论自由。很强。	Potentially
这叫性别歧视？资本家只关注谁能带来更多利益，女人最多可以当男人用，而男人可以当畜牲用，既然如此，为什呢不招男人，你居然能把资本问题理解为性别歧视，我还说为什么工地全都是男人，是在歧视女性呢，为什么不让你人去工地呢，	Potentially
那为什么黑人这么贫穷呢？还不式因为人种智商低下？黑人也就只能打打球唱唱歌，让搞研究不行的，智商太差。华人劳工几十上百年前不也穷的要死，还受歧视，比黑人素美国晚得多，华人穷吗？人均收入高于白人	Potentially
黄种人的确身材体力相对较差啊。黑人皮肤那样、黄种人尤其越靠近热带的越矮小、北方人高北欧人高. 白人面部轮廓更立体有棱角......为什么非要强行讲虚伪的政治正确（大家都一样，不要歧视分类啦）承认现实别假装眼瞎不好吗？	Potentially
黑人犯罪率高所以被歧视，你觉得没有问题。 专科被歧视，跟学位服有什么关系？ 你把所有的错误都归到专科这个身份上， 专科没学位证不应该穿学士服怎么就成了歧视？ 没有驾照的黑人驾驶机动车被抓算歧视吗？	Potentially
黑人被歧视没有怪罪非洲老家的国家如何落后 只是团结一心上街游行来争取平权 争取不被歧视 怎么到了这帮香蕉人这里就只会转头怪中国呢？ 我觉得楼主说的一点没错 自己窝里斗不适应美国国情不团结呐喊争取小团体利益 反而觉得是被中国拖累 这帮人死不足惜	Potentially
？虽然我不是东北人，但我真的忍不住想问一句，这和东北有啥关系啊？说着这人这事，突然就讲到地名，我知道你说这个没有地域黑和隐含“东北人就是如此”这样的意思，也许只是随口一提，不过我觉得本身讨论的时候哪怕只是说到地名，这就已经带有一种倾向了	Potentially
"""去过香港。。你们能想象吗，刚通关，刚上去旺角的地铁刚坐下，就被一香港婆鄙视+排斥了。。就因为我背着书包转过去跟同学说话的时候擦着她了。。。特么简直无语了，香港那人傲慢的，歧视\""""北妹\""""的本地人到底是拿着什么资本在歧视排斥大陆？？"""	Potentially
一:对新疆少数民族的歧视早就有了 不是这十几年才出现的 二:谁砍人？谁放火？谁住店考学？你的省份一个人犯罪全省人背锅？你省没有罪犯？ 三:我是不是汉族我自己清楚，你信不信是你自己的事情，我就算晒出身份证来你也一样能说不是我的	Potentially
一个戾气满满的人在网上找存在感，现在又装佛系，你是个什么样的人自己没点逼数吗？想挑动别人生气，但是你未免太把自己当回事了，打个哈哈就是心态好了？东北人素质被你这种人拉低了一大截。看你回复的时间都是半夜三更，真不怕猝死吗？	Potentially
一边打着旗号，一边打压亚裔，鱼和熊掌真想都拿？表里不一被拿出来，被骂也活该。在自身没犯错情况下，被人歧视，难道还需要去反思自身不是黑？别犯傻了，做错了就的挨着，无论是哪个国家，哪个学校，只要有歧视，就的骂，洗什么白	Potentially
不应该拿到大庭广众之下，自家的一亩三分地，，，，我想问问北京体育卫视不算是大庭广众之下吗？如果他的解说风格一向如此，不知道各位北京球迷如何听的下去。这种毫无遮拦素质低下的解说拿马扎坐在我家楼下胡咧咧我都听了恶心	Potentially
亚裔和非洲裔遭受的歧视相比简直太轻了。你要知道黑人在上世纪80年代很多人还没有资格进入学校上学，亚裔有被这样对待吗？？你要知道黑人在上世纪60年代公交车上都要强行给白人让座，而且是法律规定的，	Potentially
以前十五岁去北海旅游，出租车司机问我跟我妹是哪里人，我们说河南人，然后他就说你们河南人都是骗子巴拉巴拉的，exm？我们骗你了吗？ 然后拉着我们绕了一大圈才回到宾馆，呵呵，你们北海人还真实在。	Potentially
你是天真呢还是太过天真呢？有没有听说过反客为主的典故？某些瑞典人到了广西，除了搞传销，把广西人的宽容大度不排外当做傻在，还想后来居上，也就是全面的吧原本是当地的人甚至是风俗习惯文化等等全部压倒。	Potentially
你没有说她是正确的，那之前说的她做的挺好、没有需要道歉和辩解的地方.. 是谁说的？说白了，无论男女，还是别的群体，攻击一整个群体就不太恰当。就比如在这场合，说了河南人都爱偷井盖，你还不允许河南人不开心？感觉冒犯？感觉冒犯就是对号入座爱偷井盖的？	Potentially
你这完全是偷换概念，如果人的家园毁灭了，去一个只有狗的地方，人会考虑狗的感受吗？就连白人刚去美洲的时候都奴役了黑人那么多年，黑人强大了才反抗成功，同种族之间尚且如此，何况我们在汽车上眼中不就是缩小的蝼蚁？	Potentially
其实大家连方向都搞错了，为什么要去调查黑人在中国怎么样？来找出讨厌黑人的理由？他脚下踩的土地是中国人民共和国的土地，我讨厌你需要理由？我不喜欢你来需要理由？就像我自己家让谁进屋不让谁进屋，	Potentially
别在意!说明我们河南人还有进步空间，还有自省的机会，而“歧视”一般都是对方尚未成熟的包容心，河南人，要好好给自己撑脸面，给河南人长志气，因为你的努力进步和别人对你的态度没有直接关系，因为嫌弃所以远离，因为嫌弃，我们奋起直追，知耻而后勇不是吗？	Potentially
古代那是为了信仰而做的。啥叫无聊事？那是因为你活在21世纪盛行无神论的中国，无法理解而已。 古代这么搞可是有信仰做支撑的。信仰能让人干出很多不可思议的事情。譬如能让绿教的人前赴后继开自爆车，能让印度人心甘情愿做贱民而不去反抗	Potentially
呵呵，一开始看答案真的觉得这人不错很真实，没有诋毁过你什么，但是你说河南偷井盖什么意思？地域黑真恶心，嗯不骂人但还是要说一句，你真辣鸡，为我早上还特意看了你写的回答感到恶心 哦补充一句地域黑的败类渣渣们，祝你们原地爆炸	Potentially
咄咄怪事，暴力抗议打砸抢时候谁把弗洛伊德当英雄了？弗洛伊德被压死时候口鼻流涕哀声求饶，像英雄么？看似正确却实际上是顾左右而言他。底层黑人为什么这次愤怒的这么猛烈，不就是因为求饶都不管用了么？	Potentially
好家伙 外地人直接成黑人了 ？尊贵的上海白人这是受了多大的委屈？ 真要这样 贴吧上海吧的人不得全被起诉种族歧视？ 外地人也没叫上海本地人不说上海话吧？但是，起码的交流要求说都能听得懂得普通话有什么问题呢	Potentially
对对对，不是你们干的，是我们汉人干的。那我想收新疆等一些边疆地区在那个时代也都是我们汉人自己的功绩，跟你们大清弟国真的没关系啊。一个杀人犯拿刀杀了人，跟警察说，是刀杀的，你们为什么来抓我呢？[好奇][好奇]到底是为什么呢？？！！	Potentially
屁股决定脑袋。善恶那一套道德本就是人类虚构的。对待外星人还要用虚伪的漂亮？怕不是嫌弃死的慢。狼吃羊无关乎善恶。就像片中外星人所为。烧杀抢掠你还要给他提供最好的场所莫非是秀逗了？广州的黑人无恶不作你说什么政治正确不要歧视。大概是因为他没有强奸你的老婆。	Potentially
当今国人确实有“崇白恶黑”之嫌，但你要说种族歧视就过了，中国又没有奴役黑人和种族灭绝的历史，你们白人自己的屎盆子干嘛扣我们头上？你们自己反思就反思，别硬扯着别人跟你一块谢罪，我们又没搞过殖民掠夺，有个屁的民族负罪感。	Potentially
当然是暴力能够取胜，没有国家暴力保护他的权力，他哪儿有什么尊严？早被南方种族主义者打死了，所以这就是个白人弄得洗白电影，事实上当年的情况比电影艰难的多，这都是美化过的虚构故事，跟黑豹一样是用来催眠黑人的东西。	Potentially
恶心的是某晗一边靠貌美人设赚钱一边强调自己是个北京纯爷们:)这不就是当代的当了婊子还立牌坊吗？以及 在鹿晗身上是没办法感受到网络暴力的~因为lwjj都替他把别人揍趴下啦(*ˉ︶ˉ*)大家怕怕的哪还轮得到呀	Potentially
您也算是有一定社会地位，并且受教育程度不低吧？怎么就看不懂一个电影呢？谁不知道黄种人在国外普遍不受待见？电影里说的是中国的国际政治地位，不是说中国人的国际社会地位，如果你是真没搞懂这点，有点假吧？	Potentially
我一个天津人都看不下去了！不能正视自己城市的形象，又不知道改进，提点意见就说人家是蓝印户口，蓝印户口怎么了！花你家钱买房了？有本事也去外地搞个蓝印试试啊！人家瞧不上天津和天津人，难道不是因为没素质的人太多么？这里面包不包括自己都好好想想。	Potentially
我既然提倡弱肉强食，我就不会抱怨别人吃我的时候，我会喊冤枉，他欺压百姓，买卖人口？他是黑社会，当时这样的社会谁比谁干净？能活下去就不错了，再说日本人对自己人民都当炮灰，就别说什么713部队，还有把台湾原住民当作动物一样来圈养	Potentially
我昨天看到个上海人瞧不起外地人的问题 有个回答说是到成都来玩遇到两个上海人在说话 内容大概是说成都农村 然后评论清一色骂成都的 我都无语了 所有人都揪着成都人瞧不起四川其他地方的 成都自吹一线城市 我就？？？？	Potentially
我觉得中国这样是对的。美国式的政治正确有害无益。中国人的是非观很简单，做得好就得夸，做得不好就得批评，直到你改正为止。中国不也是被骂被歧视一步步走过来的？东亚不都是？非要像美国人一样，黑人都觉得自己没问题，	Potentially
我这往外延伸几点哈 1.种族歧视是一个世界级现象（本人会歧视黑人 ），不知道您是保持一个怎样的态度? 2.漂亮国想要实现的理想国不可能也不应该是这个时代的产物。 3.凡事有因必有果，有果必有因；不值得。	Potentially
所以你到底明不明白“歧视”这个词是什么意思？大部分黑色大哥不符合我们的审美，这有问题吗？但是如果你要说，黑人都不好看，我第一个表示反对。哈莉贝瑞知道吗？为数不多的让我很感兴趣的黑人女明星。欧美人如果表示：很多亚裔不好看。	Potentially
有些事呢，有理就是有理，不在于声高，我觉得你这位西北“汉人”还是琢磨琢磨为啥民族主义这种本来应该丢掉的东西呼声越来越高吧，舆论一直在打压都压不住，哪天上去个不打压的对你们来说会不会很可怕？	Potentially
本质是因为黑人在中国就类似于物种入侵，中国仍有大部分人无法获得性资源等等，但黑人就因为是黑人，这些信手沾来。努力搬砖也抵不过一个黑人的身份，你告诉我，这怎样才能做到不嫉妒？每个阵容都为自己那个阵容而争取利益，	Potentially
极端一点，清教徒白人至上主义里面，除了白人是人其他都不是人，何来歧视？你都不是人，没有“人籍”，你怎么会在底端。上面说黑人奴隶制时期，白人男性与女黑奴性关系比较普遍，我提供一个这样的视角，	Potentially
枪击案吸毒也得看什么情况吧 不能一味总结于人品不好 感觉你们都是白人区温室长大的孩子 在黑人区玩个枪打死个人吸毒贩毒很常见啊：）你潜台词就是要尊重农村和黑人的传统文化，校园暴力和吸毒的明星要大力追捧。真恶心农村人的这种逆向歧视?	Potentially
正能量？你是想让我们欺骗你吗？那好吧，我告诉你，嫁给你男朋友吧，你男朋友真的很棒，加油，傻逼，只是以后过的惨的话，千万不要抱怨，因为你要知道傻逼活该活的惨。有时候真的蛮理解为什么中国重男轻女的，可能就是怕生你这样喜欢扶贫的女儿吧	Potentially
美国人歧视美国人？也有他人种歧视黄种人的成分吧。也许是因为在澳洲汤斯维尔到布里斯班，或者美国芝加哥机场买快餐被不同待遇过，始终觉得如果美国亚裔像美国黑人一样强硬，或许我们也会好过点。所以其实也是为了自己不是吗？	Potentially
讨厌河南人的人 麻烦提高自己见识度和包容度 捕风捉影和断章取义不能让你变得很厉害 那如果这样 是不是北京人见到谁都问吃了没 山东人都爱开挖掘机 江苏人都爱做五三 东北人一言不合就啃大蒜 新疆人天天拎着大刀在街上走 蒙古的同学是不是天天住蒙古包 嗯？其实谁也不用心比天高 目下无尘 。	Potentially
说的好，看看以前拿奖都是表现中国人的麻木不仁，愚昧落后后，原始野蛮的片子，洋大人们活在天堂不也有种族歧视，一个大国要崛起需要配得上这个大国的自信，如果你自己都觉得自己国家是个垃圾？人家洋大人还会把你当回事？	Potentially
请在美国电视节目上虚构一下种族歧视情节，甚至都不需要您虚构，直接说美国黑人犯罪率就是比其他人种高这种实话。试试民主的美利坚会不会禁播！你在电视节目里伤害12.4%的美国人民感情就会被禁播，在中国伤害90%以上的汉族人感情还不能禁播你了？	Potentially
这些人，港台的这帮二傻子多像拯救姜戈里那个黑人管家啊？充其量也只是洋大人养的一条狗，自己身子板站不直还觉得自己比同胞地位高。殊不知现在大部分国人真的站起来了，他们还是一副奴才样，我感觉白人歧视的就是他们这种腰杆子挺不直的傻叉。	Potentially
难道现在攻击回国人员的不是以偏概全，用个例抨击全局吗？ 曾经攻击出省的湖北人民不是以偏概全，用个例抨击全局吗？ 这种因为个例攻击一个群体的暴力和作恶不制止，你以为下一轮，下下轮，不会轮到你这个群体？	Potentially
首先区分偏见和歧视好么。访谈说你不喜欢黑人是偏见，在访谈时说不喜欢那些“死黑鬼”是歧视了，你试试在美国的访谈节目这样说会不会被黑人打？被杀死都不奇怪吧。你要说玩dnf都是宅没人会说什么，但是死肥宅。。这不是骂人吗？还有节目组估计也是吸引眼球故意没剪这段的。	Potentially
Y老师邪论多了去了，但是这篇说实话有点道理的啊，不明白一群女的在这喷个什么劲？han这个称呼可真不是什么好听的话，max演员也确实是犹太人。[思考]动动脑子，全剧各人种都有，非要选个又矮又丑的性无能代表亚裔，还不明显吗？	Potentially
不好意思，事实是我作为东北人，根本没看见过这种情况？你是在段子上看的，就拿在这来说？东北人引以为豪你在哪里看见？这边人好热闹，把这作为调侃自娱自乐，你也黑？还有犯罪率高？你拿出数据来。口说无凭吧。	Potentially
不好的回忆，有几次玩的时候碰到几个东北人，满嘴脏话，还杀队友，真的无语。你说东北玩游戏的是不是都这样，我这算地域黑麽？反正我反感这种开着语音，还满嘴脏话的东北玩家，so碰到这样的东北口音，第一反应就是屏蔽	Potentially
不是很明白评论区里那个“海盗”是什么逻辑。一边说东北人只能听的进好话，落后是有原因的，一边又说这些都是事实，哪一点是他故意黑的。我就？？？？难道落后就是他黑东北的理由？？逻辑大师？偷换概念？哇哦[赞][赞]	Potentially
为什么中国现在才有个华为这么牛的公司呢?发展教育是需要时间的。。。。。马丁路德金到现在才多少年，美国依然歧视黑人，黑人有机会受高等教育才多少年呢，而且中国现在寒门出贵子都这么难，更何况资本国家的美国，他们那些从棉花地里出来的黑人，能给后代什么教育培养呢?	Potentially
他们真是搞笑，以为所有人都像他们一样能吸收紫外线吗！下次遇到这种情况你就先反问一句，你是歧视华人吗？我们华人在大太阳下打伞只是为了保护我们的皮肤，我们本来就是这种肤色，为什么要晒黑，你们是不是歧视我们黄种人？	Potentially
作者对自己女性同胞都不友好，怎么让别人同等对待……你这么义愤填膺，你敢像黑人啊人那样维护自己种族吗？都是码字上很厉害 ，黑人受歧视才是最多的，但是人家用实力和自己种族几十年的努力，证明自己的人更多～这个世界，不管哪里，	Potentially
你“单纯”觉得黑人不好看？那你还和我辩论什么？你这种主观的回答我跟你说再多你也不能理解我想法。你在那种环境下也会选白人？你有了解过在战乱瘟疫中生存的黑人是什么样的吗？你随便百度一下我肯定你会改变想法( ͡° ͜ʖ ͡°)✧	Potentially
你想说什么呢?在事实面前你又能说什么呢?为什么大家对上海堡垒冷嘲热讽。为什么大家对这电影票房崩盘拍手称快。还不是因为这些人天天拿垃圾出来忽悠人。脸都是自己挣的。既然他们不要脸被骂就是应该的。	Potentially
你看看参加各个大联盟里有钱人家出身的有几个？中产阶级出身的就没几个。亚裔本身的教育就这样，你怎么不看看亚裔从政的都没几个？还有人工选择过的非洲人身体是强啊，你要是把东亚人也这样人工筛选过一样强啊。	Potentially
你自己贴标签，还一副我没有，我说的是事实的样子，你是哪里人？我能说你那里的人都不好，中国应该把你这种人还有你家乡分离出去吗，你开心吗？你自己给河南扣帽子，还要不要脸的说我说的是事实。说出你是哪里人，看看大家能说出多少你家乡作出的恶心事。	Potentially
你觉得美国不好，那是因为你在美国没房，没工作，没国籍。 就像你随便抓个硬盘也会说，上海有啥好的，吃的贵住的贵还看不起外地人，还不如我的家乡XXX，上海这种垃圾地方只能吃啥海鲜全TM是寄生虫，不放辣椒那菜能吃？	Potentially
咱们捋一捋啊，这个英勇的卫士用自己的贵命保卫了什么？在拿枪对着他的 的面前作死的权利？最开始让人们掀起黑命贵运动的那个事件里， 的枪套上有那个被打死的黑人的指纹，如果不是灯塔国办案有问题的话，那打死他不是活该吗？	Potentially
如果故事是真的就两部分信息还有用，一，有的人啊，真的不注重感情，重现实。二，可能你们全家家产凑凑能有1000万？女朋友外地可能100，200万？你还是老北京概念太瞧不起外地人了，当年结婚也太害姑娘了。肯定一直有一种无限的优越感。	Potentially
家长群讨论喝酒，合适吗，还有为什么标题要强调是女博士，广西这么歧视女性？讨论喝酒可以私下拉群，爱怎么吹牛没人管，家长群是讨论孩子学习的地方，不应该讨论这些私人话题，而且标题起的很有倾向性，题主三观不正	Potentially
思维定式能跟跟歧视划等号?一个人在中国走着，前面有个人蹲地上，你上去用中文问路，结果对方白了你一眼，你歧视我这个白人！我举报你！你去医院打针，捂着眼睛说小姐轻点，对方是个男的打了你一巴掌，你歧视男性，	Potentially
我严重不同意楼主对于种族歧视的概念界定。两个人之间，比如我和你之间尚且可能互相看不惯呢，更何况是两个种族？两个种族嘛，衣食住行、文化各方面都不一样，互相看不上，这很正常。能说我看着印度人用手抓饭吃感到恶心，	Potentially
我没礼貌？1.黑人和美国历史上没有过奴隶主和奴隶的关系吗？2.不懂b数什么意思请自行百度，不要不懂别人的梗就开骂，你把女性生殖器官挂嘴上就很光荣吗？3.我说让你说说你的高见，你如果能用事实让我闭嘴我会很高兴的，但你回了句什么？不服，请给出证据谢谢。	Potentially
我的回答不是讨论外国人在华待遇问题。另外，黑人是个种族。他们可能来自世界各地，有发达国家来的也有不发达的。再其次，我不知道你见过多少中国女人嫁给黑人？我没见过几个。也许黑男黄女很显眼，容易以偏概全。	Potentially
我觉得可以去革命，学学当年的国共两党，说到底所谓的中华民族，也只有少数人，大部分都是一群黄皮猪而已，人家白人少吃顿饭就敢革命，中国人活不下去了才喊什么王侯将相，还嘲讽印度人不敢反抗呢，人家到现在都有毛派武装，中国人？只会嗷嗷叫的劣等民族而已。	Potentially
我觉得这是一些台湾人的通病吧，夜郎自大，国家又各种照顾，还有所谓的民猪子由？台湾人是很典型的中国人，是属于眼界比较宅，很势利的那种。说穿了他的优越感是内心很自卑的表现。不知道你看过河殇没有，里面其实讲的是台湾人。	Potentially
普通人对艾滋病人的歧视少很多？不是我说，中国在这方面做得很差，一方面，国人对歧视他人感觉不出来，另一方面，国人被他人歧视也感觉不出来。前一阵子有个洗衣机广告，把黑人洗成中国人，还有春晚cos黑人的屁股和走路动作，都是歧视，你觉得他想意识到了吗	Potentially
看了个抖音就来带节奏了？然后张嘴就是四川人怎么样，你不是以偏概全？你不是傲慢自大？说别人之前能先检查一下自己有没有做到？还盆地意识傲慢自大？地域黑都用上了，你哪来的自信站在道德制高点指着别人啊？	Potentially
终于看到一个说的明明白白的了，不容易。自2012就来到美国，真的只要你不是白人，受的歧视只有形式不同而却不存在什么严重程度的差别。那些整天嚷嚷着说亚裔受歧视最严重的人，拜托睁大眼晴看清楚OK？	Potentially
苏南人确实有那么一部分坐井观天自以为是，那种总以为自己苏锡常比南京好的论调实在是low的不行，以为有几个钱就是贵族了？弄自己的小圈子，说什么镇江南京是苏北？要点脸行吗？这就是你们苏锡常人的格局？搞地域歧视来凸显自己？真差劲！	Potentially
觉得楼主说的搞笑的人都不太自信啊……如果换做非洲人说中国人歧视黑人，肯定很多人会严肃评论吧？不会像现在这么2333╮(︶﹏︶)╭感觉好多人都对楼主的说法透露出一种很解气的感觉……也就那么回事吧。	Potentially
误杀了黑人好人，遭到抗议，单看事件似乎挺正常。那么黑人杀了好人良民，有没有遭到抗议呢？警察误杀的黑人，远少于黑人杀的人，也远少于黑人杀的黑人。什么叫消灭贫困？你有十元，我有一百元，你就是贫困。我有一百元，你有一百万，	Potentially
说没关系是系统教育的成果。就如你说黑人也可以治理好国家一样。完全照搬美国制度的利比利亚，曾经的非洲粮仓津巴布韦，曾经人均压过美国的南非，还有远离非洲，完全由黑人制导的海地……，令人瞠目结舌。全世界有公信力的科学类大奖，有黑人领过吗？我真的求答案。	Potentially
这件事情发生后群情激奋，不少人包括我在内本能地想要用武力教育一下这个黑人。有人说你看这个黑人这么强壮谁打得过，你傻啊？让你空手了？人赤手空拳干不过老虎豺狼可是现在这些动物在不饥饿的情况下基本都能离人类远点就离人类远点，	Potentially
锁着之后怎么开的门？报警的时候故意突出黑人蠢笨紧急情况话都说不清（我觉得就是故意突出，比竟黑人智商世界皆知），还把黑人报复那一段搞得阴险小人一样的场景，我觉得导演就在加剧歧视。估计黑人和白人看完后只会更恨彼此	Potentially
‘无疑’? 让我想起了部分女性在面对白人黑人印度巴人和本土男性时的双标。如此一致的双标。 没问题，你们这少数人可以继续这种态度。当然我已经对你的回答点了反对。同时，希望某瓣那种easygirl模式的评价网站尽早被踩烂。	Potentially
“有这回事？”--有没有这回事你自己调查下不就知道了^_^，知乎就是个很好的开始。“我咋没见有男的哭着喊着求男权啊”，我也没见过男的哭着喊着求男权，他们喊的都是“女人要骑在男人头上拉屎啦”“中国男人太没地位啦”“中国男女太过平等啦”“女权癌！”Lol…	Potentially
“，中国男人不也时时拿国外的审美标准来要求中国女人吗？大长腿，肤白，眼睛大，双眼皮，睫毛长” 听说过温泉水滑洗凝脂吗？呵呵。您就继续活在自己的幻想里吧。难道唐代就用外国人的审美来要求中国女人了？ 女权没问题，女权癌有问题。	Potentially
中国教育资源的差异化，是重要的一个原因 单纯的归结为三本专科学生不努力，就应该被鄙视的这种说法，不敢苟同 河南等省份考生，没上好一点的学校是他们不够努力吗？ 楼主一副小人得志的样子，真是令人有一种遥远的恶心感。	Potentially
呵呵，那女人呢？？？中国男人赚钱养家吧，你们说这男人不顾家，顾家吧，你们又说这男人吃软饭，你们这田园女权双标玩的真溜。再说了，你从哪里得出中国男人对不要彩礼，不要车房的女人不珍惜不善待了。你能证明吗？上来就说男的不好，屁股都是歪的还好意思批判别人。	Potentially
当时的黑奴是生产资料，你要是非让黑人把当年的棉花带回去的话，那我只能让黑奴坐奴隶船跟主人继续回欧洲咯。开垦和建设庄园是白人的成果，为嘛不能带回去？ 要想把黑奴变成自由人，先别让黑人穿越时空抢棉花，谢谢。	Potentially
我歧视屌丝，穷人，老人，女人，农村人，城里人，河南人，东北人，天津人，福建人，广东人，北方人，南方人，信中医的人，开大众的人，黄泛区的人，吃狗肉的人，不吃猪肉的人，没宝马奔驰的人是我的自由。凭什么不让我歧视？	Potentially
笑话，你要反对悄悄拿性别来做文章，不是女权癌是什么？我在知乎支持女权的时候就啥话不说，因为受不了某些啥事都拿出女权来做文章的人讽刺了一句就直男癌了，要我都直男癌，全中国99％的男的都得直男癌了，呵呵。	Potentially
那也请你不要地域黑。传宗接代 是东北人发明的？咱们大中国哪个地方没重男轻女家庭？我的意思可不是绝交 是平时不要生活在一起 把自己的生活过好了 他们吸她血就少接触呗，打卡里的意思 那是养老钱，亲爹妈不给钱养老 1道德上没人味 2法律上不允许。	Potentially
黑人不是人系列又来了，你幻想自己是白人站在白人的角度说话么，如果黑人出生就有像白人那样的大片农场他还会走上犯罪道路吗？黑人的祖先是被白人农场主的祖先买过来种地的，奴役解放后他们没有土地，没有资源，	Potentially
: 追求平等，大家都能接受能讨论，但是想要额外的特权，还威胁？历史会证明女性真心干不过男人，逼急了，就会像阿拉伯伊朗一样，所有的平等是建立在绝对力量不介入的情况下实现的。撕开人性的面纱之后，拳头才是真理，你看到过哪个强国跟弱国讲道理	Potentially
low还不让人说了 和优越感有什么关系？就你高尚什么都能接受 我东北的 身边的朋友玩快手喊麦的 都听薛的歌吧 快手发个作品都用薛的歌做背景音乐 不low吗 恶心就是真恶心 垃圾就是真垃圾 是个正常人都能看出来吧 装什么白莲花	Potentially
“我不是针对谁，我是说在坐的所有从业人员的科学数羊，都是辣鸡。 中国有群奇特的大学生，他们的叫做艺考生。”只是俏皮话？我可不觉得。答主就是在歧视。这和“因为黑人/穷人犯罪率高所以黑人/穷人都是腊鸡”有什么差别。	Potentially
“真正的女权”如果由男性来定义，以男性的标准来分类，在改变自己性别处境的时候还要处处想着男性的既得利益，才能被称为“女权”，默默付出/不讲求女性权利的女性才是好女性，那还叫什么女权？没你妈肯定没有你，父母的生理功能哪个对人类来说更重要？你和你爸会必须付出你妈，男人必须服从女人吗？	Potentially
不说别的，我青岛朋友，算山东大城市吧？本科学历，外企中层工作，条件不算低了吧？她自己不想生孩子 但是为了生儿子流产一次，手术三次目前还在医院准备第四次手术，你觉得这不叫歧视？有生育能力没有生育权，你觉得这叫平等吗？山东人逼着女人生儿子的执念究竟为什么？	Potentially
中国不应该有种族歧视，但应该明目张胆的歧视。我们又没奴役过黑人，我们又没欠他什么，我们就歧视黑人长得丑，黑人吸毒，黑人都是罪犯，怎么了？就叫他们黑X，不喜欢就别来啊，就应该歧视他们，把他们全赶出去，中国是中国人的国家，	Potentially
嗯…有一种田园女权根本不给胎儿出来分权的机会，她们的逻辑是对自己身体100%的掌控并且还要男人补偿～具体的路径是老娘的身体老娘做主_老娘不要生娃_所以要避孕_但是老娘要爽_所以戴T是不行的_要老娘吃药也是不行的你想害死老娘？_所以男人都该去结扎	Potentially
图一说得我理解，图二我笑了，按他的定义，求右女者应该常得左女，喜欢家庭内斗、奴役男性为自己服务的女性一定会努力进入婚姻才对，你猜怎么着，她们在婚前会努力表现得传统淑女、贤惠知足滴。渴婚男女天造地设，结果一有矛盾就骂不婚不育的女权？	Potentially
在理论形成以前，只考虑具体案例的女权就是这个样子，简单来说就是你弱你有理呗。无关权利平等，只有敌视对面，尽管对面并不清楚有谁。虽然必然经历过这个阶段，但被牺牲的另一部分人就……不配得到权利呗？	Potentially
处女膜是叫你保守贞洁，不要沾花惹草懂吗？总他吗女权女权，动不动就是女权女权，借着女权的名义沾花惹草，恶心吗你？这是没有处男膜，真要是有处男膜，你男人天天在外面搞来搞去，不守贞洁，你受得了吗？	Potentially
对了，再学你一句，拉黑你个大头鬼！没理了就着急着回避，你这样为人处世？我再学你那个态度→现在的人可真是狂躁症啊，这么小气吧啦拉黑人家，素质可真真低，脾气也真真差，还懂不懂就给路人按一个键盘侠的脑子，可真了不起啊	Potentially
对女性0容忍？你是在逗我吗？我身边男性朋友把老婆当宝的供着还不够好？你说父母那一代我都还觉得不错，现在的女性还不够有权？是不是要男的当上门女婿，男性持家 带孩子，女性出去上班养家才觉得公平？我非常乐意接受，你们有多少女性有这个能力？本来女性身体素质就不如男性，宠着也不行，不宠还不行	Potentially
怎么了，是戳到你痛处了吗还删评拉黑，小学鸡？混个28⭐ 就觉得自己是射王吗？我觉得你爸都比你会射，不然怎么生得出来你这个崽种？没辅助你算坨💩 ？跟爷在这吠，单排玩家的优越感让你连爸爸都不认了吗？	None
我就算你抽样也可以，你看到数据了么？没看到数据你怎么就敢说是“事实”？你所谓的“事实”是自己愿意相信的“事实”，还是真实数据支持的“事实”？摸摸自己良心再说话行不行？这就跟地图炮说什么河南人偷井盖，广东人什么都吃，黑人智商低，在你们眼里都是tmd“事实”	Potentially
我支持正当女权，我反对极端女权，我们不管男女都有有不结婚生子的权利，反之，我们也有结婚生子的权利的，不管是结婚，还是不结婚，大家都应该尊重对方，所以那些骂结婚的女人是婚驴的女权们，你们是不是正常女权不用我多说了吧？	Potentially
我看那个讨论里有一个论调，说女性在女权团体中与极端女权割席，本质上也是讨好男权社会为自己谋利。我当时就傻了，在拥有独立思考能力下我觉得她就是做得不对与她分道扬镳有什么问题吗？这个不关乎立场和社会背景，只取决于你的内心，难道你极端女权就是不能被认为有问题是吗？	Potentially
我真是笑死 农村妇女靠男人养？农村妇女是男人的奴隶才对，农村男压榨她们的劳动力，做农活做家务养孩子样样都来，还要不断给男人下崽，多的是农村妇女涌到大城市打工，大把低端岗位 体力劳动 重复性工作 不需要学历和文化 有条命能动弹就行 我劝你早点从你的女人靠男人养的梦里醒来，谢谢	Potentially
所以说本来因为学校歧视别人就是很low的事，有这时间做好自己的事多好。不用说国外留学，国内的高考制度就公平吗？一所大学北京考生和河南考生的考试能力就一样吗？有钱人的孩子和穷人的孩子能力一样吗？真要强行比那需要控制的条件多了去了。	Potentially
服了，干嘛都对女性不利，万一女方犯错，男的想离婚，这时候离婚冷静期是对男的不利啊，干嘛都是针对女性，还30天人都凉了，你TM非得找家暴的？结婚前不仔细看看？好像全中国的男的都家暴，女的一结婚就做家务伺候老人孩子，男的啥也不干，下班你看看晚上厨房做饭的多少男的？营销号最爱搞性别对立	Potentially
注意，这跟要不要骂没有不尊重女性的男人不是同一件事，骂所有男人没问题因为所有男人生下来就吃红利，难道婚女比未婚女吃红利吗？很显然婚女跟未婚女一样都是受害者，甚至婚女正因为婚姻受到更大的伤害，那我们就更没有理由因为某些跳脚的婚女而去骂所有的婚女了不是吗？？？	Potentially
现在上海小孩都不会说上海话了，我也搞不懂这些人的思维，他们有什么权利要求上海人在自己的家乡不许说上海话的，就因为他们要到上海来挣钱？难道他们出国的时候也要求其他国家的人说中文，否则就是歧视？	Potentially
身为河南人，由于地域歧视，大学不敢选北上广，害怕不合群，害怕因为穷被人看不起。考研不敢出河南，害怕导师挤兑，害怕师兄师姐挤兑。工作不敢出河南，因为都已经这么久了，年纪也大了，没必要出去看看别处的风景了。但我痛恨地域歧视，为什么偏偏黑我们，因为我们穷吗？	Potentially
这么说的话，看看每年盗窃诈骗多少河南人，被黑不是无缘无故的空穴来风，工厂不要河南人难道是他们想给自己找麻烦嘛？还不是被河盖们偷怕了，为啥人家没不要山东人？没不要湖北人？没不要四川人？单单不要你河南人？光说别人地域黑难道都不从自己身上找找原因么？	Potentially
那为什么美国日本也重男轻女却没有男女比例失衡的结果呢？本质还是在于国人爱钻空子，监控不严，法治建设不全。就算中国注重男女平等，中国女人就不崇洋媚外了？现在这个世界上还有比中国男人对自己国家的女人那么宠的吗？	Potentially
"""一种是用似是而非的话术配合女拳的特权要求，比如""""xxx的还算男人？""""，""""赚钱养家，貌美如花""""。本质上是""""高情商舔狗""""。一种是用早就被批判烂的封建话术搞极端，""""女子无才便是德""""，"""	Potentially
404了，顺便回一句山东搞这种操作也不是一两次了，几乎是次次都是，有本事就自己做好自己。我们不是山东的这么看是不了解，山东的这么看怎么说？你把自己该做的没做好却怪别人去说你没做好？地域黑？你次次这样怪我们地域黑？	Potentially
chink这个词是英语中公认的不分语境的种族歧视词语。不分语境，懂吗？就是不管你在什么情况下说出这个词，就是种族歧视。不管你是开玩笑，打趣，和人斗嘴，还是对骂。还把这个词和日本鬼子相提并论？！	Potentially
13%左右的黑人人口占据了52.5%美国杀人案件犯罪率，这是什么概念呢？请你搞清楚一点，黑人犯罪率并不是黑人天生爱抢劫，爱犯罪，其实就是贫穷。我国以前还有山东响马河南土匪四川贼这一说，无非就是贫穷，所以犯罪率高，	Potentially
Mandarin就是普通话的意思，还有指中国政府的意思？满大人这个反派可是一个字母都没改，背景更是傅满洲，还不够辱华？johnny english是反派？有种族歧视的背景或讽刺？有单独使用english来种族歧视？我想问你有脸吗？	Potentially
blm是怎么来的？黑人躺平等白人施舍给的？黑人被压迫知道搞事情，最终有了今天不好惹的局面。黄人被压迫就理所当然的躺平吗？我不求你跟黑人正面争，毕竟现在风头上，但是好歹复制一下黑人当初的路线跟白人抗争一下总可以吧？	Potentially
“身边是这些人恐怕答主自己也不怎么干净” “被人家猥亵肯定是这女娃穿的骚” “一个巴掌拍不响，无缘无故他为什么欺负你？” “同性恋有艾滋病，离他们远点” “打发点吧，……你穿这么好，就只给我一块钱啊？” 黑人问号.jpg	Potentially
。。过得去？不是一个档次？敢情您潮汕地区是有多牛逼，你经常来福州吗？你印象里的福州的零几年的福州？你潮汕的城建是有多高大上现代化？如果按你的要求来我看你那地方连一个普通县城都比不上 还有福建人均妥妥的高于广东，多看看外面吧大哥	Potentially
上海人老说外地人怎么怎么不好，却不想想自己有时候的结论是否基于错误的判断，比如文中的例子，明明是方言导致的歧义，而在上海人眼里十有八九会成为外地人素质低下的一个新证据，所谓欲加之罪，岂不讽刺？	Potentially
不是认同欧美，而是不认同对平民发动的恐怖袭击，所以才说对人类不好，恐怖袭击可不止发生在欧美。如果仅仅因为事情发生在对手势力就不作反对，那么屠刀砍到新疆昆明的时候，你有什么底气辩驳自己不是狗？	Potentially
你告诉我哪个上海人说答主理解错了就是素质低了，答主自己不过也只是开玩笑自嘲一下，你自己才是欲加之罪吧。自己看看上海人的朋友圈社群转的外地人不良行为：都是偷东西逃票地铁里抽烟随地大小便这种不文明行为，这种行为存在判断错误吗？你真挑事儿，本来没得，又开始引战。	Potentially
你要是不黑人家，人家为什么要骂你呢？哪的球迷都有素质低的，何况你一棒子都给打死了说得还添油加醋。你要是能理性客观的表述，即使是说辽宁队不好之处，球迷也不会喷你。不管是哪的球迷都是因为喜欢篮球才遇在一起的，都和气一点，别那么大戾气。	Potentially
匿名答主你真的引起了我的生理恶心，虽然发假图盗图的行为不对，但是你这样的行为不觉得有什么不妥吗？你在知乎贴吧匿名扒你的高中同学进行嘲笑以此为乐？你为自己的小聪明沾沾自喜？？？（黑人问号）然后很多评论一水儿的在说好好笑？？wtf？你们是多有优越感啊……	Potentially
印度人穷得饭都没得吃，天天还吹智能手机+支付环境，你连饭都吃不饱，还有心思去买手机吗？你的手机没人买，你的生产系统能完善吗？如何让印度人过得上买手机的生活，就必须先从印度人吃得上饭，穿得上衣服开始。现在印度以出口粮食争取外汇，简直就是杀人。	Potentially
喷双标没问题，但是例子不太妥当吧。Emily的原型演员虽然长得是有点像亚洲人，但是用她来代表亚裔?别逗了好么。 这演员最有名的作品是无耻之徒，答主有兴趣可以看一下，估计你也能总结出个歧视亚裔。	Potentially
国家落后的话你个人再怎么条件优越人家都能给你挑点刺出来，广东人只是背锅的罢了。要是那时候移民过去的大多数都是北方人，洋大人不照样给你找点缺点出来。白人狐臭率奇高你知道吗？一直不见有白人因此受到歧视是为什么呢？	Potentially
外国人普遍不喜欢中国人跟一部分中国人素质低有关系，但这不是主要的，根本原因是大多数国家整天放中国不好的新闻，一直洗脑。如果你没去过东北河南，新闻上隔三岔五给你发这两个地方的黑新闻，你会喜欢吗？	Potentially
多谢提醒，我都忘记了，我们河南人都没有职业的，我们河南人的职业就是天不亮就偷井盖的。您那边的监狱够住吗？匀一些给河南的一亿人口吧！以后污蔑人，请先拿出犯罪证据。法律讲证据的，偏见总是人云亦云。	Potentially
帝都死狗，有几次陪着浙江福建人回沈阳，对方下了飞机看到浑南新区，看到沈河区，都大吃一惊，“你们东北不是很穷很落后么？”我只能一边冷笑，“00年的时候你们那些遍地的小县城也叫做城市？”，但同时也哀叹，没有人才没有钱没有话语权真的很让人伤心。	Potentially
广州就彬彬有礼了？哪个地方没有没素质的？哪个地方没有不遵守规矩的？以偏概全，恰好是个东北的而已，三观修正修正，别效仿网络上的刀笔小吏。客观面对社会现象。好人好事的时候怎么就没人说哪儿的人好呢？坏事就哪儿的人真差，好事儿就中国人荣耀，没点主见，点火不怕事儿大	Potentially
很多人在网上骂东北人素质低，真正道德高尚的东北人根本看都不看，真的素质低的东北人也根本不在乎。那些反击这种地图炮言论的人，都是些想要素质低而不敢素质低的人。 你是这个意思吗？真有意思。 我骂东北人素质低，只要有人跳出来指责我，那就是他对号入座了是吧？妙啊。	Potentially
感觉教材说的没错啊，难道有谁是天生就是同性恋的？难道不都是后天受了各种影响而变成同性恋的？变态这个词看上去很有攻击性，但出现在文中只能算是个中性词汇吧？就跟青蛙的“变态发育”一样。不要搞的好像黑人被歧视一样，人家是天生如此，你是后天选择，能一样吗？	Potentially
我不否认东北人一定没有坏人，但是不是所有的，也不是很多，只是一小部分而已，你告诉我哪里没有坏人？不要地域黑，同样都是中国人自己黑自己，有意思？在网络里你当什么都无所谓，在现实生活中还这样，我只能认为你是垃圾，丢中国人脸。	Potentially
"我们国家计划生育辛辛苦苦这么多年控制人口，就是为了给这群黑白皮空地方的？而且像广州那些黑人，我觉得吧，直接暴力镇压就完事了，反正是黑户，只接当侵略者就完事了，何况这情况多像当时香港台湾被租借，"""	Potentially
我还挺我小伙伴儿说过哦，国内有些公司不招河南人，甚至说“黄泛区”，听到这些我会骄傲？我凭什么骄傲？不用发散联想理解啊你们，我会通过我努力改变人的偏见，但正是这些偏见让我感觉不到骄傲，逻辑有问题吗？	Potentially
旧社会把人变成鬼！是什么造成了黑人犯罪率高？是不公正的社会制度，白人曾经奴役过黑人，欠债不用还吗？建议美国立法补偿黑人，每个黑人可以免死一次，这样才不负世界民主灯塔的美名，中国肯定服软了，	Potentially
更加搞笑的是，知乎和微博的皇汉似乎很喜欢白人……我就想不通了：作为民族主义者，即使你很不喜欢黑人和中东人，但也不至于去崇拜川普、约翰逊那样的白皮吧，为什么中国皇汉口口声声说“为了华夏”、却那么想跪舔白人呢？真的是迷惑行为大赏了	Potentially
本人就对东北中年老娘们儿很没有好感，虽然欺生恐怕全世界都一样，但是可能没有期望就没有失望——女人精明的心思配上大大咧咧的表面，靠，防不胜防啊——为什么单独说东北中年妇女呢？因为年轻女性还没有沾染生活的俗气，自然讨人喜欢	Potentially
本地人在吴语里难道也有不同意思？？ 从没听说过，我是上海乡下人，哈哈。 前几天还在其它回答看到，人上海，历来只称浦东的为乡下人哦，当初上海也没多少外地人，怎么会莫名说外省搬来的叫乡下人，真把全中国除上海当乡下了	Potentially
机灵不要乱抖，抖不好就直接显示你智商下限。这个问题及答案根本不管地域什么事，所以就事论事回答问题对你们的智商理解来说很难吗？这个你们所谓觉得很好笑的梗是建立在隐形地域歧视上的，没任何河南人要为博你们一笑而忽略这个，已拉黑！	Potentially
港独骂华人支那狗和在美国骂黑人nigger，在犹太人面前说希特勒万岁有什么不同吗？黑人被残害时被骂nigger，犹太人被送去集中营时被喊希特勒万岁，华人被杀戮时被喊支那狗支那猪，不好意思，港独的言论触犯的就是战争时期的杀戮语，是全人类都痛恨的	Potentially
电话诈骗被台湾人发扬光大以后，就在不断升级，所以怎么堵？转账过去之后说我被诈骗了，把钱退回来，那么银行怎么知道你是不是真被骗了？银行能做的也就是对于不明来由的转账问清楚，所有银行柜员都有把给骗子转账的人挡下来的经历。。。。。	Potentially
看不懂讽刺？地域黑放哪里都可以，全世界哪里的人都是圣人不做坏事？在知乎这种地方还有答主和你这种人才是奇怪，搞得全世界的坏事都是莆田人福建人做的一样。烘托自己请不要拉其他人下水，拿整个地域来黑更是品格低劣的表现	Potentially
胸大不大是能看出来的，丁丁大不大是不能看出来的。白人种族主义者为了歧视华人，编造了“华人丁丁小”的谎言，一般人没机会看很多人的丁丁来调整认识，所以容易相信这种谎言。被种族歧视了你告诉我调整心态，调整跪姿吧？	Potentially
评论区觉得自己没有种族歧视，那为什么觉得自己种族一定比其他种族优秀呢？叔本华说过：最廉价的就是民族自豪感。如果工业革命率先在非洲发起，黑人奴役白人，黑人歧视白人，和今天又有什么区别呢？黑，白，	Potentially
说明我国很大一部分网民的小资产阶级奴性根深蒂固，总要找一个贵族放自己头上，拿来藐视别人，说:“你这个穷要饭的，我们家大人岂是你能比的？”。成吉思汗、忽必烈的子孙是人，别的牧民的孩子就活该被你们天天拿来鄙视？跟您沾亲带故还是怎么着？当然，	Potentially
随随便便2m?你当2m是大白饭吗全世界都是?我们学校就有一堆黑人，我见过的大多数黑人身高就和我们差不多，你要是非得举个特例那我们也有特例啊，辽篮的韩德君认识不?他家从小特别贫困，但他也长到215，那所有贫困少年都能长到215?杠这个有意义吗?	Potentially
黑人争取权利越界了，当然会对其它族群形成压迫。否则南方民主党争取权利，你怎么说压迫黑人了呢？你要鼓吹舍已为人，那你让黑人舍已为人，维持现状好啦。什么是社会公平？如果黑人考高分而因肤色上不了大学，那是不公平。	Potentially
1.北京300路上的司机和售票员。听人形容300路上小偷多的程度就能明白:这300您还不知道?一上300，除了司机和售票员不是小偷其余的全是小偷。2.一帆风顺（不懂请百度:你是头一个认出我来的）。	Potentially
上个月在苏州独墅湖高郊区看到大学生们嘻嘻哈哈整整齐齐的无视红灯过马路，本人家住上海交大旁边，大学生们不遵守红灯的非常多，别说什么这是小节这样的p话，这就是国民素质低的表现，这些人和印度人有区别么？	Potentially
主要问题在于亚裔的反抗决心是最弱的。就像黑人，他们是真心觉得美国就是自己的家，除了美国还能去哪，回非洲去吗?不可能的。所以遇上问题了必定以命相逼，因为无路可退了，自然狠得不行。而亚裔就算到了绝境了，	Potentially
之前跟一美国客户吹水，他是白人，老家美国东部靠加拿大 ，做家具的，问他，他们公司100来号美国同事，怎么没看到黑伙计呢？他说，黑伙计多数不在意子女教育，上学不上学，分数多少，是不是学门手艺，将来找工资什么的？是的，他们篮球，	Potentially
人家是问有什么“相对发达”的地方，但我在这个问题看到的却是满屏的傲慢与偏见！那些骂香港歧视大陆人的人们有没想过自己也会歧视“印度阿三”啊？？？我在想那天中国的实力真要超过美国后，清朝的“西洋的科技都是奇技淫巧而已”思想肯定又会死灰复燃。	Potentially
什么叫河南人不认识问题而一直争吵？有那个人会完全否认自己的家乡没有坏人了。我们河南人一直所反对的是因为河南发生的负面事情推论到所有的河南人都不是好人这个高度上，一直反对地域喷子罢了。还有那些让我们老老实实做人，改变其他人看法的，难道我们河南人真的和你们是不同的人中，先天带着原罪，要来赎罪不成？你们爱怎么看怎么看，尽管相信河南人都是骗子， 中国有10%的骗子了！	Potentially
你可以翻翻几年前的山东卫视，在马桶台还没崛起的时候，阳光快车道这个时期。别只看眼前，哪里都有这种低俗的文化，哪里都有落后的农村，难道只有山东有？你可以说嗨，可以说乱摸女人手低俗，但是抱歉，山东人不背这个锅	Potentially
你怎么知道我没说过?说是我的事，听不听是你们的事。那些歧视黄种人的白人不听，你也不听，那你们有什么区别吗?都是靠着打嘴炮逞一时之快。别人歧视你你可以也应当反击，但对于国外的陌生遇害者，你怎么知道他有没有歧视过中国人?己所不欲勿施于人，建议你多学学孔子。	Potentially
你要知道拍还珠那个时候的两岸关系。如果说不牵扯政治原因我是不信的。再看看周杰10年时候自述当年的情况。你说台湾综艺对大陆没有偏见？不可能。。包括现在，恶心的台综艺还少吗？林说周杰很投入，难道不是委婉的抹黑，等那个恶心女主持一唱一和吗？	Potentially
你遇到过种族歧视华人的事情么？当你受辱的原因只是因为你的黄皮肤，黑头发，中文的时候，你是什么感受？辱华这件事，再小都针对的是整个中华民族？？这就已经和 蔡徐坤等人的事情有本质的区别了？你是中国人，但你说这些话，你真的认同你中国人的身份么？	Potentially
公知双标狗现在还能骗人吗？中国的是计划经济，美联储天天出来喊话就是市场经济，中国加强管控打击黄赌毒是不自由，美国不能说黑人就是政治正确，现在业务不好做吧？特朗普都说断狗粮(这个外媒先报道的)，你收入少了一半。	Potentially
其实现在中国人现在也被外国人歧视的，亚洲人都是被歧视的，而且不像黑人和绿教受政治正确保护。再细分一点，港台难道不歧视大陆，同文同种尚且如此，更何况其他人呢？老实说挺羡慕黑人的，分开数百年至少团结，华人早就四分五裂了。	Potentially
北京房子加硕士怎么了？自己考的研究生，堂堂正正，就凭这一点就是最大的附加值？国内有什么好处？就是川菜外卖？然后被您降维打击？我看您是在英国被白人歧视，回来再歧视中国人吧？鲁迅先生90年前就给你这样的人起好了名字，“假洋鬼子”！是不是很贴切呢	Potentially
去看看说台湾，说中国人素质差，占便宜，还有些视频可能都搜索不到了，比如和黄健翔一起做一个节目当解说，边吃东西边骂中国，后面还是黄健翔阻止他继续说下去了，他的言论就是在骂中国不自由，专制，这些你敢说他不是美国价值观的宣传员？	Potentially
又给我转换概念，我批判的是双标，遇见白人黑人外国屌丝就倒贴，不要钱，不要浪漫，不要家境，不看学历。遇见中国屌丝就什么都要。怎么我们比白人低人一等？还在给外国屌丝站台。崇洋媚外就说您崇洋媚外得了。还人不行不能怪路不平。我都想笑	Potentially
在古代为生计奔波的贫苦劳动人民都长得黑，营养差，压力大，日照时间长，能不黑吗？所以有黑=低贱=肮脏的思维定势。再加上历史上黑奴交易的存在，黑人的地位很低，所以黑人普遍不被人喜欢，试想如果现在统治世界的是黑人，	Potentially
地域黑的攻击是因一点而攻击全体，无端诬蔑，你也是，没有人说河南多好，河南人的反驳仅仅只是想说河南并没有地域黑说的那么差而已，就举个例子偷井盖，原来井盖是铜铁，全国都丢井盖，也不见说河南人偷井盖，现在井盖都是塑料，然后全网黑河南人偷井盖，这样的无脑黑要河南人承认自己的问题？跟一个逻辑混乱且信口雌黄的人（当然地域黑都是这个德行）辨明是非确实是我傻逼了。到此结束。	Potentially
好吧~您还真不是！全体北京人？北京人是怎样的我不太清楚，上海人广州人是怎样我都不清楚，我们这些球迷？我们这些球迷说了北京人什么么？我最多听过上海人经常被骂，北京人怎么了？再者，北京球迷不也这样？见到河南人就说人家偷井盖~哈哈哈哈哈，这样好吗？	Potentially
如果贩毒分子或者吸毒的人出身云南边疆，他们从小所处的环境就是吸毒贩毒，他们可能觉得贩毒有本事？能赚钱？看很多台湾人支持台独，其实和他们。从小所处环境或者受教育有关系，他们就觉得自己是独立的。也不一定像你说的铤而走险这样	Potentially
妈呀，即使他们有很多问题就可以被人说成劣等民族了？奥巴马夫妇也是黑人，人家是劣等不？ 河南人有一亿多人口，但河南人偷井盖，广东那边残疾人后面团体都是河南人为主，他们河南人是不是所有也该被谴责	Potentially
得了吧，色情下流一度是日本的代名词。输出一堆乱七八糟的东西，你以为会帮你把负面择了？想想辱法，想想“河南人偷井盖”，想想日本漫画，想想中国武打片，你就知道一个刻板印象形成以后根深蒂固。头一回见输出自己名片的时候抹黑还挺自豪的	Potentially
我觉得嫁给黑人的女人，都是自我逆向淘汰，和黑人离婚后，如果婚后有黑孩子，无论贫穷老幼哪个男人愿意接盘？如果没有黑孩子，恐怕年龄也超过30岁了，再加上有黑人婚史，哪个智力正常的男人愿意接盘，	Potentially
我还是一句话 没来过别瞎bb 你见过新疆杀人还是放火了？自己没事多上网百度百度 去过新疆的人比比皆是 哪一个不是说新疆安全 拿个键盘在这敲谁都会 等你去了再跟我bb 没去之前你把天说塌了都是闲的 事实说话ok？	Potentially
所以你对有自尊心的爱国群众说这些干嘛？去教训那些媚外的人去啊，你说的那些人哪个有资格代言中国？是外交官还是高官？高华能代言华人吗？还有，广州本地人大绝大部份不喜欢黑人，但网上还不是把广州黑成殖民地。	Potentially
持枪抢劫=他是强者？这是什么逻辑？你怎么不想想他为什么要这么做，能好好的领一份安稳工作，正常生活谁不愿意？美国黑人就从来没获得过自由，奴隶解放之后，黑人也一直处在社会底层，甚至被前奴隶主继续当奴隶使（sharecropping），	Potentially
接受道歉。同时这个例子里河南人背锅躺枪也是事实......例子举得让人不舒服??....这标签什么时候能撕......妈的，我们纯朴的人设国家粮仓的称号初高中升学高压下夯实的基础教育呢？真希望有一天再提到河南人印象是河南出学霸（虽然这个背后也是有点心酸）....唉....	Potentially
明明在美国混不下去，在美国被人黑了，还天天赞美美国，讽刺中国，看你以前的回答记录。你这种人怎么不继续在美国？回国做什么？那么看不上中国，为了钱舔着脸回来，恶心！你一直在美国，我还认你是条汉子，	Potentially
是啊，前几天还有白皮跟我说中国人不行，诺贝尔奖获得者极少，从而说他们德裔聪明，中国人不行。 你肯定会说，中国人的教育和科技才刚刚发力，比西方晚起步。 那非洲呢? 你就会忽略这些了，直接说是黑人智商不行	Potentially
本来就是一种歧视，本质上想表达的就是“我们和你们不一样，我们发达你们落后”。为什么有的广东人甚至把海南当北方？不就是因为海南穷么。就算现在歧视意味逐渐减少，也改变不了这种没常识的划分法原本是出于歧视目才提出的事实	Potentially
没有学位证毕业典礼不能穿学士服，但是并不代表其他时候就连穿也不能穿好吗？穿这学士服拍照无论是谁都可以。你自己张口闭口大专怎么样，我说一句不比三本差就歧视了？双标是真的双标呢[微笑]还有美国黑人犯罪率是高，但是他们也的确是被歧视了。	Potentially
现在广大男性同胞清醒了，反击了，然后她们就开始在这讲道理了，当时女权癌大肆攻击男性的时候，声称杀光男性的时候，她们人呢？怎么没见她们出来跟女权癌解释现实中男人其实也很好，不要伤及无辜？？？	Potentially
知不知道原本黑人牙膏的英文名叫“darkie”，darkie和那个的意思一样，都是黑鬼，你把k换成l就没有歧视的意思了？你把傅满洲换成满大人就不歧视了？而且原本那个黑人图片的原型是吉姆克劳，	Potentially
言论自由可不包括“侮辱别人的自由”，这个视频显然是在侮辱。如果有个反河南人宣传片，列举河南人偷井盖的种种案例，是不是歧视河南人？我做一个反黑人宣传片，是不是歧视黑人？结果到了同性恋身上，就可以肆意侮辱，然后美其名曰言论自由。很强。	Potentially
说句和答案无关的牢骚，白人的春秋笔法真厉害，自己鞋底的血还没擦干净，就开始指责这些与野兽血肉相搏，养家糊口的黑人？视频配乐拼命渲染这些非洲人的暴力与邪恶？黑人矛上的是兽血，你白大人踩的可是人血！	Potentially
说就让他们说去吧，作为一个河南人，去外地会有外地朋友打趣问我河南人真的很多偷井盖的吗？我回答他，是呀，我们中考体育加试就是偷井盖。 算是自黑了。 建议河南老乡不要在网上和别人因为地域黑打嘴仗，没有作用，一笑了之，做好自己本职工作。	Potentially
赞多了吗，说实话真不稀罕这个问题下面的几个赞。但是，事实不可以陈述对不对，所以我要怎么说东北？提到东北就是黑吗？怎么，老头喝点酒吹牛逼是作奸犯科？和那些张嘴闭嘴拿黑社会吹逼的东北人比起来，我这可是差得远了。	Potentially
那你就该考虑自己了，毕竟交友圈的下限决定你做人的下限，渣男朋友皆渣男，优秀的人想要交坏朋友都要费点劲。以及在现实生活中，你敢把现在说的话对你遇到的不好的东北人说吗？不敢？这就是原因了，遇到无力还手的羔羊，屠宰是唯一可行的道路。键盘侠。	Potentially
重庆人的优越感？能吃就能吃呗不能吃就不能吃呗。大家都出钱吃你家米了啊一定要顺着你？自私说的这么清新脱俗？一桌吃饭照顾不同口味的人是涵养，可惜你没有。求求你这类的重庆人别给重庆招黑，醉了合着外地人去你们哪儿不吃辣要天打雷劈？	Potentially
Question	Potentially_Pejorative
丢不丢人想象一下你的孩子告诉你未来的目标是做家庭主妇/家庭煮夫，你是欢心鼓励呢还是竭尽全力打消念头？	Potentially
日本女人脑子莫不是有病？当时日本女的地位那么低还有这自信为国争光啊，感觉你说的不太真实	Potentially
但是他学的是东北女人的粗鲁暴力台湾女人的楚楚可怜天津女人的刁蛮刻薄，你不觉得很刻板印象吗？不觉得很地域黑吗？他不是只学了方言啊	Potentially
中国人歧视印度人你哪看出来的？	Potentially
首先，这个篮球和政治扯上关系是NBA那个莫雷开的头；其次，之前你心爱的NBA某队有人歧视黑人，结果马上凉凉，你敢说黑人问题种族歧视不是政治问题？所以你三观有问题，而且别人欺负你你还不知道	Potentially
所以你的真女权是什么意思？男人压力太大呵呵，要是男女平等，工作没有性别歧视，男人需要承受这么大的所谓房车压力吗？一边占着便宜一边又叽歪	Potentially
难道没有人告诉他，中国人喜欢吃黑鬼吗？清蒸油炸火烧干煸油焖白灼	Potentially
我赞同你，黑人堕落还不是因为资源全被抢了？没教育没经济能出什么人才啊，上面还有人提正面榜样，正面榜样马丁路德金和黑豹党全被屠干净了，稍微了解一点历史就知道美国白人怎么炸了黑人华尔街，怎么把黑人辛辛苦苦创造的社区毁掉的，	Potentially
广东客家人为什么是“客”？是不是在歧视hahahaha为什么潮汕不认为自己属于福建？为什么闽南语这么难懂？是不是因为福建人看不起北方人？hahahaha	Potentially
直男啊？你是弯的嘛？看不起直男?	Potentially
男性怎么没有话语权了？女司机？不能给女人讲道理？女人拜金？难道是女人自己说的吗？	Potentially
你们潜意识中比较歧视女性的生育特征吗？	Potentially
为什么现实里面日本人说话很委婉，甚至觉得中国人普通交流都像骂人？	Potentially
现在不是都流行说新疆人都是kb分子，小偷来着么？怎么答主这里没我新疆呢？	Potentially
男A：我觉得xxxx是对男性性别歧视,女A:这是刻板印象,女B：这归根究底其实是对女性的歧视,女C：你还是不是男人,男B：你还是不是男人,男A：？？？？	Potentially
凭什么你觉得是女拳师你就用娘们侮辱人？[捂嘴]我还觉得你是男拳师呢，哪个词伺候？[捂嘴]	Potentially
西北那里是不是街上到处都是砍人的？	Potentially
你的传统就是直男癌咯？	Potentially
台湾人均GDP2万5，浙吹都完爆台湾了，江苏还在话下？顺便地域黑了一把苏北	Potentially
我也不懂为什么这么多歪楼的，在印度，女人被强奸是很常见的一种事，男权主义很严重，所以他们印度人喝多了在中国这样我一点也不感到奇怪，同样，我倒是奇怪这么多歪楼的，如果真碰到了，你们会怎么样？	Potentially
踩井盖防止河南人偷？	Potentially
那么希拉里为什么想让华人被黑人抢劫？	Potentially
她不是女的？我干嘛要扯男的啊？我说话不提男生就是种族歧视[为难][为难]我？[好奇][好奇]摸不着头脑	Potentially
那些中国女性恶心成这样还有女权婊给洗白吗？如果有请跳出来	Potentially
是类似现代这种家政服务的雇佣关系，还是黑人奴隶的交易？	Potentially
作者对自己女性同胞都不友好，怎么让别人同等对待……你这么义愤填膺，你敢像黑人啊人那样维护自己种族吗？都是码字上很厉害 ，黑人受歧视才是最多的，但是人家用实力和自己种族几十年的努力，证明自己的人更多～这个世界，不管哪里，	Potentially
男生还有性骚扰？？	Potentially
另外，你也对比了黑人群体，请问，你觉得对黑人表达不喜欢黑人这个群体，你并不觉得非常失礼嘛？	Potentially
怎么？黑人一出生就是罪犯吗？为什么黑人的孩子要在犯罪，吸毒，贫民窟的环境长大，白人的孩子就能接受良好的教育？白人祖先遗留了这样不平等的历史问题，现在的白人当权者嘴上说着一套，	Potentially
要我说吧，黑人就是黑人，怎么跟高贵的东方人相比？黑人发明呼拉塞尔是用来驱赶猎物的，也就是说，这玩意可能压根就只有一个音	Potentially
什么？讲黄色笑话和女生穿短裙是一个意思？第一个是性骚扰女性是有权利报警的，第二个你报警个试试？第一次遇到偷换概念玩的这么烂的	Potentially
因为河南人偷坑拐骗好吃懒做又穷又懒还偷井盖儿，中不中？中央、春晚钦定农民工标签，你觉得吼不吼？	Potentially
最不尊重女性的就是微博吧？？？	Potentially
多和少本来就是人的主观判断，对于全国其他地方而言云南爆出的此类问题数量要远大于其人口比例所以“云南恶霸特别多”还算是歧视吗？	Potentially
道理我都懂，能不能不要一直女司机女司机的？司机就是司机，强调是个女的又能怎样？男司机就不出大型车祸了吗？	Potentially
你们华裔怎么就不搞个白人裔细分法案，大家都是移民就许你歧视我不准我歧视你吗？	Potentially
南北战争之前南方的黑人奴隶的待遇实际上怎样?	Potentially
题主被种族歧视了，题主讨厌他们反而还错了起来，就许他们歧视中国人不许中国人讨厌他？	Potentially
女人的家人，能管她死的事，为什么不管管她出轨的事？觉得事不够大？还是女的能给他们钱，没钱了，才出来说话？	Potentially
这有什么不正常吗？素质低下的白人也会称我们为…我不知道他们歧视黄种人的称呼，但是肯定有，还有黑鬼，这个没错吧，	Potentially
呵呵，这种通篇地域歧视和一大群地域黑的人附和，跟几年前贴吧集体黑河南人的盛况有什么区别，你跟我说知乎不药丸？顺便已举报	Potentially
这个答案下面的评论里是有多少直男癌？	Potentially
描述问题就是，男性，垃圾吗？	Potentially
提河南人偷井盖是此地无银三百两吗？什么素质？	Potentially
非洲愚昧落后是先天环境不好，中华文明灿烂悠久就是老天爷赏脸，所以中国人要不要和非洲黑人换地盘？	Potentially
部分四川球迷洗地真是太恶心了，一脸无赖样，以为别人都是瞎子聋子？那么多视频你随便挑一个没剪辑过的看还看不明白？非得让人骂跟人撕逼有意思？	Potentially
本来不想回应的，但是评论仿佛都是一种逻辑，不回击就显得低人一等，就是奴隶，这么敏感难道不是自卑心理在作祟吗？说中国假货多，贫富差距大，两岸并不同心，这是事实，说都不让说了？当年明月说过，	Potentially
你们都喜欢看小姐姐脱光衣服和男人打架？	Potentially
歧视黄种人吧大概？	Potentially
你把女人换成男人就觉得没啥问题了，一个男人不自强自立，没女人活不了在知乎难道不会被鄙视吗？	Potentially
南京流控是真的想杀人，有一次居然推出以后又滑回去了说上海流控？？？	Potentially
吃软饭和没有上进心没有野心的男人跟着他图什么？？养条狗不比养他强？？	Potentially
我比你更狠更血性，我喜欢看强势男性压迫底层弱势男性呢，丛林法则垃圾就被虐，你狠吧？	Potentially
你这几顶大帽子扣的，朋友圈是不是也要像贵乎一样发个抱怨都要考虑道德风险？？？ 女穆斯林黑人同性恋的狗咬了你，你敢票圈婊狗吗？？？	Potentially
陈述事实可以 他说河南人没道德我不能反驳吗 难道发出声音都不行 你说喷子就喷子 你厉害咯？	Potentially
因为华人和黑人一样被歧视就要同情黑人？难道黑人把华人当兄弟？	Potentially
地域黑？新疆人怎么了？	Potentially
浙江农村的真实情况不了解，但说真的，农村群体普遍思维落后，有时候不知道农民群体存在的意义是什么？	Potentially
校学生会面试时，有个学长问一个河南的学弟：你们河南人偷井盖吗？	Potentially
但是其实黑人在世界各地都是不应该的，就像你在一个白人国家被歧视你是黄种人，你觉得应该吗？	Potentially
我他妈就是歧视黑人啦怎么滴吧，老祖宗打下的江山，给他们黑人住？？我怎么没交过我们男人，去他们国家，他们女人倒贴啊？就崇洋媚外呗，还能说什么？大部分国人，自己国家优点没学到，	Potentially
就威胁台湾这条，你明白什么叫威胁吗？还是你就认为台湾本来就不是中国的？	Potentially
我想问一下，在这里帖子里，到底是上海人在歧视你们，还是你们在歧视上海人？	Potentially
1，作为歧视黑人的种族歧视者，你竟分不清纯白人和黑白混血的长相？2，为什么南方女生都死缠烂打倒追北方大老爷们，各种鄙视自己的南方男同胞矮挫？因为南方女生认为嫁了北方大老爷们可以让她们的后代不再是小矮人呗，	Potentially
问题是，放任本族女孩外嫁，只会让自己民族更受歧视啊？不然你看为啥美国黑人也开始歧视殴打亚裔？	Potentially
夸奖东北人野蛮流氓？还是其他？	Potentially
人类的繁衍都是有自身规律的，政治力量的介入有时候会干扰，像钠脆极力杀害犹太人，西方白人向美洲大量贩卖黑人，还有整部落的消灭印第安人，所以您的宝贵结论是犹太人、黑人、印第安人的生存繁衍不是哪些势力能够左右的？	Potentially
难道女人都很能忍？	Potentially
那只能说明你生活的地方很落后呗[思考][思考]你圈子就这样所以提升自己才最重要??因为中国还是底层多??越偏远贫穷的地方彩礼越高??大城市很少有彩礼，即使有也很少，基本上不叫什么彩礼嫁妆，	Potentially
这帮黑人不仅有枪还有毒品，一贫如洗？	Potentially
女性能够同男性一样受教育、出去工作，知道这是多少前辈们做了多少努力争取来的么？,至今女权们还在为就业歧视抗争,这一步倒退，又会毁掉多少姑娘的前途命运,再说她们自己,待人到中年，身材发福年老色衰然而却一无所长，拿什么保障你自己，	Potentially
拉倒吧，当年日本入侵的时候咋不见你们这么勇？	Potentially
那你咋不把你的同理心往dnf玩家身上想一想？女生那番话和说黑人都是奴隶，看韩剧都是婊子又没区别	Potentially
楼主，你这什么补习班，工资翻10倍，能推荐下？ 4000十倍4万； 还有，上海本地人排外倾向很严重，你是如何认识你的老公？上海美女太多了，光长相肯定不足以说服婆婆吧	Potentially
这跟女权有毛关系？资本家搞的鬼，让女人背锅？无脑女黑也是逗	Potentially
你的“全是女权”和杨笠的男人都是垃圾又有什么区别？？[微笑][微笑][微笑][微笑]	Potentially
赞爆了，可为什么香港人总是和外国人一样歧视国人呢？	Potentially
所以你到底指的性骚扰是什么呢？看算吗？（那女生看男生怎么算？），这个世界是不是只有女生可以欣赏男生的 ，男生就不能多瞟一眼女生？所以说这就是女生的特权吗？	Potentially
这都能推断出对女性的恶意?	Potentially
那你了解黑人奴隶的历史吗？你了解纳粹屠杀犹太人的历史吗？你了解印度目前仍然存在的种姓制度吗？活生生的例子摆在眼前，凭什么你相信几千年的奴隶主有以人为本的思想呢？？？	Potentially
所以说欧洲人敢p面罩调侃黑人有艾滋病、埃博拉吗？	Potentially
那么，你歧视黑人吗？ 摸摸良心回答	Potentially
不好意思，现在肉身翻墙美利坚中，况且我就是要鄙视河北科技大学为野鸡又干你什么事，至少野鸡没骗过政府资金，骗子大学还要面子，当婊子也要立牌坊？	Potentially
为什么不好说自己是中国的你不清楚吗？在美国或者欧洲最被人歧视的种族是黄种人，黄种人最被歧视的是中国人	Potentially
讨厌黑人主角到你这就变舔白人了？	Potentially
到底是哪个王八蛋告诉你们甘肃人都是红脸蛋，骑着骆驼上学的？？	Potentially
诶？我看的时候评论里大多都会说一说直男癌，我只是分析一下为什么会关联到直男癌而已 黑人问号	Potentially
你说的是什么？ 难道不是黑人们希望平等自由是自己争取的吗？绿皮书更像是白人对黑人的施舍，搁谁身上谁恶心的那种	Potentially
你把你上面的话吃了吗？对对对，你没说这只是浙江人的问题（xx人偷井盖了，我有说只是xx人吗，各省都有人偷）你这是典型的地域喷子	Potentially
浙江骗子多还是第一次听到，是电信诈骗还是啥呀？不能一个人这么说，你就这么认…但浙江确实很多商人，从无商不奸这个词来领会，确实是比一般人精明聪明	Potentially
地域歧视很普遍，但在现在的大环境下，表现出来的比较少见，不然怎么能上新闻呢？	Potentially
把一群人的缺点集中在一个物体上好吗？ 这么说 那河南人都是偷井盖的贼咯 东北都是黑社会咯	Potentially
黑人？有没有艾滋病？是否是三非？	Potentially
有这么骂人的？东北人招你惹你了？	Potentially
外国也有流氓，国内有流氓就可以接受了？ 中国有偏激全世界的傻逼，那台湾或者其他地方有偏激中国的傻逼就可以接受了？	Potentially
嫁给黑人?那些可是奴隶，黑奴啊	Potentially
越是长的丑心里越是扭曲，干出来的事就越可恨，专指这个男的和旁边那个女的？	Potentially
自省精神不是您这么玩的，女的被强暴是因为穿着暴露？	Potentially
“看不起我是吧，你若是福建人我会闻不出来？”	Potentially
知不知道原本黑人牙膏的英文名叫“darkie”，darkie和那个的意思一样，都是黑鬼，你把k换成l就没有歧视的意思了？你把傅满洲换成满大人就不歧视了？而且原本那个黑人图片的原型是吉姆克劳，	Potentially
你问一个黑人，黑人在美国受到的歧视多吗？,黑人会说美国当然有歧视，但是我们在慢慢变好………,你在知乎上问一个华裔，亚裔在美国受到的歧视多吗？,这个华裔会说：“不，我们没有收到歧视，歧视我们的都是亚裔……”,可是在美国，	Potentially
不骂直男，不骂渣男，只骂舔狗,拉低男性地位，纵容女权风气,和easy,girl的区别就是：Easy拉低中国人形象，舔狗拉低男性形象，都不得house,为什么不骂那些女性，国女Easy你骂洋垃圾有用么？就算你让女性知道尊重男性了，	Potentially
你认为妓女和嫖客得性病、艾滋的几率不比良家男女高？	Potentially
要不去美国拍一部黑人贩卖白人做奴隶的电影，尤其要表现白人被整得多么的惨？	Potentially
？？？？你们怎么见到嫁给黑人的女性的？？？？我咋见到的都是娶了黑人老婆的中国男性？	Potentially
所以你来说说黑人凭什么被你歧视，你今天不被歧视是沾了当年很多流血牺牲的战士还有李小龙这样的人的光，你好意思歧视别人？	Potentially
肖战王一博，你认真的吗？这不还是没有摆脱瘦弱的刻板印象，至于美国人日常瞧不起亚裔真的已经深入人心，某网站都专门找小眼睛亚裔来演，确实很恶心	Potentially
可是，柯震东吸毒也许是被面子所迫呢？可是，黄海波嫖娼也许是被jb所迫呢？可是，买卖妇女儿童也许是为了自己家有个后呢？	Potentially
但是如果按你这么说，现实如果是十三个骗子中有2-3个河南的，就要说河南骗子了吗？这不科学，坏人哪都有	Potentially
看到后面私信骂人的那些男性要不要笔脸？	Potentially
什么叫文人也是男人所以就可以理解了？男人都是渣男？	Potentially
扯什么鬼话？女人可以嫌弃男人没钱没车没房，男人就不能嫌弃女人不是处女？处女情结是屈尊的降格，嫌弃男人没车没钱没房就不是？	Potentially
河南人真的不偷井盖吗？我听说河南人一般成人礼就是偷一个井盖，偷着了就算成人了可以开始做自己想做的事，因此还延伸一个成语—背井离乡	Potentially
国内女强奸男(反正就是男的非情愿的前提下吧)，算犯罪么？立法了么？我记得几年前全是一个空缺吧？	Potentially
没人偷为什么就传河南人偷井盖？	Potentially
那为啥我地域嗨河南的时候，我舍友揍我啊？他是不是理亏真的偷过井盖啊？为什么新闻上播报女司机，那么多人喷啊，她们也开车么？	Potentially
我妈山东的，我爸河南的，你能知道我有多绝望么？开着挖掘机偷井盖？？？	Potentially
男人怕软？	Potentially
为什么这么着急给擅长歧视华人的黑人洗地呢？	Potentially
奇怪了，为什么女生要带面具，摘下面具要么杀人要么 ，歧视女性吗？好像以前的女刺客，看到我脸的时刻就是你的死期	Potentially
口袋里不揣个十万也敢在上海上街打架？	Potentially
难道女权他妈不是女利，而是利男损女？？	Potentially
知道中国的大部分女权和国外的有什么区别吗？国外的是能自己做的绝不让别人帮，中国的是能做也要别人帮，这样的不是女权，完全就是女权癌，什么都不付出最后要求女权高于男权？男的辛苦的治国齐家平天下的最后不是让这样的人来指挥的	Potentially
你随意吹牛，就问一句，宁波那边黑人杀人的事情怎么处理了？	Potentially
表妹没伤？新奥尔良那种垃圾城市，犯罪率高警察歧视黑人的地方，谁愿意待？	Potentially
别说我们国家的人讨厌黑人，看看国外？米国那是一言不合拔枪就射，要么跪杀，	Potentially
在上海，外地人和本地人的比例在6比4以上，如何歧视？谁歧视谁？	Potentially
中国人有什么权利拿自己的破烂审美观念去衡量其他种族的人？	Potentially
弱国无外交，穷国无尊严，如果非洲国家比美国强大，你看他们还敢歧视么？话说深圳这边倒是没有遇到歧视黑人现象，公交车上黑人旁边都有人坐，	Potentially
台湾地区对陆配及陆生的歧视性条款,蓝营很多人都在帮忙伸不平,台湾人自己也承认,怎么到你这就台湾对外籍人士一视同仁了?	Potentially
这世界这么精彩，为什么把自己的生活局限在家庭主妇上？	Potentially
然后你就因为某些无脑的言论而贬低了所有的上海人，你的行为和被你恶心到的那位有什么区别？	Potentially
对，就是这个，真·上海人，永远歧视他人，永远被他人歧视，上海人认为金山算个屁的上海人，但在郭敬明眼里，你都生在金山了，怎么就不算上海人？大概是这个意思	Potentially
黑人有什么正面的事吗？美国黑人占美国人口百分之十，占美国犯罪的百分之五十，就好像中国有一个地方大约一亿人，	Potentially
不能一竿子打翻一船人，就算是我们国内各省间，说偷井盖的，说黑人多的，说男人娘的，说当小偷的，说黑社会的，不也是赤裸裸的歧视？	Potentially
这个跟地籍无关，有数据证明河南籍犯罪率高吗？你还华夏子弟，这样黑起源地？	Potentially
请问你说的这个国家，是到了二战时期还能烧死黑人的国家？还是驻军强奸案高发却压下不管的国家？还是到了二十世纪九十年代仍然可以绑架后虐杀、奸杀拍成地下电影卖钱的国家？	Potentially
长得丑算什么？高中火箭班比长得丑的女孩子一抓一大把还不是一般的丑 身残志坚身还未残志就萎了？ 想想人家有身体缺陷的人吧	Potentially
我种族歧视，我承认，我就是歧视黑人，又怎样？	Potentially
最讨厌受害者有罪论，你可以反手给老班一巴掌，然后说，我为啥不打别人就打你？我很好奇你班主任是男是女？长得好看吗，如果是个未老先衰的大妈，估计是嫉妒你漂亮吧	Potentially
想知道第一个视频道完歉就完事了？国外接触的台湾人都这个德行，恶心的是还想占他们所看不起的中国的便宜	Potentially
我要被回答里的有些人笑死了，说什么不让嫁黑男就是不女权把女的当财产，打拳也挑挑地方好吗？	Potentially
虚伪？无非比中国讲礼仪而已	Potentially
台湾的那则新闻简直恶心至极，“大陆好干净，全球脏兮兮”，凭什么就得牺牲中国成全世界啊？做了这么多年，没做出好儿来，倒叫某些贱人认为是理所应当了	Potentially
离开东北也要被你们歧视，不离开又说不思进取，你们能不能统一一下口径？	Potentially
别什么都女权好么？看个动漫也能扯到出女权，烦不啊？里面还没有亚洲人，算算不歧视亚裔啊？	Potentially
亚裔（华裔）处于全世界鄙视链（歧视链）的最底层，跑去支持洋大人的“BLM”抗议？	Potentially
说实话后来这么多黑河南的 一部分是跟风 但是究其原因是河南人自己作 出了省自然就代表了河南人了 坑蒙拐骗无恶不作 车站的骗子有多少河南人你们心里没点b数？现在整顿了就开始喊冤 以前被骗的人呢 我不否认哪个地方都有坏人 但在当时车站的骗子河南的特别多	Potentially
哪里主场没骂人？哪支球队没靠哨子占过便宜 为什么只有北京这么被人反感？	Potentially
前一段时间还在抨击重庆那个家暴男（pua男）恶心，换个国籍pua还合法了，值得了解？[小情绪][小情绪]	Potentially
你知道亚裔怎么歧视黑人嘛？,都是放在心里歧视的，少看点儿,公众号的视频吧……	Potentially
你这言论哪里出来的？再怎么说最恶心的就是日本，恶心透顶	Potentially
知道有种行为叫我可以骂而你不能骂么？你说人家齐达是他家乡，所以他就只能爱护着不能骂，要我，我只敢黑自己家乡不敢黑别的地方，要是黑河南，不就是地域黑了？	Potentially
那为什么被警察枪杀的黑人远多于白人呢？,难道白人就没有犯罪的？	Potentially
仗义每多屠狗辈，再者说，天津卫的大耍儿，要的是面儿，家门口不能栽面儿啊，打不过几个维子小偷？还混不混了啊	Potentially
美国大部分对人很好？,种族之间的矛盾根本无法解决的，这次虐杀黑人，而华人在美国是连黑人都不如的，有多少华人就是被抢劫，杀害的对象…,仅用言语怼两句就了不起了，	Potentially
都是在说些屁话 凭什么江西要等你们先富带动后富？凭什么就给你们做城市后花园 当粮仓？宣传江西 就能听见新闻联播呢套口号 绿水青山就是金山银山 恶不恶心 江西不欠共和国的 反之上面自解放以来给了江西多少？	Potentially
急了？你找个老黑或者白男，看看他们会把你怎样玩，玩玩就走，谁对你负责啊，中国男性犯罪率是前世界几乎是最低，	Potentially
前面还好，后面是啥啊？因为弗洛伊德是罪犯所以歧视不存在？黑人就是缺少教育，就是没文化，就必须要是恶人了？说了一大堆，又饶回去说好好学习，天天向上，根本没说问什么黑人要去犯罪，但凡有工作，但凡有钱，	Potentially
把别人划分成白种人黄种人和自卑有什么关系？你这意思把印度人划分成黑种人?你潜意识里不还是觉得白种人比黄种人“高贵”，印度人不配成为“高贵”的白种人?	Potentially
大陆主体民族在整个华裔圈子里都是最底层，反正都是最底层，在哪不都一样？	Potentially
在北京遇到歧视外地人的如何怼回去？	Potentially
谁在说小孩子分饭菜的事情了……现在说的是职场性别歧视和话语权问题我咋没看到有什么“女拳”把职位都分给女性不分给男性，让男性饿死？	Potentially
很奇怪吗？现在同样很对人歧视黑人，歧视印度人，歧视东南亚人	Potentially
这种女人的脑回路真的不能理解，黑人有什么好的？嫁就嫁了，过得不好跑回来又祸害我们中国男同胞，让我们中国男人花彩礼娶一个被黑吧老那个的女人，以后，	Potentially
俄罗斯,澳大利亚最排华?,俄罗斯离中国近,相互接触很多,澳大利亚加拿大新西兰都是纯移民国家算是最不排华的了,欧洲亲华?,你开玩笑呢?	Potentially
本来咱们爱丽儿就是白人 凭什么让黑人演 是不是歧视白人啊？/滑稽	Potentially
腾讯真想搞周，跑香港不是送命？跑路超人和马什么关系你知道？	Potentially
四川人得罪你了？那我同学江浙人每次都指导我怎么怎么吃海鲜，我喜欢吃的海鲜什么太垃圾太廉价了，那我不是应该直接喷他们江浙人的优越感？	Potentially
我不侮辱女性，我嘲讽女拳总行了吧？ 是谁把女权变成女拳的？不就是你们这帮自以为是的拳师？	Potentially
浙江人在高考名额分配上受到的歧视比北京人还严重，为何浙江能够发展起来，而且许多浙江人考上的大学比北京人甚至外国人还好？,亚裔受歧视最严重的地方在哪里，	Potentially
女的为什么不能打？	Potentially
黑人不是人系列又来了，你幻想自己是白人站在白人的角度说话么，如果黑人出生就有像白人那样的大片农场他还会走上犯罪道路吗？黑人的祖先是被白人农场主的祖先买过来种地的，奴役解放后他们没有土地，没有资源，	Potentially
说句题外话，日本的教育真的吓人，如果真的是抹掉这段历史，我觉得还可以理解一下，毕竟谁都不想抹黑前辈，哪怕这是实际情况，但为什么要改变历史？	Potentially
看了好多男的家暴女的不忍受辱打死男人的，这不应当归为正当防卫吗？	Potentially
可不就是我的叔叔于勒么？日本有钱亲，越南无钱厌恶	Potentially
所以，大多数印度人民自愿选择了极端贫穷？	Potentially
为啥是不是上海人要用钱去衡量?如果你是外地人，这难道不是歧视?如果你是上海人，这能说你都不陪当上海人，还有钱就是上海人?为啥上海那么特殊?脱离全世界标准的特殊?用钱衡量?多少才能算上海人?	Potentially
不是要平权吗？这时候拿男性说事，中国特色女权主义？女尊？	Potentially
浙江卫视怎么这么恶心，以后不会再看浙江卫视了，反正少我一个不少，??	Potentially
从硬件条件来看，女性的出厂设置某些方面就低于男性啊，体力方面……还有社会歧视，包括女性对女性的歧视，但很少有男性歧视男性的吧？至少现在，	Potentially
所以这些被歧视的华人，就因为被歧视，所以说有点怨恨中国？	Potentially
你觉得男性不能留长发不能化妆算不算性别歧视？	Potentially
当男性感觉到被社会歧视是女性造成的吗？	Potentially
我怀疑你歧视女性，为什么女人只能绣军鞋不能打鬼子？看到你的话，我大冷天的浑身发烫口干舌燥，地狱空荡荡，鬼子在人间，我们女性何时才能真正的站起来[滑稽]	Potentially
嗯，所以广州落后于成都沈阳重庆西安，对不？	Potentially
黑人在美国侮辱华人，那我支持白人警察打击黑人有什么问题・_・?	Potentially
这地洗的，easy girl就是easy girl，这道题不讲女权，讲的是外国人在中国ok？你知道有多少女人是抱着钓男人移民的心态去送的吗	Potentially
为什么鬼是女的？男鬼呢？	Potentially
小碰擦女司机才占4成，6成都是男司机，你还说女的开车不好？你这是歧视女性吧？	Potentially
种族歧视中国人还找了个中国老婆？就像你不喜欢黑人你能找黑人当老婆？就你这逻辑狗屁不通，一戳就破的人回复你简直是浪费时间	Potentially
“美国法律立法前歧视黑人”可不就是在立法前“立法不好”么？	Potentially
水军能滚出知乎吗？昧着良心黑人小心正主死全家(原谅我骂人→_→)	Potentially
歧视黄种人，你觉得好笑?你是精神白种人还是精神黑种人？	Potentially
确切点儿说，是不是女生的价值不需要通过媚人来体现？	Potentially
未婚人士如何做到，30，岁以后的生活不可悲？	Potentially
呵呵了，你见过海外同胞被黑人歧视吗？别圣母了	Potentially
硅谷那么多印度人扎堆的公司，都是杀人抢劫的地盘咯？	Potentially
这你都能拐到河南人身上？我也有个万能句送给你，说河南人最爱偷井盖的人，最特马喜欢吃翔了	Potentially
跟奴隶贸易有啥关系，要不是托了奴隶贸易的福，现在这些美国黑人哪有机会在美国享受？	Potentially
既然仇女，也只是反对女性特权的压迫，追求的是平权，为什么各位从不正视诸多男性极端的歧视言论？	Potentially
现在恐怖用于惊叹和称赞难道还少？对于女性就是歧视，对于男性就正常？	Potentially
黑人为什么吃不饱，难道没原因吗？素质低，	Potentially
你就不怕将来有人歧视你的女儿吗？还是HR们全部都生儿子？生不生二胎，你明确问人家不行吗？女性就都想当奶牛当生殖工具一直生生生？	Potentially
为什么男性犯的错误要被骂女司机错误？是不是觉得女性开车不如男性？你这是歧视女性，气抖冷	Potentially
所以呢，中国人在外国受到歧视是因为南方人又矮又丑？	Potentially
不不不，有更多回答的女人不是都说中国女孩漂亮吗？那现在又说白人男性更好，所以结论是什么？又扯回中国男人配不上中国女人了？	Potentially
呵呵，所以全国只有内蒙古人抽烟？这都要地域黑？你有什么资格歧视内蒙？嗯？	Potentially
看不起外地人的都是上海人里的loser，竞争的失败者，你说一个成功者会惧怕竞争？	Potentially
和去宜家睡觉的有什么区别 意识不到那种行为会让人瞧不起？ 歧视是没有理由的吗 有时候别怪老外歧视中国人歧视黑人啥的 要不想被歧视得先做好一个人	Potentially
黑人艾滋病高不高跟你中国人有什么关系呢？中国人近视眼还多呢，跟黑人有关系吗？	Potentially
黑人当了百余年奴隶，女巫被烧了百余年，同性恋当了几百年病人，奴隶主剥了几百年人皮，人类几万年来赤身裸体，所以？ 大清统治了几百年中国，大清呢？日不落主导了几十年的国际局势，那他们的太阳怎么还是落了？	Potentially
别开玩笑了 打架就是打架 摸哪打哪 你打过架没有 东北人打架都是掏刀子的 无差别攻击 要不怎么混？	Potentially
诶？不是据说，美国黑命贵，	Potentially
说有优越感我会信，斤斤计较？是认真的嘛，向来只有上海人背负小气的名声，宁是管中窥豹呢？	Potentially
男人不奋斗那要怎么着，都是不小的人了，儿子都上大学了，有什么矛盾不能商量？婚内出轨什么概念？现在女权真可怕	Potentially
你说为什么白人会歧视黑人呢？不否认黑人有精英也不否认白人有渣滓，但是按比例来看还是黑人多一点	Potentially
奇怪了 在美国，你是在富人社区遇到抢劫的概率高还是贫民窟遇到抢劫概率高？ 在中国，一个单身女性半夜敢走在北京的大街上，敢走在工地的路上吗？	Potentially
看不懂？这叫地图炮吗？讨论的是朝鲜人，跟汉族有什么关系？没事抖什么机灵？按照你的逻辑我可以扯的更远，是不是贩卖黑人的白人要死绝，是不是日本人要绝种？	Potentially
中国古代的昆仑奴也是矮黑人？	Potentially
你们说，黑东北的是不是忽悠咱们东北年青人去南方为房地产接盘，或者为资本剥削?	Potentially
是吗？女生都这样？为什么我身边的女性朋友和我的四任女友都没人这样？你倒是可以不用找男朋友，他们都是钢铁直男，真的	Potentially
局之外：种族歧视，无解？	Potentially
微博女拳倒是把男的也休产假给写进法律里去啊，现在除了恶心人还能做什么？	Potentially
总说别人黑你们东北人，请问东北人的形象是谁败坏的？是别人在外面扮成东北人打架了，还是别人在冒充东北人犯浑了，亦或者全国人民最开始就对东北人有偏见？还不是东北人自己败坏的东北人名声	Potentially
歧视亚裔怎么了？歧视亚裔也是所谓政治正确的一部分	Potentially
你当现在喊着“新疆人都是小偷”的人少吗？	Potentially
北京面交怎么就全是骗子了？北京的卖家就不能面交？	Potentially
如果二战往他们头上扔原子弹得是中国你试试？这几年少点了，十几年前美军强奸少女得案例还少？	Potentially
为什么？？不应该在b站歧视黑人才能引流吗	Potentially
我歧视黑人，怎么啦？	Potentially
是种族正视，允许他们说黄人jj短，就不许说黑人智商低了，凭什么，黄人天生就该被屠杀？是低等人？	Potentially
兄弟，我说的就是个嫩妹，见面那会她20[大笑]，人家沾过的男人比我吃过的大米都多 换你你不恶心？	Potentially
上海小男人会不会有点小气？	Potentially
转移什么话题了？香港暴徒打人还不让人说了？	Potentially
香港不说粤语会被人歧视吗？	Potentially
她反省自己就应该被原谅？那当初干嘛去和有夫之妇约炮？你让那个男的老婆怎么想？现在小三也可以洗地了，真恶心	Potentially
犯罪率是抓了才算的,美国警察专抓黑人,犯罪率能不高吗？	Potentially
夸张了吧，白人不是歧视黄种人，怎么还会主动跑去黄种人家里？	Potentially
别女人女人男人男人的，你既然知道男人家暴和你没关系，家庭妇女和我的职业前途就得挂钩了？	Potentially
高度自治权就是歧视同胞？人家老外说的没错啊，为啥中国人去香港还要港澳通行证，北京是首都是政治中心吧，也没听说过要北京通行证，所以这条规定就是歧视，还解释，解释啥，你的歪理？？？	Potentially
别说别人歧视，中国自己的某些做法简直就说求歧视，收了20多年的洋垃圾，人家不歧视中国歧视谁？	Potentially
美国人歧视华人、中国人歧视河南人，这是客观存在的事实，不是你觉得自不自豪的事，您说出日本人杀中国人的时候也是那么自豪吗？	Potentially
难道找个黑人老公就是媚黑，找个外国对象就是崇洋媚外？？？	Potentially
就算洋垃圾不来伤害女性，国男自己对女性做的恶还少？	Potentially
看了你的图片，我决定让网络暴力喷洒我一下：不吃肉还算男人？	Potentially
怎么这游戏连个母的都没有是不是歧视女性？	Potentially
我有说过“非洲裔美国人”没有受到歧视吗？	Potentially
“嫩球大了”是河南人？	Potentially
你说大农村就大农村了？天津之前落后几年就随便什么人都踩两脚？还过气有本事你上报中央取消给广州啊？广东比比赚钱还好说，比教育？广东的教育水平能跟天津比？义务教育达到100%了吗？高等教育的百分比有多少？	Potentially
怪上海的小市民也是无语了，深圳，北京房价难道比上海低么？超高房价的始作俑者就是政策，要怪就怪政策制定者，说这政策伤天害理不为过	Potentially
问题在于真正的黑人犯罪率也没离谱到什么程度啊？	Potentially
黑蜀黍哪次都是这个德行，打着不满旗号打砸抢烧，平时黑人犯罪率也极高，单亲七成，喜欢欺负亚裔，你还同情黑人吗？	Potentially
为啥有的拉丁裔算黑人有的拉丁裔算白人？,作为受害者就算黑人作为警察就算白人？,美国警察各种族的都有，白也有黑也有，劳模也有，亚裔也有，你要说他们最终都变成种族歧视黑人也是有意思，大概遇到黑人罪犯太多了，比例太高了，不这么警惕的估计都死了，	Potentially
看不起中国人，谁给的勇气？是因为子弟兵在汉城呆的时间过短所致？	Potentially
底层的白人依靠警察来保护，底层的黑人沦为牺牲品…为什么不是反过来？	Potentially
那男同的艾滋谁传染的？	Potentially
美国黑人犯罪率高说不得 怎么到咱这也搞这套？	Potentially
中国人有几个不歧视黑人？	Potentially
外省人吃的惯清淡的口味？我一直以为广东以外都是重口味的，没有地域歧视，因为我遇到的外地人十有九都偏重口味，包括我的江浙朋友，他们不算很重，但是偏重	Potentially
正常的男人是你这样的，但是也有傻大叉只看美貌，不然你看社会上有那种很漂亮品性很差又一无是处的美女单身的吗？美女再差也是被男人挑选了[捂脸][捂脸][捂脸]	Potentially
哦不喜欢林书豪就是歧视黄种人？你咋这么容易被歧视呢？跪久了站不起来了？	Potentially
大约一年多前吧，我那时天天翻墙，喜欢谷歌翻译看欧美日韩的新闻和论坛（谷歌的英文翻译还是比较准的，日语韩语的翻译就比较奇葩，但大致能看明白），结果在雅虎日本看到日本网友都在声讨澳大利亚种族歧视，要抵制澳大利亚旅游，所以你说呢？	Potentially
你是有多恨女性……你没有妈妈奶奶吗？？你未来也许会有一个女儿呢？？对中国女人被歧视这么幸灾乐祸，原因竟然是6亿分之几的女孩在这个问题下面没有力挺han？？？	Potentially
歧视客家人吗，难道只有白话才配叫广东话？深圳客家人和潮汕人非常多	Potentially
外省对浙江的歧视？ 有没有搞错…	Potentially
就白人那种肤色，白得跟廉价石灰墙似的，还带渣子（雀斑），自己看都不恶心么？中国人自古喜欢的白就是“肤如凝脂”，	Potentially
没必要，也洗不白，河南人偷井盖，山西都是人贩子，北京人是优越狗随随便便哪一条是人说的话？	Potentially
同感，现在的男人都这样了吗？吓人	Potentially
哈哈哈，北京人民也困苦到偷井盖啦？	Potentially
现在知道换位思考了？白种人歧视黄种人的时候你可有站出来让他们换位思考？	Potentially
华人也配歧视黑人？黑人公开模仿小眼睛，唱打劫中国人的歌，他们是爷，	Potentially
河南人偷井盖是什么？	Potentially
别看地摊文学YY了，平常接触过几个巴基斯坦人?我保证你接触多了巴基斯坦人会觉得恶心，比黑人都不如，根本不是网上传说的那样友好	Potentially
你以后不会结婚了吧，或者会找一个女性艾滋患者结婚并且不要孩子吧？	Potentially
我最近评论了一个讲泫雅的微博，我对她没什么感觉，博主的标题大概就是韩国女星都有暴露癖吗？	Potentially
歧视黑人会被抓吗？如果不会……算了，	Potentially
觉得黑人难看就是种族歧视了？答主你这张配图真的很恶心,强行跟种族歧视搭边让人怜悯？	Potentially
你结论是啥?华人被歧视是因为母国太强了[捂脸]，那真是对不起了，我作为中国人给受歧视亚裔道歉，如果可以，我甚至愿意在其坟前三鞠躬表达歉意[耶]	Potentially
尊重是互相的，你一直呼吁国人不要歧视黑人，你敢不敢呼吁黑人首先管好自己，不要欺负别的种族呢？既然他们做不到，为什么，	Potentially
黑人双标不对，白人歧视也不对，到底什么才是对的？	Potentially
所以你也认为在河南抢井盖不算抢对不对？	Potentially
然而高考名额分配那么恶心，您好歹在安徽干活，不要这么恶心我们安徽人好吧？	Potentially
为什么要管日本人他们怎么看我们・_・?,你觉得美国会真的在乎别的国家说他们霸权主义，言行不一吗?,日本真的很在乎其他亚洲国家diss他们虚伪至极，篡改历史吗?	Potentially
种族歧视的国家黑人地位高？	Potentially
有，朋友去西安被歧视了：四川人都是矮子吧？	Potentially
排华法案的制定的原因是什么？为什么只排华，不排黑人，爱尔兰人呢？	Potentially
凭良心讲上海排外吗？[好奇]	Potentially
问题是新增艾滋男性占了十之八九，难道男人喜欢和黑人 ？	Potentially
中国女生同样也是被歧视的对象，而且男生歧视了还能打回去（参考热评答案），女生歧视了最多骂回去甚至不敢说话，女生不是不想打回去，但体力原因被打的可能性更大[捂脸]所以，大家都是同胞，被种族歧视已经很惨了，还要加一层性别歧视吗？	Potentially
现在香港黑帮走私电子产品了，有钱赚谁tm冒险做坏事啊？赌场什么的还好，中国这事态毒品和威胁卖淫不是死路一条？	Potentially
你觉得NBA球迷会有人歧视黑人吗？	Potentially
说几句话就被人揍死了，你这算是歧视黑人暴力倾向吧？ 所以你装了半天的政治正确黄左，结果骨子里也是种族歧视？	Potentially
香港还能买到黑鬼？	Potentially
所以他们说“男人还有底线呢”时，我是一个普通无害的做题家就得闭嘴老老实实站着挨骂 他们说“河南人原来不偷井盖吗”时我是一个普通无害的市民我就只能眼睁睁的看着他们叫喊？	Potentially
难道不是因为黑人自己不争气才被歧视的吗？何来的弱势？	Potentially
因为黑人犯罪率高，所以就要把全部黑人都隔离起来？	Potentially
关女权啥事了啥玩意评论啊这是这女的有鬼就有鬼呗关女权啥事天天骂女权女权杀你m了？而且女权是要求平等不是把男人踩在脚底，无语了，	Potentially
垃圾话？那你见过垃圾话骂黑人尼哥的没？别在这儿扯垃圾话，垃圾话就可以随便说了？	Potentially
世界对女人恶意，女人就对男人恶意？	Potentially
先说啊，我没艾滋的，之前因为好奇逛了逛艾滋病吧，那个百度贴吧里好像只要是男的都是gay呀，什么情况嘛？	Potentially
妈呀，即使他们有很多问题就可以被人说成劣等民族了？奥巴马夫妇也是黑人，人家是劣等不？ 河南人有一亿多人口，但河南人偷井盖，广东那边残疾人后面团体都是河南人为主，他们河南人是不是所有也该被谴责	Potentially
东北……那不是黑社会，上下所有人都这样，大概是民风彪悍的原因？	Potentially
你没有理解我的意思，骂中国人，亚洲人的时候就是言论自由，骂黑人同性恋就不能骂，懂吗？	Potentially
？挺离谱的是台湾人吧？台湾人都是叛国贼	Potentially
请先去看视频弹幕再来交谈，说印度脏乱差，印度人脏用批评这两个字不恰当吧，这和美国的黑人歧视有什么分别？？	Potentially
绝大部分女性都经历过露阴癖、性骚扰、性侵犯？？？	Potentially
广东又来背锅？？？	Potentially
这年头地域黑的基本上都是社会最底层，或者暴发户，所以不用怕出门被歧视，论惨河南人更惨吧？	Potentially
黑人地位高？ 你看看贫民窟里黑人多还是白人多？	Potentially
你以为华人只是种族歧视的最底层？	Potentially
你这偏颇的观点跟那些看了那些杀妻新闻，就嚷嚷着国男都是男蛆的伪女权有啥区别？[飙泪笑][飙泪笑]惹人发笑	Potentially
别逗了，男女都休产假就能解决职场歧视？	Potentially
你怎么不说男权吧，重男轻女吧，男尊女卑吧是毒瘤?看你的点赞数就知道中国多少男性心里那些恶心的想法	Potentially
而且为什么不是去查男的？那个拿着机器的女的真贱	Potentially
我能说这样的男孩子是我的理想型吗？我觉得男孩子善良就很好有点娘可以接受（不像某些男人压根不尊重女性，在网上键盘侠各种侮辱）	Potentially
不需要日语学生的简历并不代表需要歧视日语系的学生啊，那我不是同性恋，是不是可以歧视所有男同胞了？	Potentially
也就是这个前秘书长是个白人至上主义者？歧视黑人，甚至给病人打艾滋病毒？如果是真的，那真™……	Potentially
你情我愿？谁能确定是你情我愿，女的一口咬死是强奸男的又能如何	Potentially
你讨厌种族歧视的人,你歧视黑人？,你讨厌自己？	Potentially
那女性判什么刑？	None
同等搞笑你看谁？男性你最多骂句菜比，如果是女性的话你心里会很爽：看这女的菜的，还是男的牛逼	Potentially
因为歧视精神病人啊……这还用问吗？——这和 远离河南人、远离黑人、远离酒吧、远离东北、远离艾滋病、远离XXXX 有什么区别 ？红丝带运动 都有了多少年了……	Potentially
我不是种族歧视，但是黑人真的是劣等民族？	Potentially
江苏这么落后？	Potentially
后面搞笑个毛，上面有链接，下一张是一个亚裔站在美国奴隶主旗帜的照片，搞笑？	Potentially
[害羞]普通且自信只能适用女人，，劣等国男也配？？	Potentially
地兽是文雅的，吊癌和黄渣听过么？屌丝直男癌，黄种人里面的国男人渣，一般的男人在他们眼里，不是人	Potentially
惹我河南人 有井无盖 ??	Potentially
日本年轻人不生娃就是缺乏责任，自私，我们广大农村还一个个生是有社会家庭责任感了？印度人更有责任感？日本人还容易受挫？	Potentially
enmmmm，可是你知道吗，在国外都是白人黑人歧视黄种人……你觉得这一现象是值得被鼓励的？歧视这本来就不应该存在，我们去歧视他们，只能更加重这个有害社会健康的东西，明明就不应该存在歧视这种现象，听你说话真有够恶心了	Potentially
我就想说那些女的看见pg对女性的侮辱什么想法？说过的话等于泼出去的水自己打脸吧	Potentially
我是桂林人，以前初中四川的英语老师地域歧视我们广西，还叫我们以后出门介绍自己别说自己是广西人否则人家觉得你很懒……这里有四川的兄弟姐妹吗……给我说说看，你们四川人是不是都觉得广西人懒？	Potentially
不久前听一个女人说过：男人都是狗，你说的狗也是指男人吗？	Potentially
歧视黑人也不是没有原因，上街游行就游行呗，你们就不能像甘地一样非暴力不抵抗？境界太深做不到是吧，	Potentially
一说美国就拉民族主义大旗，一说河南就自卑认为别人歧视你，合着杜兰特在欺压我们祖国？合着科比死了你也放了鞭炮庆祝吧	Potentially
请问嫁给黑人的女孩们要彩礼了吗？	Potentially
男人的嘴骗人的鬼？？？	Potentially
决定不婚不育当然是真心啦婚姻就是压迫女人的不然你在这跳脚什么呢？	Potentially
东北人怎么就不咋地了，坏人哪都有，网上天天黑xx省xx市的 你能说那都是垃圾？	Potentially
算我求你，你素质差能不让东北人背锅吗？就因为你这样的人东北人天天被骂	Potentially
抗吧偏左那抗吧怎么那么多看不起黑人的帖子？歧视黑人那不是右翼的典型特征？	Potentially
或许有种立场是家暴的施暴者是被对方作出来的？如果换一个女人和他在一起就不会变身成施暴者了吗	Potentially
求求了,老黑别来中国,宁波广州还不够吗？骇人听闻的事情做的太多了,反正老黑再好也别来中国,我看老黑就是看动物	Potentially
起码不是母婴传播而得的艾滋病啊，那种传播途径还能活到他这个年纪？大家都懂年轻男性得艾滋的最大原因，何必杠呢？	Potentially
女的就可以乱摸胸？对不起不论男女这都是性骚扰行为好吗？	Potentially
黑人口音是怎么形成的? 地域不同 造成口音不同, 还能理解, 人种不同, 但在同一个地方的, 为什么会有口音的差别?	Potentially
河南人又背锅了(??ω??)	Potentially
为什么电视剧里面出现一个坏女人就说明编剧对女性的歧视?还是女人全是好的?女权真的很恶心	Potentially
女人不能生，男人出轨就要被女权婊们骂的狗血喷头，好家伙男人没有生育能力，女人出轨就是理所应当？	Potentially
？？？你从哪里听来的国内男性被生理厌恶了？	Potentially
jb地域黑，这视频里东北男的就是欺软怕硬的狗，小烧烤喊麦玩的挺6啊，偷东西这么横，是个案吗？不，是传统吗，有点像？打的你这狗叫你熄火就熄佛，老老实实做人，不当中国人，当狗有意思？	Potentially
为什么女人就必须要嫁人？	Potentially
从你的回复里可以看出来你觉得学位就是华人的命啊，但华人只需要上学就够了吗？难道不需要在其它地方不被歧视吗？北美学术界华人之所以大放光彩就是因为学术评价相对客观用论文质量来说话，但是放到企业呢？	Potentially
南方人确实喜欢骂人 但东北人也不能这样欺负人家啊 我想知道他到底具体骂人家啥了？	Potentially
送河南同事一个包着蝴蝶结的大井盖，然后说“心里有歧视才看什么都是歧视”？	Potentially
为什么没人吐槽破产姐妹里歧视亚裔阿憨，这难道不是歧视亚洲人吗？	Potentially
黑人不应该被歧视嘛？[好奇]	Potentially
什么鬼？但丁不是男的吗？魔鬼？	Potentially
难道你赞同女性=老弱病残？？？	Potentially
中国威胁在朝鲜之上？这新闻真的不是在辱华吗？	Potentially
我们自己还歧视黑人 歧视印度 呢 印度火车那么多人不都是国内报道的、这就是刻板印象、别说歧视外国人了 河南人不被骂还是东快傻不被骂？	Potentially
所以女人注定要低男人一等？	Potentially
你能把个例和普遍性现象说成一样吗？黑人群体的艾滋是不是大名鼎鼎？能和别的个例一样处理吗？这里我也没兴趣谈白人和性工作者	Potentially
社会歧视女性与女的吃香有什么逻辑关系吗？	Potentially
虽然我们都知道黑人素质低的很多，但你难道在采访里说黑鬼？	Potentially
这也见地域黑，河南怎么啦？撬你家井盖啦？	Potentially
军婚给我看蒙了，她抢的男人非富即贵，为啥找个没钱的兵哥？	Potentially
这个时候那些爱管闲事的上海大爷大妈怎么不出来骂人？骂上海话,噼里啪啦的口水喷了黑人一脸那才叫个爽啊[调皮][调皮][调皮][调皮][调皮][调皮]	Potentially
那么问题来了，女士优先和绅士风度到底算不算对女性的歧视？	Potentially
问题是非处女会骗人啊，这些女人不敢对自己的行为负责，你怎么看待处女膜修复手术呢？那难道不是我们这个礼仪之邦最虚伪的东西吗？	Potentially
你的数据支持呢？我说女性出轨率高于男性	Potentially
女的女的，你就这么歧视女性，你肯定是个?男的?吧	Potentially
你硬要扯性别矛盾，那你看看男司机撞死人多还是女司机呀，男杀人犯多还是女杀人犯多呀？ 劳烦你去微博和女拳打拳吧	Potentially
呵呵，老回说的没素质的东北人？老回说东北人整体素质低，这不是指的少部分人，而是攻击整个东北人群体	Potentially
你到底懂不懂什么叫群体歧视？你见过国外脱口秀白人说黑人都是垃圾的嘛？你见过国内脱口秀说女性都是垃圾的嘛？什么节目效果？她咋不敢说中国人都是垃圾呢？你让她说出来试试？怎么中国男的是好欺负？	Potentially
我觉得嫁给黑人的女人，都是自我逆向淘汰，和黑人离婚后，如果婚后有黑孩子，无论贫穷老幼哪个男人愿意接盘？如果没有黑孩子，恐怕年龄也超过30岁了，再加上有黑人婚史，哪个智力正常的男人愿意接盘，	Potentially
我不是河南人 为什么要强调下河南人？你这是地域歧视你的爸爸们吗？	Potentially
在歧视亚裔或华人问题上，是欧洲严重还是美国严重，各有什么特点？	Potentially
如果我选择坐在黑人旁边 难道我歧视白人？	Potentially
别说你一个男人了，我一个女人都想不通为什么她们一个个要嫁给黑人，难道个个都是奥巴马？还是曼德拉？	Potentially
台湾有台积电，你说他落后？我觉得只是有些人知硬而已	Potentially
不好看就是不好看，黑人嘴凸好看吗？就算不说美观问题，	Potentially
新疆人就是恐怖分子？	Potentially
这意思是要白piao，还要精神损失费，纳尼？来中国的老外大多什么阶层的心里要有b数，整天云diss国男，还要吸国男的血，杀人还要诛心啊，	Potentially
合着那些人就是主流？现实中有几个人敢这样大放厥词，搞种族歧视，有几个人说印度人越南人是劣等民族？	Potentially
男人都是骗子，他最后还不是开始送外卖了么？	Potentially
你知不知道每年有多少留美中国籍同胞受到你所谓的“弱者”的暴力歧视导致破产、残疾甚至死亡？在以美国为首的西方国家，最基础的歧视链就是：白人→黑人→以中国人为代表的亚裔黄种人另外，在大概13、14年的时候，	Potentially
为什么gay圈滥交这么严重？	Potentially
为什么非要倒贴呢？女人在日本地位很低微的	Potentially
其实我一直有个疑问，跟直男相对的不是弯么？为什么直男还有直男癌变成了一个贬义的词？意思是不是同性恋的都该骂么 到底啥意思	Potentially
这叫玻璃心？试问有中国人会在公开给黑人的某个节日祝福的视频里说祝各位黑鬼节日好的吗？真的无语	Potentially
香港别的不说，服务态度不是出了名的差？全世界发达地区还能找出一个像香港这样态度恶劣的地方？如果说仅仅歧视大陆人也就算了，香港那些餐饮店对本地人都一样黑口黑脸的，我想不出全世界稍微发达点的，有哪里是这种服务态度	Potentially
这么喜欢找国内问题的话，那就不要歧视黑人好咯，个个争做城市好cuck公，把女儿嫁过去彰显zz平等？每个国家都有歧视，所以被当地你高贵黑人歧视时倒是缩头了？就不能骂回去？	Potentially
鄙视混混可以，但别把北京老炮叫混混，老炮几十年前就收手了，跟电影里一样，有老师有老板有闲在家的，那个是你说的杀人放火的混混？你境界这么高敢问你是混北城还是南城的？跟谁混的？又见过那个？还是连电影都没琢磨懂？	Potentially
中国人没有使用暴力的权利，你想被关进去？	Potentially
有些女人看似抱怨实则在秀[飙泪笑][捂嘴]，真实一点不好撒？	Potentially
为什么现代中国男性受歧视的现象总被忽视？	Potentially
男男恶心，看这种文章的人是什么样子的？	Potentially
为什么国女不帮国男，你们心里没数吗？平时性别歧视的也是国男，打压女性生存空间的还是国男，	Potentially
谁踏马说东北人一定要打人了，谁啊？站出来	Potentially
全体云南人都会打人喽？	Potentially
你是印度人吗？还两个礼拜一起强奸案，无语	Potentially
卧槽，你们在说啥子？尼采不是嫖娼感染性病才仇视女人的？	Potentially
不觉得答主真的只讲女性的性别歧视吗？	Potentially
那美国对亚裔的歧视哪来的？	Potentially
你去试一下歧视黑人言论？	Potentially
为什么东北人就不能有优越感？就应该认同于地域黑的偏见然后自卑吗？	Potentially
呵呵，别扯这些有的没的，国内网络上提到黑人就满口黑鬼，你去美国大街上吼一嗓子，让人家理解一下试试？	Potentially
各位看到了吗，那个伊云说自己有别野有车~现在的女人真的到了有别野就嫁的地步了？	Potentially
同问，广东人有什么精神必须通过排外来表达？	Potentially
一个亚洲人找一个有严重种族歧视暴力倾向的白人，这和找死的区别在哪？	Potentially
对黑人种族歧视的主战场在美国，在中国乱发声的不是圣母婊是什么？黑人被歧视的根源是什么？如果真的反对种族歧视，反对歧视黑人，那么跑漂亮国去上街游行啊？跑非洲去援建一个瓦坎达啊？	Potentially
新成立一个防止亚裔被歧视的部门，不就是为了把黑白矛盾引向亚裔吗？	Potentially
女人要牢记，就在不远的时间之前，男人们还在科学研讨会上讨论，：女人是不是人？	Potentially
奇葩？ 男性都是垃圾 是侮辱语，这句话本身是客观存在，题主举报杨x侮辱全体男性有什么问题？如果你是男性，你已经被侮辱了，只不过你感觉迟钝或者比较麻木罢了	Potentially
黑豹怎么种族歧视了？人家原作就是黑人，还是说你不喜欢黑人发达了？	Potentially
女性专用车厢？真的有些恶心	Potentially
不还是因为地方经济落后那？浙江这里的拆二代多的不得了	Potentially
这是性别歧视，为啥女性角色就一定要靠色相，才能完成任务？	Potentially
你这理解真有意思？按你的说法美国黑人录取分数线低意思他们就不被歧视了？美国黑人是一等公民吗？	Potentially
为什么你会认为北非奴隶是黑人，美剧里黑人演员演的角色就是黑人呢？……	Potentially
白左可以让黑人种族歧视白人，就是不能亚裔歧视白人，逻辑？	Potentially
瞧不起我们新疆切糕？？？	Potentially
经常听闻黑人的负面消息，大家对其印象不好，见到了会讨厌，这不是很正常吗？假如你知道你身边某个普通朋友曾经是杀人犯，小偷之类的，你对他有戒心不也是正常吗？再打比方:中国人去国外旅游，乱丢垃圾，	Potentially
你们广东人去香港的时候受到香港人的接受吗？还是他们一样对你们歧视？香港人真的是狼吗？对自己内地的同胞很差？你们去那边时，改不改变你们的口音为了融入进他们的有香港特色的社会里？	Potentially
移民的把外地的名额占了，本地的考上个学校还天天说自己高考难，你们不如我云云，知道为啥河南人偷井盖了吗？	Potentially
怎么说呢？不是地域黑，山东男人大男子主义的特别多，就你说的这种很常见	Potentially
有素质就像日本人和台湾人了？	Potentially
我是真心希望歧视得越厉害越好，管特么白人黑人，全部当成下等人，凭什么只能人家歧视我们，我们就不能歧视人家？	Potentially
你们到底是不是在中国过读的书？这些东西有问题？九年义务教育语文和历史里都有啊，对日本是变态了点，	Potentially
你听说过十亿河南九亿骗总部设在驻马店吗？这是啥？这不是抹黑，污蔑驻马店形象?我指着你家里人说，你家里人都是小偷骗子，你会不会打我骂我?	Potentially
问题已重定向至 如何看待74岁中国老人在美国高犯罪社区的家门外被15岁黑人枪杀？（2017年）？ [图片] [图片]	Potentially
河北一所好大学也没有咯？太tm对了	Potentially
？？？？？你这是想把洋人歧视中国人的问题转化成中国男人女人之间的矛盾，作为中国女人，我也觉得这就是歧视啊，难不成欧洲人歧视亚洲人我们还会觉得高兴？	Potentially
答主是女的都有人骂直男癌，真不敢想象答主如果是男的会被喷成什么样子(?￣?,??,￣??)	Potentially
有坏人都承认，有坏人做坏事也不是不让说，但是直接带上所有人难道就对了？台湾人都是诈骗犯？上海人都小气？北京人都老炮？广西人都爱砍人？地图炮就不对了吧	Potentially
很有道理？那我喊“河南人都是小偷” 有没有道理？	Potentially
看到地域黑，真心遇到过……在三亚玩不小心钱包丢了，去失物招领处问，问我哪的，我说河南的，有一个工作人员说：啊 河南骗子最多啦 你怎么还丢钱包啊？？那我我去偷钱包才合理吗……我的错？？？	Potentially
哈哈，我们河南人偷井盖，别让我见到这种人，否则他家方圆十里的井盖电缆我全给他扯走（嘻嘻(?˙︶˙?)）	Potentially
天哪，男生和女生说话都这么难听吗？火气这么大，我说的是评论	Potentially
偷井盖的不是福建的？	Potentially
你这个观点先不说行业对女性加入有没有偏见正推可以反推男性懂 的都在计算机高校吗如果不是女性为什么一定要加入受歧视行业才能算懂 ？	Potentially
男的玩软辅犯罪呢？	Potentially
现在知乎好像不少人都说香港排外？	Potentially
果子哥哥重庆话：蜜汁吵架合集 2_哔哩哔哩 (゜-゜)つロ 干杯~-bilibili重庆人吵架是不是都这么乐？这吵得起来？	Potentially
伪女权总是存在的，你怎么知道真女权不发声？更何况你还没回答我之前的问题，直男癌那么多也没见哪个男人去骂，他们把中国男人的名声都搞坏了，懂吗	Potentially
你这瞎扯些什么玩意？？女人虐童不用负责了？？奇葩	Potentially
种族歧视这个词不就是老美搞出来的？我国又没压迫过黑人，现在倒是黑人来我国添乱，	Potentially
而且你说人家觉得东方落后是地理原因所以不算歧视，那我说河南人都偷井盖也不算歧视了？什么斯坦福教授，哈哈，我看也就一地域黑，水平还没斗鱼弹幕高呢	Potentially
河南经济落后？gdp不完爆你湖北？	Potentially
没人否认健康的亚洲人在体格，力量上弱于健康的黑人和白人吧？如果智商上又没有区别，那岂不是亚洲人变成最劣等的民族了？亚洲人机体上优势是什么？	Potentially
哪来的优越感啊？生个混血白娃一堆人夸好看，反过来歧视黑人？？？？？双标这招国人玩的一直很好，女生找黑人引以为耻，男生找黑妞就引以为傲？？？男的找个黑人老婆生的孩子黑不溜秋的都tm上新闻了，也没见人去谴责，	Potentially
这群给团长解释说心情不好的是哪里有问题吗心情不好朝别人撒气，黑人cd？？退一万步说，鲸鱼差你这一半的破工资？？想给这点工资就息事宁人实数恶心	Potentially
敢说中国是世界上没种族歧视的地方，在那个国家一个非洲来的穷屌丝能比本国高富帅都x伙伴多？	Potentially
你这种整天黑人家骂人家，人家拉黑你都不行？为黑而黑真没啥意思	Potentially
必须给黑人学生好成绩，否则就是种族歧视？	Potentially
肏你 算侮辱女性吗？就一个骂人的话，还想说多好听？	Potentially
没有这么黑人的，国民党连沈阳都到不了，还挺进到黑龙江纵兵抢劫？	Potentially
我觉得吧，说了这么多，评论里也有那么多观点，最重要的是，爸爸要参与，为什么不能有家庭妇男？男性的就业歧视本来就少，做家务带孩子力气也大，而且妈妈孩子都生好了，奶也产好了，做个全职丈夫带孩子一两年完全没问题吧？	Potentially
在北京查个身份证就是歧视了，特别对于劳动改造过的人员，没有回乡办证这种异常行为多问两句就是歧视了，都坐牢了，还是那么脆弱，至于吗？	Potentially
为什么叫这个男的渣男？ 渣男的定义是什么？ 渣男不是玩弄女性的感情或者身体吗？ 还是穷就是渣？还是小气吝啬就是渣？	Potentially
是不是骂人不是很明显么？如果我注册个公司叫“河南有井无盖有限公司”你觉得是不是骂人？	Potentially
现在某些女拳是打算搞文字狱吗？	Potentially
看你是学生吓唬你，咋的他杀人不犯法啊？在东北你试试，把刀放他手里他敢动一下?	Potentially
为什么对拉美裔有负罪感？排华法案，难道对华人不更应该有吗？	Potentially
福建重男轻女且大多男的都妈宝男，直男癌，了解一下？	Potentially
动不动就田园女权跟风好玩？那说你直男癌行不行？	Potentially
黑人被歧视没有怪罪非洲老家的国家如何落后 只是团结一心上街游行来争取平权 争取不被歧视 怎么到了这帮香蕉人这里就只会转头怪中国呢？ 我觉得楼主说的一点没错 自己窝里斗不适应美国国情不团结呐喊争取小团体利益 反而觉得是被中国拖累 这帮人死不足惜	Potentially
你自己看看你自己的回复噢 只能说东北人讲信用的人少 你歧视的是一个没道德的人还是一群人？睁着眼睛说虾滑？	Potentially
女生可以拖鞋男生就不行，几个意思？性别歧视吗	Potentially
您是靠什么评判是不是直男癌的？	Potentially
你说的难道不是因为欧美国家及日本歧视中国人低劣，中国人又嘲笑印度人低劣的循环么？	Potentially
那怎么没有处男情节啊？难道女人就不怕被染上病？	Potentially
那是不是把皮肤染成彩虹色，才不会有种族歧视呢？	Potentially
实际上你看看数据就知道，我们河南省无论是犯罪率还是其他，跟其他各省比都没什么突出的地方，怎么到了现实和网络上，河南省就变成了坏人遍地走的地方？这还不能反应一些问题吗？	Potentially
不严重啊，我们除了歧视黑人和白人和不是中国人的黄人还歧视谁?	Potentially
“黑人犯罪率高是不是因为他们天生蠢呢？”	Potentially
穿着西装的西方人在一百年前就只是对中国勒索和抢劫，穿着和服的日本人在中国烧杀抢掠屠城，数以千万计的中国人死在日本人手里，西方人在中国这样吗？西方在上海的租界救过多少中国人你知道吗	Potentially
只想请问是歧视黄种人还是歧视白种人还是歧视黑人？	Potentially
这个问题就等于 广西人偷井盖吗？ 广东人什么都吃吗？ 日本人变态吗？ 美国人霸道吗？	Potentially
“你作为男人不该多承担一些压力吗？	Potentially
拿谭谈交通里的升斗小民跟美利坚犯罪率奇高的黑人比？	Potentially
所以你认为黑人不劣等？	Potentially
又没有强迫本地人喝什么，自己喝个热水跟本地习惯有个卵关系，按你这么说，到四川旅游不吃个辣就不尊重四川人？	Potentially
你这说的，为什么女的可以挑男的这里那里不好，男的就不能挑女的，还说这是在挑男朋友，言外之意就是男的挑女的就是事多，女的挑男的就是应该？	Potentially
拐卖妇女，罪恶的来源应该是买家，人贩子不过是中介，没有买卖就没有伤害，没人敢买了，还有人贩子么？	Potentially
嗨哟我艹，地铁上打架了说不是上海人，地铁上挨骂的就一口咬定是上海人，怎么着现在地狱黑和双标还可以融合的吗？	Potentially
这个社会对女性的歧视，尤以农村为重，对于女生，能读书就供，学不了就嫁人，对于男生则要安排买房娶媳妇儿，未尽责任的你们生孩子是干嘛的？这种畸形文化让人觉得寒心，即便女儿在外受了欺负，作为父亲也只是马后炮的人后示威，要你这种父亲何用？	Potentially
说白了大家都是中国人，歧视整个中国了？况且广东这么大的省就没人杀人放火？	Potentially
老实人是最容易受欺负的，不是不说，说了你们也不信，校园暴力老师肯定有责任，估计是怕社会混混北京硬才会导致，至于家？那还是个家嘛？	Potentially
啧啧，又是男的呗，男的太贱？	Potentially
[捂脸]性别歧视？？时代变了,现在是女的歧视男的	Potentially
你们广东人是不是什么都吃？	Potentially
你把这些条件代入白人和黑人，这就是赤裸裸地公认的种族歧视，为啥这个东西换成了女性 你就认为这不是歧视不是压迫呢？这么双标？	Potentially
其实基本情况都看得懂，就是被贱男一家的逻辑弄懵了，难道不是应该不离就不引，离才引吗？黑人问号	Potentially
台湾就不算我国的了？中芯国际的问题在于光刻机？从落后一代到落后三代，很有可能准备四代，问题是光刻机？差的是光刻机？说白了华为的主要因素就是华为设计能力太差，也不愿意去主动去做，能买现成的干嘛要去自己花钱砸，国内都这样，就这破毛病	Potentially
nba敢公开歧视黑人？	Potentially
你是想说东北人都经不起时间考验，与之交往最终往往得到的是他们的自私自满自大的本性是吗？	Potentially
当然是白人的种族歧视啦，一开始歧视黑人，然后黑人报团儿了就怂了，不敢明目张胆地歧视了，然后就歧视黄种人，因为亚裔力量小（不知道从哪里看出来哗众取宠，明明弊大于利:)他们那一帮就感觉自己是白皮儿的就纯洁高贵了似的？	Potentially
还真不是，白人敢踹一下，歧视黑人的帽子扣上就完了，被老黑打死都不会有人帮他，不得歧视黑人在美国是政治正确，就算心里歧视嘴上绝对不敢说，你让白人在大街上叫声nigger试试？给他一百个胆都不敢	Potentially
'但是真想不懂为什么重男轻女的人觉得女孩子就是赔钱货？敢问你爸妈养你赔了多少钱？你还给他们没？？？''顶	Potentially
男女分厕所也是区别对待，这种区别是谁歧视了谁呢？	Potentially
到底是男是女？开头说是女生，垃圾佬那段说两个男人手牵手？？？？	Potentially
广东人，算南方吧？反正恶心他	Potentially
村民是否触犯了聚众阻碍解救被拐卖的妇女罪？	Potentially
意思东北人打老婆，下手有点黑是么？	Potentially
华为这次确实该骂 P10确实该抵制 但楼主你这样说三星和华为还是有点有失公允 三星怎么突然变成小白兔了？“总是背锅”？ （黑人问号脸） 华为还有自己的5G技术 专利一堆 也不差 三星在其他元件上有话语权 这都不是同一个竞争领域 不方便对比	Potentially
你以为黑人兄弟在国内不畅销么？知道为啥会有easy girl这种说法？	Potentially
为什的男同更容易艾滋？	Potentially
来来来，你跟我说国际上怎么称呼台湾的？恶心你就是恶心你	Potentially
这种女生确实有点恶心，不说男的，女生就一定要小心眼吗？一定要搞那些有的没的，这是人品问题了	Potentially
落后？ 怎么叫做落后啊 你指的到底是地方的录音 还是北京这边的 你要说北京这边的你是真的接触过这边的吗	Potentially
期待黑命贵向基督教开火--凭什么天使的翅膀是白色的，恶魔是黑色的？	Potentially
看到这个标题，估计很多人会说，为什么各个地方都有好人坏人，为啥河南就背锅偷井盖、小偷？	Potentially
光会挨打求饶的男人就会被看得起了？	Potentially
所以，社会更容易接受低学历女性当全职家庭主妇咯？	Potentially
而且，说起来，很久以前，歧视黑人，歧视女性，歧视XX是当时的政治正确，对吧？	Potentially
男人出轨呢？要不要毒死男的？	Potentially
北京人好吃懒做，上海人精明小气一毛不拔？	Potentially
男人不包二奶？	Potentially
哪还分行业啊，只因为我们是女的就已经被歧视了，不信看看我们区发的招聘要求，文秘特么的必须得男的？	Potentially
真恶心,嫁不出去了么？中国没男人？	Potentially
哪里歧视？是粤吹非要把粤语吹到凌驾所有方言的层次被人打脸就是歧视了？那广东人也太玻璃心了吧	Potentially
女人就不能强奸？	Potentially
你脱单了？哪个男的遇到你也是倒霉	Potentially
混圈到底有什么意思？幼稚又恶心，搞那些什么cp之类的模糊关系，周围就有很多所谓的混圈人，又有男女朋友又有所谓的cp，不就是脚踏两条船了吗	Potentially
那些低素质，扰乱社会的非中国人不能强制遣返，永久拉入入境黑名单吗？	Potentially
最烦这帮yp上海是他们建设的，赚不到钱他们会来？赚着上海的钱享受着上海的便利还要一边说这是他们建设的，还要嫌上海人排外，还不让上海人说上海话	Potentially
你的意思是美国人不用买房？美国人孩子不用高考？每个人都哈佛耶鲁常青藤，拿到美国户口就一辈子人上人了？那美国的红脖子闹啥？亚裔为啥要反对教育法案？	Potentially
说中国人有种族歧视这个问题不是没事找事吗，汉族本身就够被歧视了，还要被挂出来嘲讽?	Potentially
讲道理约炮最恶心的地方就是女的会比较脏让我觉得比较害怕什么？你问我男的就不脏我身为男性不用考虑这个问题谢谢	Potentially
河南人和东北人被歧视的时候你有站出来替他们说话吗？	Potentially
你在说什么？wdb你知道是什么意思？是只一些吃着北京喝着北京却骂北京或是没有素质的外地人，你想表达什么？	Potentially
这是什么毒？只毒男的不毒女的？这是女权主义者炼的吗	Potentially
那些说亚裔没被歧视的是蠢还是坏还是又蠢又坏？	Potentially
我反正还是那个观点，说东方人种族歧视是他妈21世纪最大的笑话，东方人把黑人当奴隶买卖吗？东方人圈养黑人去摘棉花吗？东方人对黑人动过私刑吗？东方人把黑人关进动物园给人看吗？东方人搞过种族隔离吗？东方人限制过黑人的投票权吗？	Potentially
您认为举重就是摈弃了女性特征咯？？？娇柔女性才是女性咯？我可以认为您这是直男癌吗？	Potentially
我喜欢看大象用鼻子走路，6难道用鼻子走路的大象就会变多？说艾滋病问题我倒是同意，但是这跟腐女喜欢看gay有什么关系？难道她们还去亲自撮合男男了？	Potentially
浙江的对外歧视还好，哪里不歧视呢？	Potentially
没事，黄左说了，白人歧视亚裔又如何？	Potentially
生那么多孩子怪谁？对不起河南本就是人口大省，你这句话让人恶心	Potentially
祖辈被白人当奴隶当牛马，后辈不应当以怨报怨吗？就是要把美国搞乱搞脏，	Potentially
怎样把白人打入歧视链底层？[机智]	Potentially
这些女人都是什么垃圾货色？？我就想知道她们的父母作何感想呢？？	Potentially
北京的好人和坏人是两个极端，好的很好，坏的比其他地方都坏，是心肠特别坏的那种，不知道他当初是被人欺负了然后变得心理扭曲？	Potentially
因为只有两广人喜欢没事打架玩啊……你以为东北人会在街头打架吗？	Potentially
首先我一开始很素质的说话你一上来就喷其次你们确实是觉得恶心不恶心不管我的事就是看不惯你这种人 再者黑人不带脏字这种话难道没有听过吗？不然真是素质黑 然后的话教养是个好东西	Potentially
就是歧视黑人能咋地? 就歧视了	Potentially
地图炮不是不行啊，你黑河南人还举个例子，黑东北山东人例子都不举的？东北人杀你全家了？还是山东人把你绿了？	Potentially
当美国人看见亚洲人的打骂教育干与是因为是黄种人吗?	Potentially
东北人偷香蕉是没素质，广西人砸车就是真血性？qndy的吧，都是渣滓，还非要分个高下	Potentially
几十年前美国政府歧视黑人，因为给人起来暴动了惹出大事了所以就不应该向黑人们道歉给与他们相应的权利？	Potentially
还有什么直男直女，哎，现在的人是都弯了吗？明明直就是指异性恋啊，为什么成讽刺人的了？	Potentially
那白人日黑人奴隶是怎么回事？天龙人把女帝这样的当性玩具而已	Potentially
嗷，你非要这么说的话，女杀男的也不少，您这是要用魔法打败魔法？	Potentially
称赞能干就行了，非要贤惠干什么？	Potentially
北京骗子少，你能碰到？算是幸运	Potentially
如何看待环球时报报道美国亚裔遇袭事件后，美籍华裔记者喊话「中国官媒不得报道亚裔被歧视的话题」？,-,大欣V的回答,-,知乎	Potentially
女拳师：看不起谁呢？就许你们男人能强奸？	Potentially
那，blm怎么攻击alm呢？油管上叫嚣抢劫亚裔的是黑人呢？黑人在美国获得了超越公民权的优待，还不满足？	Potentially
警察致死是看地位的么？,别人家调侃你就信，警察打不打死人是看这个人的危险程度，黑人犯罪率就是高，警察盘查黑人时候就是有高度紧张心理，就是容易过激，这是事实情况，亚裔行为良好，没必要紧张，	Potentially
是啊，反正干坏事的都是外地人，卖大虾的是外地人不是山东人，给黑心老板撑腰的也是外地人？？？别人都是跨省去偷东西，去当民警？？？	Potentially
这也是性别歧视，为什么女生就不能干农活儿？能跟男生一样竞争农学研究生，就跟男生一样能下地干活儿	Potentially
硅谷码农一直都是直男癌五毛小粉红极端右翼啊，自己爬不上去就在知乎黑印度人，拜托大公司创始人投资人董事会不比你们清楚？你说人吹牛偷懒拍马屁，抱歉，这是本事，想学学不来	Potentially
麻痹，中国人还好意思嘲笑印度人强奸案频发吗？	Potentially
你这喷子，就知道胡喷我就问你，黑水是不是雇佣兵组织？他在中国开没开分公司？在新疆和四川建没建基地？中国没有外籍雇佣兵吗？	Potentially
这是什么狗屁道理，男人不工作还要求女的？？？	Potentially
打扰一下，同比公务员和教师哪个好？ 男教师会受歧视吗	Potentially
感觉好男人都光了好男人配坏女人？坏男人配好女人？	Potentially
我从德国来美国以后，觉得这里华人生存环境确实险恶，歧视严重，就连签证排期都是中国人排队，台湾人都不排队呢，没人觉得这也是歧视吗？	Potentially
和东北人打架？	Potentially
歧视黑人有什么问题吗？	Potentially
男生就要打篮球有肌肉能打架会骑车？？？	Potentially
用你60万的人均收入在常青藤人格测试拿个高分看看？军政商界出几个大佬？你自称researcher，一堆一堆的亚裔歧视文献看不见？开口国内人意淫？那就当你不看这些领域的文献好了，十几二十几岁的亚女配老白男拐两个路口就有，	Potentially
钻牛角尖就没意思了难道在男性看来就不合理了？社会什么时候这么以女性为标准了	Potentially
控诉东北的人很多，是谁在控诉东北呢？	Potentially
黑人真的歧视亚裔,之前在德国麦琴根奥莱买Timberland,，然后买的比较多柜台结账的那个黑人就忙不过来,然后我就自己也动手装进袋子里,结果骂我“don’t,touch,it,okay?chingchong,”旁边的白人小姐姐都懵了	Potentially
你踏马还真是坏透了，知乎上男的公然约炮的比女的多多了，怎么就专门挑女的骂？合着男的约炮正常，女的约炮才是下贱？异性约炮的里面必然有男有女，合着都怪女的是“女权表”？	Potentially
问:那些认为女性生孩子耽误事业但是女性能有多少事业?	Potentially
你这理解力怎么回事？这段和影子的生母是黑人冲突吗？说黑鬼就是故意激怒他，影子还要刻意控制情绪，这不就更进一步印证他妈是黑人吗？后面还提到他母亲死于血镰症，影子母亲的是非裔几率远比其他种族要大，按照后期访谈作者的态度基本可以石锤就是黑人	Potentially
不能再赞，说河南平均素质低下的，国家给了提高自身素质的机会了吗？	Potentially
河南全省都偷井盖？	Potentially
这倒不是，因为学历高的接触的优秀的人更多，大部分都不是北京人，歧视从何而来？黑人是自己本身不行，优秀的外地人可不是	Potentially
不嫁?大龄未婚女青年就业多受歧视你不知道吗？以前只能生一胎，已婚已育基本上就是个优质职场女性了，现在好了，	Potentially
我没明白你表达的是啥？黑人难道是因为简单死了一个人？难道不是平日里被压迫的怒火一下都爆发了吗？你觉得“遭的很”我觉得“好的很”，没有0元购，不足以撼动统治基础，	Potentially
全网为什么都在抹黑东北？还是非黑即白那种	Potentially
黑人不反对种族歧视，黑人反对的是歧视黑人，懂吗？	Potentially
并不是这样，说白了是因为 穆斯林 和 俄罗斯 在美国是不受欢迎的两个字眼，嘴炮再贱，他敢骂黑人对手喷一句猩猩？分分钟被赶出这个行业	Potentially
你的意思阶级越低，越穷，越没文化，就可以认可他犯罪？一百年前，中国也有那么多这种人，	Potentially
中国男同是自己繁殖的艾滋病毒？艾滋病毒是哪里来的？为什么高校是重灾区？再结合最近国家大幅度引进黑人，外国留学生？非要说没有关系？	Potentially
我是福建人 莆田人在本地名声真的也不咋地啊 而且大部分都有很严重的大男子主义 老话不都说好女不嫁莆田男嘛 还是有道理的(￣(?)￣)	Potentially
处男要求处女过分吗？还是婚后主义者，这么传统保守的一个男人在你口中就成直男癌了？	Potentially
我讨厌这个社会上的各种歧视和标签，作为男生，害怕节肢类昆虫有错了，男生就不能害怕蜘蛛什么的？	Potentially
黑人骂中国人，咋就扯到地域黑了？,有完没完，上海人根本看不惯trash,no,matter,white,or,black,好吗,以前我也遇到过这种事情，在华师大打球，洋垃圾骂人，还推推搡搡，本来打球碰到矛盾很正常，也没打算动手，	Potentially
黑人从奴隶到总统这几百年华人做了啥？	Potentially
男孩子不是有资格知道女孩子的过去吗？如果说真的男孩子看了以后不愿意娶他，男孩子确实是直男癌但是也不能欺骗他啊	Potentially
我说了地域黑是理所当然吗？那你觉得东北为什么被黑？你说呢？	Potentially
但你知道现在的人为什么歧视黑人吗？网上查查黑人来到中国后所做的暴行以及法律对他们的判决之轻你就知道了	Potentially
白人歧视中国人 中国人不照样也是歧视黑人？ 歧视别人跟自己有没有被歧视有个屁关系 底层人反而更爱看不起人	Potentially
你看过100t的比赛吗？谁顶个歧视黄种人的黑哥辅助能带的起来？	Potentially
我是沈阳人，被衡水农村女同事问，你们东北人是不是都大舌头？	Potentially
错了，其实是我们没有政治正确的观念，不喜欢就是不喜欢，我们不喜欢黑人就是歧视黑人？那我喜欢狗不喜欢猫就是歧视猫了？说到底就是他们完全不符合我们的审美，从心底的恶心和不喜欢	Potentially
真是莫名其妙，魏怎么就歧视女性了？？？？？	Potentially
他说的是事实，难道你还想证明昂撒人和黑人体味不重？	Potentially
歧视黑人不对吗？	Potentially
确切的说是家暴的男的，你直接来一个打女人的男的都是废物，假设女方有严重过错在先呢？	Potentially
作为河南人，偷啥井盖？挖什么电缆？我们就是分分钟掉井里和断网线	Potentially
那肯定是啊，你凭什么就觉得女性被动手动脚就是猥亵，男性被动手动脚就只是开玩笑？男性就活该被这样子对待？	Potentially
中国制度怎么对待女性压迫了？呵呵中国传统无非就是重男轻女，据我观察母亲更容易重男轻女，你结婚以后对你女儿好一点不就好了？五十年代教员就喊出，妇女也能顶半边天了，还搁着国情呢？我举例确实不对，因为美国黑人确实被压迫了，被奴役了，现在还是没改变	Potentially
台湾的17好一点……话说这玩意就不该赚钱，靠讨好观众赚钱能不自个恶心么？	Potentially
我从来不搞种族歧视，如果是真爱女孩子嫁给外星人我都支持，但是嫁给黑人，明知道非洲不太平，那老海人有艾滋病，生活作风有问题，违法乱纪的那老多，还敢以身饲狼，脑子呢？？？？不管嫁谁，得有文化吧，得接受过教育的吧，得有稳定工作，	Potentially
就这样，田园女权还跑出来恶心人，我寻思着骚男都被家暴成什么样了？被家暴离婚，财产全给了施暴方，就这样还不放过他？	Potentially
我“不赞同黑人和白人种族平等”， 我“不歧视黑人” 不歧视为什么你不赞同？为了看别人活得多辛苦？	Potentially
我歧视黑人是有很多客观理由的，不是主观臆断带有偏见，这种歧视有错吗？美国白人心底里歧视黑人，却被政治正确蒙蔽双眼，这样问题永远得不到解决，说到底，黑人族群里不上进的人太多了，	Potentially
没看懂？男的是甩手掌柜的吗？就让女的干活，他不能干活吗？	Potentially
那么请问黑人怎么你了？抢你钱了还是把你咋地了？至于美国黑人做了什么，跟非洲黑人有啥关系？就因为皮肤黑，就该被歧视？美国黑人也是在那种环境下培养出了好逸恶劳的性格，但是在中国的黑人吃福利了吗？中国有福利可吃吗？	Potentially
未成年男子组合被暴力被骚扰？？ 天哪，韩国娱乐圈真可怕，我现在心很慌	Potentially
你是指那些住在马路边帐篷里天天被抢劫被枪击的黑人过得比大部分东南亚人好么？你应该去趟东南亚,这才过去二十年,当年什么叫亚洲四小龙都不晓得了	Potentially
高端地域黑？你别说自己是江西人了好吧，会招黑	Potentially
我记得一个很好奇一个事情，支那泛指的是对于整个东亚黄种人的侮辱词，就算范围缩小到整个中国，也包含了他们，难道他们自己骂自己还不自知？舔着人老外骂他的词来骂人，搞笑[飙泪笑][飙泪笑]	Potentially
日本人招你惹你了?平白无故骂人家干什么？	Potentially
黑人被歧视没有怪罪非洲老家的国家如何 只是团结一心上街游行来要平权要自由 怎么到了这帮香蕉人这里就只会转头怪中国呢？ 我觉得楼主说的一点没错 自己窝里斗不适应美国国情不团结呐喊争取小团体利益 反而觉得是被中国拖累 这帮人死不足惜	Potentially
差不多，这就是我的看法，黑人为啥这么多篮球明星啊？还不是因为不打球就得混帮派，说不定哪天就被人打死了，你叫他们去当律师医生，那种天生就没爹的单亲家庭，生长在暴力街区里，能读好书都有鬼了	Potentially
东北三省每个省口音都不尽相同，你这里面说的春晚也是针对部分东北人的段子，你要求不能拿福建人的段子开玩笑却用这个中伤东北人，黑人文号脸？？？	Potentially
是啊，那是谁先说的女司机撞人多的？我猜你一定对这种歧视女性的发言视而不见吧	Potentially
所以要用这个绑架女性？？男的怎么嘴贱女生都要忍着不能怼？？？	Potentially
如果同性恋符合自然，那么如何解释男同得艾滋病的几率更大？	Potentially
新亚裔阶级上确实比大部分黑人强，但是唐人街那帮老移民被你排除亚裔范围啦？真正被黑人肢体语言暴力欺负最多的都是他们，而且新亚裔再怎么鄙视黑人也没用啊，走路只能绕开黑人聚集区，	Potentially
有个问题，为啥中国要放宽对艾滋的审查力度？	Potentially
这不科学，为什么还有那么多黑鬼朋友能勾搭上Easy,Girl?	Potentially
劝告放弃歧视黑人就得去晒黑皮肤吗？	Potentially
所以一个亚裔受歧视就应该委婉的提出而不应该大声说出啦？	Potentially
华人刚去美国修铁路还没黑奴待遇好呢，还不是勉强熬出来了，一个只知道一昧抱怨而不关注自己现状的人群，是永远也不可能解决自己问题的，美国非裔犯罪率比欧裔高几倍，难道自身就没有问题么？	Potentially
本来不想评论，结果左壬,@伊利可汗,今天还挂我，你这不是作死么？,黑人辱骂华裔、殴打华裔、抢劫华裔、杀死华裔，我没见你说一句话，现在黑人在上海辱骂国人20分钟，怎么？又想给这位挨骂的女士扣上“高华”的帽子？	Potentially
先不说这话有多蠢，就冲这话，你绝对不是东北人，敢不敢把东北换成你家乡？还有，你敢去东北说这话不？不说去东北，你敢当着东北人的面说这种畜生都说不出来的话不？	Potentially
越是“女拳斗士”，对女性的偏见歧视越强烈,女拳在中国真没必要，没有的东西才去叫唤，中国没给女性权利吗？前几年宪法甚至规定强奸罪只能给男性定罪，这还不保护女性？女性已经有了权利了，偏偏有些人还要去要求更多，美名其曰女拳，	Potentially
天天地域歧视的人，有闲工夫去重视种族歧视？	Potentially
没问题，你可以公开发表一下：黑人犯罪率高，本质上是受教育低的群体犯罪率高，所以本质上是黑人受教育水平比较低，balabala…… 看看你得到的待遇是怎样的？	Potentially
我就一个问题，农民坐地起价，你为什么要买？本来就是自由市场，烂地里有烂地里的道理，你抢着买了，自然就升价，你这样开地图炮，和“河南人都是小偷”有什么区别	Potentially
这不就是抹黑女性？	Potentially
黑人在哪里？被谁？为什么被歧视？	Potentially
把女人肚子搞大就跑路的黑人到处都是，如何解释?,是祖上八辈当个奴隶吗?	Potentially
她为什么不谈黑人为什么去抢劫杀人呢，人种问题吗？	Potentially
人家也没说白人就当看不见吧？既然白人杀人抢劫要被骂为什么到黑人这就不该骂？我看美国最操蛋的一点就是现实中白人高黑人一等，政治正确上是黑人高白人一等，从来没有过平等	Potentially
凭什么那些臭男人没了，就叫绝了？女人不是人？	Potentially
上海？哈哈哈歧视外地人还好意思说？	Potentially
不是你那个强奸犯的例子才是类比不当好吧存在女性并不能推出强奸犯的必然存在难道不可以只有女性没有强奸犯吗？	Potentially
黑鬼翻译还得打码了？	Potentially
啥叫“白人为主”？ “白人为主”就不允许任何非白人有“高地位”？	Potentially
我的三观还是很中立的，对于歪果仁，主要还是看事情，但是对于黑人我就极端了，我们中国女生大部分都被那些easy girl带翻了，你知道我上次出国一个歪果仁怎么说的嘛？说我们中国女人基本都是公交车，还用挑衅的语气说的，我听着就很气	Potentially
我老婆知道，你当女人都是傻子吗？	Potentially
男的就是滥交，女的就是不爱惜自己？那你一定是女的吧？呵呵	Potentially
感受到歧视正常人难道不能反击吗？反对歧视和给歧视洗地的甚至不能说是同一批人，而两批人里我相信肯定是两类性别的人都有，为什么要优先攻击同国籍异性而不是回击慕洋犬？你这样做和微博女拳意见领袖的逻辑又有什么区别？	Potentially
大鸟？被男人侮辱了？	Potentially
你遇到过种族歧视华人的事情么？当你受辱的原因只是因为你的黄皮肤，黑头发，中文的时候，你是什么感受？辱华这件事，再小都针对的是整个中华民族？？这就已经和 蔡徐坤等人的事情有本质的区别了？你是中国人，但你说这些话，你真的认同你中国人的身份么？	Potentially
男同性恋真的比较容易得艾滋病么？	Potentially
你认识好多传播艾滋病的黑人留学生，他们每个人都跟你说他们搞了多少个你算的人均？？还是你认得好几百个被搞的妹子她们跟你说她们被谁搞过你给那些黑人们算票数再算人均？？	Potentially
北方男人咋的？这也要地狱黑？	Potentially
你不觉得性侵说很站不住脚吗？正常女人谁会生下强奸犯的孩子，你老婆感到亏欠说明尚有良知，而你还替她辩解不是她的错无异于自欺欺人	Potentially
住翠湖天地的歧视住浦明路的？	Potentially
江苏哪里如此落后？	Potentially
黑人种族歧视问题是敏感 你怎么不去骂黑人？这边连夸个中学生都要踩女大学生 你就过来骂女权 归根结底还是女性没黑人拳头硬呗	Potentially
Mandarin就是普通话的意思，还有指中国政府的意思？满大人这个反派可是一个字母都没改，背景更是傅满洲，还不够辱华？johnny english是反派？有种族歧视的背景或讽刺？有单独使用english来种族歧视？我想问你有脸吗？	Potentially
无色透明看都看不到，难道女性在你眼中的形象就是看不到的么？这是对女性的忽视，你个直男癌（滑稽）	Potentially
湖北人武汉人被骂被歧视理所当然吗？你怎么知道我不是被辱骂者？我是武汉人，现在在武汉，欢迎你们来武汉，懂？	Potentially
能嘲讽人圈子有问题我不能嘲讽四川人有问题？吃火锅吃辣吃出优越感的我遇到的可只有四川人 所以四川的傻逼就不是四川人？强行开除四川籍？不打交道疏远了我一样可以嘲讽这几个四川人有问题 怎么了 不爽了？关我屁事	Potentially
这还跟她说抱歉?她受到什么损失了?她指示那几个男同学不是她自己做的孽? lz你作为一个男人要自立，被别人坑成这样，别人什么损失都没，然后一心贴冷屁股	Potentially
搞笑了，你美的言论自由一知半解还敢在这秀呢？骂领导人可以但是敢歧视黑人穆斯林你的职业生涯就凉了(为什么歧视华裔没事，呵呵，还不是像您这样的理中客惯的)	Potentially
我想知道黑人一个在西方社会被白人歧视的种族地位哪里高了？	Potentially
什么原因歧视我们中国人呢?我想一定不是因为我们中国的留学生在欧美享有学伴和各种补贴，一定不是因为中国人在欧美有特权，一定不是因为中国人的犯罪率比黑人低	Potentially
哪有女拳啊，这不都是南拳吗？评论区全是骂女人的，	Potentially
公正？男的死的远远比女的多你跟我说这事公正？你跟我说那些死了的男人是强者？死了的强者？	Potentially
等于说你歧视黑人？黑人不能泡妞？	Potentially
我想说中国人种族歧视，民族歧视都不重，在新疆少数民族和汉族相处超级融洽，至于种族歧视，你什么时候看见中国人对外国人人身攻击过？倒是有外国人在中国马路边强奸少女	Potentially
就算有一些恬不知耻女人要玩男人，也不至于找一个渣子吧？再说了，都是奔着结婚去的，女方被骗了而已	Potentially
男性也是被男权？	Potentially
你这句话很恶心，男性在你眼里就很容易吗？	Potentially
所以河南人被人歧视也是自己活该咯？	Potentially
平等还没做到过度保护不应该吗？黑人被奴隶的历史也是抹不掉的啊，这个有什么？	Potentially
就别人嫁给黑人白人跟你们有什么关系，值得开个帖子来说吗？娶国外女性的男人你们要不要也批判一下？虽然我不喜欢黑人，但是别人喜欢哪国人是别人的自由，出了事她们自己会承担，你们有什么资格指手画脚？	Potentially
如果是男的发现女的有病就离婚那就是渣男是不是？	Potentially
偏激 日本人造假有中国多？至于你所谓黑社会不犯罪何以为黑社会那就是文化程度的问题了 知道上海的青帮嘛 知道它当时做了多少好事嘛	Potentially
啊这，日韩这么歧视黑人怎么还有黑命贵运动?	Potentially
日本当年经济块超美国了，现在还不是崇洋媚外？	Potentially
女人被强奸了不就是没保护好自己？	Potentially
那么你来说说黑人给世界做出了什么科技方面的贡献？别和我说什么黑人被奴役，人类最早就生活在非洲，搞不出像样的文明你还有理了[发呆]	Potentially
黑人枪杀别人犯罪了，我还要发动态说严惩黑人？这种行为本身不也是种族歧视？除非是白人也遭到不公平对待，詹姆斯却不发声才有说服力好吗	Potentially
这会儿真想邀几个整天在知乎上提问：“为什么中国男人配不上中国女人？”的伪女权婊过来看看 看看这些中国爷们儿 哪点配不上她 虽然我这里说显得有点不合时宜( ????? )	Potentially
这是对女生的高级黑？？	Potentially
骗子一般不都是男的吗？玩得这么嗨	Potentially
所以好汉的汉也是指的男生咯？108好汉还有三个巾帼呢，你们才是歧视女性啊	Potentially
那么黄种人能骂黑人嘛？	Potentially
悲哀，资本是瞎子吗？捧一个坏的这么低级的女人？	Potentially
可怜什么？看新闻没有 中国艾滋病发病率翻了两倍 男的居多 有专家分析 男同是主因 网友们猜测 是不是接盘侠接完帽子 接艾滋 对了 联想最近中国黑人留学生猛增 细思极恐 （在别处看的）	Potentially
在这笑?这是个歧视亚裔的动作	Potentially
为什么会对某个地方的人有偏见？难道不是曾经被某个地方的人伤害的很严重才会这么深恶痛绝吗？还是做好自己，用实际行动告诉别人河南不是全都坏人吗？	Potentially
不是我地域黑，东北人就这么没素质的吗？	Potentially
那歧视黑人的中国人是不是也可以算“香蕉人”？	Potentially
我就纳了个闷了谁规定女性不能脏话？还是说脏话的女生不是好女生？	Potentially
女的就非要被男的操？？真他妈好笑你把同性恋放哪了？直男癌真恶心	Potentially
偷井盖的是河南人好不？	Potentially
我在想，美国13%的黑人贡献了55%的犯罪率，你让美国警察怎么想？	Potentially
每个女的都被强奸过？	Potentially
这么说的话，看看每年盗窃诈骗多少河南人，被黑不是无缘无故的空穴来风，工厂不要河南人难道是他们想给自己找麻烦嘛？还不是被河盖们偷怕了，为啥人家没不要山东人？没不要湖北人？没不要四川人？单单不要你河南人？光说别人地域黑难道都不从自己身上找找原因么？	Potentially
木乃伊3对吗？把我恶心死了，又是美国佬带着中国女人打败邪恶的中国男人，wdnmd，还把我们的千古一帝秦始皇描绘成西方的邪恶破龙，wrnm[白眼]	Potentially
黑人受教育程度是不好，白人也的确占了精英阶层的大多数，但这样就能说明白人挖坑了？你咋不说黑人底子薄，我是不是在这证明出来黑人受教育程度越来越高，就可以说明你在胡说八道？平权运动，	Potentially
敢问你是不是真不知道死在英国和美国的黑人死了多少？ 整个奴隶贸易中被贩卖的黑奴死了多少？	Potentially
一直不明白,在中国为什么要拿英文和他对骂？,不会拿中文怼死他？或者直接假装听不懂,给他抓住？	Potentially
另外，你的流氓逻辑就是，为啥男生花的钱不能统计到男生头上？男生给女生买东西就不是花自己的钱？就是偷就是抢了还是怎么的？你自己心里没点数么？	Potentially
按这道理欧美歧视华人也是理所当然吗？	Potentially
婊子难道就没有错了吗？从你的描述里能看出虽然男生很过分，不过女生也不是什么好东西，你一直只在描述男生的行为，回避女生的做法，就是在推卸责任	Potentially
这么喜欢女人的男性，一般不会感染艾滋的，男同概率90%？？？	Potentially
为什么只有妇女，没有妇女的对应词？感觉这个词就是故意创造出来恶心人的	Potentially
男的骂女的是垃圾，放微博上还不被冲到封号？	Potentially
现在因为要男方买房子的事情已经把女的骂成什么样了？拜金卖身什么都说的	Potentially
天津工资低土著素质低环境脏乱差你干嘛赖着不走，在这渡劫呢？	Potentially
白人黑人体味一样？黑人特别是女生,体味大的离谱好伐	Potentially
为什么同样的植物园，黑人奴隶受得了，偏偏现代人就受不了了？[好奇]	Potentially
是像如果黑人犯罪率高就把黑人全杀掉一样嘛？	Potentially
男的得艾滋怎么都是同性恋的原因？没有男女的么？	Potentially
怎么就最毒妇人心了，虽然我也觉得这个女人很恶毒，但是这个答案下面讲的犯罪案件很多都是男的在做吧？	Potentially
照你这个逻辑来看，反对非处不娶男的，就都是非处，就没有处女了？道理讲不过开始暗搓搓的人身攻击也真是666	Potentially
田园女权会跳脚？田园女权恨不得跪舔白人，让它们冠上白人的姓，	Potentially
我想问你老婆有工作嘛？我还想说，好男人全让渣女遇上了，好女人碰的都是渣男	Potentially
伤个鬼，这言论不是出自女德课吗？精液还是水蛋白质氨基酸组成的，怎么可能有害[飙泪笑]不成科学依据啊，毒理检测没为这个功能，希望专业的医生护士解惑一下哈	Potentially
难不成你觉得女人歧视女人不算性别歧视？	Potentially
你觉得不适，嗯，但是，那些叫嚣着中国男人不配娶中国女人的女生，，，她们岂不是更叫人不适？	Potentially
旁边这几个男的恶心不恶心？几个女的打一个女的满脸笑容在看戏，看到这几个女被打最后去拉架？	Potentially
講真，說他不像女人的話，真挺侮辱女性?	Potentially
东北还排外？你怕是一辈子就去过东北吧	Potentially
但是你们的护照上为什么还要有 Taiwan？是不是歧视没落户台湾的人不配有roc国籍？或者是拿了国籍的人就必须要当台湾人？	Potentially
兄弟，我是高级黑啊，这年头还有谁歧视黑人啊？	Potentially
其实我想问，就是男的去p不怕脏吗？不怕艾滋？不觉得膈应和恶心吗	Potentially
为什么国人需要接受中国女孩被黑人祸害成为其泄欲的道具？	Potentially
黑姐姐怎么了？歧视黑人吗？	Potentially
警察过度执法？跪杀一个有着犯罪前科的黑人？一个吸毒的黑人？一个吸毒又用假钞的黑人？	Potentially
你被河南人骗过？	Potentially
就像上海人也歧视上海人？	Potentially
美女死了上新闻，丑女死了谁关心？另外，漂亮的从小就被旁人宠着，丑的经常受人冷眼，所以心理素质有差异也正常	Potentially
新疆人？你们家是卖羊肉串的，还是卖切糕的？不会是东突吧？	Potentially
你这个吃人说的来源是何处？我看到的资料说黑人之间的战争取得的奴隶也只是作为生产工具，吃人只有巴布亚几内亚的雨林部落，因为缺乏肉类而吃人，	Potentially
白人不好看？皮肤差？狐臭？黑人胯臭？	Potentially
北京人歧视外地人？题目怎么得出的结论？我觉得楼主的回答很符合	Potentially
敢问兄台哪里人？中国礼仪发源地山东若是野蛮落后的地方，那你那地方岂不是茹毛饮血，畜牲待的地方？	Potentially
你怎么就知道是河南？这种主观臆断的地域黑的狗比那些见死不救的村民又有什么区别？傻逼	Potentially
黑人还好意思歧视中国人眯眯眼，卧槽??	Potentially
如果有部分底层男性真的受到压迫，那压迫他们的也是高层男性，关所有女性啥事儿？	Potentially
河南人被地域黑最严重，河南人偷井盖··这多大的事？	Potentially
你所接触到的，就可以用来代表规则？因为你接触的黑人都暴力，所以程序上限制黑人就合理？	Potentially
要没这事那男生不就被当做抠门男被嘲笑被鄙视被抛弃了吗？	Potentially
中华文明已经失去进取和影响世界的信心了吗？只要是不在中国大陆出生和受教育，就是“香蕉人”？对自己的后代用如此恶毒种族歧视的语言描述？	Potentially
为什么会地域黑，还不是东北人有一部分素质极差，抹黑你们东北，怪我们地域黑了？	Potentially
你有想过当黑人在美国公开侮辱华人时，你和他的处境是一样的？	Potentially
歧视黄种人也喜欢？	Potentially
现在的社会都去替没钱男人指责女性拜金，那有没有人去替女强人指责男性拜貌呢？	Potentially
？论落后，比广东非珠地区落后的地方很多吗？	Potentially
？？？河南招您惹您了 这么大怨气只能在网上当个喷子？	Potentially
真恶心的论调，这都能怪老婆，男的是没有思考能力吗，老婆让他怎样就怎样，这和被强奸了还要怪女生穿的少有什么区别？？	Potentially
是不是以为自己掌握了女权密码？任何争取权利的组织都是在压迫下出现的，当代中国社会真没那么压迫女性了，很多时候男性都会变成地位更低的一方，你这种强行解释真的没必要	Potentially
[好奇][好奇][好奇]怎么都是直男？这样的女的不配拥有存在感？	Potentially
我们逻辑如此相似，你还敢说你不是直男癌？	Potentially
近代中国人对自己种族灭绝？奴隶制？我杀我自己？	Potentially
她想被包养？女人处于嫉妒？	Potentially
如果亚裔男在美国和白人女结婚，还会被歧视吗？	Potentially
高吗？白人认为黑人就只能当奴隶，是黑人一步步流着血才慢慢争取了一点点微薄的权利，白人的国家先天就排除黑人，只能在社会最底层，除了极少数，绝大多数人上升通道早被堵死了，黑人的唯一出路就是回到非洲大地，	Potentially
评论那些说女权的是什么恶心东西？？？还有些女的评论三观简直震碎我，你离了男人不行？必须找个男人生儿子才能活下去？？？跟那个男权狗正好是一对吧	Potentially
？？？没男权了就不需要女权了啊，女权目的不就是这样吗？	Potentially
不去改变女性在职场上受到歧视的现状，怎么提升女性收入，让女性不再那么依靠男性？不去改变农村重男轻女、用女儿的彩礼给儿子娶媳妇、不给女性继承权的现状，怎么改变要彩礼的风气？不提倡女性自强自立，	Potentially
警察当时怎么知道他劣迹斑斑的，就算知道又怎么样，黑人群题犯罪率高、他有前科就可以在无反抗能力的情况下被警察杀死吗？不经过法院审判，	Potentially
新疆人:？？？	Potentially
除非说性别对立的人对国女说不要搞性别对立而不是对国男说这话，你不怼搞事的女拳反而去堆受害者？	Potentially
中国女性平均收入是低收入女人拉低的，但是低收入女人和我有什么关系？[好奇]家暴男和你没关系，低收入女就和我有关系？	Potentially
按你这逻辑…黑人都是杀人抢劫犯，那高校附近的农民工敢情都是强奸犯了？？	Potentially
你们这样把无辜得人牵扯进来有什么意思？你们还有人性吗？口口声声说罗武是骗子，你们呢？没听过祸不及妻儿吗？你们这样把照片公布出去，就这样抹黑人家、你们跟罗武有什么区别？	Potentially
不去问黑人为什么要在中国创造矛盾，来问我们低等小黄人为什么要求媒体发声反抗？？	Potentially
「很多河南人都偷井盖，很多广东人都吃小孩」，你觉得河南人会爽？广东人会爽？（因举此例向河南人和广东人道歉）	Potentially
是说男的嫁女的吗？女嫁男，男方不是有宅基地吗？	Potentially
河南人被标志全国偷还不严重吗？？？？哪里都有小偷，别地理标记，虽然说要实事求是，但是很多无辜的河南人在外地受歧视也很无奈	Potentially
种族歧视怎么了，只允许别人歧视我们，不许我们歧视黑人白人？	Potentially
换一个问题，美国的黑人，需不需要为当年的奴隶制承担责任？	Potentially
强行女权？	Potentially
男性画女性都充满了性暗示和肉欲？肤浅？一棒子全部打死真的大丈夫？	Potentially
好家伙 外地人直接成黑人了 ？尊贵的上海白人这是受了多大的委屈？ 真要这样 贴吧上海吧的人不得全被起诉种族歧视？ 外地人也没叫上海本地人不说上海话吧？但是，起码的交流要求说都能听得懂得普通话有什么问题呢	Potentially
不需要摇号？那北京，上海岂不是赚大发了	Potentially
印度强奸频发，难道是因为印度女人穿的暴露吗？当穿着保守成为主流，激起男人性欲的标准也降低了，个人道德问题而已，别一棒子打死	Potentially
您认为是阶级问题，那么您是否认为拜登专门强调打击反亚裔仇恨犯罪是在用处理种族问题的思路去处理阶级问题？	Potentially
黑人为什么犯罪率高呢？	Potentially
父权对男性的压迫难道不是写进教科书的吗？	Potentially
只要不符合自己的看法就是男x，歧视男性呢你？	Potentially
太恶心了，广西是什么法外之地吗？	Potentially
你是真的不了解历史，不说其他地方，就是海地为什么现在都是黑人，因为原住民都被殖民者压迫死了，从非洲运的黑奴过去才变成了这样，他殖民你，还管你死活？[思考]	Potentially
别说非洲黑人了，你换个国内长得黑的普通人，不一样觉得恶心并反对么？本身就是审美问题，其实和国籍种族关系真不太大，	Potentially
那你这就是歧视女性玩家？[微笑]	Potentially
我突然想起来我多年前看到过的一个问题，外国人也算人吗？	Potentially
我在想歧视黑人和歧视我们同性恋的区别在哪里，比如看到一个黑人就会默认他们犯罪，看到一个gay就会觉得他有艾滋？	Potentially
台湾人 真正被大陆统治也就二十多年 孤悬海外 吴越呢 文兴教化 有什么资格说独立 说独立的对得起祖宗？垃圾	Potentially
男生自己不够卷还赖女生？	Potentially
因为你的回答逻辑就有问题，没有人告诉你黑命贵是意译BlackLivesMatter，你的靶子打向的是稻草人明白吗？另，要么蠢，要么坏这句话算是知乎的常用语，主要用来攻击某些公知，	Potentially
北京？我不是黑，去查查去年的杀人奸尸事件	Potentially
为什么这个问题下面高票都是仇视女权，轻视女性的？	Potentially
排，讲得好像中国真平权了似的，本质还是个男权社会，出生挑选，就业歧视，家庭暴力的主要受害群体还是女性，难道这些现象的加害者都被伤害过了才这样？传统美德而已	Potentially
罗需要靠性侵和嫖娼？？？全世界几个女人能拒绝 罗？？？	Potentially
凭什么要设立男厕所和女厕所，为什么要强调”女“厕所，女人哪里需要被区别对待了？	Potentially
黑人地位高在哪？ “我们好爱黑人啊”然后把黑人当街跪死？	Potentially
最假的就是台湾小哥，台湾人对大陆人什么看法大家心里没点数？	Potentially
难道约过炮的男的就不恶心了？我是男的	Potentially
改机制是真的恶心 以前AP蛮易信 AP塞恩 各种换出装 套路 甚至一个英雄选出来他打什么位置你都得想想 然后拳头爸爸不乐意了 这和我们设计的想法不同 就直接把玩法砍没了 真是黑人问号 游戏的乐趣不就是玩法的多样性和不确定性吗？	Potentially
猥亵受害者涵盖男性还是近几年的事呢 怎么不说说男性被女性性侵呢？	Potentially
我没说不能穿越，恰恰就是因为能穿越台湾海峡，凭什么不去征服？这么近的都不去征服提更远的美洲有什么意思？你为什么不吐槽美国不去殖民半人马座简直对不起现代人类……	Potentially
谁说北京不排外的？	Potentially
都是中国公民怎么不一样了？就因为少数民族所以高贵？	Potentially
我们都搅基了还要像蠢直男一样被女权捆绑受女人摆布？滚蛋吧您	Potentially
对啊，如果在说种族歧视，那白人怎么肯换成黑人身体呢？ 如果黑人是高贵阶层的话，反倒说得通了……	Potentially
哟哟哟，人黑人和私生子一个分量的？人黑人也破坏人家庭了？	Potentially
那你在这歧视男人干嘛？真是双标	Potentially
这题是逼着大家把女性权益的问题，归罪给高学历女性做全职主妇么？我怎么看着一个个回答都很是义愤填膺，就差直接说——中国女性地位低下且久久无法得到法律支持，	Potentially
吃苦耐劳？你是说广州那三五十万偷渡来的三非黑人吗？偷渡、传播艾滋病、贩毒、诈骗就是“吃苦耐劳”？	Potentially
如果白人因为奴役黑人不能说黑人不好，为什么现在中国也有很多人觉得不能说？	Potentially
看评论看得我想要黑江西人玻璃心了(?_? )	Potentially
问题来了，为什么黑人犯罪率在美国就居高不下呢？美国如果是一个正直公平的国家，	Potentially
反驳一条，女化怎么也变成了应该被抨击的，难道真的只有男性化的才是好的，女性化的就是低劣的？	Potentially
你们觉得东北人打架不厉害是因为千禧年之后警察厉害了，东北人打架讲究单挑好吗，南方人是群殴，一定要比一下？呵呵	Potentially
作孽的是他们，凭什么问候他们母亲，关他们母亲什么事？是他们母亲干的？现在有些男人都是些什么玩意儿	Potentially
个人觉得，您觉得国外种族歧视多么多么严重，有点类似于台湾人觉得大陆人吃不起茶叶蛋？	Potentially
瞎说，外地人最喜欢上海人了，不信你们看，嘴上说上海排外媚外，但是身体很诚实还要来上海读书，不怕被排外?	Potentially
早点回家？女性就没有回家自由吗？女拳警告（狗头）	Potentially
河南人没拿你怎么样吧，拿井盖砸你了？没必要说这句话吧	Potentially
为什么现代男性受歧视的现象总被忽视？	Potentially
所以歧视黑人就不会有问题了？	Potentially
我也是这样认为啊，但是为啥要教育女孩这样那样呢？不就是预设男人都是强奸犯吗？	Potentially
你这有点矛盾？如果有人歧视黑人这算什么？你讨厌的人？	Potentially
你如果真关注广州珠海那个新闻，你再去看看知乎的那个问题，已经有人跟记者求证了，偷井盖的不是河南人，自信点好么？	Potentially
给黑人男友带毒品，我怎么没见过给黑人女友带毒品的？逆向名族主义在你眼里洗白了呢	Potentially
把美国批得一无是处美国就真的一无是处了？至少在未来很长一段时间内，美国依然是世界的灯塔国，你觉得美国搞出了诸如新冠 黑人暴乱等幺蛾子，就是那么容易超越的了？？主流媒体是要渲染爱国情绪，所以你就跟着人家走进入盲目自信阶段？	Potentially
我其实很好奇，为什么男同这么高的艾滋比例，而女同没有这么多？有什么特殊原因吗？	Potentially
上海的老太太老头真特么的没素质，还吴侬软语呢，看你们喊叫起来的时候都不用带喇叭，不排队，乱挤人？	Potentially
？男的普遍比女的丑？还是小允子丑？	Potentially
睁眼说瞎话的台湾人总是不缺的，您想怎么洗那些歧视大陆人的新闻？话说你们我很好奇你们从哪里找到的歧视大陆人的资格和实力呢？	Potentially
你敢性别歧视？男的就不能脱裤子辣	Potentially
你的类比有问题啊女性被强奸财物被盗窃都是非自愿的可嫖客不是刀架在脖子上逼他们去嫖的吧？	Potentially
日本男人躺平不就是女性地位低下的结果吗？	Potentially
我就讨厌黑人，歧视咋了？欠黑人了？	Potentially
女大学生咋了？女大学生对电脑不感兴趣不行？女大学生就不能为别的爱好付出努力？？？	Potentially
不怕他打走，难道让他拉着中国一起沉到地狱去吗？看看现在的台湾，战斗力负数的蠢货，到了台湾还被人家民进党搞的半死不活，丢人不	Potentially
男性什么时候被放到乳胶衣里面，插鼻饲管进食，十几小时不让上厕所，还要满足别人兽欲了？	Potentially
所以就可以说河南人都是偷井盖的？这不就是开地图炮吗？	Potentially
我看完了你们的对话，但是即使在那样的环境下我一样会选白人，因为我单纯觉得黑人不好看，我欣赏不来黑人的美，即使比例完美，但是我天生喜欢白色多于黑色，这关政治什么事？你不能排除一部分人的审美倾向	Potentially
路上看到女的性冷淡，你就可以强奸了？	Potentially
你可能对四川人有什么误解 这是一个形容词 又是一个感叹句 再是一句口头禅 脏只出于互殴对骂 有多脏？？照你这样说四川人都是莽夫 有意思	Potentially
如果黑人在做奴隶之前，清楚了解做奴隶的后果并且具有充分选择的权利，那么请问黑奴有吗？	Potentially
为什么男男会得艾滋？怎么传染的	Potentially
黑人奴隶主能不能骂他？	Potentially
只许兄弟萌害怕不许姐妹萌害怕？瞧不起女性？	Potentially
您是活雷锋，您会无条件帮助别人，还不是一次两次？ 按你这个逻辑，美国国内黑人歧视是源于白人的不自信？破案了？	Potentially
港独骂华人支那狗和在美国骂黑人nigger，在犹太人面前说希特勒万岁有什么不同吗？黑人被残害时被骂nigger，犹太人被送去集中营时被喊希特勒万岁，华人被杀戮时被喊支那狗支那猪，不好意思，港独的言论触犯的就是战争时期的杀戮语，是全人类都痛恨的	Potentially
日本军国主义确实很恶心 但是以前的满鞑子和蒙古人对汉人是什么待遇？我不是民族主义者 我只希望汉族不要再被少数民族统治	Potentially
为啥女的都踹回去，男的就踹下去？	Potentially
那么按照你的意思，亚裔男在欧美国家被歧视也是自作自受了，己所不欲勿施于人，换你被歧视你乐意吗？	Potentially
安装你的逻辑，中国大部分人也素质低，那么中国人就是素质低的民族了？	Potentially
所以，为什么这么多黑人是犯罪分子，而白人能够有更大的机会成为良民？	Potentially
是啊那么你是否认为女性造强奸都是女的太骚了勾引人呢？	Potentially
在美国被白人歧视就来中国找“优越感”？	Potentially
千万不要，婚姻双方是相互独立的主体，全职太太相当于自降维度，你不倒霉谁倒霉？	Potentially
为何不讲一下为什么黑人犯罪率高，是基因问题吗？	Potentially
楼上，黄种人比黑种人高贵，谁的定论？ 比黑种人高贵，你有点儿沾沾自喜吗？ 比白种人怎样呢？低贱？同样高贵？ 我怎么从你的沾沾自喜里看到了奴性和自卑呢？你比曼德拉高贵？	Potentially
中国人种族歧视黑人和黑人种族歧视亚洲人/黄种人不冲突啊？这就是种族歧视的回答怎么了？真可怕还那么多赞	Potentially
不匿名的告诉你，我是异性恋，你所说的同性恋的做法，我和我男朋友也做过，so，你到底是在歧视这种做法，还是歧视同性恋？	Potentially
其实感觉黑人大部分都挺没素质的（大部分）之前广东那边黑人多成灾了，大部分在他们自己国家就是精神小伙那种，但到中国就为什么有那么多女的给没见过男人一样黏上去？贼恶心🤢	Potentially
恶心什么呀，难道被女人当备胎你们才觉得应该吗？把妹高手本来就很轻松搞定妹子，这种人是存在的	Potentially
这就不对了吧，你怎么能这样，你就不会找几个女生朋友打她一顿？男的不打女的，女的就打的使劲，不打不知道错	Potentially
北方男人拆你家了？你对北方男人这么大误解？我家小区门口卖包子的南方人天天把媳妇拉大马路上打，那这样我是不是要觉得男方男人会家暴不能嫁？	Potentially
大陆人真惨，在台湾被歧视，在香港被歧视，在日韩被歧视，在欧美被歧视，还有哪里可以去呢？	Potentially
在汕头会出现大部分是广东人，外地人受排挤吗？	Potentially
男人有钱就变坏？？？要是你爹很有钱呢[捂脸]	Potentially
环境啥？哪的环境？在哪了就这样？你西方白人艺人敢表露种族歧视黑人的立场吗？欧美有公众人物敢在推特上支持纳粹的立场吗？还咱就这样？环境如此？在川普都被推特封了的2021年2月，还说什么环境如此？	Potentially
这是基数和比例的问题吗，我问你一下，极端假设如果世界上的男同数量占人口百分之1，占艾滋病患者数量百分之99，是不是就要人道毁灭他们？	Potentially
歧视黄泛，清真，歧视东北，歧视女性都是陷害？包括美团在网上的态度？	Potentially
京津沪……你见到的天津来的都比较强？……作为一个天津人，我怎么感觉天津真是一个弱省诶……除了个别的保送大神，，，天津好像真的比较落后了……	Potentially
那个，tw有部分独立分子我能理解，hk为啥仇视咱们啊？[捂脸]我感觉最多是看不起大陆人吧，就像有些上海人看不起外地人一样	Potentially
都是说男生不好的没有女生人品不行的？	Potentially
丑女还指望骗男人？	Potentially
是啊，为啥啊？为啥被歧视的人不大声说出来为自己争取权利呢？？？？？？？,为啥啊我真的想知道啊？？？？？？？？？？？,就跟cherry事件一样，抽口红送女粉歧视男性了，是的啊，你为啥不提出来呢？？？？？？？？？	Potentially
什么屁话，老子要是受委屈还不能哭了？当兵的都会哭，以为男的全是铁做的？就女的能哭？	Potentially
如果我坐在黑人旁边你会不会说我歧视白人?	Potentially
男的靠女的养就是吃软饭，女的靠男的养呢？如果跪在地上的是女的，我估计评论区的女权狗早就炸了	Potentially
对，女生怎么就低人一等了？	Potentially
不是 印度人 以前被称为昆仑奴吗？可能是我记错了吧……	Potentially
女性割礼？要不把男性下体也割了吧明显的重男轻女	Potentially
所以你拿着他们声援BLM的配图来阐述日韩歧视黑人？你的逻辑呢？	Potentially
中国人也歧视黑人，广州黑人不是个好例子？	Potentially
？生气的事,同一件事发生在两个人种身上会有不同的待遇,白人杀了人被抓到jc喂他水解渴,黑人被抓到就是压在车下,自己不想被歧视还歧视别人我是真的服了	Potentially
“亚裔在美国地位这么低”，有多低？是觉得大厂工程师的地位低，还是高校教授的地位低，还是衣食无忧的学生地位低？这些人的社会地位有街上的流浪汉低吗？有零元购的参与者低吗？决定一个人，或者一个群体社会地位的，尤其是在资本主义社会，	Potentially
我老乡讨不讨厌黑人，我都不知道，你都知道了？？？我们这种乡下人，这辈子都没见过外国人，凭什么讨厌黑人？	Potentially
你这个问题就好比不要东北人和河南人就是歧视河南人么？还有你的回答前后矛盾，观点变来变去，每次明明是你自己觉得，非要强加到田源的观点上面，不是很懂你要表达什么	Potentially
那请问，我有一个安徽朋友，极其自私，我们这群朋友对她很好，可她却经常把我们对她的好当作是理所应当，那么按照你的逻辑，安徽人是不是都是这个德行，咱们就可以和所有安徽人绝交？	Potentially
黑豹长得不好看？从头上下都是黑人里的俊男美女好不	Potentially
你觉得女人无罪释放的威胁大？还是猥亵犯威胁大？	Potentially
我们是想要和平的崛起，还是所有人都厌恶你而不去说，黑人们的病态的思想，促使了美国形成一种病态的政治正确，你觉得这个有必要么？	Potentially
我不明白，部分中国女性宁愿处于被歧视被侮辱也甘之若饴的心态是怎么回事？	Potentially
女权为什么要养男人？	Potentially
是上海吗？上海恶心叫尼心	Potentially
还代表女性什么的，，想想更恶心了，为什么我们要被这种女人代表，，，，？	Potentially
新疆，混血人，跳个舞看看？	Potentially
先看历史背景好吗？在六十年代美国，他们极度歧视黄种人，如果没有硬实力，他们会去花费大量资源和金钱包装他们歧视的人？	Potentially
他们连自己人都歧视，地域攻击一个个牛的不行，河南人怎么样东北人怎么样天天广东人吃胡建人，你觉得他们还能正视外国人？	Potentially
喷子到处都有，中国也不少，我国崇洋媚外的难道还少吗？	Potentially
河南所谓的黑点还是偷东西，你是知道有什么少众的黑点吗？	Potentially
点过赞突然想起来，怎么就确定是中年男？这种事中年男必做？还是对中年男也有类似地域黑的偏见？再加一句，我不是中年男[捂嘴]只是好奇	Potentially
呵呵，真是人不要脸天下无敌，你也好意思拿青岛说事，青岛宰客的结果是包括青岛人在内全国都在谴责宰客者，你们呢？不管你们香港佬做出多不要脸的事结果都可以把责任归咎到到大陆人身上	Potentially
还用希望？这不是现状？ 滑稽，公众平台发帖骂黑人要被删帖封号，骂锅男还能得到很多的赞和关注，锅男不比黑人惨？	Potentially
中国人歧视黑人找的理由我们也觉得合理的呀 别的种族歧视亚裔的时候也振振有词啊 存在即合理 盯着别人的肤浅 不如自己进步 哪个种族没受到歧视？你说的出来 就证明你自己也区别对待了 就是歧视	Potentially
说我们台湾经常吃这个，中国超市里有卖吗？ 难道不该怼吗？	Potentially
就是在恶意分化男女，你看现在还有人好好说话？	Potentially
奥 我就歧视黑人 怎么了？	Potentially
重男轻女？超声都变得这么理直气壮了，知乎直男癌都这么多了？	Potentially
那请问中国的男人是被欺负成啥样了呢到底？	Potentially
怎么就不是歧视了，因为男性像僵尸粉就把男性全部过滤掉，因为女性xx能力差一点就能把女性全部过滤掉了吗？	Potentially
黑命贵，零元购是反对种族歧视么？	Potentially
只针对你问的最后一句：你以为南方媒体抹黑东北只图个嘴爽？	Potentially
你怎么不提清王朝是怎么起来的，为毛统治那么久，何况现在东北人大部分是关外人，说不是地域黑 欺骗自己呢？	Potentially
惊了你为什么把女拳和这七十年能顶半边天的女性混为一谈前者远远不配女拳这玩意本质不就是仇男那些顶起半边天的女性是当今互联网上厌男的这群牛鬼蛇神？	Potentially
女的执意要戴套，男的能强奸不成？	Potentially
您的评论让从来不客观的中二我有点懵逼 ，一脸黑人问号……我就问一个语文问题吧：您区分得出“批评”与“骂人”的区别吗？您觉得说一个身体健全的成年男子“站都站不直、是女里女气的娘炮”是正当批评还是人身攻击？	Potentially
你觉得贫困的白人和黑人哪个更可怕?	Potentially
其实感觉黑人大部分都挺没素质的（大部分）之前广东那边黑人多成灾了，大部分在他们自己国家就是精神小伙那种，但到中国就为什么有那么多女的给没见过男人一样黏上去？贼恶心?	Potentially
你意思河南人坏人比率高？怎么不去看看每年感动中国人物来源比率河南高不高？	Potentially
可我不觉得，我能说我认识的好多中国男生都做发型吗？像日本男的那样修眉和化妆我们中国爷们做不到太恶心，不知道你是怎么想的？	Potentially
警惕中国打人权牌 你这是给境外反美势力递刀子？[生气]	Potentially
真论抢劫，干坏事黑人比得了白人？人家白皮才是真正的行家	Potentially
只讲了现象，完全没提到原因，黑人是天生的混乱，愚昧，叛逆，暴力的吗？不讲产生问题的根源，	Potentially
早期黑人被作为奴隶贩卖到美国，干了多少苦力活，怎么能说没有建设呢？	Potentially
中国人确实比较歧视黑人吧？当然了，在中国的黑人确实素质整体也不太高	Potentially
是是是都是外地人的错，北京上海的外地人怎么没这么低素质呢？	Potentially
安慰自己吧，只能，其实关系没那么大，不然你看美国那些企业家没有歧视黑人的？种族歧视不更严重么	Potentially
我反正还是那个观点，说东方人种族歧视是他妈21世纪最大的笑话，东方人把黑人当奴隶买卖吗？	Potentially
会不会是被女的伤得太深，而想离婚？怎么你一说，男的都不是好东西	Potentially
人人生而平等就是一句彻头彻尾的假话，黑人暴力犯罪率比黄种人高十几倍，这也是平等的吗？种族歧视很多时候，是圣母扣帽子用的，小偷不歧视？	Potentially
你以为不搞暗杀是因为华裔地位比非裔高？那是因为华裔背后有个中国在保障下限好吧……中国没了排华法案就能立刻原地复活，	Potentially
話說你這麼晚開竅的原因不是身邊的男人質量太差？	Potentially
能顶我上去吗？劳资今天就是骂东北的怎么了，就是无脑地域黑，听到东北话劳资都想吐，东北怎么养出这么些奇葩东西？劳资玩个吃鸡一个东北队友我话都没说直接把我打死？东北都是大哥好吧？对东北人一生黑	Potentially
听说广州甚至整个广东黑人很多，答住，广州黑人怎么样？是不是很多人干不法的事情，是不是有很多中国女孩嫁给黑人？黑人欺负中国人吗？zf对黑人态度怎样？	Potentially
题目:既然女权是平权，为什么她们从不正视男性收到的压迫？	Potentially
上海人歧视上海人 是不是 和白人男性 每次说话就“ 我知道作为一个白人男性 我享有太多的特权，思想有局限性” 差不多？	Potentially
中国人就是歧视黑人和白人，这是心照不宣的，美国人不是号称不搞种族歧视吗？	Potentially
黑人也歧视中国人好吗，不要把自己说的多无辜，美国黑人对亚裔的袭击还少吗？	Potentially
“黑鬼”？如果你也反对种族歧视，请注意用语	Potentially
而且华裔给美国带来了多少人才和财富？可是黑人给中国带来了什么？毒品还是qj？	Potentially
东北人素质就是低，在全国各地有目共睹的，整天说别人黑东北人，东北人好好做人别人没事会黑？	Potentially
我翻译一下你的话：这个肯定是恶心的中国直男癌故意冒充洋大人肯定是这样的，洋大人怎么可能会骂我们这些又送炮又送钱的中国女人呢？	Potentially
黑命贵，那是白人欠他们的,现在怎么没有印第安命贵？那还不是因为都死光了，没法发出声音了？,美国当初从非洲运来多少黑奴？其中又有多少活了下来？,帝国主义在全世界吸血，哪怕到现在，中东的不稳定因素，归根结底，后面都有他们的影子,所以说，	Potentially
拿西方的剑斩本国的官，老美脱口秀还能嘲讽总统呢，你在中国骂一个试试？另外，可能是我见识短浅，我咋没见过美国的白人脱口秀演员怼黑人的呢？最后，开玩笑是讲究加工的，她拿个生肉出来直接骂人，有那时间我听街口大爷骂街不比她好听？	Potentially
被日本讨厌不是坏事，坏人做了坏事心虚怕被清算不正常吗？	Potentially
我室友也是，洗澡，洗漱，吃饭啥都不带饭卡让那个你刷，都成习惯了，东北人不是都挺爽快嘛，怎么这样…？	Potentially
又是这种偷换概念顺便洗白一波黑人的回答，爱因斯坦歧视中国人和部分中国人歧视黑人并不是一件矛盾的事情吧？中国至少还有长城，非洲人呢？ WE WUZ KANGZ AND SHIEET? 黑人犯罪率高难道不是事实？	Potentially
那在白人眼里黄种人就是劣等民族呢你怎么说?你这种带着种族歧视的人就别来看球了行吗？	Potentially
最后一句话不对劲啊兄弟 ，行业无罪，你怪行业？ 你要打心眼里鄙视的应该是——江苏省内歧视鄙视的问题，互相开炮的伤害；	Potentially
犹太人的常规操作，照这个节奏是不是河南人就一定会偷井盖，广东人就一定吃福建人，东北人就一定是黑社会，新疆人就一定是小偷，重庆人就一定是耙耳朵啊？（拿刻板印象diss人的行为可真恶心）	Potentially
无语，虽然不能一棍子打死所有人,，但是就我这么一个不怎么关注新闻的人，还是会经常听到黑人奸杀我们中国女人的，而且大多都是非洲裔，我就特别想不通，没法理解，不是我们的国家在帮助他们吗？	Potentially
不明白，明明是一个歧视亚裔的问题怎么跑到抨击“中国女人”上了,？放一些国外的人歧视女人的视频为了说明国外人男女亚裔都歧视呗？	Potentially
这叫稍稍批评，那您倒是说人家这条新闻哪里不客观啦？不是逃难跑回来内地干嘛，别人没说有香港本地人帮忙？不是受到了废青的威胁？	Potentially
你都没整明白,你把快船老板拉过来s说明什么说明你支持快船老板=支持快船老板种族歧视=歧视黑人&gt;那么e美国的黑人不跟你闹翻了天?	Potentially
我怎么没看懂[思考]所以说黑人真的会歧视黄种人?	Potentially
所以你说的所谓他们因为种族歧视而封号根本不成立，再说如果不是台湾人一再踩底线能获得尊称吗？我说你就是反华你还不承认，原来在你眼里，台湾侮辱别人应该，别人反问就不行，这不还是反华立场吗	Potentially
打压都不回来，给台湾脸了还能回来？决定台湾走向的先是大陆，然后是美国，关你台湾什么事情？	Potentially
强奸幼女是直男?女权癌世界都是什么东西	Potentially
以直报怨，这还不够清楚吗？外网的人骂中国我们就要骂黑人吗？黑人留学生里又不是没有好人	Potentially
在更敏感的区域，比如在美国提问，黑人和白人打架方式有什么区别，你猜什么结果？	Potentially
男人可以这么穿，女人不能评论懂？不然就是直女癌	Potentially
觉得黑人难看就有人扯种族歧视，觉得白人难看怎么没人扯种族歧视？不想被歧视不是整天动动嘴皮子就行了	Potentially
这有什么不正常吗？素质低下的白人也会称我们为…我不知道他们歧视黄种人的称呼，但是肯定有，还有黑鬼，这个没错吧，顺带一句，日本人叫我们支那人	Potentially
为什么大学男生成绩普遍比女生差？	Potentially
卧槽你都觉得黑人舍管是黑猩猩了怎么还可以“没有冒犯呢”？为什么很多人无视这个免责声明的实际语义而随意使用它呢？这是不是一种虚伪呢？	Potentially
你乐意喜欢就喜欢呗，还管我喜不喜欢了？管的挺宽啊？况且我也没说东北人都不好，我只说个东北人在外犯罪率偏高这么个事实，你不满意去质问各地公安局，让他们不要地域歧视呗，跟我这耗个什么劲？	Potentially
没有么？她说的是啥“是不是全中国只有你们男人跑才行？哦男的也会被鸡奸，你们小心点”——这不叫女权癌你说啥叫？	Potentially
可你知道么？这个世界，压根就是种族歧视的，白人歧视中国人，不是一天两天了	Potentially
抛开个人情感，你觉得亚裔一边受歧视之害一边歧视别人，这么搞能翻身吗？可能吗？	Potentially
实际上，,你只要不开口说中文，受到的歧视就会大大减少,原因很简单，你顶着一张亚裔面孔，别人怎么能辨别你是日本人，还是韩国人，还是中国人，还是本地出生的亚裔？,如果你这种情况下你都被歧视了，	Potentially
给黑人骗身体的真别了，多少人被黑人传染艾滋？错一次后悔终身[微笑]提醒广大女性洁身自爱，	Potentially
黑人自己都看不起黑人？	Potentially
你们怎么做到不歧视黑人的呢？	Potentially
你的猜测是毫无根据的可以不？ao按你的逻辑地域黑直男癌女权婊似乎都师出有名了都是自以为合理的猜测啊	Potentially
我说掀桌子？ 你搞清楚，把掀桌子艹尼玛拿来形容反抗校园暴力的是谁？ 现在这话变成我说的了是吗？ 你的意思是香港那档子事还比不上一次校园暴力？ 为了反对而反对到了要颠倒是非这个地步，好看？	Potentially
去问问在广州的人？有几个不讨厌黑人的？[捂脸][捂脸]	Potentially
即使在美国，黑人依旧是犯罪率最高的，这难道不能说明什么吗？	Potentially
算的…你想想假如题主说了东北航线啤酒每次都被一抢而光 不是侧面说明了东北人没素质么…占便宜？	Potentially
正常人第一反应肯定一样，外地人特地到上海杀小孩，什么概念？排外没办法的，这是人的正常反应	Potentially
男的裸照怎么就不行了？歧视男性是吧啊？[飙泪笑][可怜]	Potentially
哈？[好奇][好奇][好奇]这么多男性愤怒，就是因为没听到你脑补的内容吗[好奇][好奇][好奇]女权不歧视男性的条件已经到了女权辱男以后男性要自己脑补出一个罪名反思的地步了吗？[好奇][好奇][好奇] 这不比歧视黑人厉害多了[好奇][好奇]	Potentially
当年浪漫的土耳其刚出来，土耳其议会就提议被强奸的女性直接嫁给强奸犯，然后就有人说这下你们还想去浪漫的土耳其吗？	Potentially
河南经济落后？全国前5，你给我讲落后？	Potentially
这片土地的主人是仙女和黑人白人，g蝻又不是黑白无常，有什么资格清理毒瘤？哦，	Potentially
这不就是中国的田园女权吗？不宠着她的都是直男癌	Potentially
我只想问一个问题，你们河南人就会偷井盖， 不过没骂你，就骂部分河南人， 你为什么要对号入座？难道你真的偷了井盖？	Potentially
中国永远是中国人的,对外国人怎么也没有好感,跟别提黑人,老黑不是奴隶来的么（昆仑奴？）,搞不明白那些人怎么想的	Potentially
那些外省人在广东不好好打工最会挑事，作为一个广客混血，我从没听过白话打压客家话和潮汕话，广东台播广州话不是很正常的吗，怎么在外省人眼中就是打压了？况且我们客家还有自己的电视台	Potentially
大家不要被带歪了,这是一个反例吗？一说男性受歧视,你不是去思考男性是不是受歧视,而是马上来给出一个想证明女性受歧视的例子,这不正说明男性受歧视很容易被忽视吗？就算你有一万个例子证明女性受歧视,也不能明男性不受歧视啊？	Potentially
南方那嘎达果真这么黑暗么？ 怪不得会抹黑东北来掩饰其丑恶呢？	Potentially
可怕，这都能扯出歧视女性？是有多自卑？	Potentially
河南人被黑了多少年了 安徽人也是啊 国内地域歧视还不够严重？	Potentially
为什么强奸犯都是黑人？	Potentially
黑人歧视美国黄种人也就算了，歧视中国人？他们也配[大笑]给黑人种族平等是给他们脸，	Potentially
那如果我选择了和黑人一起坐，是不是代表我歧视白人呢？	Potentially
有一说一，其他国家素质也不见得有多好，就最近江苏运猪车翻了，被人抢猪肉，确实是素质差，但是最近美国也是直接0元购，素质还比我们更低，你看过美国人旅游素质低新闻？	Potentially
你想要的答案是不是：女生普遍学霸，男生普遍是学渣？	Potentially
不符合中国女人的审美？？长得丑不要推锅给咬肌而且中国女性病态的审美观本来就是畸形的	Potentially
香港以前这么多的黑帮电影不是流氓？拍的不都成英雄了？	Potentially
是差距大，比起京津，山东不是落后地区?	Potentially
很简单谁家买媳妇买孩子就枪毙就完了，那种村子，就是屠了对中国经济有多大影响吗？别跟我说什么人道，拳头就是人道，日本鬼子跟咱们讲人道吗？老毛子在东北帮助咱们打小日本的时候祸祸多少中国姑娘你听过报道吗？别太当真好吧	Potentially
这叫性别歧视？资本家只关注谁能带来更多利益，女人最多可以当男人用，而男人可以当畜牲用，既然如此，为什呢不招男人，你居然能把资本问题理解为性别歧视，我还说为什么工地全都是男人，是在歧视女性呢，为什么不让你人去工地呢，	Potentially
很多同性恋的归宿是什么，结婚？我就有一个朋友被心机骗结婚后生完孩子，然后就不碰不管天天和gay出去，祸害一个女孩的一生	Potentially
这种恨不得能拥有一副白色皮囊的也能成为奥巴马吗？讲道理，我真不理解某些人有何资本歧视黑人，	Potentially
妹子，你喜欢干净利索的男生？还是浑身恶臭(放荡不羁)的男生？你会不会远离放荡不羁的男生呢？	Potentially
你的逻辑也有点奇怪，黑人其实黄人，黄人为什么就不能歧视黑人？	Potentially
本人就对东北中年老娘们儿很没有好感，虽然欺生恐怕全世界都一样，但是可能没有期望就没有失望——女人精明的心思配上大大咧咧的表面，靠，防不胜防啊——为什么单独说东北中年妇女呢？因为年轻女性还没有沾染生活的俗气，自然讨人喜欢	Potentially
美国黑人听到别人说他们先辈是奴隶，他们是什么想法？	Potentially
你们口口声声要男女平等，到头来压根就是要为女性争取凌驾男性的特权罢了；法律面前还分男女？你想太多了	Potentially
不是美国不美国的问题，废青你知道是什么吗？废青，黄种人，香港人，中国人，懂？你不会觉得废青跟你一个战线吧？废青这么抵制花木兰是为什么呢？思考过吗？废青为什么抵制花木兰	Potentially
呵呵，现在的男性这么恐怖自私还不让人说了？	Potentially
你这说法你怎么不去说美国警察歧视黑人？你如果不是黑人你就不会被歧视了，要怪就怪自己生下来是个黑人？	Potentially
人家女权连自己家下层女性都不管，每天忙着变花样打拳，还有时间管你男性压迫？	Potentially
很多时候不是歧视，而是大部分黑人不能理解唐雪利的用心，看看他们的行为，歌曲，女人，毒品，钱和帮派，就像野兽一样毫无素质可言……如果他们中大部分人都是这个样子怎么可能不被歧视？和他是们什么肤色什么长相一点关系都没有	Potentially
你这个伪命题好奇怪哦，我说女权你和我说男性也受到压迫，那你被车撞了我跟你说别人还有被火车撞的呢你怎么看不到呢？	Potentially
提一下事实就是骂黑人？ 没黑人，会有这怪病？	Potentially
可恶的不是那肥头大耳的男的吗？	Potentially
是她选了渣男爸爸好吧？这种打胎你猜有多少是妈妈主动的？都是爸爸爷爷奶奶在个重男轻女的家庭你猜女的有什么话语权？ 男的缺德你到说是妈妈不好	Potentially
那中国呢？我就不说xx新闻评论区了，知乎【刚看完绿皮书，觉得黑人兄弟好可怜，想问问现在社会黑人歧视还严重吗？】自行搜索这个问题看评论区和答案区，一个对于其他肤色人类的伤害不以为耻反以为荣的国家不够说它蛮夷？纯粹为了理性而理性，	Potentially
非洲可以说是穷，落后，但是美国的黑人兄弟呢？想过没？黑人犯罪率是编出来的？底特律才凉了多久	Potentially
河南人不偷井盖了？？改打人开车撞人？？	Potentially
难道是我太敏感了？还是我运气太好？仅有几次去发达国家或地区都碰到过歧视，更心塞的是还有被亚裔歧视[可怜][可怜][可怜]	Potentially
唉？你不是说大腿吗？怎么男女漏大腿还有区别了？怎么？女生大腿有罪？	Potentially
我们说过上海人说上海话是排外歧视？自己幻想？	Potentially
云南这么恐怖吗？？	Potentially
歧视白人呢，黑人技术如何？	Potentially
你也说了那是黑人之间相互称呼，你黄种人去美国叫声黑鬼试试？	Potentially
卧槽？河南人怎么了？你很有优越感？	Potentially
那田园女拳应该去米国起诉拳头怎么尽出些丑英雄，是丑化女性、歧视女性吗？说不定又能得到1000w美元赔偿呢（狗头）	Potentially
我在这回复一下,@chnlee10,，这哥们说不过我急了，就拉黑了，跟我说只看事实，说中国野蛮，老美这警察暴力执法，种族歧视，零元购，搞过屠杀，这不是野蛮？，这是文明？跟我说搞过种族灭绝的国家是文明的，真是贻笑大方，	Potentially
你凭什么说女人就是贱，男人不是吗？	Potentially
对于黑人奴隶来说，被美国人当畜生和被英国人当畜生都差不多，建国荣耀？不存在的，就和你黄皮一个整天念着独立宣言一样	Potentially
那白人怎么样？会不会也歧视亚裔	Potentially
被歧视也是中优越感，国内穷光蛋有本事出国啊？,所以对于非中国人，	Potentially
那女生拜金都是因为男的先带坏的她？	Potentially
朋友帮帮忙，阿拉上海人现在还有资格“歧视”外地人？	Potentially
这人不过一家之言，比微博和知乎女权温柔多了，算什么性别歧视？	Potentially
很简单啊，斗不过印度人啊，现在美国华人就是没有印度人强，有问题吗？	Potentially
上大学的时候经常被歧视，其实歧视又能怎么样呢？	Potentially
重点是素质低的人讨厌，而不是外地人素质低讨厌，上海人素质低不讨厌？	Potentially
黑人智商低关身体天赋啥事？这么说上海有钱人多因此他们身体素质好？	Potentially
深圳本地人少被逼着讲普通话，就是包容，广东其他城市本地人多一点，有机会讲母语，就是排外，你们家乡做到没啊？你个普通话沙文主义者	Potentially
河南人小偷我没遇见过 东北人在北京的中介市场基本就是黑中介的多 我也有认识好的东北人 包括我前领导 但是要说东北人这个名声 恐怕你一时半会是洗不清的 我是安徽人 我们一样有恶名 但是我觉得不应该去否认事实 而是去努力改正 这不是更好？	Potentially
那黑命贵呢？白人待遇真的排在黑人后面?	Potentially
但是女性就业歧视怎么解决？企业单位会觉得你会生二胎三胎，根本不会雇佣你，把女性赶回去做家庭主妇，	Potentially
我怎么骂人了，难道你不是躲在匿名区黑人吗？不就是见不得光吗？	Potentially
两广岭南绝大部分都是父汉母蛮的所谓杂种，但他们就是正儿八经的汉人，至于父系母系双血统，你以为现在的中国女性会给你压迫 一个个都是女拳，要是这样还不如黑人马来人女性呢?	Potentially
偷换概念，你把男性都当作贫民窟了，那么中国有一半人口都在贫困线以下？	Potentially
你还说黑人只获得了投票权，好像这是一个非常容易的事情，你有吗？还反对歧视黑人，在美国，黑人最歧视的就是华人，知道吗	Potentially
第一我没有不允许你说，我承认云南一些地方治安的确不太好，你承认你地域黑得了呗，又当又立？	Potentially
河南人就不是人？	Potentially
稍微多了解一下黑人劣根性的人，都不喜欢黑人，借东西不还认为是上帝赐给他的，穷死都不想去打工赚钱，更有些地方，妇女几代人一起用，曾经南非的外交部某个管理层，在中国待了10年都不回去，为啥？	Potentially
我感觉的风向，是大部分人说黑人白人渣滓来到这，并非感觉高人一等，只是感觉别祸害我的国家，逃犯外教，黑人提裤子就跑，传播艾滋病，你哪看出的？是有歧视，但我们歧视的他们的人格，不配为人，辱骂中国，老子凭什么不鄙视你？	Potentially
现实是黑人现在仍然受到隐形歧视，但作为写汉字的人，不更应该注意到黑人对黄种人的歧视吗？一个不喜欢被歧视的族群却歧视别人，作为黄种人还要站在黑人的立场共情？	Potentially
太讽刺了，谁被泼硫酸没热度啊？男女比例中女的不会做泼硫酸这种事就叫没热度，男的一泼就上热搜了？这个回答里的这些男性跟您简直异曲同工	Potentially
你谁？理中客？龟男？白骑士？谁告诉你反女拳就是男拳了？	Potentially
天了噜好可怕惹，再也不会跟团去云南了，恶心哭，这是导游还是当地地陪啊？？？？	Potentially
请问我大学打了三年游戏，凭什么要给你解释这个问题呢？您这是想表达什么呢？想黑直接说一句饭圈母狗给爷爬不就完事了？反正外面对女性玩家的这种言论多的是，即使是没玩过游戏都女性就配不上的电竞圈了吗？他们不骂人不黑人，就默默支持喜欢的选手而已，又什么毛病呢？	Potentially
这活该啥？前者除了黑人纯粹的坏以外，小姑娘遭遇这么悲惨的事儿也是因为咱们中国教育的缺失而导致的，缺少自我保护意识，受害者怎该受到谴责？后者曹先生被这个女人坑的体无完肤，家里独子没了，老太太怎么活？	Potentially
美国黑人犯罪率为什么这么高？黑人就不会自我管理和管理国家吗？原因必须深挖，	Potentially
为什么有无数的韩国人、日本人、欧美国人歧视中国人？	Potentially
我们最多说印度人不太讲卫生，但我们难道认为印度人是劣等民族，低我们一等吗？	Potentially
看不懂就别逼逼，祝你以后找到又让你赚钱，又让你一起还贷款，还让你带孩子，一直否定你的男人，还女权，女权个屁，啥叫女权你懂吗？凭你这智商看得懂女权是啥吗？	Potentially
“土人”每次看到霓虹人这样骂中国，我都感觉？？？就这？据说日语的骂人词汇极少，	Potentially
山东民风彪悍？？那样打架？？怕是地域黑吧 我山东人怎么没见到过	Potentially
古巴黑人犯罪率低？知乎上边还有古巴华侨说当地华人圈子里大部分的偷盗类犯罪都跟黑人有关系呢，你说我是信你呢还是信他们呢[好奇]	Potentially
鱼找鱼虾找虾不懂吗不沟通好找什么对象？非要玩高危险的干啥照你这么说所有男的都要结婚呗	Potentially
好的 打种族炮是吧？ 他们也挺看不起黄种人的	Potentially
女大学生的做法不犯罪？？？呵呵呵呵	Potentially
河南都是些没文化的骗子 有文化的都去山寨了？	Potentially
反歧视游行打的标语居然是“我很弱不要伤害我”这就是喊着让人来欺负你，你不是最底层谁是最底层？	Potentially
吹个鸡维族人，就算你没去过新疆也不能胡扯，自己看看大街上维族卖羊肉串、切糕和弹簧刀的维族男人女人长啥样，能找到几个好看的？	Potentially
是不是处在歧视的最底层，这个很难理解吗？华人在灯塔国是不是最被歧视的，	Potentially
我回复答主的解释 诶？我看的时候评论里大多都会说一说直男癌，我只是分析一下为什么会关联到直男癌而已 黑人问号	Potentially
哇偏好某族裔就是多录取某族裔的理由那我更喜欢男性我也可以多录取男性咯？ 每个学校都可以根据自己偏好来歧视人啊 ？	Potentially
什么专业呀，文科专业对性别歧视这么明显么？不应该是工科专业偏男性多一点吗？	Potentially
这可是外国的童话啊，怎么可能侮辱女性？答主一定是在反讽，真正的女拳从来不打外国人	Potentially
那亚裔为什么也受到歧视呢？[好奇]	Potentially
所以白人就是在美黑人的救世主？黑人被奴役就是有历史原因的正当行为？	Potentially
中国人歧视黑人？？开什么玩笑~	Potentially
一个假排名你想往哪看？往瑞典看齐？男女平权最深的地方，强奸率也高居全球第一？你向往哪看？向美国看？地方州刚通过一夫多妻制、堕胎非法？	Potentially
有人说我文不对题，那我这里扣应问题下：,中国的性别歧视，就是女性没有话语权；,形象宛如一个咆哮的智商负一百漫威反派，还要被说，“这不就是你们么”？,中国的性别歧视，就是说什么都在打拳；,管你什么权，女权是女权，平权是平权，田园女权是女权，	Potentially
你就这么理解，你说这是先富带后富，但是别他妈搞得大家都是求着成都吸血，吸完血之后呢？还有就是成都人对一般四川人的歧视，很多题目里都提到过，我自己也感受到过	Potentially
为什么你们一些一言不合就骂人的高端人群，我看资料绝大多数都是没头像没回答的东北人？	Potentially
照你这么说，黑人曾经被奴役，现在也备受歧视，他们怎么还和白人住一个国家？怎么没有去找曾经的奴隶主后代报仇？怎么不去找当年把他们先祖卖给白人的其他黑人报仇？	Potentially
提一句要教育好男性，就是消除男性？还有教育好男性不当强奸犯和教育女性不当鸡男性不当鸭可以同时进行，有啥矛盾吗？	Potentially
其实我当时看破产的时候心里就老隔应的慌，这不明摆了是歧视吗，还有什么洗的?而且美剧里面歧视亚裔的真的超级多，在他们眼里我们都是那种除了勤奋一无是处的傻人，	Potentially
对啊，布吉岛他怎么知道小偷多少比例是河南的？🤔️	Potentially
很多也只限女生,那不是公开歧视男性？	Potentially
咋回事，有点感觉一本正经的侮辱女性？(别杠我你对，别杠我是女权)	Potentially
噢，那你说说地域黑为什么黑东北？	Potentially
国男陪黑女呢？,好像就能接受了[飙泪笑]你们不是种族歧视只是歧视女人[吃瓜][吃瓜][吃瓜]	Potentially
华人在美被歧视可以理解，可为什么洋人到了中国却还能享受超国民待遇呢？什么学伴…耻辱啊…	Potentially
据印度人（非官员，高等教育学历）说，从2010年起政府就开始治理，而且国内的主要媒体也在呼吁，但是关键问题是治理的效果远远落后于新增污染源，因为国民素质太低/似曾相识？	Potentially
体味重…怎么叫重呢？反正接触的黑人都多少带点吧	Potentially
这么个道理，你看，假如有人公开宣扬河南人偷井盖，虽然我不是河南人，但我看到就想举报，这没有问题吧？ 河南人换成男人，偷井盖换成没底线，就这样，你看在不在理[思考]	Potentially
你们四川人为了逼人吃红锅都这么骗人的吗？	Potentially
上海滩以前也是出流氓的地方，也有三不管，操起家伙就动手的地方，虽说现在管得严，打架成本高，但为什么有些其他地方人会误认为上海人就打不来架了？	Potentially
女生不喜欢那种很夸张的肌肉男[捂脸]刚刚好就行，像外国那种女生会觉得很可怕觉的很暴力？	Potentially
抢劫和骚扰的是亚裔跟我们中国人有啥关系？亚裔被黑人抢劫骚扰了应该自己去干回来啊，要知耻[捂嘴]	Potentially
只要有一个男人是坏的，所有男人都不是好东西？	Potentially
韩国妹子嫁不嫁中国男性不清楚，日本妹子地位低下渴望嫁中国答主没出过国吧？首先日本妹子地位一点也不低下，中国男性如果在北京上海深圳可以和日本男性拼一下收入，但要比空气污染食品安全还是没办法跟日本比，	Potentially
说到女生就是EG，就是女权，我就不明白了，我长这么大，从来没听说身边哪个女生嫁给黑人了，甚至连和外国人谈恋爱的都没有，到底是谁在挑起性别对立？	Potentially
我是湖北襄阳人，，婊子养的 是口头禅我是真的恶心，自己本省都受不了，武汉人素质差还用黑吗？	Potentially
所以您的逻辑是，女人，黑人都等同于杀人狂和精神病人？	Potentially
镜像问题，为什么韩国人那么多人讨厌中国人？	Potentially
这就是所谓的是女的被骚扰怪衣服穿的少么？	Potentially
歧视中国人为什么非得知道中国首都？只要知道中国人是黄种人就行了，否则歧视之前是不是还要做个歧视入门考试没考过就不能歧视？（笑）	Potentially
这和移不移民什么国籍有什么关系？傅满洲的形象最近几十年没有了还不是因为国外华裔的抵制，种族歧视歧视的你这个种族而不是你的国籍	Potentially
那你有哪里来的样本说明贵州人素质低了？	Potentially
你喜欢美国人歧视亚裔的文化吗？你喜欢中国人歧视越南人的文化吗？你不喜欢，仅仅是受益人不是你罢了，人家没违法没犯罪，你为什么讨厌？	Potentially
黑人、西裔、穆斯林在美国受到歧视，莫非也有人因此要说美国实行种姓制度了？那么荷兰人怎么算呢？	Potentially
Question	Potentially_Pejorative
当知道自己是性少数群体后，你做了哪些努力让自己变得更优秀？	Potentially
做数据分析的女孩子，职业发展前景在哪里？数据分析枯燥吗？	Potentially
如何看待女生不满「男生喜欢温柔贤惠一点的暖妹子」？	Potentially
是不是男生都觉得男男同性恋很恶心？	Potentially
作为一名性少数者，你有想哭的时候吗？	Potentially
为什么有的人（比如部分 PhD 等高学历者）会对家庭主妇有不屑的情绪？	Potentially
为什么被称“贤惠”会很气愤？	Potentially
怕因生孩子而耽误事业的女性，她们的事业有多好？	Potentially
婚姻给了你什么样的勇气去当家庭主妇？	Potentially
为什么有些女生会反感「贤惠」这个词？	Potentially
关于软件测试工程师所应该具备的能力，就业前景还有适合女生从事吗？	Potentially
同性恋会觉得双性恋恶心吗?	Potentially
同性恋真的完完全全是正常的吗？	Potentially
三孩政策会使女性在职场中遭遇更多歧视和压力吗？应该怎样的应对？	Potentially
想知道以男性视角，家里有位全职太太（家庭主妇）是种什么感受？	Potentially
女同性恋如何做到 30 岁以后的生活不可悲？	Potentially
同性恋真的让人觉得很恶心吗？	Potentially
如何看待高学历女性成为全职家庭主妇？	Potentially
大学女生成绩普遍比男生好吗，为什么？	Potentially
如何看待女同性恋中的T?	Potentially
人生目标是做家庭主妇很丢人吗	Potentially
有同性恋可以说说自己的故事吗？	Potentially
有什么辨别les的方法吗？	Potentially
要求20多岁的女生贤惠，现实吗？	Potentially
为什么男性的身体（贞操）不如女性的身体（贞操）珍贵？	Potentially
为什么黑人的外貌不符合大部分中国人的审美？	Potentially
你们觉得亚裔在美国是处在种族歧视中的最底层吗？	Potentially
有一个蒙古族男朋友是什么体验？	Potentially
为什么都说日本社会很压抑？变态多是真的吗？日本人好相处吗？日本人都很排外吗？	Potentially
白人女性是不是很美，为什么?	Potentially
在歧视亚裔或华人问题上，是欧洲严重还是美国严重，各有什么特点？	Potentially
中国人喜欢白皮肤是否是民族自信不足的表现（骂之前建议看看问题阐述）?	Potentially
美国只有「黑命贵」，没有「印第安命贵」吗？为什么？	Potentially
现今中国人的种族歧视严重吗？	Potentially
蒙古国女人好看吗？	Potentially
为什么国人普遍接受不了中国女孩和非洲男孩在一起?	Potentially
日本人是怎么看待中国人的？	Potentially
为什么中国有这么多人厌恶韩国人？	Potentially
为什么一些人觉得白人比黑人好看？这种审美观的形成与潜在种族歧视有关吗？	Potentially
如何看待外国人因中国人以白为美而认为中国种族歧视？	Potentially
和壮族人交流有哪些忌讳？	Potentially
如何看待美国黑人男子在上海商场疯狂辱骂中国人二十多分钟？	Potentially
日本人知道自己被称为「日本鬼子」「鬼子」「小日本」吗？	Potentially
我国最文明最先进的民族是白族？	Potentially
南京人怎么看待日本以及日本人？	Potentially
亚裔在美国地位这么低，为什么警察致死的案件比黑裔少得多？	Potentially
维族同胞的体味是遗传的还是后天饮食习惯造成的？	Potentially
你身边的日本朋友都是怎样的人？	Potentially
如何看待美国教授因说中文「内个」，被称冒犯黑人而遭到停课处分？	Potentially
请问维吾尔族男孩子的性格一般是怎样的呢？	Potentially
为什么在中国不会出现明显的种族歧视，而会出现较严重的地域偏见？	Potentially
如何看待杨安泽带妻儿外出购物被美国人歧视，发文称「作为亚裔感到羞耻」？	Potentially
蒙古族人和汉族人会拥有爱情吗？	Potentially
回族姑娘怎么样？	Potentially
为什么现实里面日本人说话很委婉，甚至觉得中国人普通交流都像骂人？	Potentially
为什么肤白会成为美女标准？	Potentially
上海的地域歧视有多严重？	Potentially
东北人脾气真的有那么暴躁吗？	Potentially
外省人怎么看待浙江人?	Potentially
浙江会在不久未来下落到第二梯队吗？	Potentially
网上各种黑东北，怎样和东北人相处？	Potentially
为什么最近一年河南人的口碑突然变好了？	Potentially
潮汕人给你的感觉是什么样子的？	Potentially
为什么我周围的绝大多数东北人的家境都比我好，有些甚至好特别多?	Potentially
作为一个沪漂，哪一瞬间被上海人震惊到了？	Potentially
浙江对中西部省份的歧视为什么那么严重？	Potentially
浙江的地域歧视严重吗？	Potentially
我成为程序员后感觉情商变低，怎么办？	Potentially
为什么「工人」和「农民」成了不体面的代名词？	Potentially
我有个问题为什么国家定义程序员新生代农民工，而不是高端或科技人才，这说明程序员门槛低吗？	Potentially
“农民工”，“新生代农民工”的称呼是否具有歧视性？	Potentially
本科护理毕业的护士真的是最不好的职业吗？	Potentially
大理白族人很暴躁吗？	Potentially
请问有回族人念书只能念完小学的规定吗？	Potentially
最近知乎/微博上有很多人在不断的控诉东北的社会现象和东北人，对此你怎么看？	Potentially
我不知道为什么总有很多人骂河南人，到底河南人惹了你们什么地方了？河南人跟你们有仇吗？	Potentially
日本老师几乎每节课都要大骂中国，作为中国留学生该怎么办？	Potentially
作为一名蒙古族，不会说蒙语是什么感受？	Potentially
为什么外蒙对中国人不友好？	Potentially
江西人马上去浙江读书，学校里90%都是浙江人 浙江人会有地域歧视吗看不起江西人吗 有点害怕?	Potentially
我想知道你们对上海人的评价是怎样的？	Potentially
怎么看待东北人？	Potentially
河南人为什么被称作中国的吉普赛人？	Potentially
大家有亲身经历过地域歧视吗?	Potentially
东北人在南方好混吗？	Potentially
建议国际足联把中国男子足球队纳入残疾人比赛.像现在在云南举行的比? 	Potentially
日本人是全世界最受欢迎的？？？？根据英国广播公司（BBC）和加拿 	Potentially
妈妈对这个家没什么感情我觉得妈妈对我和爸爸和她兄弟姐妹完全不一样 	None
这算强奸吗？若女孩子和一个男孩子接触后，她同意到他家里，然后他摸 	Potentially
为什么台湾的连续剧台词都怪怪的，表情也好像挤出来似的，不如香港的? 	Potentially
为什么男人出轨了都死不承认？ 	Potentially
男人的痛，女人不懂女人永远也不知道男人为什么要学会坚强?因为他们 	Potentially
我喜欢闻女人的味道，尤其是内裤缓和乳罩，这正常吗 	Potentially
当前威胁世界和平和稳定的主要因素是1国际恐怖主义活动2民族矛盾与 	None
女人看男人的比赛，不是看比赛是看人女人看男人的比赛、表演，不是看 	Potentially
为什么在我们班上女生成绩总是比男生好？每次不论是任何考试都是女生 	Potentially
为什么男人有钱就变坏，女人变坏就有钱？ 	Potentially
男人在大街上看着一个靓女走过，心里会想哪些事？（有龌龊的念头吗？? 	Potentially
赌英格兰不败！！！不服的进来留名我就不信英格兰会对克罗地亚三连败 	None
小日本的联赛就是神经一个比日本A片还烂，难猜得很。以后再不碰。 	Potentially
和小姐做爱真的很刺激，很爽吗？请男士回答～～为什么很多男人有老婆 	Potentially
面对婚姻危机，为什么女人总是被动？回答者总是劝女人要加倍地关心男 	Potentially
一个男从整天无所事事被女人养着结果结果还打女人，这种男人是有病吗 	Potentially
夫妻男人有老婆还要跟别的女人，而女人有老公也要去偷汉呢？是味道问 	None
愤慨...男人跟女人都进来看下说一个三人故事。一个女孩跟一个男孩 	None
女人越宠越完蛋!不要去宠自己身边的女人..不要宠..越宠她就越来 	Potentially
生个男孩就那么了不起吗？我是山东的，我们这儿重男轻女的思想较严重 	Potentially
男人们你们会心疼吗？如果你的女朋友是处女，第一次做爱的时候她痛， 	None
为什么女的在分手的时候总是会说“不想失去你这个朋友”？这是昨晚和 	Potentially
请男士回答·一个有过性经验史，但是不多并且为前男友流过一个BB被 	Potentially
中国人，你为什么不愤怒？就是这个月，美国脱口秀主持人在节目中采访 	Potentially
男人都色吗？ 	Potentially
是不是每个男人都好色包括男孩？是不是所有的男人都好色，也包括还处 	Potentially
老男人都很龌龊吗?他们都很色吗?他们到底有没真正的爱情呀?还是只 	Potentially
如果中国的青年人都是血性汉子，日本还敢侵略中国吗？多少年来，我们 	Potentially
我说意甲不要脸国米不要脸　你们还不信巴勒莫ＶＳ切塞纳　的例子比过 	Potentially
哪儿的女人最美我是东北人，想娶一位漂亮的女人为妻，想问问大家，哪 	Potentially
当真是温饱思淫欲？大家都看到新闻了，那个挨千刀的“史上最坏流浪汉 	Potentially
我33岁，还是处男，说出来很丢人的，因为以前读书晚，本科毕业都2? 	Potentially
对于男性来说问个不礼貌的问题：是戴绿帽子严重还是结婚时非处女伤害? 	None
男人女人男人幸苦还是女人辛苦 	Potentially
长得怎样的女人克夫？ 	Potentially
为什么男人和女人看异性身体的感受不同？男人是喜欢女人的下面，对女 	Potentially
阴毛性功能！有人说阴毛黄就是肾虚，阴毛黑性功能就VERYGOOD 	Potentially
为什么男人一定要让女人照顾？女人就一定有这义务吗?结婚的男人为什 	Potentially
找女朋友的标准，男人不看后悔一辈子！！！注意！！但凡看完此帖不回 	None
男士们,你们会打自己的女朋友或者老婆吗?什么情况下会这样呢?不可 	Potentially
一个女人有了新男友，一个男人也有了新女友。这个男人和这个女人曾经? 	None
关于台湾老板很多在台湾老板工作的人都觉得他们真的比较抠门.妄想用 	Potentially
性感的女人是不是能更吃得开？性感的女人是不是找工作也更好找？不讲 	Potentially
世上男人.女人.都靠不住.只能靠自已1.男人?叟说纳硖?女人? 	Potentially
大家说说地球上男人和女人不相等的后果严重吗?在今后十年,在已经达 	Potentially
知道柏杨的人与读过《丑陋的中国人》的人请进啊！读过《丑陋的中国人 	Potentially
为什么中国老板剥削自己的同胞比外国老板剥削中国人来得够狠同外企的 	Potentially
成人的世界，不能简单的说谁是坏人，当不触及自身利害的时候，每个人? 	Potentially
内地人学说粤语容易还是广东人学说普通话容易？为何那么多香港演艺届 	Potentially
请问女人你们做爱时会亲男人的乳房吗 	None
真的是男人的话都是信不过的,男人呀,说的每一句话都存在怀疑.男朋? 	Potentially
关于女人再次出轨如今女人出轨已经很普遍了，大约有将近一半的女人背 	Potentially
聋哑人多数都很漂亮￥⑩?下午，四??女孩一??男孩由南向北走来。 	None
男人为何比女人色?这是为什么? 	Potentially
男人会介意吗？如果自己的妻子不是处女~ 	Potentially
女人的体香是不是处女才有体香?一年前我对一个女生身上的香味特别有 	Potentially
我打算对女孩隐瞒自己的收入我要是谈恋爱，我将会对女人隐瞒自己的钱 	Potentially
起诉天堂2种族歧视本人实在无聊，特向最高人民法院起诉天堂2违背人 	None
用假的JJ玩女人会快乐吗?有经历的女性请说一下,提倡署名回答,呵 	None
男人,女人男人和女人(打三各民族) 	None
农村来的大学生你是娶农村女孩还是城市女孩？我是从农村出来的本科生 	Potentially
世界上的民族哪些人种聪明?排出名次.像日尔曼人,大和民族,美利坚 	Potentially
男人是不是都很小气？ 	Potentially
这个世界上，到底是穷人养活了富人，还是富人养活了穷人？ 	Potentially
太强悍的女生通常都会惨遭抛弃吗？…… 	Potentially
台湾为什么要独立?台湾跟大陆统一了成为了一个国家不是更有利于台湾 	Potentially
为什么黑人不歧视白人 	Potentially
请男人们回答，你会娶一个离异的女人吗？她才24岁，结婚5个月就离 	Potentially
男人是如何识别是否处女的，我想问问？为什么男人一和女人发生关系，? 	Potentially
我是一个在大城市上大学的外地人，在宿舍老是受当地学生的欺负。请问? 	Potentially
请女人回答！当和女人口交时你们的感受是什么啊？我和女友在一起住的 	Potentially
女人对男人的最大容忍程度是多少呢？如果你们中女方是大男子五岁的即 	None
美国从事农业的人口的确很少，农场主是本国人，干活的多是外籍劳工，? 	Potentially
男人要找有心计的作老婆还是比较简单善良的？男人找老婆，一种是比较 	Potentially
为什么大学女生都这么贱我接触的女生99%都是这样 	Potentially
为什么中国人比较喜欢大声喧哗很多时候，喧哗的总是华人。很多时候， 	Potentially
内裤不是红色的男人素质品味修养都很低？红色代表热情，当代年轻人最 	Potentially
请28岁以上女性回答28到48岁的女性，喜欢强壮有肌肉型的男人吗 	Potentially
自杀者都是懦夫吗？ 	Potentially
女人人过中年后，就注定要永失性的快乐吗？以前我丈夫是很爱做那事的 	None
怎样避免遇到娼妓？现在社上会有很多的妓女，而我最怕遇到那些妓女。 	None
如果你在公交车上有陌生老太或老头很邪恶很凶的眼神看着你好像很看不? 	Potentially
事业多男人到底有多重要？女人看男人的第一标准是事业还是外表？我是 	Potentially
10大最欠抽的人(魔力中)1，骗子。放弃自尊，任人唾骂，论不要脸 	None
结婚后发现不是处女一定离婚吗?我是处男,呵呵.别说别的,什么骂人 	Potentially
女朋友的小外甥品性太差,他向谁都吐口水拿东西砸人,还骂人.这是不? 	Potentially
女人们,男人摸你们的阴道时,你们喜欢手指插吗? 	None
为什么漂亮姑娘都跟有钱的丑男人现在社会怎么那现实啊`~漂亮的女人 	Potentially
为何女人讨厌个子矮的男人 	Potentially
有点抠的男生你能接受吗我不喜欢太抠的男生但是他偏偏是这种类型的我 	None
请男生进来,你们是不是都很绝情我很想知道,你们是不是都一样的绝情 	Potentially
女人真正的归属在哪里最近因为家务事感觉女人难做，要带孩子，要上班 	Potentially
男友在女友面前说别的女子很漂亮。　　如果男友在女友面前毫不顾忌的 	Potentially
他欺骗我感情，我很不甘心！恨透那些脚踩两船的臭男人了!他在追我的 	Potentially
印度不牛，有个巴基斯坦就能让他永远起不来。还老是把咱当竞争对手， 	Potentially
你妈的黑客我黑你妈卖批你们为了钱连你妈姓什么都不知道了狗日的黑客 	Potentially
关于台F的三重失,在台F是不是老牛X啊我看他们打到一个老高兴了在 	None
三个男人，人生选择，？我这人，很老实心善，心肠软，比较单纯，缺少 	None
男人是不是都有洛丽塔情结？是不是都喜欢纯真的少女？成熟男人和少女 	Potentially
对男人来说，女人美丽是一种负担。你认为是吗？我问我的网友，你的女 	Potentially
纵观我们周围的女人有几个不是胸大度小的？有几个能做到彼此尊重欣赏? 	Potentially
什么是贱人？怎么对付？贱人，就是你对他们越好，他们越看不起的人么 	Potentially
不是处女可以从哪些方面看出？我想请问些有经验的人士，不是处女在日 	Potentially
男人不坏，女人不爱，男人怎么坏，女人才会爱？ 	Potentially
男人为什么满足不了她？女人结婚两年了她的性欲越来越强烈，水也是非 	Potentially
城市大学生嫁给县城大十岁的男人，这个男人对我是应付，一直在意前妻? 	None
女人最在乎的真的是钱吗?我和我女朋友是在外地读书认识的,学校恋爱 	Potentially
女孩长的丑就让人讨厌么？为什么不管是男孩还是女孩都喜欢和长的漂亮 	Potentially
日本人与韩国人如何看待中国人？？？几乎99.9%的中国人对日本人 	Potentially
男人真是会这样吗？我的一个结了婚的女朋友跟我说，让我一定要和男朋 	Potentially
为什么这个女大学生要日本男人[原文引述]:我是一个上海女大学生， 	Potentially
我以前交过一个男朋友是这样的``以前他是个很花心的人我也是`但是? 	None
这样的男人,你们见过吗?一个离过婚的男人,68年的,不是特别有钱 	Potentially
女士请回答女人做爱，喜欢JJ粗的还是喜欢长的？看图片老外的都很长 	Potentially
体育课那么容易破坏女性的处女膜吗? 	Potentially
世界为什么这么无情啊!现在这个世界变得那么无情.有钱有势的人多的 	Potentially
白痴	None
请问城市里的女性，你们觉得女人洗屁股是否是羞耻的或者有伤风败俗？ 	Potentially
男人都好色吗？男人是不是都认为别的女人比自己的老婆漂亮？ 	Potentially
请男士朋友回答以下谢谢如果一个女人说一个男人为什么总是不能认真地 	Potentially
为什么男人都那么坏？？　　	Potentially
男人打女人会改么？我第一次挨打是跟他处了2年的时候我承认那次是我 	Potentially
不是处男了，还能得到女人的真爱吗？不是处男了，还能得到女人，尤其 	Potentially
你讨厌那些超女？全部讨厌！都是错误的存在！ 	Potentially
阴毛和腋毛多的女人是不是性欲很强？ 	Potentially
我国中奖为什么蒙面太吓人了外国中奖都是大大方方滴公开没有不见滴人 	Potentially
这样的女孩，像是处女么？她是个在校生，样子一般，2本学校的高才生 	Potentially
她提出分手后我怎么办或许女人是善变的，本来她答应嫁给我了。但是一 	Potentially
吵架、闹别扭和男朋友认识一年了，经常会因为一点小事顶嘴，闹别扭， 	Potentially
什么样的人？“弱弱的问一声”，一般这样说话的人会是怎样的呢？请从 	Potentially
女人为什么甘愿被坏男人骗呢？女人不喜欢好男人，喜欢流里流气的痞子 	Potentially
农村出来的女孩子请进我一个女性朋友，也是我同事是农村出来的有一次 	Potentially
中国的民主自由和人权怎样呢？比起香港台湾差多远啊啊 	Potentially
一个重要的问题女士们：请问什么样的女人性欲比较强烈，什么样的女人 	Potentially
如果世界上只剩了女人人的性染色体分XX(女)和XY(男)两种,卵 	Potentially
家庭暴力者是不是心里有疾病，情绪一上来，就控制不住，就打老婆，砸? 	Potentially
假如穷人和有钱人犯同样的罪量刑会一样吗？有钱人可以请个好律师保护 	Potentially
为什么现在的女人这么现实了？没房没车就不跟你好，！ 	Potentially
一般漂亮女人是不是脾气不好?美女是不是都有些小姐脾气? 	Potentially
丑死了，战士就是唱大戏的；法师就是裹布老头、老太；道士就是蚕蛹！? 	Potentially
你想做幸福女人还是不幸福女人？女人分为两种，一种是幸福的女人，一 	Potentially
妓女是不是好容易传播疾病？现在社会做妓女的好多，而且也有很多年轻 	Potentially
這?拥呐笥眩矣悬c??祂是三年前追我，由于??r?W?任?蛰 	None
男人是春是夏是秋是冬？男人如秋，从青涩走向成熟慎读秋天，如读男人 	Potentially
同样是中国人为什么外地人要比本地人多交电费的！怎么会有这么不公平? 	Potentially
非处女还会全心全意爱上一个男人吗我今年28，我女朋友比我大一岁， 	None
我来告诉你如何做坏人？抢小孩子的棒棒糖？那是低端坏人做的事情～！ 	None
现在的男人还在乎另一半是不是处女吗？请各位男士如实回答。 	Potentially
请真正的男人回答是真正的男人就说老实话，当男人喜欢另一个女人的时 	Potentially
玩弄一个女人的肉体，和玩弄她的感情，哪个伤她更深？常常看到一些女 	Potentially
老婆被别人骚扰怎么办？和老婆认识7年了，从来没觉得老婆这么陌生过 	None
还是处女有可能吗？？？？我女友（处女）二年前和她的前任男友（处男 	None
如何去要求男人交家用一定能达到女人的目的但又不伤害感情从恋爱至结 	Potentially
禁止大声喧哗	None
拒绝回答弱智问题的进这里有些人老是提些弱智问题，你说讨厌不讨厌我 	None
请问，男人是不是都喜欢婚外情呢？看看身边的人，特别是男人身边总是 	Potentially
农村女孩要不得？看到我哥我嫂的生活我就为我哥惋惜，我表哥一线城市 	Potentially
女人善良吗？古人说，唯女子与小人难养也。我的一个同事（女）也告诫 	Potentially
河南人不可怕为什么在外地，鄙视河南人河南人，打工不要河南的。干什 	Potentially
女性喜欢男人的阴毛浓密又长吗或者男人是不是也喜欢女性的Ｂ毛浓密黑 	Potentially
论部落战士种族撇开技术和装备~我只想知道从种族天赋上来看兽人和亡 	None
男人会和一个自己不喜欢的人kiss吗？男人和女人不一样，男人先性 	Potentially
男友条件太好，让我感到有危机感。我是高中毕业的，现在在工作了。男 	Potentially
我乘公交车被女人摸屁股啊~昨天和一个朋友去吃东西~乘公交车的时候 	Potentially
男人介意找一个不是处女的女朋友吗如果一个男人发现自己的女友不是处 	Potentially
仗着英语看不起人,甚至欺压人的人不忠不孝:卖弄什么英语?是不是中? 	Potentially
我的婆媳关系象候中鱼刺我老公是广东人，我是江苏人，我婆婆不喜欢我 	Potentially
我的初恋就献给了一个不是处女的女人，首先我的第一次也给了他。我真? 	Potentially
好男人宁可单身也不要坏女人，不能被坏女人糟蹋。好男人如果接受坏女 	Potentially
日本人为什么这么坏？日本人是野蛮的民族,人类的败类呀!全球人类的 	Potentially
男人的性话题……你有过几个女人？她们的BB有什么不同吗？如松紧程 	Potentially
为什么生孩子是女人的专利，男人什么时候可以生孩子？？？ 	Potentially
请姐妹们回答男人就是贱咱看谁拿的住谁？你是真不想找我吗？我就不信 	Potentially
你怎么看待处女感觉周围的女孩一个个地失处，感觉22岁之后的女孩9 	Potentially
男人!你们更爱钱,还是更爱人?现在有很多漂亮女孩为了钱嫁给有钱的 	Potentially
他会体外射精是不是处男？ 	Potentially
这是所谓的男人本性吗?世界上有三样东西不能相信：男生的承诺、男生 	Potentially
女人在安全的情况下会有和陌生的男人做爱刺激一下的想法吗？我２０岁 	Potentially
男女结婚，女方城市户口，男方农村户口，户口落在哪男方要变城市户口 	Potentially
男生的恋爱烦恼经常听女生说，好男人要温柔体贴，只爱她一个，有责任 	None
早上路过复旦，看见一长相普通，气质平平，身上无高价值物件的男生骑? 	Potentially
不该花钱给捡来的女孩读大学我有一个捡来的妹妹，在我眼里始终不是亲 	Potentially
怎么对付吃软怕硬人物？某些人就是爱欺负软弱人（新进员工和对她说话 	Potentially
太帅的自卑说起来大家肯定觉得我诱斗了吧，，更不相信，，那大家就当 	Potentially
为什么不吧所有犯罪分子统统枪毙中国人这么多他们出来也不会好更加仇? 	Potentially
被已婚男人看中是谁的错？被一个看中不出奇，被很多已婚男人看中是谁 	Potentially
女性虚拟公寓里面的女人都很开放吗？我听很多朋友说女性虚拟公寓里面 	Potentially
男人喝醉后的话是不是都是假的唉呀,真是气死我了,气死人了,我爸昨 	Potentially
女性和多个男性性交容易得什么病？我有一个妹妹喜欢和不同的男性做爱 	Potentially
女人没有男人活不了？男人可以没有女人，但是女人绝对不能没有男人？ 	Potentially
男人最不能容忍女人的什么？女人最不能容忍男人的欺骗，那么男人最不 	Potentially
???女的提出分手﹐男的要是?喜?g?Ψ降脑????勇?系﹐? 	None
女人怎么那么自私啊好多女人很自私呢，怎么这么自私啊。 	Potentially
感到很难过女孩子都对那些游手好闲，油嘴滑舌的人感兴趣，而那些踏踏 	Potentially
女人是茶叶？前几天，看到一段美国前总统里根夫人南希的话：“女人就 	Potentially
男人会介意自己的女朋友或老婆比自己学历高吗我是一个高学历的女生， 	Potentially
大家觉得国米丢脸么？意甲霸王在欧冠技不如人，就跟小流氓一样，踢不 	Potentially
中国会向日本鬼子道歉吗？反之，日本会向中国道歉吗？日本鬼子应跪下 	Potentially
重男轻女的父母我是九零后，是家里的长女。为什么我的父母；老是叫我 	Potentially
尼日利亚放弃了吗？踢肯尼亚都踢不过？ 	Potentially
占领希腊的罗马人为什么没有变成希腊人满族大多变成了汉族，占领希腊 	Potentially
男生学英语为什么不如女生学的好在我们班,男生背英语不如女生一半儿 	Potentially
你的女朋友值多少钱？？某个综艺目现场，女主持人气势咄咄地问一个男 	Potentially
你会如何对待如此犯贱的前女友我和男朋友感情很好，每次吵架基本上都 	None
没志气的男人什么样？女幽喜欢没志气的男人吗？ 	Potentially
女人没有男人重感情是很明显的去婚介所的主要是女人，原因是女人把婚 	Potentially
如果现在的日本和越南一样贫穷，有的中国大陆人还会哪样仇恨他们吗？ 	Potentially
是不是所有的男人都认为和她成不了恋人连朋友都没得做了，更不要说见? 	Potentially
中国对马来西亚：胜平只在一线之间中国队只要打出血性，像个男人一样 	None
请问男士口交和正常性交哪个感觉更好一点请问男士,你们是感觉口交舒 	Potentially
上海人排外问题好多上海本地人不也都给外地人打工吗？上次去上海，可 	Potentially
为什么粤方言遭到两广以外的人的敌视？我发现一个现象：两广以外的人 	Potentially
阴茎拔起了,但是暂时没女人在旁边,可不可以拿一个假皮具女人作代替? 	Potentially
你会和一个大女人做爱吗？如果有一个男孩由于一些工作问题逃避了自己 	Potentially
女上男下真的能?蜓娱L性交?r間??各位﹐我?暮芏喾矫嬉?到過關 	None
当今凡是有过男朋友的女孩子大部分都不是处女了么？ 	Potentially
男人都说兄弟比女人重要，为什么不都去搞基。。。兄弟比女人重要 	Potentially
请问有没有男光女糙的说法？我是一个女孩子，各方面在别人看来还算不 	Potentially
为什么女人不能当众放屁为什么男人可以当众放屁，女人就不可以，只能 	Potentially
面对歹徒劫色的N种假设....1、以暴制暴飞起一脚，踢其要害。有 	None
现在到底是男人贱还是女人贱？TMD每天听女人骂我们男人花心多情， 	Potentially
老是生活在女人堆里怎么办?从小学到大学都是女老师教.所学专业偏偏 	Potentially
女孩子请近你们会不会喜欢上一个残疾人而且是个盲人　会不会想跟他过 	Potentially
为什么都说男人好色？而不说女人好色？ 	Potentially
"怎么看待关于明星""台独”言论的谣言？据我所知。那会不是老说SHE "	Potentially
女人都是小气的吗？我女朋友常常我说错一句话就会生气或吃醋，所以我 	Potentially
中国人只会享受科技带来的成果.....所有的发明都是洋人发明,你 	Potentially
黄种人与黑种人为什么黑种人的身体素质比黄种人好那么多呢，NBA里 	Potentially
当豪杰真幸福看看啊，YOYO真照顾豪杰，不让豪杰花钱买包，多照顾 	None
为什么女人都是莫名其妙的？我觉得女人多数都不会控制情绪。 	Potentially
男人喜欢女人穿着丝袜和高跟鞋作爱吗？ 	Potentially
为什么男人学驾驶比女孩快？在驾校学车的时候发现男人学车普遍比女人 	Potentially
男人做时有什么心理和生理感受，会让很多人冒着犯罪的危险？女人又有 	Potentially
小三者难道都是女人的错吗？难道女人一定要变坏才有钱吗？作为小女人 	Potentially
阴毛多的女人好还是无毛阴毛的好我有过两个女朋友，一个是阴毛特别浓 	Potentially
韩国出了兰博基泥杂我门不出啊人家要出宝马X6和奔驰E澳迪R8跑车 	None
男人都怕看到女孩子哭吗？男人在看到自己喜欢和不喜欢的女孩子哭，分 	Potentially
请成熟男人回答！请所有成熟男人谈谈，你们对待爱情的态度和对待女友 	Potentially
学文科的男生会变质吗？我想从事文科，可是每次看到文科班男生那么少 	Potentially
“疯”言“疯”语系列之三十六男人的“例假”！成年人都知道，女人成 	None
女人们回答，如果强奸你的人强迫你给他口交，你会咬下他的阴茎吗？ 	None
一般一个女人和几个男人做过爱？上次在杂志上看到平均一个女人和19 	Potentially
社会问个现实的问题，为什么女人为了钱可以做任何事？ 	Potentially
为嫁有钱人抛弃穷男友前男友家很穷,压力很大,当初大学里只因为我太 	Potentially
请问各位长者？女人的阴道形状是不是长的都不一样，和那种形状的女人 	Potentially
处女情节在男人心里到底有多重？总以为现在社会人们可能可以接受女人 	Potentially
为什么男人总是显得很懒惰呢, 	Potentially
内什么，那些年关于五仁月饼的传说。。。。“是谁干的！为什么要糟蹋 	None
城市人和农村人的致命区别我知道写这篇贴子，会被很多人骂，不过无所 	Potentially
你是怎样看待男性趋于女性化？男不男女不女的，反而让女孩喜欢，本人 	Potentially
女人的下面都有味吗?男人面对这种味道是怎么想的?是不是每一个女人 	Potentially
沉思:为何当今社会还有被拐妇女?在火车站,或街上找工时...她们 	None
脾气不好的女人怎么对付我和我女朋友恋爱半年了，可是她是个很强势的 	None
上海的台湾人怎么这么多呢?大家生活中都有很多台湾人对吧,可以说说? 	Potentially
（恋爱笑话）经典男人这辈子挺难的：找个漂亮女人吧，太操心，找个不 	Potentially
为什么女人不是和男人一样想和每个女人做爱？男人，女人，性爱 	Potentially
男人是如何看待自己的第一次的？总是常听说很多女人在乎自己的第一次 	Potentially
男人不坏,女人不爱? 	Potentially
怎样能让男人更消魂？我是女人，想学些做爱技巧，在床上，女人怎样做 	Potentially
我做了别人的情人，该怎么办我27岁，三年前一个40岁的男人以前单 	None
同样是中国人的比赛，解说员的倾向性为什么会那么明显呢？转一段网友 	Potentially
为什么男女不平等？女生可以穿吊带装，无袖衫，男生却连篮球服也不能 	Potentially
男人真的都好色吗我们女人见了美女也是看一下，可是看到男友看美女的 	Potentially
男朋友喜欢和我说他以前女朋友的事情我和他在一起纯属偶然，说的不好 	None
如果女人做了对不起男人的事，男人打女人对吗？男人很爱女人，可女人 	Potentially
男人喜欢姐姐还是妹妹？依靠还是被依靠？男人的本质是想保护别人还是 	Potentially
如果男朋友没有承担家务的意识，怎么办？我男朋友是一个大男子主义者 	Potentially
结婚后的女人结婚了，可我感觉她变了很多。没有结婚的时候她是个又懂 	Potentially
当无法沟通时。。我和男朋友是生活在完全不同的环境中，他是生意人。 	None
在何种情况下，一个男人会放弃一个完全可以到手的性交机会？当然，这 	None
去相亲遇到一个很丑的男人真的很丑,第一次会遇到这么丑的男人!他是 	Potentially
是不是男人对于容易追到的女孩都认为轻浮？对于男人来说，如果开始认 	Potentially
请问中国哪些地方的女子最开放，性能力最强？ 	Potentially
现在北京的女孩是不是都很势力啊？？？？？交个朋友可真难？？？？ 	Potentially
大家说说对处女的看法？以下是我在转载的网上的文章。男人找个处女当 	Potentially
谁知道?哄鄙霸谀模坑惺裁垂怀的芄ィ? 	None
为什么大部分女人都是小心眼儿？爱瞎猜疑 	Potentially
为什么女人在和男人有过第一次后身上的味道就会改变在也没有处女时的 	Potentially
已婚男人为什么这样对待我？？？我才22岁，正是女人一生中最好的年 	None
男生请进呀我男友第一次摸我的乳房没做爱请问你们摸女友时什么感觉J 	Potentially
女人真的三十如狼，四十似虎吗？俗话说女人“三十如狼，四十似虎“是 	Potentially
男人是不是很介意自己的女朋友或者老婆不是处女了？我和前度男友拍拖 	Potentially
为什么女性遭到性侵犯会觉得自己很脏？ 	Potentially
懦弱的性格现在女孩子是不是都喜欢能说善辩，性格开朗外向男人啊？别 	Potentially
男人是否应该与女人争吵？一般男人与女人发生分歧时，男人总会表露出 	Potentially
高一生物人类中男人的秃头(S)对非秃头(s)是显性,女人在S基因 	None
夫妻间的感恩男人只要挣钱养家，女人就一定要感恩戴德吗？昨晚因为女 	Potentially
你能解?Q一??不?勰愕娜耍?她?有模F在女的是不是都很現?? 	Potentially
(图)警惕韩国人危险的民族主义情绪!很想笑啊！不得不鄙视高丽棒子 	Potentially
女人的性生活太丰富下面会变松吗？ 	Potentially
处女和非处女，走路有区别吗？有什么不一样？怎样辩别？ 	Potentially
关于处女问题当今的社会是开放时代，在社会上，处女会多吗？还是少？ 	Potentially
男生是不是都很喜欢给自己的女朋友花钱呢？我认识很多男生，他们都认 	Potentially
外地女人嫁给上海男人会幸福吗上海男人一般会因为什么事情打老婆，除 	Potentially
中国女人这么好骗吗我姑姑中年丧偶，打算网上碰运气，找个合适的对象 	Potentially
我真瞧不起这种人玩不过就说别人加速,这种人我真瞧不起,我也碰倒过 	None
现在社会治安最乱的城市是那我觉得应该是广东和陕西,经常发案,特别 	Potentially
是不是女人也和男人一样想和更多异性作爱，只是因为怕老公知道而不感? 	Potentially
请问各位姐妹，女友喜欢粗暴和受虐正常吗？和女友ml时总是希望我粗 	None
为什么山东人到了东北就会讲普通话所遇到过的东北人，除了没问过或者 	Potentially
与黑人男友未婚先孕，家里极力反对，如何是好？男友是个刚到中国留学 	Potentially
阴险可怕的女人我是一个性格很直率的人，对人也很真诚．总是很容易相 	Potentially
未婚男人和以婚男人的区别作为男人,我给天下的女人提供方便:结婚过 	Potentially
什么样的女人最不好！！！一个女人有多少个男朋友算是不好的？？？ 	Potentially
女人生完孩子就没用了吗???老公这样对我说，说男人都是这样想的,? 	Potentially
男人们你们喜欢和胖点的女人ML还是和瘦点的女孩ML?胖到什么程度 	Potentially
男人来回答你们都在意自己的女朋友是不是处女吧?在意到什么程度呢? 	Potentially
白人歧视黄人么 	Potentially
请问和胖女人（生过孩子的）性交阴道感觉是不是比瘦女人的紧，是不是? 	Potentially
女人被口淫，感觉什么样，很好吗？ 	Potentially
请男士回答?你在乎妻子不是处女吗? 	Potentially
为什么中国的男明星不会找外国人做妻子？难道真的外国女人的阴道太大 	Potentially
女人不该靠男人女人真的不该靠男人吗?女人离开男人行吗? 	Potentially
为什么现在女人的地位要比男人高许多贪官都是听了老婆或小秘的话才走 	Potentially
不是处女可以吗？如果不是处女，还有资格与别人结婚吗？ 	Potentially
大家?碚f說潮汕人到底排外不排外不好意思在這裡??這????題一 	None
我有男朋友，我能和其他男性一起吗？我是一个很开朗的女孩，我很喜欢 	None
关于女人的B最近遇到几个女的干着干着下面就喷水的，虽然很滑顺，可 	Potentially
长期有性生活的女人和长期没性生活的女人身体特征有哪些不同呢？ 	Potentially
犹太人是低劣的人种吗?希特勒说犹太人是低劣的人种,他借此屠杀了大 	Potentially
男人是不能惯的，你不是他的妈，除非你想当个老妈子。 	Potentially
现代社会男再也不怕踏错行可以换行嘛，而女还是怕嫁错郎这句话？有位 	Potentially
走夜路吹口哨；两个瞎子划拳；大王庙里的看门神——	None
河南人在广东从前的河南人来到广东打工最受欢迎的是公司的保安职务， 	Potentially
在男人眼中，什么样的女人叫贱？ 	Potentially
这算歧视吗？前面坐着一男一女，女的在用护手霜。男人说：我也要用。 	Potentially
开挂有意思吗阿Q男们本来我是没发过这种贴的，只是今天太气愤了，遇 	None
男人要的是女人，而非爱情！女人要？？？ 	Potentially
男人与女人世上男人为啥总是要为女人去拼命工作啊 	Potentially
个人认为女生在爱情方面非常被动，感觉非常不好。。。女生如果主动追 	Potentially
关于撞人问题撞人，是一门艺术。有人说，撞人是没有道德的，自己一被 	None
都灵冬奥会，为什么裁判总是压着中国人？为什么总是用双重标准？对外 	Potentially
问天下男人很想问一下天下所有男人,如果你因为你老婆而飞黄腾达,你 	None
女朋友总在我面前提起她以前的男朋友，有的时候还会哭。她说以前真的? 	None
爷爷说日本人没有当汉奸的中国人和朝鲜人坏，他们在我老家和当地人相? 	Potentially
女人多爱男人一些，有错吗？俩个人成家了，相对来说，爱得少的那一个 	Potentially
男人会介意吗?男人会否介意自己的女朋友.曾为前男友口交过同时前男 	Potentially
我的女朋友为什么喜欢被人强奸?强奸对女人来说....我一直认为强 	Potentially
为什么人分扶色为什么人分白，黄，黑 	Potentially
结婚十一年了，生活很乏味。老公是一个性格粗暴，很自我的人，天长日? 	None
一个漂亮的穷女孩和一个有钱的不温柔的女孩应该向谁求婚?我是外地来 	Potentially
是说汉语的人聪明？还是蓝眼睛的人聪明？为什么世界上的人普遍都认为 	Potentially
朝鲜该不改被制裁说朝鲜打过韩国，那日本还打过中国呢？问题是现在人 	Potentially
现在很多的大龄青年都结不了婚。很多男人固守着，非要找个处女不可，? 	Potentially
帮女人拿包的男人真恶心一个包尼玛多重啊，无非就几坨屎的重量，难道 	Potentially
怎样找个老外嫁到欧美去？感觉中国的男人太保守了，还是想找个老外把 	Potentially
男人逼离婚逼得很紧怎么办男人在外买了房子装修好了,逼人离婚.两个 	Potentially
中国足球永远是只有想不到没有做不到，我真的非常佩服中国的这些个爷? 	Potentially
聋哑人和正常人结婚我是聋哑人。爸妈拒绝我找聋哑女人结婚，问题是爸 	Potentially
男人都喜欢口交吗，为什么有女的喜欢为男朋友口交的吗？而不是因为他 	Potentially
男人最不能容忍的是什么？男人最不能容忍自己的女人做过什么？包括所 	Potentially
凭什么男人为了追女人就得卑躬屈膝的最近追一个女的真是难追，我是诚 	Potentially
上海的女孩是不是都很现实,很虚荣?如果想找一个上海的女孩当女友的? 	Potentially
我觉得男人和女人之间没有真正的友情,不是情人就是仇人,分手了还是? 	Potentially
人活者为了什么？人活者真累，每天给同类欺压，同样是人，为什么我们 	Potentially
怎样让女人给男人口交 	Potentially
现在的女孩子为什么不喜欢老实人？ 	Potentially
处女重不重要？我不明白为什么现在社会风气为什么这么坏，有一句话说 	Potentially
怎样的男人属于大男人主义？拥有大男人主义的女人幸福吗？？日常中应 	Potentially
为什么帅哥总是找丑女做女朋友？ 	Potentially
关于和台湾人交往的问题我在澳大利亚上学，这里有很多台湾留学生，有 	Potentially
三亚的女人漂亮吗？皮肤黑不黑？1。三亚本地人是不是皮肤很黑呢？2 	Potentially
请问，为什么女人一般会比男人长命？我们村的老头一般都比老太要早见 	Potentially
为什么男人能跟没有感情的女人发生关系是不是只要是有点姿色的女人男 	Potentially
为什么地球上会有日本这样无耻的国家？日本太可恶了，你如果是国家主 	Potentially
男人都喜欢偷看女人洗澡吗?读中学时,因一次偶然我偷看到了女生洗澡 	Potentially
为什么一些中国人歧视黑人?我发现很多中国人歧视黑人.个人认为种族 	Potentially
找本耽美BL小说小S是个少数民族的王子那民族男的可以自己生宝宝但 	Potentially
受得了坏男人的只能是坏女人?很享受性自由的女人,会成为性开放的女 	Potentially
为什么中学生爱打架？现在上大学，发现男生在初中和高中这个阶段最爱 	Potentially
"唠叨的女人和?碌哪腥?你最烦哪一个?这里和性别有关吗?这里""唠 "	Potentially
为什么男人都好色 	Potentially
爱国人士请进——关于南海诸岛和钓鱼岛南海诸岛有好些个被外国侵占， 	Potentially
处女和非处女走路会不同吗？ 	Potentially
为什么强奸案的受害人基本都是女性？男女平等呀！ 	Potentially
要美女还是要处女？如果有这样两个女孩，不同时具备这样两个条件，大 	Potentially
为什么男人都好色男人有钱,都有一种想法有小秘或是小老婆?为什么? 	Potentially
男的可信度高还是女的了？现代社会男女的关系好像很乱，你们说说到底 	Potentially
男人要的视频高清无码，嗯，重口味不要，男男的会死人的！10分/个 	None
怎么对付这样的人？？？？我是从事体育场保安工作的，我们这里的人文 	Potentially
为什么男人不懂珍惜已经得到的女人都说只要得到了她的人，男人就不会 	Potentially
为什么女人都喜欢有钱的男人或是比较帅的了,她们是咋想的了,这个世? 	Potentially
小女人有什么好的，只会让男人英雄变狗熊， 	Potentially
突然有个丰满的外国妹妹要和你上床，你们都咋办啊？朋友出国回来，带 	None
为什么现在总是男人忽略女人呢？现在社会上不是男多女少吗？为什么还 	Potentially
如何对付欠揍的女人？ 	Potentially
为什么总是婆婆家要求儿媳干活多,而女方家就要求姑爷少?这很不公平? 	Potentially
生男好还是生女好？男人都喜欢男孩 	Potentially
我的未婚夫好小气！他会有出息吗？我的未婚夫今年30岁，比我大5岁 	Potentially
男人们看过来啊你们想找哪类女友容貌美丽身材凹凸有致皮肤细腻白皙眼 	Potentially
男人深沉的秘密男人深沉在女人看来是什么？一般都是好帅哦～！好友性 	Potentially
为什么说女的骂人会失面子，而男的骂人很正常？难道这就是男女的区别 	Potentially
新?笨堤烊凰嗡刂瘟菩哪匝芗膊。瘟颇怨Ｈ⒛匝ā?新?笨堤 	None
假球一家子假球祖宗:败人(如果以后走大街上谁说你是强队我肯定把他 	None
大家评评理：男人怎可无耻到如此地步？第一次他说分手是在今年5月份 	Potentially
女人都是弱者吗?唉我看到很多年轻的女孩在做小姐,有很多做小姐的女 	Potentially
不流血？为什么有的人在第一次ml的时候不流血呢？（除了那些运动过 	Potentially
世界如此黑暗骗子如此疯狂我就不知道那些骗子是不是全家女姓都被弓虽 	Potentially
韩国男人为什么这么小气？从我接触的韩国男人中基本上都是外形上很男 	Potentially
如果你是男人，会因为一点小事打怀孕六个月的妻子吗？妻子怀孕六个月 	Potentially
大连人有素质吗？有人说大连人素质高．呵呵本人不敢苟同．那说的是外 	Potentially
女人们回答，如果你被强奸了，你会割那个男人的阴茎和睾丸吗？如果割 	Potentially
男友偷笑什么意思男人比女人打10多岁，离婚恋爱。经常带女人去见父 	None
为什么城市人会看不起农民？ 	Potentially
女人是不是都很装女人是不是都很假，一面装着不舍，一面逼着放弃，等 	Potentially
到底是那边好呢？每次谈恋爱的时候朋友总说我们占男孩子便宜了因为吖 	Potentially
上次在湘隆?r代?V?隹吹揭患曳窆ⅲ恢滥羌曳窆⒃趺囱? 	None
一个人如果没有文化（文盲）是不是很悲哀？文化层次低的人都会与社会 	Potentially
现在的女大学生怎么都这么败金,堕落啊我班上几个女大学生竟然很认可 	Potentially
我讨厌男人！！！第一个男友比我大五岁，那时我才十八。我的第一次就 	Potentially
命苦啊~~~我遇到的男人一个比一个小气...??为什么,我处了五 	Potentially
靠买辆破车也在这里显摆怎么了这里，买辆破车也要在这里显摆？怕没人 	Potentially
我女朋友的乳头颜色很深,我女朋友不是处女,难道说以前做爱多了才深? 	Potentially
男生不比女生体贴？现在拍了个男生，是电力局工作的，有经济基础，身 	Potentially
问成熟男士你们怎么看这样的女孩？你们怎么看这样的女孩是不是感觉这 	Potentially
是不是大部分汕尾人都排斥外省人 	Potentially
是不是男人总是以倾诉婚姻的不幸来赢得女人的怜惜他向我诉说婚姻的不 	Potentially
老婆生气了，怎么哄她啊我是那种和平型性格，老婆是比较强势一些的。 	None
嫂子小姑子老公的妹妹从初中毕业,就来北京和他哥在一起,吃住用统统 	Potentially
咨询恋爱问题谈恋爱男生大多喜欢会撒娇、小鸟依人型的呢女孩呢，还是 	Potentially
有人说摆地摊都比打工好针对贫穷未婚男士，是打工稳定性收入(工资较 	Potentially
找漂亮的女人做老婆是不是不安全?找漂亮的女人做老婆是不是不安全, 	Potentially
炒股的与不炒股的不炒股的是穷人,炒股的是富人变成超穷人. 	Potentially
一个意大利男人和一个日本男人意大利人优点：温柔，浪漫，热清，充满 	Potentially
美国太偏心眼！上个月在芝加哥，一个华侨在网上说日本是低劣的民族， 	Potentially
请女性朋友来回答处女的阴唇和非处女有什么区别？ 	Potentially
在人挤人的公交车上，后面的男人“直了”，捅在你身上！公交车上的人 	Potentially
我是传统的男孩，至少思想上完全是，但女友告诉我他的第一次给别人了 	Potentially
为什么你不能尊重我？最近这段?r間我?λ质耍路荩恢 	None
以后他会变心吗着男人脾气是内向的。爱女朋友，女孩子和他在一起把第 	Potentially
?楹位@球一定是黑人比較??害?NBA很多都是黑人... 	Potentially
大学处女率真的那么低吗？有人评论将来大学会成为最大的妓院，难道这 	Potentially
有人说男人很容易有反应是不是真的呢?有人说20岁左右的男孩子，只 	Potentially
外地人在北京难道真要被歧视?今天乘公交车,人非常多,和一四十岁左 	Potentially
女人看见了男人的JJ会有什么生理反应吗？希望女人来亲自回答！ 	Potentially
为什么女强人男人不喜欢 	Potentially
我跟老公从来不吵架．会有问题吗？人家都说吵架能沟通两个人的感情． 	Potentially
为什么菜鸟们都喜欢用BM？BM如果不会骚扰了就是一个垃圾，屁作用 	Potentially
不是处女，如果面对未来LG的第一次我男朋友还是处男，可是我以前交 	Potentially
心里的不安我的男朋友是廉江人。我是汕头人。因为我们都在深圳上班， 	Potentially
想占女人便宜的男人是不是有很多?我要么就收到有一些男性发来的信息 	Potentially
万年校尉还这么拽？做人嘛，不要做的太过分了！你们这些可怜的新手， 	None
男人可信吗？在这个越来越虚伪的世界，男人的话还能信吗？还存在真的 	Potentially
你们男的是不是认为上床很自然,很正常? 	Potentially
这么说你能理解吗户口把人分成了农村人与城市人，城市人享有许多便利 	Potentially
我是40大男人，总喜欢欣赏男裸体特别是大JJ，看到这些我会想性交? 	None
男人和女人之间会有单纯的友情吗？有人说男人和女人之间不可能有单纯 	Potentially
男人聪明还是女人聪明？一看就知道，男人的脑袋比较大。为什么会比女? 	Potentially
处女膜的问题！男人结婚的时候希望自己的老婆是处女吗？要说实话！女 	Potentially
伊朗人是不是都是疯子啊最近伊朗的总统越来越嚣张,听说伊朗人搞了一 	Potentially
一个滥交的女仔，她会扮得很淑女吗？怎么样看得出来呢？ 	Potentially
众所周知，男人的魅力体现在强健的体魄、深厚的内涵、搏击的性格和鼓? 	Potentially
女人下面没毛，叫甚摸女人下面没毛，为甚摸，是不是传说中的白虎，和 	Potentially
作男人很累呀？！我是一个男生从外表上算是眉清目秀在几岁的时候住在 	Potentially
我有杂念我：城市人，家里环境好，性格活泼他：农村人，家里环境差， 	Potentially
冬阳送幽默——现代男人现代男人真奇怪，五十六十谈恋爱。喝的是蓝带 	None
我的女友不是处女而且性经验比我成熟，我感到很反感怎么办？我想提出? 	Potentially
新疆人无法无天，没办法管吗？今天在路上走看到几个新疆人跟在一个女 	Potentially
诗词有钱人爱花天酒地，没钱人被逼做奴隶。欠钱人说谎又逃跑，爱钱人 	Potentially
陌生人打人！郁闷！俗话说：打人是侵略者，被打是受害者。晚上在行人 	Potentially
请接触过“小姐”的男士注意科学证明，接触过“小姐”的男士，再和自 	Potentially
为什么说女生学理科没出息？ 	Potentially
[（安全教育）]如何应付性骚扰？什么样的女人不会被性骚扰一个女人 	Potentially
为什么好男人身边都是不专一的女人? 	Potentially
女人为什么需要男人?为什么女人和男人在一起,总觉得自己是吃亏的? 	Potentially
自己很懦弱很窝囊觉得自己是一个很懦弱很面很窝囊的人而且心里特别敏 	Potentially
男女对出轨的不同反应要是女的出轨，男的一般会回家打女人；要是男的 	Potentially
为什么一切都要女人承受大家谈谈为什么女人要生孩子，要避孕，要做家 	Potentially
谁来拯救未来祖国？？~~~~拯救未来祖国需要拯救祖国的未来花朵， 	Potentially
南方女人和北方女人下面有什么不同,高潮是不是也不一样? 	Potentially
男人变坏因为自私，因为想证明自己是男人；女人变坏因为男人变坏，因? 	Potentially
被迫分手后，巨蟹女很厉害的对我说不要送礼物并且说已经又找了男朋友? 	Potentially
男人是否能接受女人比自己强悍？也就是说比自己有钱，有事业，聪明，? 	Potentially
问问？？为什么世界上的女的，总是那么爱善变，一段时间里就变成了另 	Potentially
听说女生做软件编程方面有点困难也（因为女生的逻辑思维不如男生强）? 	Potentially
女人比男人工资高时，你是什么想法如果女朋友的工资比男友高，男人们 	None
男人是否要对女人冷淡点?我觉得男人对女人太好,女人就不是很重视我 	Potentially
河南人是不是妖怪？ 	Potentially
富人包养情妇是不是有利于社会富人得到美女，美女得到财富，双赢，还 	Potentially
ML时，男人喜欢女人怎样？整天想着这种事。我的志愿就是让我的男人 	None
女人在家忙家务管孩了照顾老人，男人就那么理直气壮地非工作时间在外? 	Potentially
女人不要做坚强的仙人掌要做娇弱的玫瑰？女人问男人：“为什么最终你 	Potentially
为什么男人都是吃着碗里的看着锅里的？现在的男人都这样了吗？ 	Potentially
为什么男人喜欢变性人和整容美女?男人说不喜欢变性人,但都很喜欢何 	Potentially
如何抱负一个强暴你的已婚男她是一个温柔善解人意洁身自爱的80后未 	None
为什么恐怖分子大多数是穆斯林 	Potentially
请问女青年们一个问题请问那些不是处女的女人们一个问题,假如你现在 	Potentially
男人为何肌肉多，女人为啥肥肉多？我看到叔叔哥哥们的肉和女人的不一 	Potentially
流氓司机，交警怎么对付?尤其是公交车司机最流氓了。有些交警也太不 	Potentially
男生...女生...看过来我是男生...但没有兄弟....和女生 	Potentially
烦恼来北京是个错误,认识了他也是一个错误,我是个保守女孩,我觉的 	Potentially
被强奸的女性在被强奸后得了爱滋病！那么强奸犯应该改判决他死刑吗！? 	Potentially
请问男士们,你们高潮时会大叫吗?如果是口交,高潮时,你们希望女的? 	Potentially
和老婆打架。迷茫以后的生活首先交代下背景，老婆和我都是大学后打工 	Potentially
女性与处男和非处男ml,真的能感觉到有什么不同的明显区别?感觉女 	Potentially
为了一句话挨了一耳光现在的女人可真不得了啊。今天看来我是有走霉运 	None
我认识一个女朋友，做爱时她喜欢在我上面。喜欢动，是不是坏女孩做爱 	Potentially
有很多男人都说不介意自己的女友或妻子不是处女,请问是否真心话,还? 	Potentially
做中国人太累了吧这年头，你要是不占几个小岛，不扣几艘渔船，不抓几 	None
是不是男人都喜欢女人性感漂亮！我现在有点胖，男有就整天的说我胖， 	Potentially
遇上变态的邻居怎么办？我家楼下有两变态，一个是二楼的，是精神不好 	None
这女人、丈夫、男人该怎么办？一个有家且很富有的女人,但夫妻关系并 	None
色男人就那么坏？ 	Potentially
还有女人嫁俺么？老女和离婚女回答，我三十二了，农村出身贫穷，世事 	None
我一直觉得有的女孩做下贱的事是迫不得已？我一直觉得有的女孩做下贱 	Potentially
这样的男人该怎么沟通我是个比较好强的人，我觉得有“有能力要努力， 	None
男人和女人之間不存在真正的友情?幔?那，?性同?W之間呢？ 	Potentially
男人对女人是不是得不到的就是最好的？ 	Potentially
找情人做爱，和脸蛋漂亮，但身材一般的女孩好，还是和脸蛋一般，但身? 	Potentially
外国男人比中国男人强吗？时下，中国女人嫁外国男人的事情越来越多， 	Potentially
钓鱼岛是中国的，日本人都是疯子钓鱼岛是中国的，为什么日本人想疯了 	Potentially
关于男人和女人的问题男人和女人在社会中所扮演的角色,所承受的压力 	Potentially
男士们，非常在乎自己的妻子是处女？26岁那年，我献出了自己的第一 	Potentially
男人活着好累为什么现在的女人都要有房，有车，才会结婚呢。 	Potentially
男人不偷吃的是不是很少？说实话！在感情刚刚开始的时候，男人好像“ 	Potentially
为何外地人都不看好天津和天津人?为何一些影视剧描写坏人,坏人都是 	Potentially
现实中有不漂亮的灰姑娘吗？一个男的长的帅，也算是富裕阶层，你们说 	Potentially
我能相信处女座的男孩子吗？我现在的男朋友是处女座的。他是85年9 	Potentially
请问背の高い男の人が、“田中さんですか。代表?猡卫瞍扦埂！堡取⒀ 	None
SHE是否“台独”？SHE曾公开说“我们不是中国人，我们是台湾人 	Potentially
请问满族朋友,你们对祖先屠杀中原,实行落后统治,使中国落后挨打怎? 	Potentially
请问有外遇的女性，你们有外遇的原因是什么?请问有外遇的女性，你们 	Potentially
真是有的男人喜欢看自己的老婆被别的男人操的事吗?生活中真有这样的? 	Potentially
没有稳定工作的男人能找到优秀的女孩吗？ 	Potentially
“现在的骗子很多，尤其是女孩子，你要注意啊”我朋友说是，这是不是? 	Potentially
恋爱男人会接受一个拍过拖有过亲密关系的女人吗?? 	Potentially
为什么男男会相爱？古往今来都是男女相爱，为什么现在越来越多男男在 	Potentially
男人?你们怎么了?看到网上有太多太多案例.我想请问有多少男人知道 	Potentially
如果有两种女人，你们会选择哪种？一种是能力强能挣钱但对男人不会关 	Potentially
None	None
在感情和生活中到底是男人还是女人最容易受伤？世界上最容易受伤的是 	Potentially
为什么针对女孩会有性别歧视？ 	Potentially
为什么女人强奸男人不怕告？ 	Potentially
女人越老越不值钱？ 	Potentially
我很喜欢穿女生的内衣好痛苦哦女生请进不知道为什么我很喜欢穿女生的 	Potentially
你愿意做农村女人还是城里女人?你认为农村女人和城里女人哪个更幸福 	Potentially
怎么一看上海台转播曼联就赢不了真丧上海台真丧频道丧主持人丧地方更 	None
你会找一个比自己收入低的男朋友吗?各位单身的女性朋友,你会找一个 	Potentially
请问男人在选择自己老婆的时候不考虑她的外貌,工作,家庭条件,只考? 	Potentially
男人是不是都喜欢在女孩面前吹牛？人家都说男人喜欢吹牛，我发现男人 	Potentially
女人有了外遇真的无法回头吗女人好像永远是一种容易心软的‘动物’。 	Potentially
男人都是很坏的吧!其实越表面君子的男人,内心却都是伪君子的面孔! 	Potentially
各位玩家不要骂新浪,不是新浪的错,是那些素质低的垃圾黑客搞成这样? 	Potentially
问一个严肃的问题，不想真实回答的就不要进来了。处女和非处女的问题 	Potentially
强奸罪认定只能男对女吗？男男呢？女女呢？女男呢？ 	Potentially
想听听男士的回答自古以来男人都喜欢丰满的女人，那小乳房（所谓的平 	Potentially
期待您的指点在孩子与丈夫之间，女人通常会选择谁．尤其是农村女人． 	Potentially
中日事件中国干嘛不扔个原子弹给日本氢弹跟好然日本人在世界上消失 	Potentially
男人最{会]看不起哪种女人{女孩]？ 	Potentially
为什么伊斯兰教男人多女人少？而佛教女人多男人少？为什么伊斯兰教重 	Potentially
男人好色是因为太爱美吗？为什么女人爱美叫天性，男人爱美叫好色？ 	Potentially
和一个没有生育能力的女人做爱与和一个生育能力很强的女人做爱,男人 	Potentially
朋友说老实男人注定没出息，是这样吗？昨天，我和一个大学同学聊天， 	Potentially
男人是不是恋爱后在那种事情上也喜欢装单纯啊？记得第一次和我现在的 	Potentially
爱吹牛的男人可靠吗？一个朋友，总在吹牛，跟他出去玩，一路上都在跟 	Potentially
我有处女情结我该怎么办？现在我知道目前这个社会的女孩有处女的很少 	Potentially
夏天的女人比男人更怕热吗?夏天的大街上见到的女人总比男人穿的少, 	Potentially
是不是所有的女人都喜欢叫床？？ 	Potentially
不讲卫生的婆婆婆婆的邋遢让我怎么说呢,农村男人能干的活她都能干, 	Potentially
为什么和女子性交比什么都爽?什么手淫,用淫具,都比不上?也就是阴? 	None
女孩子不会做饭会不会没人娶啊以往传统都认为女子不会做饭是一件很丢 	Potentially
离过婚的女人得不到爱本人今年27岁，离过婚，小孩子今年三岁抚养权 	Potentially
对于女人，究竟是钱还是真情重要？男人值得信任吗？究竟什么样的生活? 	Potentially
为什么现在很多老年人很没素质很过分？表现得很神经质骂骂咧咧不守规 	Potentially
这就是伟大的父母吗我父母就是那种重男轻女的典范，从小把我生下来， 	Potentially
请女性朋友回答:和高个男人做爱会比普通男人做爱更爽?我不是怀疑自 	Potentially
南京人为什么又凶又拽？偶怎么就没见过一温柔的那？明明跟普通话差不 	Potentially
怎样和素质不高的老男人打交道？一个47岁的离婚男人，喜欢悠着别人 	Potentially
女人都喜欢男人为她们口交吗?和我做的女人都喜欢我给她们口交,她们 	Potentially
男人都喜欢好身材，脸蛋漂亮的女人，那么和漂亮女人做爱与姿色一般的? 	Potentially
怎么没有人骂自己的男人，痛恨自己的男人呢？就知道骂小三？我感觉你? 	Potentially
我有个朋友看到靓妹经常会说：要是那女的嫁给我我叫我脱离父子关系都? 	Potentially
一个人的人品怎么可以这么差首先说他是男的，我是女的。一个人，还是 	None
为什么我们河北女孩都不漂亮，人家湘妹子还有川妹子都长的好可爱，是? 	Potentially
女人去游泳时看到男人那里大大的，会有什么感觉？ 	Potentially
女人不是处女都是被男人搞的经常看见有人在讨论处女问题，由此看来很 	Potentially
四十岁以上的男人请回答我四十岁前认为男人基本上都是为了自己的家付 	Potentially
如果一个男人没有和处女做爱是不是就吃了大亏了?一个男人如果没有能 	Potentially
为什么城里人就不能分到地呢?原来,农民因为有地所以有饭吃,城里人 	Potentially
哪个身材更好？男人的身材往往是有肚子的屁股松平，屁股紧翘的没肚子 	Potentially
怎么让他甘心放弃不再恨我五年前，我谈了一个朋友，那时的我很单纯， 	None
男人打女人到底好不好男的是太在乎女的才会动手还是因为不爱她了 	Potentially
没钱人?有钱人!为什么有钱人和没钱人相处不了? 	Potentially
小姑子读书少，所以她敢生孩子？我嫁给他时，他妹妹的孩子已经上小学 	Potentially
做爱时男人是不是都喜欢女人发出声音呢？每次我都控制不住自己，想要? 	Potentially
为什么女人比男人更坚强？ 	Potentially
足球让整个民族失去尊严！在这样的时候，这样的比分输给小日本，看得 	Potentially
白痴问题！二区爱丝特纳服里LM人多还是BL人多？？？ 	Potentially
我这个窝囊人内向老实窝囊自卑胆小怕事社会逃汰品人类的反面教才这些 	Potentially
老公重女轻男怎么办?老公特别喜欢女孩儿走大街上看见人家怀里抱个可 	Potentially
非处女会对下一个男友付出真爱吗？女友很爱前男友，为他付出了所有， 	Potentially
当个女的不是挺好，有活男人都给干，还有人献殷勤？ 	Potentially
西方内部为什么总流行“排斥主义”普鲁士统一德国时排斥了奥地利，欧 	Potentially
女的在生气的时候是不是总把分手挂在嘴边?我的前任女友和我在一起时 	Potentially
我已经厌倦了被人操纵的感觉。这种压迫是真实存在的！他们是撒谎者，? 	Potentially
q	None
终于明白那句话了我是游戏迷，游戏里总有人说不怕神一样的对手，就怕 我是迷，游戏里总有人说不怕神一样的对手，就怕猪一样的队友。我以前认为这是脑残人士的话。现在多少能理解了。\r   工作中我那些“神”一样的同事彻底征服我了。我是市场部的负责人，本来部门压力就很大，但似乎都与他们无关，所有的压力都属于我。分配他们工作完全等于交给机器去干，完全没有创造力。反过来还对我说是你让我干的啊。\r    还有一个是我的朋友，当时求我给弄进来，我很后悔找个爹来当同事，说他几句就甩脸。\r    唉悲剧啊，我都想了，与其被他们折磨还不如我走人。	None
电2的刷子们都看看新疆人又出了个骗子，刷了10次没付钱跑了，希望 新疆人又出了个骗子，刷了10次没付钱跑了，希望大家记住这个人——新A狙	Potentially
口交是不是正常?ML的时候老公要口交!! ML的时候要口交!!\r	None
谈谈对网恋的看法网络的飞速发展，突破了人们交友空间的局限，虽然大 的飞速发展，突破了人们交友空间的局限，虽然大家在网上可以视频、聊天，交流思想，可网络毕竟是虚幻的世界。网民可以肆无忌惮的呈现出自己真实的一面，也可以把自己伪装成最完美的人。在网上可以找到属于自己真正的爱情吗？网上的他（她）与你现实心目中完美的心仪对象是一致的吗？网恋会有发展的可能吗？对于现在很多的网恋，你们又是存在什么样的看法呢？	None
我周围的同学都有工作了。我就找不到工作，我的要求也不高。。。。为 为什么我找不到呢？是外貌的问题吗？我有些天生的缺陷，是不是和这个有关啊？？	None
元甲百米，什么是网上妻子？看你有网上妻子，却不懂什么叫网上妻子？ 看你有网上，却不懂什么叫网上妻子？网上妻子和现实的妻子有什么区别？你和你的网上妻子见过面吗？	Potentially
安利的产品真的好么？！？？听说中山大学医学院研究表明，安利的产品 听说医学院研究表明，安利的产品和普通的保健品功效几乎一模一样！但价格却相差甚远。为什么？他们层层提销售额，从普通的销售到中层，高层，越往上提成越多！特别 是Vc，如果用过安利产品的人，都知道，药店里售两元多，他要两百多。医生也说，吃安利不如多吃水果，吃维生素就在药店里买同仁堂什么知名厂家就行了。大家千万别迷信安利阿！！	None
长痛与短痛我们结婚三个月了。其实女儿已经半岁了。我依然无法主动而 我们结婚三个月了。其实女儿已经半岁了。我依然无法主动而发自内心地爱老婆。老婆很爱我，我知道，但我无法心存感激或感动，更多的是一种附累感、压抑感。有时我会让自己傻点，别想那么多以维持现状，从而避免很多冲突与压力。但我们这样并没有觉得踏实快乐。孩子现在被寄养在老家，我们只是时不时寄点钱回去要么打个电话了解一点基本情况。我的内心感受非常差，觉得惨淡、无趣、茫然、窒息和酸苦。我们明显觉得我的性格变了，没有了斗志，没有了机敏也没有了勇气。你会问，为什么结婚呢！？	None
和爱人相隔两地我现在就是着样的情况　可能要分开了可我真的放不下我 我现在就是着样的情况　可能要分开了可我真的放不下我很爱她但是我没有经济实力去她那里！！我现在心理好难受我很想哭！！我真的很爱的！！我和她的每段故事没段情节我的脑子里就象演一样！一段一段的在我脑海里飘过！我现在很痛苦！我好想现在就抱着她可是我没有钱我去不了！我都要疯了！世界为什么会是着么无情着么黑暗！我处在崩溃边缘！我心理就象有一个大石头一样压着我喘不过气来！做人难道就着么痛苦！做动物被人类捕杀吃点！真是黑暗的世界！我快感觉人活着没有意义了！短站的人生活的着么痛苦！　希望能有人来开导我！	None
如果女友经同前男友说那种亲热的话你心里会点想？你会点做，是当没事? 如果女友经同前男友说那种亲热的话你心里会点想？你会点做，是当没事发生，还是说她呢？还是？还是？？？？？？还有她同前男友是不可能在一起的，距离同家境问题；这种女友心里是怎么个问题？？	None
老婆刚做过爱的阴部能看出来有哪些迹象呢?	None
求教心理健康达人：懒的人怎么办？谢谢！！就是不怎么求上进，虚荣， 就是不怎么求上进，虚荣，思想也懒，就是想一口吃成个胖娃娃，还有就是想取巧，不想努力。30岁男求教，谢谢！！会不会是没有信心啊，怕挫折了。留守儿童，父亲少有在家，有时错感觉被别人欺负。有时就不是，那些隔壁院子大人碰到我老是吼我。还是没有真爱、责任。还是身体差（注：本人肾阳虚正在中药治疗。哎哟！中药那个苦得啊，，，苦）。还是都有。。。？对不起罗嗦了哈。谢谢！！对不起，没分了，有分了给你。谢谢！！	None
才分手七天就跟别人好上了，试问又有谁能受得了？我是第七天才发现的 我是第七天才发现的，可能还没有七天，只有三天、四天也说不定。我甩她的那阵她还要死要活的，我好不容易使出绝招去她家里当着她的面羞辱她这才搞定的。当然了，我这样做全是为了她好，反正没结果，不下痛手是不行的，谁叫她跟别人同过居呢，而且还是我好不容易查出来的。像她有过这种如此罪行的人就算我重重伤害她也不为过吧！可她倒好，才几天就又跟其前男友好上了，是可忍孰不可忍？枉我待她如此之好，我还一直以为她对我是真心一片。现在我有个计划，我打算假意原谅她，因为我很想知道她对我到底是不是真心实意的？我尤其痛恨她那个所谓的前男友，都是因为他骗她同居了才导致我们分手的，现在我是第七天才发现的，可能还没有七天，只有三天、四天也说不定。我甩她的那阵她还要死要活的，我好不容易使出绝招去她家里当着她的面羞辱她这才搞定的。当然了，我这样做全是为了她好，反正没结果，不下痛手是不行的，谁叫她跟别人同过居呢，而且还是我好不容易查出来的。像她有过这种如此罪行的人就算我重重伤害她也不为过吧！可她倒好，才几天就又跟其前男友好上了，是可忍孰不可忍？枉我待她如此之好，我还一直以为她对我是真心一片。现在我有个计划，我打算假意原谅她，因为我很想知道她对我到底是不是真心实意的？我尤其痛恨她那个所谓的前男友，都是因为他骗她同居了才导致我们分手的，现在又在一起了尤为可恨！看看他獐头鼠目的丑样，说话的声音又像狗叫一样简直一无是处，反观我如此之帅又兼才高八斗抑且洁身自爱，实在是一个地下一个天上，简直不可同日而语！所以就算不惜一切代价我也绝对不能让他们在一起，我发誓！对于她来说应该好办只要我肯原谅她了她哪有不喜出望外之理？因为她又不是傻瓜肯定能分辩得出谁好谁坏，如果对我如此优秀的人都不是真心的话，试问对他如此之差的人又岂能会是真心？现在的关键是得到她父母的原谅，上次我就被她父亲气得拿碗砸我，虽说我躲得快没砸到，但也说明已经对我恨之入骨，印象极差了，大家快帮我想想办法怎样能得到她父母亲的谅解？因为我知道不先过这一关，她就算对我再深情厚意也不一定会回来我身边的。大家千万帮我想个好的、管用的、实实在在的办法和策略，我有重谢！\r附：有些人可能会认为我是一个自恋的人，其实不是的，我只是天生有那么一点狂妄的性格，又喜欢实话直说不想虚伪的人而已。一些心胸不广的人难免会不高兴，但是须知世上无完人，所以还请多谅解才是！	None
关于SHE的脚趾上海卫视娱乐星天地播出了SHE脚趾专访，是每一个 上海卫视星天地播出了SHE脚趾专访，是每一个脚趾一个脚趾的比较呀？你们最喜欢谁的脚趾！其中还爆料说SELINA会用脚趾抓住地板，用舌头喝饮料呀！恐怖中！	None
NBA和CBA有什么区别？	None
"外地人不能开广州牌摩托车吗?我在广州开摩托车被警察叔叔敬礼,他说 我在广州开摩托车被警察叔叔敬礼,他说你外地人不得在广州本地摩托车,还开张\""牛肉干\""罚款2700元,中华人民共和国的驾驶证不是全国统一吗?"	Potentially
这样的算好老公吗？需要珍惜吗？我和老公结婚7年了，一直都是我说的 我和老公结婚7年了，一直都是我说的算，只要一不顺心我就会把他当成出气筒，因为爱我，他每次都迁就我，自从去年开始，他换了一份工作，需要经常出差，几乎半个月回来一次，每次能在家待2到3天，可是只要他出差回来，我就莫名的和他吵架，一开始他还哄我，也不和我计较，也不生气，可是时间一长，而且每次回来都是在吵架中度过的，吵架都是些小事，比如他回家后不做家务了，又看了等等这些小事。在上周，他回来我又和他吵架，他终于承受不了了，对我说分开吧，他活的太累了，每次出差在外面，吃不好，睡不好，总算回家了，不但得不到温暖还时刻都吵架，我当时就傻了，因为每次吵架后我都说我不我和老公结婚7年了，一直都是我说的算，只要一不顺心我就会把他当成出气筒，因为爱我，他每次都迁就我，自从去年开始，他换了一份工作，需要经常出差，几乎半个月回来一次，每次能在家待2到3天，可是只要他出差回来，我就莫名的和他吵架，一开始他还哄我，也不和我计较，也不生气，可是时间一长，而且每次回来都是在吵架中度过的，吵架都是些小事，比如他回家后不做家务了，又看了等等这些小事。在上周，他回来我又和他吵架，他终于承受不了了，对我说分开吧，他活的太累了，每次出差在外面，吃不好，睡不好，总算回家了，不但得不到温暖还时刻都吵架，我当时就傻了，因为每次吵架后我都说我不和他过了，每次他都不说话，可是这次他提出来的，我知道了重要性，我们长谈了一次，他说出了心里话，说我这几年已经把他给伤透了，一次次的吵，一次次的伤他，他为了维持这个家，一直在默默的承受着，他说这会真的承受不了了，他不想下半辈子就这么的活下去了，太累，没自由，对我这么好我还不知足，他真的已经死心了，我说我一定改，他不相信我，他说我的小姐脾气是天生的，肯定改不好的，而且每次我都用命令的口气和他说话，他说他让我去寻找能接受我脾气的人生活，他需要自由，太累太苦了，我说再给我一次机会我一定改，最终他答应了，最后一次，能改就在一起，他让我别勉强，我要求和他作爱，他说他心已经凉了，等恢复过来在说吧，他拒绝了我，我问他还会想以前那样对我吗？他说他也不知道，我问他还爱我吗？他说不想骗我，已经没感觉了，我这回真的好怕，怕失去他，我该怎样做，才能让他改变对我的态度呢？能和以前那样对我呢？\r我疑心特重，每次出差回来都问他找没找其他女人，他说他不是那种人，他不会找，因为作爱需要有感情基础，需要彼此了解，没感情基础就谈不上爱。我的老公到底是怎样的人呢？我该怎么办！急急急！\r我想在周末去找他，他说到时再说，我到底要不要去呢？\r能帮我分析一下吗？\r	None
看到网上有很多人要去美国社会实践，这种项目很花钱吧？	None
韩非子是好人吗? 韩非子是好人吗?	None
男人什么时候结婚最好？	Potentially
交往期间该由男生买单吗？如果情侣两人出去，吃饭等必要开销该由男生 如果两人出去，吃饭等必要开销该由男生来买单吗？	None
情商？智商？感情路上该如何选择我很纠结我本科毕业，我相亲了两个女 我本科毕业，我相亲了两个女孩，A是本科毕业，文静善良，B是专科毕业做文员活泼开朗，A的性格与我相似，很有上进心工作也很好，但长相不是很出众，虽然外表是次要的但看着总不太舒服，哎……我和B聊的很开心，兴趣爱好也相似，漂亮时尚，也许性格互补，对于性格开朗又懂礼貌的女孩我一直很上心，但她学习不怎么样，而且这样的女孩以前也有过男朋友（当然也亲密接触过），我对这个也有些忌讳因为我以前都没交过女朋友。对于这两位我真的很为难，她们都对我有意思，我却不知如何选择。。 \r	None
当公司领导说，公司离了谁都行时.......公司领导很不重视人才 公司很不重视人才。\r\r只是重视你的工作成果，却不重视给你加薪。\r\r当你提出离职时，他却一副公司离了谁，都行的态度。\r\r你真的走时，他又求你留下。\r\r你恨他不懂得在时的珍惜你，走时才明白。\r\r于是，你很果断地离开。\r\r离开后，他又多次打电话求你回来。\r\r你可怜他，回来后，他只给你涨了50元的薪资待遇。\r\r当你提出加薪吧！他又说“公司离了谁都行！”\r\r你该何去何从？为什么会有这样的领导？是不是天下乌鸦一般黑？	None
强烈谴责网易公司对魔兽玩家的利益一个公开黑G的团伙气焰嚣张，N人 一个公开黑G的团伙气焰嚣张，N人举报竟然发现网易更本没有重视没有一个工作人员出来解释或者去处理，只只到说以据话，我们会去调查 ， 今天YY积聚了4W多的魔兽玩家只为讨个说法网易为何不处理，为什么一直再拖延难道只是为自己的利益，难道玩家的利益就不用管了吗？   一旦玩家问起就那句话我们在调查，其实是他们内部人员动的手脚 ,黑G现在是个产业链不知道养活了多少人，就网易内部的人黑点G然后洗G在卖G一个月来这么几次一次好几千，一个月不知道多了多少的外快，算了我呼吁还是换代理吧!别把这么好的糟蹋在网易的手里~~~！！！	None
老公不求上进怎么办？当初，选择老公的原因是因为他很老实实在。结婚 当初，选择老公的原因是因为他很老实实在。结婚后渐渐发现，他一点都不求上进，每个月1000多点的工资，没有什么福利，周末就休息一天。他的工作是技术型的，只要有证，工资就高。\r\r前年报了，可是一本都没有考出来。让他早点学习，根本不听，快考试了，才着急。\r\r去年因为生孩子，什么也没有报。\r\r我开始上班了，为了照顾孩子方便，也为了老公有时间学习，我搬到了离公司很近的亲戚家，我家离公司很远。\r\r现在他晚上看看，早早的就睡觉。我真的不知道怎么劝他了？\r\r我们现在还住的阁楼，老公对我很好，所以我很矛盾，我不想一辈子算计钱过日子。	None
请问已婚的女性上网聊天就是错吗	None
为什么我和我女朋友说她哪做的不好的时候,她根本不听我说什么,一个? 要是我继续和他说下去 她就会说 我都道歉了 你还要怎么样啊?非要和我吵架?	None
"气死了我男朋友有点以自我为中心，不大顾忌别人的感受，他原来几个女 我男朋友有点以自我为中心，不大顾忌别人的感受，他原来几个女朋友被他气得跑到他朋友那里哭都不敢告诉他。\r从跟他开始拍拖我就在尽力的调教，其实我觉得效果一点都不明显，但是他的朋友已经很惊讶他的改变了~~\r我跟他是两地恋，平时只能靠短信电话来联系。原来都还好，这次他离开过后，简直像是脱缰了，跟他那帮兄弟翻天覆地的玩，完全的把我抛之脑后 \r假如我不联系他，他4，5天都想不起我....上QQ我不主动跟他说话,他就完全当我不存在(当然,他的理由是""我没看到你上线啊""..鬼才信)\r对此我曾经娇滴滴的耍过几次小性子,是有点开玩笑那种,他居然乐呵呵的当我在跟我男朋友有点以自我为中心，不大顾忌别人的感受，他原来几个女朋友被他气得跑到他朋友那里哭都不敢告诉他。\r从跟他开始拍拖我就在尽力的调教，其实我觉得效果一点都不明显，但是他的朋友已经很惊讶他的改变了~~\r我跟他是两地恋，平时只能靠短信电话来联系。原来都还好，这次他离开过后，简直像是脱缰了，跟他那帮兄弟翻天覆地的玩，完全的把我抛之脑后 \r假如我不联系他，他4，5天都想不起我....上QQ我不主动跟他说话,他就完全当我不存在(当然,他的理由是""我没看到你上线啊""..鬼才信)\r对此我曾经娇滴滴的耍过几次小性子,是有点开玩笑那种,他居然乐呵呵的当我在跟他调情\r我也尝试过跟他好好谈谈,但是我一认真起来,他就说这里痛那里痛,就是不想谈.要不然就是认错态度超级好,我说什么他都附和,可一转身就忘了\r我还玩过失踪,他用了5天半才反应过来""女朋友不见了"",到处找...我看着心疼,就恢复联系了,嘿....他看到我出来了,又开开心心的去玩了\r今天上QQ,他说要去吃饭,让我等他,一走就是两个小时,好不容易来了吧,一扭身就冲到游戏里面去了,喊都喊不出来..又晾了我一个小时.我真的是忍耐到极限了,一阵发飚,他立马很可怜的样子""我错了,真的错了""""你不要我了阿?""""我不理他们了,我陪你吧""  我说""我现在不想跟你聊天"" 他又很乖的说:""那你明天向上网了给我发短信,我陪你""\r\r   我真的是很郁闷很郁闷,觉得自己一点地位都没有\r   我就长得这么安全啊?  千里之外他也不怕我红杏出墙~!!  \r\r\r     我很气愤~~~~~~ \r"	None
男朋友在夜总会找了小姐，我是否原谅他呢？我和他在一起4年了，他对 我和他在一起4年了，他对我一直都很好，满足我所有的要求。那天有个夜总会的老板邀请他和几个同事到夜总会玩，先喝了又出唱歌。他们一人一个小姐，他的是一个穿旗袍的。他对我说他们只是喝酒、唱歌。他抱着她，她把手放在他腿上。一边划拳一边喝酒，并且用同一个杯子。我听了以后哭了3个小时，以前总觉得小姐离我是那么远，可是没有想到我朋友会这样做，他让我原谅他，并发誓和小姐绝对没有做任何对不起我的事情。我该怎么办？当时我原谅了他，可是每当想起这个事情我就很心痛，我该怎么办，我是否依然没有原谅他呢？	None
你怎么看城管无辜挨打？枣庄两城管队员被初中学生围殴，他们表示：不 枣庄两城管队员被学生围殴，他们表示：不会追究责任。虽然他们名声不太好，可城管也是人哪！你觉得这事要不要追究？	None
请问什么民族或地区或国家不喝酒? 请问什么或地区或国家不喝酒?	None
缅甸现在还有战乱吗我找了一份工作，说是要去绵甸上班，但听说那边经 我找了一份工作，说是要去绵甸上班，但听说那边经常有战乱，请问大家，现在那边真的经常有战乱吗，我很少看的	Potentially
报复手段之狠，叫你死无葬身之地？1佛经上说，“斧在口中”，斧头在 1 佛经上说，“斧在口中”，斧头在哪里？在口中。纵然这个人有恶，造恶多端，你批评他，他记恨在心，找到机会，肯定报复你，灾祸就来了！\r \r2 佛菩萨有智慧，看到众生造五逆十恶罪，必定堕地狱，受无量苦楚，也不说一句话，什么原因？不能说，说了他不能接受，怀恨在心。\r \r3 等到什么时候，他受尽苦头，回心转意，能接受了，佛菩萨就来了，“佛氏门中，不舍一人”，这些地方，我们看懂了没有？我们学到了没有？\r \r4 我们在历史上看到，在现实环境里头看到，报复手段之狠，叫你倾家荡产、死无葬身之地，你不知道这个祸根在哪里，你没有从过去历史当中吸取教训，这不1 佛经上说，“斧在口中”，斧头在哪里？在口中。纵然这个人有恶，造恶多端，你批评他，他记恨在心，找到机会，肯定报复你，灾祸就来了！\r \r2 佛菩萨有智慧，看到众生造五逆十恶罪，必定堕地狱，受无量苦楚，也不说一句话，什么原因？不能说，说了他不能接受，怀恨在心。\r \r3 等到什么时候，他受尽苦头，回心转意，能接受了，佛菩萨就来了，“佛氏门中，不舍一人”，这些地方，我们看懂了没有？我们学到了没有？\r \r4 我们在历史上看到，在现实环境里头看到，报复手段之狠，叫你倾家荡产、死无葬身之地，你不知道这个祸根在哪里，你没有从过去历史当中吸取教训，这不叫愚痴吗？\r \r5 千万不要小看人家！现在他没有地位，没有身分，苦不堪言，你怎么晓得他将来不发达？\r \r6 自古以来，多少大富大贵之人，青少年的时候都苦不堪言，穷途潦倒。韩信当年受胯下之辱，有谁想到他最后会封王？\r \r7 这就是种种示现，叫我们不敢轻慢一个众生。你今天侮辱他、欺侮他、瞧不起他、讽刺他，说不定他将来成佛在你前面，你比不上人家，你惭不惭愧？\r \r8 你随意侮辱人家，讽刺人家，人家修行真有道心，你得罪他不要紧，他不报复你；他如果是凡夫，你跟他结了冤仇，那你的麻烦就大了！\r\r-----净空法师《轻松学佛法》\r\r真诚、清净、平等、正觉、慈悲， \r看破、放下、自在、随缘、念佛。 \r\r阿弥陀佛 阿弥陀佛 阿弥陀佛	None
"我抑郁症,老公工作忙,离婚时女儿归谁?我和老公结婚6年后,我因家 我和老公结婚6年后,我因家里事情多,压力大,另外自己性格内向,初发抑郁.经治疗好转.\r女儿出生后,我抑郁复发,而且几乎每年都犯.丈夫身心俱疲,提出离婚.\r我试图挽回婚姻,尤其试过多种办法治疗抑郁,心理治疗,药物治疗,也去过北京挂过300元的专家,我甚至还请人看过是否有""外病"",烧过""替身"",做过桃木剑,请过符......但是收效甚微.\r\r由于我频发抑郁,而且抑郁的时候躺在床上整日懒懒的,而老公的工作又很忙,双方老人的身体也都有各种疾病,他说自己已经身心俱疲,到了崩溃的边缘.\r我基本同意离婚,但现在的问题是:\r孩子归谁?\r如果归他,他自然是我和老公结婚6年后,我因家里事情多,压力大,另外自己性格内向,初发抑郁.经治疗好转.\r女儿出生后,我抑郁复发,而且几乎每年都犯.丈夫身心俱疲,提出离婚.\r我试图挽回婚姻,尤其试过多种办法治疗抑郁,心理治疗,药物治疗,也去过北京挂过300元的专家,我甚至还请人看过是否有""外病"",烧过""替身"",做过桃木剑,请过符......但是收效甚微.\r\r由于我频发抑郁,而且抑郁的时候躺在床上整日懒懒的,而老公的工作又很忙,双方老人的身体也都有各种疾病,他说自己已经身心俱疲,到了崩溃的边缘.\r我基本同意离婚,但现在的问题是:\r孩子归谁?\r如果归他,他自然是没有时间带孩子的,孩子可能被送到爷爷奶奶那里(跟我们不是一个城市,而且爷爷奶奶由于气候的原因不可能长期到我们的城市),我担心孩子的心理会受影响.\r\r我的父母和我们在一个城市,如果归我,我的父母可以帮助照顾一下,但是他觉得我的抑郁症对孩子不好,我也担心能否要到孩子的抚养权."	None
胎盘后壁是男孩子吗？不是我重男轻女，只是对肚肚里的这个小宝宝充满 不是我重男轻女，只是对肚肚里的这个小充满了好奇，每天，老公都说那是他闺女，可是我却觉得是儿子。呵呵！很多准妈妈或是有经验的人可能已经看过我前两天提的问题了，在这里咱么在讨论一下，呵呵	None
太假了！AE86在飚车中怎么比尼桑250Z（捷豹）、莲花（180 AE86在飚车中怎么比尼桑250Z（捷豹）、莲花（180）、酷派。。。。。。还强！?   真实中的AE86（未改装）动力还不如普桑  和奇瑞东方之子都有很大差距  连安全气囊、ABS等都没有 即使再怎么改装也不会超过现在主流的、跑车、高级轿车的！	None
一个晚上做爱两次。前后两次的感觉有何差别？那种更舒服？	None
"请问丘逢甲、不吃鱼的猫和明明格格三位""女士""如果你是当年的慈禧， 如果你是当年的慈禧，你会如何。"	None
感情问题，帮忙解决一下，谢谢我们在学校认识的，毕业后一起去苏州实 我们在学校认识的，毕业后一起去苏州实习，后来回到沈阳工作。那时我们已经确定了关系，就这样，我们相恋了四年，我们同居过，感情很深。但是在2012年的3月1日，我们分手了，原因是，因为她晚上十点下班，然后我因为太累了没有去接她，她回来是看见门锁着就生气了，和我抄起来了，其实我平时每天都去接她的，只是今天太累了，所以给她打了电话告诉她我不去接她了，并且说明了不去的原因是因为太累了，她也同意了（没有不愿意的意思），说一下门被锁的事情吧，首先门的确是锁着的，但不是故意锁的，因为是防盗门，我开窗户后对流导致门锁上的。后来我没有出去，忘记开锁了。就这样，他回来就我们在学校认识的，毕业后一起去苏州实习，后来回到沈阳工作。那时我们已经确定了关系，就这样，我们相恋了四年，我们同居过，感情很深。但是在2012年的3月1日，我们分手了，原因是，因为她晚上十点下班，然后我因为太累了没有去接她，她回来是看见门锁着就生气了，和我抄起来了，其实我平时每天都去接她的，只是今天太累了，所以给她打了电话告诉她我不去接她了，并且说明了不去的原因是因为太累了，她也同意了（没有不愿意的意思），说一下门被锁的事情吧，首先门的确是锁着的，但不是故意锁的，因为是防盗门，我开窗户后对流导致门锁上的。后来我没有出去，忘记开锁了。就这样，他回来就生气了，我和他说明了原因，可他还是闹，哄了好久没哄好，第二天她就提出说分手，我当时很诧异，她说要出去住，去同事家里，我想既然说了分手，毕竟处了那么久想挽留。但是她很倔强，就是听不进去。后来我允许她走了，她出去住了三天后，我以为她不会回来了，因为她东西都拿走了，所以我把门锁换了，但是他又回来了，又说房子开始是他租的，还是不死心，进屋她就和我动手，我并没有还手，她说我凭什么换门锁。其实我不知道她没去同事家住，他在期间也不给我打电话，我给他打电话他也不接电话。我想其实他当时应该给我打电话，说她哭了，我一定会去接她的。那样就和好了。但是她没那样做。我没办法了。只有我自己搬出去了。我什么也没有拿，就是空身出来的，他说她把一切都给我了，要求我拿5000元钱，还骂我父母，就是因为她骂我父母，这和我家一点关系也没有。就这样我们分开了。我一走就是四个月。现在她用其他QQ和我聊天，其实我早就知道她了，我没有揭穿她，她还是有点舍不得我。但是不认错。其实我认为因为门锁与不锁的原因吵架因为换不换锁的问题吵架，不值，可这就是一些生活中鸡皮蒜毛的小事情。其实我在这几个月里新处了一对象，人还不错，后来因为新女朋友家庭作风有问题和介绍人乱说话所以有点反感，现在我犹豫的是我前女友她一个人自己住，而且压力挺大，看她太可怜了(她QQ说的），我觉得我把她的第一次都要来了，我不该不管她不要她，感觉我自己太没人性了。但是偶尔想起她那倔强和生气就憋着的劲。我就打消了这个想法。\r\r还有就是，我第二个女友我想提出分开，分开原因是我们经过他三姨夫介绍认识的，但是他三姨夫去我家总是来提出结婚，说我没有好处，说她外甥女哪都好，太脏太累的或不干，说实在的我家的做民营加油站的，很赚钱的，可他三姨夫说她不能干这些都是油很脏，就得感轻松数钱的活，我就想我也不是娶加来一个花瓶当摆设了。所以我感觉介绍人一点也不靠谱，但是结合现在女友实际情况来看她不是那样的人啊，后来经过打听女友邻居和亲属老乡都说女友的母亲作风不好，所以我怕了，都说女儿80%基因会随母亲，所以我提出分开了，可刚刚处了三个月，在作风上一点也看不出来啊，就算排除外界原因，看女友自己，她很好。可我家人害怕她以后不三不四啊，像她母亲。人又漂亮，这都说不好的事情啊。可我现在很矛盾啊 ，到底选择前女友还是选择现在的女友，其实结合实际情况吧，以前的女友除了起脾气其他很完美，而现在的女友我不是很了解，但是至少从说话和动脑还有反应灵敏度做生意方便都不如前女友，只是现在女友外表包括身高体重都是美女一个档次的，也就是眼缘特别好吧。而前女友就是一般人吧，请给我选择吧。	None
请姐妹回答和男友或者是情人.老公做爱时哪种感觉最美妙;阴茎进入阴 和男友或者是情人.做爱时哪种感觉最美妙;阴茎进入阴道时.磨擦过程中.射精那瞬间？阴茎抽出阴道时阴道是什么感觉？[并非指性高潮]	None
为什么男女没有爱情还要维持婚姻老公是个好人,人品很好,比我大8岁 老公是个好人,人品很好,比我大8岁,我们结婚7年,有一个2岁的孩子,他曾经在外地工作5年,一两个月才回来一次,现在回来了,不出去了.但我们的婚姻问题也暴露了.曾经我就觉得他和我不太亲密,我以为是两地分居的原因,他回来就好了,但现在我们的状况是平淡无其,很少出去一起玩,也几乎没有夫妻生活,几乎不谈心,也不吵架;那种和谈恋爱时的落差让我觉的爱情已经没有了.我是个对爱情非常憧憬的人,我不知道我们的婚姻是不是只有亲情在维系着,我的内心非常痛苦.我该怎么办.\r	None
我认为美国有权监督其他国家的人权问题,当然其他国家也有权审视美国 当然其他也有权审视美国的人权状况,互相监督才能促进全世界人权发展.	Potentially
能不能劳教？我弟弟大学刚毕业后正准备叁军体检，在这期间被同学打电 我弟弟大学刚毕业后正准备叁军体检，在这期间被同学打电话叫过去一个市郊区某村的村主任竞选中帮着村长跟着村长的亲人去村民家贿选票，可是我弟弟他们只是陪着村长的亲戚负责接送没劲村民家，当时站在大马路边上等那个村长亲戚的时候派出所民警带回去了后 涉及扰乱社会治安罪被劳教一年，应不应该？\r   在现场我弟弟他们手里什么也没有拿，就是其他没跟弟弟在一起的另一波人手里拿着棍棒去陪贿票人！所以包括村长内全部被劳教一年！！  我弟弟被劳教 合不合法？ 这样判由依法根据吗？  符合治安吗？公安局是不是判的严重了？？	None
事业不成功如何让自己快乐起来大家也知道现在对于一个男人的评价就是 大家也知道现在对于一个的评价就是事业,可偏偏这个世界上不是所有人都是英雄,想知道如何让自己\r\r快乐起来, 因为这个社会很世俗 很实在的, 就向人找工作 是对方挑你的 而不时你挑对方, 可就有怎么\r\r多现实的情况把人给卡住了, 哎, 人活着好累.	None
为什么你最爱的人往往伤害你最深	None
是不是大多数青春期的男生有过手淫，你有没有过手淫？	Potentially
别去看中国队的比赛花钱看中国队踢球就是浪费金钱浪费时间~还闹心~ 钱看中国队踢球就是浪费金钱浪费时间~还闹心~~自杀啊。。。	None
大家说公平吗？我今天打了一局，我用NE，打TS,还是那张没有改过 我今天打了一局，我用NE，打TS,还是那张没有改过的图，我用了雇佣兵。那个HUM就说我不要脸，用那个战术。说那个对他们HUM不公平。我就想了在TR上他们HUM近点用民兵公平吗？造塔TR我们NE.这就没有人说不公平，就连看解说都说HUM在近点打TR对NE很难守住。难道就是因为TOD被MOON用5分钟就退出了，表示那是BUG，然后就改，然后再正式比赛就不能用，用了就被人鄙视吗？大家随便说说这样对NE公平吗？大家看看暴雪是不是每次都在削弱NE？	None
琉球群岛原是中国的属国,清朝时才并入日本,为什么查不到这方面资料? 日本人都称自己是大和,而琉球群岛的原著居民呢?	None
花痴究竟是什么?是不是只有女生才花痴? 究竟是什么?是不是只有女生才花痴?	Potentially
你觉得房价会跌还是涨，理由是什么？天津的房价呢？只有买了房子才算 只有买了房子才算真正的城里人，你现在会买房吗？觉得房价涨还是跌？为什么？	None
请问女人会不会长痔疮？痔疮一般长在什么地方？	None
关于遮瑕膏男士可以用女士的遮瑕膏吗,怎么用啊 可以用女士的遮瑕膏吗,怎么用啊	None
婆婆小气只疼女儿？我和老公是自由恋爱，感情还是挺好的，结婚的时候 我和老公是自由，感情还是挺好的，结婚的时候婆婆什么都没给，后来买房子也是我娘家借的，没想到的是她居然把怀孕的女儿接到家来养胎，就更别说想她一起找钱来还账了，家里盐完了都不买的人。心里只有她的女儿，真不知道她心里想的什么？	None
席慕容是男的是女的?那曹雪芹呢?一直关注他们的作品却未关注作者 一直关注他们的作品 却未关注作者	None
中国足球啥时能出个像姚明一样的人物男篮有个姚明。男足咋没这种人物 男篮有个。男足咋没这种人物啊	Potentially
女人做人流后是不是象生孩子一样，一两天下不了床？是不是对身体伤害?	None
罪孽深重啊！最近看了一部电影叫“七宗罪”。想想：“暴食”自己还是 最近看了一部叫“七宗罪”。\r想想：“暴食”自己还是比较贪嘴的；要说“贪婪”呢，貌似有时候是有一点吧点；至于“懒惰”我倒真的是挺懒的，到学校来了之后，早上十点钟起床是常事；“淫欲”嘛，嘿嘿，咱是正常男人；这个“骄傲”嘛就若有若无的了；“嫉妒”真是无法避免，按经济学的说法，那人的欲望是无穷的呀；“愤怒”嘛，有句话不是说：“愤怒吧，那是人类最后的遮羞布！”\r\r天呀，我七罪俱全，罪孽深重啊，大家快快救救我。	None
人在什么样情况下敢讲真话	None
女人在一起聊天都聊些什么?聊男人吗	None
开心一笑！不笑小心我扒你家窗户。歌手选拔赛上，精神分裂当裁判，当 选拔赛上，精神分裂当裁判，当“爱…”深情的客串唱了一首“等你等我心痛”后，只听精神分裂是这样评语的“你的歌唱很好，音准很好，唯一就是进入高潮太慢”	None
女孩喜欢什么性格的男生我是个傻傻的男孩女孩喜欢吗	None
怎样应对大男子主义的老公我们结婚十年了这些年来我一直都是在他的安 我们结婚十年了 这些年来我一直都是在他的安排下 包括工作方面 生活方面 以前他让我做不喜欢的事情还能接受 现在我真是不能忍受了 感觉自己没有兴趣爱好 就没有好的心态应付工作 并且他这个人还特别自以为是 我找的工作都是垃圾工作 只有他干的才是正经事情 我们之间遇到矛盾 他从来不愿和我沟通 即使他错了 也不认错 我最近一直在想结束这段婚姻 但是又舍不得孩子受苦 我该怎么办呢  好苦恼呀	None
刚颁布的《中国贫富标准线》:看看我们生活在哪个层次？超级大富豪：? 刚颁布的《中国贫富标准线》:看看我们在哪个层次？ \r\r超级大富豪：年收入在5000万以上 \r\r大富豪：年收入在1000—5000万 \r\r富豪：年收入在300—1000万之间 \r\r富人：年收入在100—300万之间 \r\r高产者：年收入在30—100万之间 \r\r中产者：年收入在15—30万之间 \r\r低产者：年收入在8—15万之间 \r\r穷 人：年收入在3—8万之间 \r\r很穷的人：年收入在1—3万之间 \r\r非常穷的穷人：年收入在5千—1万之间 \r\r穷得没衣服穿的人：年收入在1千—5千之间 \r\r穷得求生不得求死刚颁布的《中国贫富标准线》:看看我们在哪个层次？ \r\r超级大富豪：年收入在5000万以上 \r\r大富豪：年收入在1000—5000万 \r\r富豪：年收入在300—1000万之间 \r\r富人：年收入在100—300万之间 \r\r高产者：年收入在30—100万之间 \r\r中产者：年收入在15—30万之间 \r\r低产者：年收入在8—15万之间 \r\r穷 人：年收入在3—8万之间 \r\r很穷的人：年收入在1—3万之间 \r\r非常穷的穷人：年收入在5千—1万之间 \r\r穷得没衣服穿的人：年收入在1千—5千之间 \r\r穷得求生不得求死不能的穷人：年收入在100 —1000元之间 \r\r穷得几乎要死的穷人：年收入在30—100元之间 \r\r死路一条的穷人：年收入在30元以下	None
你们见过这样的人吗我跟我老公关系很好跟公公婆婆的关系也很好，可是 我跟我关系很好跟公公婆婆的关系也很好，可是我老公有个弟现已结婚。原本两老是跟弟弟一起居住可是因为很多不和二老一气之下帮了出来（他们受不了我的弟媳）之后婆婆就的白血病死了。之后公公就不理他们了。他们厚着脸皮又跑到公公新买的房子里根老人一起住。公公不想跟他们住就投奔我们了（我们至今两地分居）。这次我出差要去新房子住一星期人家竟打电话叫我找其他地方住。真是混蛋。我老公把他们骂了。。可他一直不承认他弟弟有问题。。。矛头全指向弟媳妇。。。真是可笑天底下竟然还有这样的人。	None
男生选择护理专业是否好就业 男生选择专业是否好就业	Potentially
这个社会太喧嚣你怎么理解2.认为产生太喧嚣的原因有哪些? 2.认为产生太喧嚣的原因有哪些?	None
女人的反应？？？？？？？？喜欢这个女孩，但是曾经被拒绝过，但是现 喜欢这个女孩，但是曾经被拒绝过，但是现在还是好！ \r大家一起出去玩，朋友们都在说着挑逗他俩的话，帮助他们，而女生没有说话，只是拿着小东西，打那个说话的人。她在唱歌，朋友们把女孩往男孩身上推！！把男的手放在女生的腰上，女孩继续在唱，而我却把手拿开了！！！ \r此时，女生都会怎么样的反应呢？？ \r喜欢是什么样？？，不喜欢又会什么样？\r	None
如果你身边存在艾滋病人（朋友、邻居等），你准备和他（她）怎样相处?	Potentially
酒后吐的都是真言?喝醉了该是神志不清的,为何又有吐真言一说捏?难 喝醉了该是神志不清的,为何又有吐真言一说捏?难道是似醉非醉,不醉装醉?	None
时代不同了，子女婚姻也让老爹老妈来相亲？8月26日，农历七月初七 8月26日，农历七月初七，一年一度七夕节（又称乞巧节），这是“郎”“织女”相会之日，即中国传统情人节。 \r\r    这天下午，三三两两的老人开始前往北京地坛公园，参加一个为子女相亲的大会.\r\r    来自媒体的披露说，目前**市仅单身大龄女青年（戏称剩女），就有50多万.\r\r\r	None
大家来幽幽，如何劝说一女子不要决意去抢别人的老公？提问：“我爱上 提问：“我爱上了一个有家的，他很爱我，但又不想离开他的老婆，他是一个很值得我追求的优秀男人，我也很想能够拥有他，我现在不知道我是该放弃还是把他抢过来，我怎么才能得到他？ ”\r\r（说明：这是一个真实的提问。）\r\r\r劝说：\r\r抢别人的男人充当第三者？你有这样的可能吗？如果万一抢不过来，那不浪费了你的时间和青春？\r如果你决意要抢别人的老公，那你的恶梦就开始了。即使你将来把别人的老公抢过来了，也极有可能把自己弄的遍体鳞伤。不过，只要你能保住自己的命，就已经万幸万万幸了！\r何苦呢？天下优秀的男人多的是，值得你爱的男人也多的是！把眼光放远一点提问：“我爱上了一个有家的，他很爱我，但又不想离开他的老婆，他是一个很值得我追求的优秀男人，我也很想能够拥有他，我现在不知道我是该放弃还是把他抢过来，我怎么才能得到他？ ”\r\r（说明：这是一个真实的提问。）\r\r\r劝说：\r\r抢别人的男人充当第三者？你有这样的可能吗？如果万一抢不过来，那不浪费了你的时间和青春？\r如果你决意要抢别人的老公，那你的恶梦就开始了。即使你将来把别人的老公抢过来了，也极有可能把自己弄的遍体鳞伤。不过，只要你能保住自己的命，就已经万幸万万幸了！\r何苦呢？天下优秀的男人多的是，值得你爱的男人也多的是！把眼光放远一点吧！ \r\r你用什么样的更幽默的方式来劝说劝说这小女子？\r	None
为什么清朝大臣自称奴才？汉臣是自称臣的是吧？为什么堂堂满臣要自称 汉臣是自称臣的是吧？为什么堂堂满臣要自称奴才？	None
男人在网上和短信里这样说话过分吗？我发现男人在网上和发短信好像很 我发现在网上和发短信好像很敢说，男孩刚认识的时候还装得挺斯文的，后来那天男孩给女孩说自己喜欢女孩，女孩说也喜欢他，男孩就说：亲下，后来到了晚上他说：“想我了吗？”“亲下”女孩说怎么总是占我便宜？男孩说：“那你占我的吧，我愿意为你献身。”刚女孩说过结婚前不能发生关系，男孩还说同意呢!现在什么意思！\r后来睡觉前男孩更过分：“我想给你洗澡。”\r你们觉得这个男孩怎么刚答应尊重女孩，还这样说呢？是否这些话过分了？他是否压根就没有想坚持到结婚呢？	None
目前世界上哪个国家的少数民族里面有汉族？ 目前世界上哪个的少数民族里面有汉族？	None
谈缺点！一个人的优点总是伴随着缺点存在！作为一个普通人，我们似乎 一个人的优点总是伴随着缺点存在！作为一个普通人，我们似乎被淹没在人群中，那么得不起眼！……但是如果每个人都能够正视自己，恰当地展示自己，那么都会撑起自己的一片蓝天！\r水至清则无~~~朋友们，说说你的缺点吧~	None
当遭到无赖泼妇大骂，你是怎么维护你自己的合法权益的！！！！我家是 我家是在农村，家中就我父亲一人在家，我们院子里有一个无赖泼妇，由于我家以前和她家有小矛盾，现在她每每看到我父亲就会无故骂我父亲，我是在外读书很少回家，我对此很气愤，我想假如她再骂人的话，我就会当场对其实施武力惩戒，不知此法是否欠妥，在上是否合法，不知道各位是否还有其他的好办法来维护我父亲的合法权益，（那种人是个有理也说不清的人，是个文盲，，泼妇）	None
‘朴素’跟‘高雅’词意相反吗?可以连在一起来赞美女孩子吗?	None
在我的心中在也没有爱情了.我不会在追任何人了.女孩都不是好东西. 女孩都不是好东西.原谅我这样说吧.我不在为谁而了.我气死了.女人我真的好恨,我为什么没有成功过.为什么	Potentially
中国人的生存状态？大多数中国人的生存状态是什么？ 大多数人的生存状态是什么？	None
遇到女孩子在你面前叹气咋办? 遇到女在你面前叹气咋办?	None
"请教回族和汉族有什么关系据说是同宗同源,只不过因为信仰不同那样的 据说是同宗同源,只不过因为不同\r那样的话,为什么不再划出单独的""基督族"",""佛族"",""道族""\r岂不是显得民族更多,快60朵花了,哈哈\r\r另外,回族中好像姓马的特别多,为什么呢?\r"	Potentially
我怎么感到王菲不漂亮呢,无论气质和外貌,为什么很多人说她好美呢大 大家认为呢,我感到她不优雅.\r\n无论说话,穿衣都怪怪的.不舒服呢.\r\n\r\n我没有恶意哦.\r\n\r\n谢谢	None
中国最清洁的十座大城市是哪十座?空气污染和水污染最低的和绿化程度 空气污染和最低的和绿化程度最高的十座大城市	None
最近，邓建国结婚了。新娘19岁，以前是他的干女儿。结婚时，新娘已? 干爹变，这事新鲜吗？到底是干爹主动的，还是干闺女主动的？	None
单纯是好事还是坏事？我的朋友们都说我特别的单纯，我确实没有任何社 我的们都说我特别的单纯，我确实没有任何社会经验。但是我心里，总觉得单纯和“笨”、“无能”、“幼稚”等词挂钩，总是最欣赏那些女强人。有时候在遇到些利益冲突的时候（比方竞争做某课题来争取加分，还不是什么大的利益冲突），我经常被一些人坑一下子，但是我同时也拥有一批非常好的真心互相帮助的朋友。\r我也知道事情都是有两面性的，一件事情既有好处，也有坏处。但是我却就是不喜欢自己单纯的称号，总希望自己如果变得复杂和成熟就好了。我的朋友们说这是我的心态有问题，他们说单纯是很好的，是很多人不具备的，是值得珍惜的。但是我仍然说服不了自己。我应该如何摆正心态呢？怎样看待我的们都说我特别的单纯，我确实没有任何社会经验。但是我心里，总觉得单纯和“笨”、“无能”、“幼稚”等词挂钩，总是最欣赏那些女强人。有时候在遇到些利益冲突的时候（比方竞争做某课题来争取加分，还不是什么大的利益冲突），我经常被一些人坑一下子，但是我同时也拥有一批非常好的真心互相帮助的朋友。\r我也知道事情都是有两面性的，一件事情既有好处，也有坏处。但是我却就是不喜欢自己单纯的称号，总希望自己如果变得复杂和成熟就好了。我的朋友们说这是我的心态有问题，他们说单纯是很好的，是很多人不具备的，是值得珍惜的。但是我仍然说服不了自己。我应该如何摆正心态呢？怎样看待单纯才是正确的呢？	None
中国的艾滋病患者是如何统计出来的？	None
一些年轻的贵妇人为何喜欢养狗?	None
小吴称赞女朋友的新衣服“十分漂亮”，但却被女友打了一顿，为什么？	None
女人屁股沟长毛是怎么回事啊？	Potentially
有人跳过地铁吗？：）开车前听列车员说，“假如你不想后半辈子靠假肢 前听列车员说，“假如你不想后半辈子靠假肢度过的话就别乱动”...所以没敢跳。想问问有猛人跳下去过没有？然后是怎样的情况？\r\r还有，跳飞机、跳船...跳所有交通工具，都是怎样的下场？	None
人没钱有什么好处？	None
谁有好看的人兽文啊好看的就行 好看的就行	None
姐妹们,请进来~~~姐妹们,害羞的男孩你会喜欢吗?为什么(就是比 姐妹们,害羞的男孩你会喜欢吗?为什么(就是比较,不懂的哄女孩,不怎么说甜言蜜语,就是因为害羞,)	None
在异性面前放了个屁怎么办?如果你在异性面前或者异性在你面前放了个 如果你在异性面前或者异性在你面前放了个又臭又响的屁,你当时有什么反映了\r\n是男 是女 我想都碰到过这个尴尬问题,请大家,有什么很好的办法解决应对???????????????????	None
一个重男轻女的问题发生在别人身上的事情,一个男人和一个女人相爱并 发生在别人身上的事情,一个男人和一个女人相爱并结婚了,然后很自然的生了一个可爱的女儿,俩都很爱这个女儿,可是男人的父母重男轻女,一直对这个儿媳妇生了个孙女不满意,所以一直逼儿子和儿媳再生个儿子,大家知道这个时代生二胎多不容易,罚款是小事,主要两人的工作都这么忙,照顾一个孩子都照顾不过来,哪有时间再生一个呀?!单位是要开除的!而且这个儿媳很热爱她的工作,她的工作不允许她再生一个孩子的!几年下来了,公公婆婆还是不罢休,一直闹着儿子给他们添个外孙,儿子被逼急了,只好答应了，可是这女人怎么也不答应,无奈之下,男人找了一个女人,目的是为了生儿子,其实男人也很发生在别人身上的事情,一个男人和一个女人相爱并结婚了,然后很自然的生了一个可爱的女儿,俩都很爱这个女儿,可是男人的父母重男轻女,一直对这个儿媳妇生了个孙女不满意,所以一直逼儿子和儿媳再生个儿子,大家知道这个时代生二胎多不容易,罚款是小事,主要两人的工作都这么忙,照顾一个孩子都照顾不过来,哪有时间再生一个呀?!单位是要开除的!而且这个儿媳很热爱她的工作,她的工作不允许她再生一个孩子的!几年下来了,公公婆婆还是不罢休,一直闹着儿子给他们添个外孙,儿子被逼急了,只好答应了，可是这女人怎么也不答应,无奈之下,男人找了一个女人,目的是为了生儿子,其实男人也很无奈,他也伤心的流泪过,因为夫妻感情始终是很好的,但是妻子始终不愿意屈服,把丈夫逼急了,当然出去找别的女人为他生儿子了,妻子伤心极了,公公婆婆可不管这么多,只要儿子为他们添个孙子!男人的很多朋友劝他,如果实在妻子不生就就找个女人生吧,完了给她点钱打发走就完了.可是男人不愿意这么做,他要对这个为他生儿子的女人负责,就是养着她一辈子,这怎么可能呢?这不是有两个老婆了吗?\r 也许有时候说负责的男人是个好男人,但是像他这样负责的男人也太过了吧,这是我个人认为的,不知道大家看了这个故事有什么感想呢?	None
"项羽不杀刘邦是""妇人之仁""还是""君人之度"""	None
北京哪家迪厅比较安全？因为都是女孩子，想去跳舞，有又点担心安全问 因为都是女，想去跳舞，有又点担心安全问题，还又就是收费最好便宜些	None
北京奥运会上的美女冠军大家认为都有哪些？谢谢 大家认为都有哪些？ 谢谢	None
"男朋友说我不要脸!今天,男朋友不知怎么冒出来一句:""你不要脸!"" 今天,男不知怎么冒出来一句:"" 你不要脸! ""\r\r我气急了! 他又说:""是我不要脸!""\r\r在这句话之前, 我们吵起来了, 因为,我要逛超市,他非得送我回家,说天不好,不遛了!\r\r还说,我再不听话,就给我父母打电话.\r\r我真气愤! 因为两人有矛盾, 拽着父母干什么？\r\r这要是将来结婚了，也让父母来操心吗？\r\r你们觉得，我男朋友成熟吗？"	None
对这个现象你有没有恐怖之感?该怎么解决?有人说：在海里游泳很多人 有人说：在海里很多人都是直接在海水里解小便的。我想问生长在海边的朋友或去过海边游泳的朋友，是这样严重吗？人少的海水里还行，那种千人万人的海滩，海水里尿液的浓度岂不吓人。我听说某知名海水浴场前几年因为太脏，游客数量都减少了，好像就是因为在海里撒尿的人较多的缘故。我是个喜欢大海的人，但这种说法还是令我挺恐怖的。\r我曾去过某著名海滩,据说日平均有六七万人在那里游泳,可是我发现那里的收费厕所并不忙碌.举个例子就是我在城市里某游泳场游泳,大概就是几百人吧,厕所都显得很忙,我怀疑在这片海域里随意小解的人数很多.为什么有些人那么大方地在海里方便就不觉得不文明吗有人说：在海里很多人都是直接在海水里解小便的。我想问生长在海边的朋友或去过海边游泳的朋友，是这样严重吗？人少的海水里还行，那种千人万人的海滩，海水里尿液的浓度岂不吓人。我听说某知名海水浴场前几年因为太脏，游客数量都减少了，好像就是因为在海里撒尿的人较多的缘故。我是个喜欢大海的人，但这种说法还是令我挺恐怖的。\r我曾去过某著名海滩,据说日平均有六七万人在那里游泳,可是我发现那里的收费厕所并不忙碌.举个例子就是我在城市里某游泳场游泳,大概就是几百人吧,厕所都显得很忙,我怀疑在这片海域里随意小解的人数很多.为什么有些人那么大方地在海里方便就不觉得不文明吗?\r	None
女人什么时候才会用卫生巾 女人什么时候才会用巾	None
你愿意和外地的婆婆小姑一起生活吗?婆婆固执,小姑脾气大,能相处吗 婆婆固执,小姑脾气大,能相处吗?能吗?	None
《蜗居》里的张嘉译（饰演宋思明）帅么？有多少人喜欢他？	None
为什么有些女孩子月经来前后几天脸色变黑，过后明显比月经其间白很多?	None
当家庭主妇怎么这么难，遇到这样的老公真是活死罪生了宝宝后就没有再 生了宝宝后就没有再去上班了，没有了收入也没有了财权，把自己原先的积蓄花光了，老公又小气的很。费都刷信用卡，每次到还款时都还要央求老公去还，还要受他一顿唠叨（我老公比老太婆还能唠叨），现在过年要回老家去，他连生活费都不给我。孩子也不管，从来都不关心，也从来没给孩子买过东西。想抱的时候就抱抱，不超过十分钟又扔给我，孩子尿了拉了他就逃跑。孩子生病就来责怪我管不好，也不关心孩子怎么样了。\r天天说我没工作，也不看看情况，我工作了孩子怎么办？\r这个人要钱没钱要人品没人品，性格不好相貌又丑，不知道怎么搞得选了这样一个人当老公，真丫瞎了眼了。\r而且我们已经分生了宝宝后就没有再去上班了，没有了收入也没有了财权，把自己原先的积蓄花光了，老公又小气的很。费都刷信用卡，每次到还款时都还要央求老公去还，还要受他一顿唠叨（我老公比老太婆还能唠叨），现在过年要回老家去，他连生活费都不给我。孩子也不管，从来都不关心，也从来没给孩子买过东西。想抱的时候就抱抱，不超过十分钟又扔给我，孩子尿了拉了他就逃跑。孩子生病就来责怪我管不好，也不关心孩子怎么样了。\r天天说我没工作，也不看看情况，我工作了孩子怎么办？\r这个人要钱没钱要人品没人品，性格不好相貌又丑，不知道怎么搞得选了这样一个人当老公，真丫瞎了眼了。\r而且我们已经分床半年以上了。\r对于他只是家里一个摆设，我只想赶紧上班自顾自，省得像个乞丐一样讨人嫌。\r一个快三十的人，心理像个十六七的孩子，一点也不成熟，在外混了这么多年，连个朋友都没有。这种人以后什么事都办不好。\r对我家人也不尊重，礼貌都不懂。\r他爸妈不知道怎么教的他，我真是恨死自己了。\r该怎么办？\r	None
香港人有什么习惯和爱好？老板是香港人老板是香港人，我应该注意什么 老板是香港人，我应该注意什么？	None
女孩抽烟好吗？大家好，家住重庆解放碑，今年18岁/经常有人说女孩 大家好，家住重庆解放碑，今年18岁/\r经常有人说女孩抽烟不好，但是我周围的人都在抽。还有就是现在女孩抽烟不说是嘛，也已经成了一种风气了。我现在就是徘徊在中间不知道到底该怎么办？	Potentially
我会死于精神病么？我想死，这是精神病么？我不相信任何人，只相信自 我想死，这是么？我不相信任何人，只相信自己的眼睛，这是精神病么？每天早上起来的第一个念头就是死，我讨厌看到人！如果哪天我自杀了，我会被认为是因为精神病而死的么？	None
嫁独生子好还是嫁个有妹妹的好？	None
这样的婚姻和出国机会,要不要把握?我结识了一个留在美国多年的华人 我结识了一个留在美国多年的华人,我们很有共同语言,每次通话都不愿把电话放下.\r他有双硕士学位,收入很好,他和前妻离婚了,女儿已经19岁,他要我当他未来的妻子,只是他的年龄和我父亲一样大.\r最近他来北京看了我,感觉他对我非常满意,对我也很体贴入微.\r他博学,智慧,幽默,我对他的言行举止比较赞赏,但是觉得他的外貌是有点老,心里不太舒服.\r我只是个漂在北京的大专毕业生,家在农村,相貌中等,对我真的是个难得的机会,这样的情况,我该怎么选择?\r我确凿他的情况属实. \r\r	None
我该不该离婚我是北方人，老公南方人，我们冲破家庭阻力后生活在一起 我是北方人，老公南方人，我们冲破家庭阻力后在一起，儿子六岁了。按说我们的婚姻来之不及，老公比我小16个月，长得帅气，脾气暴躁，霸道，而且有时候自私，我一直把他当小孩子看待，生气时他说话非常刻薄，说什么北方女人不能娶，你真是无用太笨，有的话更让我伤心，我一直忍让着，不和他吵架，而且每次生气后都是我来哄他，对儿子也是不听话就打，打完再讲道理，我说让他学会宽容，要让自己爱的人感觉到轻松，可我们每次都讲不通，很多事情意见不同。生意上的事他几乎不用操心，生活中也用不着他，就是让他洗个水果有时候他都会生气，所以我就自己做，在别人面前我也给足了他面子。但一年前的我是北方人，老公南方人，我们冲破家庭阻力后在一起，儿子六岁了。按说我们的婚姻来之不及，老公比我小16个月，长得帅气，脾气暴躁，霸道，而且有时候自私，我一直把他当小孩子看待，生气时他说话非常刻薄，说什么北方女人不能娶，你真是无用太笨，有的话更让我伤心，我一直忍让着，不和他吵架，而且每次生气后都是我来哄他，对儿子也是不听话就打，打完再讲道理，我说让他学会宽容，要让自己爱的人感觉到轻松，可我们每次都讲不通，很多事情意见不同。生意上的事他几乎不用操心，生活中也用不着他，就是让他洗个水果有时候他都会生气，所以我就自己做，在别人面前我也给足了他面子。但一年前的一次吵架我真的不想再忍让了，开始反驳，他说我变了，变得不再听话了，不按着他的轨道运行了，还说他管理我，我管理生意，后来说话越来越难听，我们开始讨论离婚的事，而且把财产也分割完毕，很公平。我们冷战期间，我在QQ上认识了一位朋友，办了一张新卡联系，因为老公经常查我电话记录，朋友电话里劝说我安慰我，我很感激他。老公发现新卡后我解释过，但他一直认为我出轨，最少是精神出轨。而且说话也冷嘲热讽的，我决定离婚，虽然还有点舍不得，但总比到了水火不相容的情况下离婚好。可这几天老公有所转变，说爱我不想离开我，想挽回不会和我离婚的。但想到他前几天说的我们相互不要干涉，我也出去找情人，我就是拖着你，等我想离婚时再离。我担心他是在报复，我不知道一个人真的能改变吗，真的会变体贴吗，现在我对老公更多的是亲情。有时候想起来，还是想离婚，想找一个体贴自己，庞爱自己的男人，让自己享受到一个女人应该享受到的。朋友劝说我不要离，我该离吗？？	None
为什么人的脸会红？为什么有些人害羞了就会脸红？ 为什么有些人害羞了就会脸红？	None
怎么看待这个男女的对话？男：去哪学车呀女：大兴啊男：怎去那么远的 男：去哪学车呀 \r女：\r大兴啊\r男：\r怎去那么远的地方 \r \r女：现在学车都去哪里\r男：好多驾校呢 \r 女：鸿什么的\r忘记了\r男：过了么 \r \r女：还没有学呢\r\r大哥\r\r是你脑子反映有问题还是我没有说明白啊\r男：你跟我说下礼拜去学车 \r谁知道你说的哪个阶段呀 \r女：晕\r杀了我吧\r天啊\r男：\r你不至于吧 \r女：\r跟你有代沟啊\r你说呢\r大哥\r男：\r我除了不能说，难道还变傻了？？？ \r女：\r有点\rhehe\r那阵没有发现（指以前交朋友的时候）\r呵呵\r男：看来以后得多想想问题了不能老不思考男：去哪学车呀 \r女：\r大兴啊\r男：\r怎去那么远的地方 \r \r女：现在学车都去哪里\r男：好多驾校呢 \r 女：鸿什么的\r忘记了\r男：过了么 \r \r女：还没有学呢\r\r大哥\r\r是你脑子反映有问题还是我没有说明白啊\r男：你跟我说下礼拜去学车 \r谁知道你说的哪个阶段呀 \r女：晕\r杀了我吧\r天啊\r男：\r你不至于吧 \r女：\r跟你有代沟啊\r你说呢\r大哥\r男：\r我除了不能说，难道还变傻了？？？ \r女：\r有点\rhehe\r那阵没有发现（指以前交朋友的时候）\r呵呵\r男：看来以后得多想想问题了不能老不思考了 \r女：呵呵\r说你老了爸爸\r吧\r打错啦\r哎\r失误啊\r女：我要下班了\r男：\r还真是有代沟了 \r女：\r额呵呵\r\r  \r \r	None
都不看好捷克？看来我又脱离群众了。 看来我又脱离群众了。	None
民间能人抵达灾区速度让军事专家感到震惊！星岛网讯】中国首支自发抗 星岛网讯】中国首支自发抗震救灾队伍——由60台挖掘机等大型工程机械组成的抢险突击队14日抵达绵阳、北川一带，全面展开大规模救灾行动。 \r　　\r　　　　据中新社报道，率领这支队伍的是刚刚被评为“中国首善”、并被授予“中国红十字勋章”的江苏黄埔再生资源利用公司董事长陈光标。 \r　　\r　　　　陈光标以1.8亿的慈善捐款在上月揭晓的2008中国慈善排行榜上名列榜首。“我在北川老县城，这里的房子全倒了。是一片大坟地。”陈光标说，“我背出来四个人，全都死了。” \r　　\r　　　　这位抵达灾区的“老板”带着120人和60台工程机械，从江苏、安徽日夜兼程，几星岛网讯】中国首支自发抗震救灾队伍——由60台挖掘机等大型工程机械组成的抢险突击队14日抵达绵阳、北川一带，全面展开大规模救灾行动。 \r　　\r　　　　据中新社报道，率领这支队伍的是刚刚被评为“中国首善”、并被授予“中国红十字勋章”的江苏黄埔再生资源利用公司董事长陈光标。 \r　　\r　　　　陈光标以1.8亿的慈善捐款在上月揭晓的2008中国慈善排行榜上名列榜首。“我在北川老县城，这里的房子全倒了。是一片大坟地。”陈光标说，“我背出来四个人，全都死了。” \r　　\r　　　　这位抵达灾区的“老板”带着120人和60台工程机械，从江苏、安徽日夜兼程，几乎与军队同时抵达了灾区，成为自发抗灾抵达地震灾区的首支民间队伍。 \r　　\r　　　　这支大型机械队伍如此迅速的开拔，在灾后不到36小时的时间，就从中国沿海的江苏开进到四川山区的地震灾区，令专家都大为赞叹。 \r　　\r　　　　60台挖掘机从哪里弄来的？陈光标说：我的资源利用公司有二百多台大型机械，这60台都是从江苏、安徽的工地上调集的。 \r　　\r　　　　陈光标说，他们是用60台大型平板车装上这些工程机械，每台车两个司机，日夜兼程赶到灾区的。 \r　　\r　　　　陈光标说：“当地干部群众对我们非常欢迎，对我们非常好，有什么吃的都给我们送来了。” 目前，这支大型工程机械队伍已分别在都江堰、茂县、绵阳、北川等地投入抢险。陈光标说：目前，汶川进不去。如果能进入，他们也将尽快赶去。 \r　　\r　　　　陈光标此次到灾区，还带去20万元现金，200万支票。此前，他还委托中国扶贫基金会为灾区捐款650万。\r	None
是不是中国境内的朝鲜族人都懂韩中日三种语言	Potentially
有权有势真好比有钱还要好很多,是吗? 比有钱还要好很多,是吗?	None
女人不接吻而与你做爱，是不爱你吗？我女友，很少与我接吻，做爱时也 我女友，很少与我接吻，做爱时也是很少，我没有口臭，我们又都没有。听说，女人只与她真心爱的人接吻，虽然不爱一个人，但会与她做爱，是不是她不爱我？\r我们之间，我更爱她，我追了她好多年！	None
你受过先生的委屈吗？居家过日子，难免有心情不好的时候，这可以理解 居家过日子，难免有心情不好的时候，这可以理解，但，心情不好了就往妻子身上发泄，明明是跟丈夫开玩笑的话，他却强词夺理说老婆对他态度不好。可以说是自己的心烦强加在老婆的身上。你说让人委屈吧？唉，知道老公工作压力大，父母年龄也大了，精神又不太好。自己只有让委屈的泪水流个没完没完了。	None
追得女孩有很多男网友。你们怎么看 追得女孩有很多男网友。你们怎么看	Potentially
被小混混定上了我该怎么办诶!我刚来武汉,是个打工的小伙子,我有好 诶 !我刚来武汉,是个打工的小伙子,我有好多老乡在这边,他们就来这里了,谁知道来了不到10天就被我的那些说是老乡有不是老乡的小混混知道了(他们和我是一个市的).就要找我 麻烦,昨晚上要不是我跑的快,有个好告密,我就被他们逮住了.弄的我现在都不干在那边住了,现在到另外的地方住了.也不知道怎么样才能让他们不要在找我. 在这里请教个位给我个注意.	None
世界上最爱的花是什么花？大千世界，有各种各样的花朵，非常的吸引人 大千世界，有各种各样的朵，非常的吸引人的眼球，所以才把美丽的女人比做花枝招展的，水性扬花的，当然漂亮的比喻更多更多！	None
男人真爱一个女人会选择彻底放弃吗？请大家帮帮我男人真爱一个女人会 真爱一个女人会选择彻底放弃吗？我们在分手前吵了一架，为了房子，他之后选择逃避，不理我，到后来就说一些难听的话，他是一个有什么事情都会憋在心里不说出来的人，我最后去看他的时候他告诉我他有个第三者，他喜欢温柔听他话的女人，而我不管在哪一方面都太强势了，他受不了，我们谈了5年了，大家觉得他还爱我吗？他真的不爱我了吗？	None
请问各位这样的男人是什么样的?我今天和老公出去吃饭,吃着吃着,突 我今天和出去吃饭,吃着吃着,突然在我背后较远的地方,一种喷气的声音,挺大的,就见四周的人都往门口跑,我正吃着香呢,老公见了马上说老婆快跑,我恋恋不舍的看了没吃完的饭,站起来也往外跑,这时老公已经拿起我的包跑了,我跑了两步见没什么动静了,就又回去了,这时人也陆续往回走了,真是够大惊小怪的,我坐下继续吃我的饭,老公回来了,可能觉得不好意思吧,解释说跑着跑着没看到我,我也不说什么继续吃我的饭,有意思的是,昨天晚上他还讲他们村里有个与他同辈的人有点缺心眼的意思,到现在没找到媳妇,先前找了一个,有一次一起出去半路遇到截道的扔下车子自己就跑了,结果人家见这个男我今天和出去吃饭,吃着吃着,突然在我背后较远的地方,一种喷气的声音,挺大的,就见四周的人都往门口跑,我正吃着香呢,老公见了马上说老婆快跑,我恋恋不舍的看了没吃完的饭,站起来也往外跑,这时老公已经拿起我的包跑了,我跑了两步见没什么动静了,就又回去了,这时人也陆续往回走了,真是够大惊小怪的,我坐下继续吃我的饭,老公回来了,可能觉得不好意思吧,解释说跑着跑着没看到我,我也不说什么继续吃我的饭,有意思的是,昨天晚上他还讲他们村里有个与他同辈的人有点缺心眼的意思,到现在没找到媳妇,先前找了一个,有一次一起出去半路遇到截道的扔下车子自己就跑了,结果人家见这个男人靠不住就跟他吹了,今天的事不断的在我的头脑里回放,心里怪怪的,说不清的滋味......	None
为什么跳操要穿舞袜（裤袜）？在健身房看到很多MM在跳操等运动时跳 在房看到很多MM在跳操等运动时跳看舞袜（裤袜），这个是有什么说道的吗？	None
请说一件你认为男人该做的事	None
元婴和血婴有姓别吗？我指的是，他们分不分男女，装备是不是也会分男 我指的是，他们分不分男女，装备是不是也会分男女，还是看真身的性别	None
清纯可爱的女孩是不是受到80年代后男孩大多喜欢的类型 清纯可爱的女孩是不是受到80年代后男孩大多喜欢的类型	Potentially
说米兰翻盘的人都是有意甲情节且失去理智分析的~意甲和英超比真的不 和英超比真的不行了，面对现实吧。经济决定上层建筑，意大利能和英国比么？	None
猩猩为什么没有进化到人不是一个祖先的吗? 不是一个祖先的吗?	None
女人什么时候最美丽？请女士们回答，女人什莫时候最美丽 请女士们回答，女人什莫时候最	None
还是关于车（霹雳游侠）为什么不出（霹雳游侠）这辆车，但是飙车里如 为什么不出  （霹雳游侠） 这辆车  ，但是 飙车里 如果有这车  （我肯定的说 ） 比飙车里任何一辆车都好看 和漂亮  。我们中国要好久才出 ，现实， 中。。。 霹雳游侠 这款车  一个字形容（帅）  开个玩笑 如果真的有了  那你们是只能看 不能开 哈哈！ 你们希望中国出这辆车吗？ 早知道 我愿意身长在国外 那有多好 哎！！！说实话中国太落伍了	None
有多少人是凑和结婚的一个好朋友快结婚了,她告诉我,根本对那个男的 一个好快结婚了,她告诉我,根本对那个男的一点感觉也没有.\r可都27了,周围的压力也很大.不过不怎么影响.只不过目前的男友也相往半年了,主要是各方面不怎么优秀吧,长的和好友差不多高,学历比她低,交际也很差,工作不稳定.但有一点就是挺听女孩子的话的,而且特别依赖女孩子..\r那个女孩子只来也没有当面说过对对方的不满,她担心伤害对方.大家说说这样以后会幸福嘛.	None
女生有问题请教，欢迎男士朋友赐教？我是一名女生，今年25岁。不好 我是一名女生，今年25岁。\r不好的一面：我的脾气不好，性急，遇不顺心的事易怒（但过后什么都忘记了）、倔强（有时候）、不温柔（别人说我像个男，我也知道但改不过来，也许这是我的个性，我不想改了）、有点小孩子脾气、不自信、有时候很胆小。\r\r好的一面：特负责任、工作认真、心好、爱学习新鲜事物、孝顺父母、坚强、勤快、吃苦耐劳。\r\r大家帮助我出出主意，依我现在的性格，以后找个什么样子的男朋友（老公）才能过的开心幸福。\r\r有多少男士喜欢这种性格，并请喜欢这种性格的人把你的性格也告诉我一下，还有你的职业。多谢了，男士朋友	None
感觉是什么？请问一下女人所谓的感觉到底是个什么东西？为什么女人这 请问一下女人所谓的感觉到底是个什么东西？ 为什么女人这么在乎感觉。	None
电视剧“食人鱼事件”历史上真有此事吗？	None
你嫁，或者不嫁？你嫁，或者不嫁人；你妈总在那里，忽悲忽喜；你剩， 你嫁，或者不嫁人；你妈总在那里，忽悲忽喜；你剩，或者不剩下；青春总在那里，不来只去；你挑，或者不挑剔；货就那么几个，不增只减；你认，或者不认命；总得忘记，不舍也弃；来剩男的怀里，或者，让剩男住进你心里；相视，无语；关灯，脱衣。	None
慕尼黑是个很漂亮的地方是吗？还有什么地方比那里更美吗？它在哪个国? 慕尼黑是个很漂亮的地方是吗？还有什么地方比那里更美吗？它在哪个	Potentially
性生活对女性身材有影响吗？一个女人和男朋友同居，过着性生活，这样 一个女人和男朋友同居，过着性，这样会改变女性的身材吗？	None
百度、腾讯、淘宝为什么控股人都是外国企业？中国这些大型的互联网企 中国这些大型的企业，上千亿市值的互联网企业，控股怎么都是外国人啊！	None
日本人为什么都爱吃生鱼呢？日本是一个岛国，有一些鱼，那他们为什么 日本是一个岛国，有一些，那他们为什么爱吃鱼呢？	Potentially
我国对美国的欺辱除了无力地举举拳头、小声说几句“抗议”外还能干什?	Potentially
狮子不是中国的动物,为何中国有舞狮习俗?狮子不是中国的动物,为何 狮子不是中国的,为何有舞狮习俗?	Potentially
“好男儿”谁最吸引你，为什么？？	None
红楼梦中的故事发生于哪个朝代？如果是清朝，电视连续剧中男人为什么? 红楼梦中的故事发生于哪个朝代？如果是清朝，连续剧中男人为什么不剃半个头，梳辫子？如果不是清朝，那么连续剧中人们的服饰属于哪个朝代？	None
《一个陌生女人的来信》讲的是什么？是由什么改编的？ 是由什么改编的？	None
社会是很复杂的，什么样的人都有。怎样与人交往？ 社会是很复杂的，什么样的人都有。怎样与人？	None
女羽双取消比赛资格谁的错？	None
男士们请入.我以前喜欢上一位有妻之夫,不过只来往两个星期但发生过 我以前喜欢上一位有妻之夫,不过只来往两个星期但发生过关系了,我承认我是任性,无知,不想后果.但我现在内疚了,觉得以后交男配不上别人.是不是每个男人都会介意自己的女人有这种的过去.	None
请问如何向女孩子自然灌输自我保护意识？ 请问如何向女自然灌输自我保护意识？	None
猜猜看，我是哪里人！（图）	None
听人说有咬指甲习惯的人不会缺钱用，请问是真的吗？	None
讨厌周杰伦的请进来说两句虽然我很不想在这里进行人身攻击，但是我又 虽然我很不想在这里进行人身攻击，但是我又不得不说，我看到他那个样子浑身就不爽，真想扁他一顿，没事装帅，又一脸痴呆像，八成像个白痴，特别是他的像和尚念经一样，哎，同道的人请进来发表几句	None
